株式会社インド・ビジネス・センター	1010001011069	0	http://www.ibcjpn.com/company/contact_us/	https://ibcjpn.com/company/	inquiry-ibc_rc@ibcjpn.com	03-5282-4277	1010052	東京都	千代田区神田小川町２丁目８番地２０光輪ビル	東京都千代田区神田小川町２丁目８番地２０光輪ビル	インド進出・現地法人設立などのコンサルティングを行う企業	1997年4月に東京都で設立された企業です。同社は、インド進出や現地法人の設立など、海外ビジネスにおけるコンサルティングを専門としています。主な事業は、人材・アウトソーシング、コンサルティング、人材紹介、財務コンサル、経営コンサルを含む幅広い領域のサービスを提供しています。	コンサルティング	経営コンサル
株式会社コーポレートデザイン研究所	1010001016654	0	http://corporate-d.com/contact/form.php	http://corporate-d.com/index.html	info@corporate-d.com		1020092	東京都	千代田区隼町二丁目１２番藤和半蔵門コープ２０８	東京都千代田区隼町二丁目１２番藤和半蔵門コープ２０８	企業のブランド戦略や事業支援を行うコンサルタント企業	東京都に所在するコンサルタント企業です。企業のブランド戦略や事業支援を行い、ブランド戦略策定事業、マーケティングコンサルティング事業、市場リサーチ事業を主要な業務としています。主な取引先はIT、その他サービス業界で、Webマーケコンサル、販促コンサル、研究・調査・リサーチ、経営コンサルなどの分野で幅広く活動しています。	コンサルティング	経営コンサル
株式会社アイシーディー	1010001035316	1	http://icd.bz/contact/	http://icd.bz		03-3536-2606	1030008	東京都	中央区日本橋中洲４番地１５号	東京都中央区日本橋中洲４番地１５号	企業の経営や不動産に関するコンサルティングを提供する企業	1991年7月に東京都で設立され、企業の経営や不動産に関するコンサルティングを提供しています。その中でも主力事業である海外ビジネスアドバイザリー事業を展開しており、コンサルティング、経営コンサル、その他コンサル、不動産コンサルの分野での専門知識を生かし、顧客のニーズに適切なソリューションを提供しています。東京都に拠点を置く同社は、多くの企業に対して信頼と実績を築いています。	コンサルティング	経営コンサル
株式会社ジェムコ日本経営	1010001046379	28	https://jemco.lmsg.jp/form/11854/F85CN20q	https://www.jemco.co.jp/company/profile.html/		03-5565-4101	1000011	東京都	千代田区内幸町２丁目１番１号	東京都千代田区内幸町２丁目１番１号	コンサル企業で、経営戦略や人材開発などを支援企業	東京都に拠点を置くコンサル企業です。マーケティングコンサルティング事業や人材戦略コンサルティング事業などを通じて、経営戦略や人材開発などの支援を行っています。同社は1968年2月に設立され、コンサルティング、販促コンサル、組織コンサル、経営コンサルの業界で活動しています。	コンサルティング	経営コンサル
ディライト株式会社	1010001051107	2	https://www.delight-ginza.com/company/contact/	https://www.delight-ginza.com/company/profile/	info@delight-pensions.co.jp	03-6264-0955	1040061	東京都	中央区銀座８丁目１５番２号ＡＣＮ銀座ビル５階	東京都中央区銀座８丁目１５番２号ＡＣＮ銀座ビル５階	事業継承・節税対策のコンサルを行う企業	東京都に位置し、1997年5月に設立された事業継承・節税対策のコンサルティング企業です。主な業務として、DVD制作サービス事業、営業支援サービス事業、税金対策事業、研修セミナー事業、相続アドバイザリー事業を展開しています。士業、広告・制作、人材・アウトソーシング、税理士、企業研修、CM制作・映像制作、セミナー、財務コンサル、販促コンサル、資産運用コンサルなど、幅広い業界でのコンサルティングサービスを提供しています。	コンサルティング	財務コンサル
デロイトトーマツＴＭＡＣ株式会社	1010001063424	0	https://tmac.tokyofloor.com/inquiry	https://www.t-mac.co.jp	info@t-mac.co.jp	03-5207-2486	1000005	東京都	千代田区丸の内３丁目２番３号丸の内二重橋ビルディング	東京都千代田区丸の内３丁目２番３号丸の内二重橋ビルディング	M&Aアドバイザー企業を運営企業	東京都に位置するM&Aアドバイザー企業を運営しています。1999年1月に設立され、主にコンサルティングや経営コンサル業界で活躍しています。	コンサルティング	経営コンサル
株式会社ワールドベンチャー	1010001066534	1	https://worldventure.jp/inquiry/	https://worldventure.jp/about_us/		03-3241-7111	1030027	東京都	中央区日本橋３丁目４番１５号	東京都中央区日本橋３丁目４番１５号	経営コンサル、PRなどのサービスを提供する企業	東京都を拠点にした経営コンサルやPRなどの幅広いサービスを提供する企業です。1999年11月に設立された同社は、エンタメ・娯楽、コンサルティング、イベント、販促コンサル、経営コンサルなどの産業に関与しています。特にイベントプランニング事業においては、高品質なサービスを提供しています。	コンサルティング	経営コンサル
株式会社アクシィ経営支援室	1010001070858	8	http://axy-net.jp/question-to-axy	http://axy-net.jp/		03-5211-7872	1610033	東京都	新宿区下落合４丁目４番３号山本ビル	東京都新宿区下落合４丁目４番３号山本ビル	コンサル、セミナーなどの経営サービスを提供する企業	東京都に拠点を置く経営サービスを提供する企業であり、セミナー企画・運営事業、研修セミナー事業、会計・税務アドバイザリー事業を行っています。1986年に設立され、士業、人材・アウトソーシング、コンサルティング、企業研修、会計士、セミナー、経営コンサルの産業に従事しています。	コンサルティング	経営コンサル
株式会社ピコテックホールディングス	1010001072904	4	http://picotec.jp/inquiry/form.html	http://www.picotec.jp/company/index.html		03-3262-5512	1020083	東京都	千代田区麹町４丁目５番地	東京都千代田区麹町４丁目５番地	企業が経営コンサルや職業紹介を行う企業	2001年2月に設立され、東京都に拠点を置く企業です。同社は、機械、美容・アパレル、IT、人材・アウトソーシング、小売・販売・卸売、コンサルティング、職業紹介所などの幅広い業界で経営コンサルや職業紹介を行っています。また、主な事業として、衣料品OEM事業、雇用支援事業、ソフトウェア流通事業、ファッションアイテムの輸入事業を展開しています。	コンサルティング	経営コンサル
株式会社ＫＰＭＧ　ＦＡＳ	1010001075808	1177	https://home.kpmg.com/xx/en/home/misc/contact.html	https://home.kpmg/jp/ja/home/about/fas.html	fasmktg@jp.kpmg.com	03-3548-5770	1000004	東京都	千代田区大手町１丁目９番５号	東京都千代田区大手町１丁目９番５号	企業が事業再生やM&Aを支援する企業	東京都に拠点を置く企業で、2001年9月9日に設立されました。同社は、金融、コンサルティング、クレジット・決済代行、経営コンサルティングの業界において、企業の事業再生やM&Aを支援しています。また、同社の主な業務はクレジットチェック事業です。	コンサルティング	経営コンサル
株式会社パートナーズ・コンサルティング	1010001077829	67	https://partners-inc.co.jp/contact/	https://partners-inc.co.jp/about/access.html		03-3510-1033	1040031	東京都	中央区京橋１丁目３番１号八重洲口大栄ビル１２階	東京都中央区京橋１丁目３番１号八重洲口大栄ビル１２階	税務・会計コンサルタント企業	東京都を拠点に活動する税務・会計コンサルタント企業です。2000年6月に設立され、会計・税務アドバイザリー事業、ビジネスコンサルティング事業、税務申告書作成事業を主要な業務としています。士業、コンサルティング、税理士、会計士、財務コンサル、経営コンサルなどの分野で幅広いサービスを提供しています。	コンサルティング	経営コンサル
フィナンシャル・アドバイザーズ株式会社	1010001082127	5	http://financial-a.com/contact/	https://www.financial-advisors.co.jp/	mail@financial-a.com	03-3511-8221	1020072	東京都	千代田区飯田橋２丁目６番６号ヒューリック飯田橋ビル６階	東京都千代田区飯田橋２丁目６番６号ヒューリック飯田橋ビル６階	コンサル、人材派遣を手掛ける企業経営分析やM&A支援も行う企業	2002年4月1日に東京都に設立された企業です。同社は、コンサル、人材派遣を手掛ける一方で、企業経営分析やM&A支援も行っています。また、財務アドバイザリー事業や企業内トレーニングアウトソーシング事業、求職者向け情報提供サイトの運営事業も展開しています。主要な業界は、人材・アウトソーシング、コンサルティング、企業研修、求人媒体運営・求人情報誌出版、財務コンサル、人材派遣、経営コンサルです。	コンサルティング	経営コンサル
株式会社事業承継・相続コンサルタンツ	1010001083406	0	http://www.jigyoshokei-sozoku.com/mail.html	http://www.jigyoshokei-sozoku.com		052-253-8891	1000006	東京都	千代田区有楽町１丁目２番１５号ＵＮビル７Ｆ	東京都千代田区有楽町１丁目２番１５号ＵＮビル７Ｆ	企業の事業継承をサポートするコンサルティング企業	2003年に東京都で設立されたコンサルティング企業です。同社は、企業の事業継承をサポートすることを専門としており、セミナー企画・運営事業や税金対策事業、研修セミナー事業など様々な事業を展開しています。士業、人材・アウトソーシング、コンサルティングなどの領域で活動しており、税理士、会計士、経営コンサルなどの専門知識を活かして、企業の成長や発展を支援しています。	コンサルティング	経営コンサル
株式会社ニューハンプシャーＭＣ	1010001089915	2	https://2004foryou.jp/contact/	https://2004foryou.jp/company/company_profile/		03-6803-2902	1120002	東京都	文京区小石川５丁目３９－１５－１Ｆ	東京都文京区小石川５丁目３９－１５－１Ｆ	医療経営のコンサルを提供する企業	2004年9月に東京都で設立された医療経営のコンサルを提供する企業です。主な事業はチラシ・パンフレット作成事業であり、コンサルティングや経営コンサルの業界で活躍しています。	コンサルティング	経営コンサル
ＺＥＣＯＯパートナーズ株式会社	1010001092943	4	https://zecoop.com/contact/	https://www.zecoop.com/		03-3234-8883	1020082	東京都	千代田区一番町１３番３号	東京都千代田区一番町１３番３号	企業の財務・会計をサポートするコンサルタント企業	東京都に拠点を置く企業であり、2005年4月に設立されたコンサルタント企業です。同社は、企業の財務・会計をサポートすることを専門とし、コンサルティングや財務コンサルの業界で活動しています。	コンサルティング	財務コンサル
アウトルックコンサルティング株式会社	1010001098759	83	https://www.outlook.co.jp/contact	https://www.outlook.co.jp/company/	info@outlook.co.jp	03-5524-6400	1070062	東京都	港区南青山３丁目１番３号スプライン青山東急ビル	東京都港区南青山３丁目１番３号スプライン青山東急ビル	企業経営を支援する管理会計・経営管理コンサルティング企業	東京都を拠点にする企業経営を支援する管理会計・経営管理コンサルティング企業です。2006年04月12日に設立され、会計システムコンサルティング事業、セミナー企画・運営事業、研修セミナー事業、経営コンサルティング事業、経営管理システム開発・提供事業、経営研修事業などを展開しています。主な業界はIT、人材・アウトソーシング、コンサルティング、Webアプリ・サービス運営、企業研修、セミナー、財務コンサル、経営コンサルです。	コンサルティング	経営コンサル
株式会社ＳＣプランニング	1010001101860	0	http://sc-planning.jp/inq/index.html	https://www.sc-planning.jp/	info@sc-planning.jp	03-5577-5211	1020074	東京都	千代田区九段南１丁目５番６号りそな九段ビル５ＦＫＳフロア	東京都千代田区九段南１丁目５番６号りそな九段ビル５ＦＫＳフロア	企業がリーシングや調査で施設を活性化させている企業	東京都に位置する企業であり、2005年11月に設立されました。彼らは主にリーシングや調査を通じて施設の活性化を支援しています。アンケート調査代行事業とマーケティングコンサルティング事業を提供しており、人材・アウトソーシング、コンサルティング、業務請負、販促コンサル、経営コンサルの産業に関与しています。	コンサルティング	経営コンサル
株式会社ブラボーグループ	1010001103444	21	https://bravogroup.co.jp/contact/	https://trxtraining.jp/about/profile/		03-3511-1452	1020072	東京都	千代田区飯田橋２丁目１番１０号	東京都千代田区飯田橋２丁目１番１０号	フィットネスクラブ向けプログラム・音楽提供企業	1997年4月に設立された東京都に本社を構えるフィットネスクラブ向けプログラム・音楽提供企業です。同社は営業支援サービス事業、研修セミナー事業、音楽制作事業を展開しており、広告・制作、人材・アウトソーシング、小売・販売・卸売、コンサルティング、CM制作・映像制作、セミナー、マルチメディア・楽器、経営コンサル、その他コンサルという幅広い業界にサービスを提供しています。	コンサルティング	経営コンサル
Ｇ－ＦＡＳ株式会社	1010001105226	20	https://gcafas.com/jp/contact/	https://gcafas.com/jp/%E6%8B%A0%E7%82%B9/	info@gcafas.com	03-6228-6162	1040031	東京都	中央区京橋１丁目１番１号	東京都中央区京橋１丁目１番１号	M&Aアドバイザリー企業（デューデリジェンス支援）	東京都に拠点を置くM&Aアドバイザリー企業です。主な業務は、デューデリジェンスの支援を行っており、税務アドバイザリー事業および財務アドバイザリー事業にも従事しています。士業、コンサルティング、税理士、財務コンサル、経営コンサルなどの業界で活躍しています。	コンサルティング	経営コンサル
株式会社ヒューマン・ソース	1010001108360	0	http://www.humansource.co.jp/inquiry/	http://www.humansource.co.jp/		03-6380-4580	1020074	東京都	千代田区九段南３丁目８番１３号九段靖苑ビル	東京都千代田区九段南３丁目８番１３号九段靖苑ビル	人事・経営コンサルタント企業	東京都に位置する人事・経営コンサルタント企業です。同社は2006年6月に設立され、給与処理アウトソーシング事業、財務・会計業務アウトソーシング事業、人材採用支援事業などを展開しています。主要な業界は人材・アウトソーシング、コンサルティング、人材派遣、その他人材、組織コンサル、経営コンサルです。	コンサルティング	経営コンサル
株式会社ＧＩＰ	1010001111876	0	http://g-i-p.jp/form01.html	http://g-i-p.jp		03-6808-1491	5420081	大阪府	大阪市中央区南船場２丁目５番１９号３階	大阪府大阪市中央区南船場２丁目５番１９号３階	中小企業のための経営コンサルや支援を提供する企業	2000年12月に大阪府で設立された企業であり、中小企業のための経営コンサルや支援を提供しています。さらに、広告クリエイティブ事業および医療器具販売事業も手掛けており、医療・製薬・福祉、広告・制作、コンサルティング、医療機器、広告制作、経営コンサルという複数の業界で活動を展開しています。	コンサルティング	経営コンサル
株式会社アイビス・キャピタル・パートナーズ	1010001111975	11	http://www.ibis-cap.com/contact.html	http://www.ibis-cap.com		03-3524-1211	1040061	東京都	中央区銀座４丁目１２番１５号	東京都中央区銀座４丁目１２番１５号	M&Aアドバイザリー・投資事業組合運営企業	東京都を拠点にしてM&Aアドバイザリー・投資事業組合の運営企業です。2007年8月に設立され、スタートアップ投資事業や海外ビジネスアドバイザリー事業などを展開しています。業界は金融、コンサルティング、経営コンサル、その他コンサル、ベンチャーキャピタルに所属しています。	コンサルティング	経営コンサル
株式会社エム・シー・アイ	1010001112445	143	https://www.medical-ci.co.jp/inquiry_detail/index.php	https://www.medical-ci.co.jp/company/companyinfo/		03-3517-2831	1030022	東京都	中央区日本橋室町１丁目７番１号	東京都中央区日本橋室町１丁目７番１号	医療機器・医薬品の市場調査・コンサルティングを行う企業	2007年5月1日に東京都で設立された医療機器・医薬品の市場調査・コンサルティング企業です。同社は医療情報サービス事業、データ解析事業、市場リサーチ事業、Webマーケティング支援事業を展開しています。主な業界は医療・製薬・福祉、IT、その他サービスであり、コンサルティング、Webマーケコンサル、ITコンサル、研究・調査・リサーチ、経営コンサルなどを行っています。	コンサルティング	経営コンサル
株式会社ただいま	1010001112841	1	https://www.tadaimainc.jp/contact	https://www.tadaimainc.jp/company	tsubasa@tadaimainc.jp	03-5201-3738	2310062	神奈川県	横浜市中区桜木町１丁目１番７号	神奈川県横浜市中区桜木町１丁目１番７号	地域に根ざした事業を支援する企業	神奈川県を拠点に地域に根ざした事業を支援する企業です。2007年10月に設立され、人材・アウトソーシング、不動産、コンサルティングなどの様々な業種に関わっています。マーケティングコンサルティング事業、地方創生事業、商品開発事業、研修セミナー事業、販促企画事業など、幅広いサービスを提供しています。	コンサルティング	経営コンサル
株式会社ナレッジサイン	1010001114482	1	https://ssl.k-signs.co.jp/form/contact.html	http://www.k-signs.co.jp	info@k-signs.co.jp	03-3555-6901	1510072	東京都	渋谷区幡ヶ谷２丁目１８－４カナデール幡ヶ谷６０１	東京都渋谷区幡ヶ谷２丁目１８－４カナデール幡ヶ谷６０１	ファシリテーターによる営業・組織コンサルを手がける企業	2003年4月に設立された東京都を拠点とする企業です。同社は、ファシリテーターによる営業・組織コンサルを手がけており、営業支援サービス事業および企業内トレーニングアウトソーシング事業を展開しています。主に人材・アウトソーシング、コンサルティング、企業研修、経営コンサルなどの業界で活動しています。	コンサルティング	経営コンサル
株式会社クロニット	1010001115679	6	http://www.clonit.co.jp/corp/contact.html	https://www.clonit.co.jp/corp/company.html		03-4405-1950	1000011	東京都	千代田区内幸町１丁目３番１号	東京都千代田区内幸町１丁目３番１号	クリエイティブ事業（経営コンサル、Web制作など）	東京都に拠点を置くクリエイティブ事業を展開する会社であり、経営コンサルティングやWeb制作などを行っています。2008年2月1日に設立された同社は、メディアコンテンツ制作事業、ネットワークインフラ設置事業、モバイルアプリケーション開発事業にも取り組んでいます。広告・制作、IT、コンサルティング、Webマーケコンサル、Webアプリ・サービス運営、コンテンツ制作、ITインフラストラクチャー、受託開発、スマホアプリ、経営コンサルといった幅広い業界にサービスを提供しています。	コンサルティング	経営コンサル
株式会社メディライン	1010001116322	0	http://medilinejp.com/contact.html	http://medilinejp.com/		03-5848-4530	1010061	東京都	千代田区神田三崎町２丁目９番１２号	東京都千代田区神田三崎町２丁目９番１２号	医療機関向け経営コンサルを提供する企業	東京都を拠点に、医療機関向け経営コンサルを提供している企業です。主な業務は、人材戦略コンサルティング事業であり、組織コンサルや経営コンサルにも力を入れています。2004年1月に設立され、現在はコンサルティング業界で活躍しています。	コンサルティング	経営コンサル
システム企画研修株式会社	1010001124886	0	http://www.newspt.co.jp/data/contact.html	http://www.newspt.co.jp/index.html		03-5695-3130	1030001	東京都	中央区日本橋小伝馬町１６番２号	東京都中央区日本橋小伝馬町１６番２号	MIND-SAを活用したシステム企画を行う企業	2002年4月に設立された東京都に拠点を置く企業です。同社は、MIND-SAを活用したシステム企画を専門とし、営業支援サービス事業、研修セミナー事業、企業内トレーニングアウトソーシング事業などを展開しています。主な業界は人材・アウトソーシング、コンサルティング、企業研修、セミナー、経営コンサルなどです。	コンサルティング	経営コンサル
株式会社ワールドプレミアムコンサルティング	1010001127641	0	http://wpc-i.com/contact.html	http://wpc-i.com/	info@wpc-i.com	03-3450-1170	1080075	東京都	港区港南４丁目７番５９－４０４号	東京都港区港南４丁目７番５９－４０４号	経営・人事コンサルタント企業	東京都に拠点を置く経営・人事コンサルタント企業です。2009年に設立され、主な事業としては、企業内トレーニングアウトソーシング事業と人材戦略コンサルティング事業を展開しています。人材・アウトソーシング、コンサルティング、企業研修、組織コンサル、経営コンサルなどの業界で活動しています。	コンサルティング	経営コンサル
株式会社東京四社営業委員会	1010001129530	7	https://tokyo-yonsha.gr.jp/inquiry/index.php	http://www.tokyo-yonsha.gr.jp/		03-3666-9811	1030023	東京都	中央区日本橋本町４丁目１５番１１号	東京都中央区日本橋本町４丁目１５番１１号	4社のタクシー企業を統合運営する企業	東京都を拠点に4社のタクシー企業を統合運営する企業です。1963年8月に設立され、主にタクシー利用者向けのチケット発行事業を行っています。業界は小売・販売・卸売、コンサルティング、その他小売・販売、経営コンサルに属しています。	コンサルティング	経営コンサル
バンガード・パートナーズ株式会社	1010001132617	8	http://www.vanguard-p.com/contact/index.html	https://vanguard-p.com/about/	info@vanguard-p.com	03-6225-2833	1040031	東京都	中央区京橋２丁目１－３	東京都中央区京橋２丁目１－３	ホスピタリティ業界のサービス提供企業（ホテル・旅館売買支援など）企業	2010年5月に東京都で設立されたホスピタリティ業界のサービス提供企業です。同社は、ホテル・旅館売買支援などの業務に加えて、データ解析事業および営業支援サービス事業を展開しています。主な業種はIT、人材・アウトソーシング、コンサルティング、人材紹介、その他IT、経営コンサル、その他コンサル、不動産コンサルなどです。	コンサルティング	経営コンサル
株式会社Ｍ－ＩＴコンサルティング	1010001132922	14	https://mit.co.jp/inquiry/	https://mit.co.jp/company/		03-6225-2841	1030027	東京都	中央区日本橋３丁目２番９号	東京都中央区日本橋３丁目２番９号	経営コンサルタント企業が提供するサービス企業	2010年5月に東京都で設立された経営コンサルタント企業です。同社は営業支援サービス事業、人材戦略コンサルティング事業、ビジネスコンサルティング事業を展開しており、主に人材・アウトソーシング、コンサルティング、企業研修、組織コンサル、経営コンサルなどの業界で活動しています。	コンサルティング	経営コンサル
商品企画エンジン株式会社	1010001139232	0	https://www.zadan.net/sk-engine/about/contact.html	http://sk-engine.com/			2480025	神奈川県	鎌倉市七里ガ浜東４丁目２０番３号	神奈川県鎌倉市七里ガ浜東４丁目２０番３号	企業が開催するマーケティングセミナー企業	東京都を拠点に、企業が開催するマーケティングセミナー企業として2011年4月に設立されました。同社はセミナー企画・運営事業、研修セミナー事業、経営学校運営事業などを展開しており、人材・アウトソーシング、教育、コンサルティング、企業研修、セミナー、学校、経営コンサルの業界で活動しています。	コンサルティング	経営コンサル
エフ・ブルーム株式会社	1010001140834	1	http://f-bloom.co.jp/contact/	https://f-bloom.co.jp/	info@f-bloom.co.jp	03-6419-7535	1060045	東京都	港区麻布十番３丁目８番５号	東京都港区麻布十番３丁目８番５号	企業経営のアドバイスを提供する企業	東京都を拠点に、企業経営のアドバイスを提供する企業です。2011年6月に設立され、主な事業として研修セミナー事業、企業内トレーニングアウトソーシング事業、経営研修事業を展開しています。人材・アウトソーシング、コンサルティング、企業研修、セミナー、経営コンサルなどの業界で活動しています。	コンサルティング	経営コンサル
株式会社ＣｅｎｔｅｒＰｏｓｉｔｉｏｎ	1010001141023	1	http://www.presence-inc.co.jp/contact/index.cgi	https://www.presence-inc.co.jp/		0120-015-914	1040061	東京都	中央区銀座４丁目１０番１４号	東京都中央区銀座４丁目１０番１４号	企業が顧客リストの販売や営業力アップを目指すセミナーを開催中企業	1984年12月に東京都に設立されたIT業界における企業研修・セミナー企画・運営を主な事業とする会社であります。マーケティングコンサルティング、研修セミナー事業、データベースソフトウェア販売事業、DM郵送代行事業などを手がけ、顧客の営業力向上や顧客リストの販売を支援しています。株式会社プレゼンスは、IT、人材・アウトソーシング、コンサルティング、企業研修、セミナー、業務請負、販促コンサル、経営コンサル、ソフトウェア販売の産業分野に展開しております。	コンサルティング	経営コンサル
株式会社ページワン・ネオ・バンク	1010001143176	1	http://www.page1nb.co.jp/contact/	http://www.page1nb.co.jp		03-6261-6945	1010061	東京都	千代田区神田三崎町３丁目１０番２２号	東京都千代田区神田三崎町３丁目１０番２２号	企業調査・財務コンサルティングを手がける企業	2007年3月に東京都に設立された企業調査・財務コンサルティングを手がける会社です。主要な事業は財務アドバイザリー事業と経済分析事業であり、その他サービス、コンサルティング、財務コンサル、研究・調査・リサーチの業界で活動しています。	コンサルティング	財務コンサル
株式会社グローバルロコ	1010001145040	0	http://g-loco.co.jp/contact.html	http://g-loco.co.jp/	info@g-loco.co.jp	03-5744-3539	1040061	東京都	中央区銀座７丁目１５番８号	東京都中央区銀座７丁目１５番８号	「食べログ」などを活用した集客ソリューションを提供する企業	東京都を拠点に、「食べログ」などを活用した集客ソリューションを提供している企業です。主な事業はシステムインテグレーション事業と検索エンジン最適化対策事業であり、IT、コンサルティング、Webアプリ・サービス運営、その他IT、経営コンサルの業界に関与しています。	コンサルティング	経営コンサル
株式会社ココチカ	1010001149446	0	http://www.kcck.co.jp/contact.html	http://www.kcck.co.jp/company.html	yamanaka@kcck.co.jp		1010064	東京都	千代田区神田猿楽町１丁目６番６－４０１号	東京都千代田区神田猿楽町１丁目６番６－４０１号	新事業立ち上げのコンサルを行う企業	東京都に位置する新事業立ち上げのコンサルティング企業であり、カスタマーサービス研修事業とセミナー企画・運営事業を展開しています。2012年10月に設立され、主に人材・アウトソーシング、コンサルティング、企業研修、セミナー、経営コンサルの業界で活動しています。	コンサルティング	経営コンサル
株式会社あつまる	1010001154438	47	https://atsu-maru.co.jp/contact/	https://atsu-maru.co.jp/corporate/company.php	info@atsu-maru.co.jp	092-739-0067	8300033	福岡県	久留米市天神町１－１米城ビル９階	福岡県久留米市天神町１－１米城ビル９階	ブライダル・医療・介護業界の人材採用をサポートするコンサルティング企業	2010年8月1日に設立され、東京都を拠点にするコンサルティング企業です。同社は、ブライダル・医療・介護業界の人材採用に特化し、Webマーケティング支援事業を行っています。主な業務は、ITコンサルティングやWebマーケコンサルなど、多岐にわたるIT関連業務および経営コンサルティングです。	コンサルティング	経営コンサル
株式会社Ｎｅｗ　Ａｓｉａ　Ｃｏｎｓｕｌｔｉｎｇ	1010001168982	0	https://gen.xyz/contact	http://nac.jpn.com		03-3518-9622	1010032	東京都	千代田区岩本町１丁目２番１３号	東京都千代田区岩本町１丁目２番１３号	資金調達を行う中小企業・個人事業主向け企業	東京都に本社を構える資金調達を行う企業であり、中小企業や個人事業主を対象にしたサービスを提供しています。同社は資材供給、マーケティングコンサルティング、財務アドバイザリー、Webマーケティング支援、金融機関向けアドバイザリーなどの事業を展開しており、材料・資源、IT、その他サービス、コンサルティングなどの幅広い業界に対応しています。	コンサルティング	経営コンサル
株式会社ジャパンホスピタルサポート	1010001174262	7	https://jhs-net.com/contact/	https://jhs-net.com/about/		03-6855-2211	1030012	東京都	中央区日本橋堀留町１丁目４番１６号	東京都中央区日本橋堀留町１丁目４番１６号	病院の経営を支援するコンサルティング企業	東京都に拠点を置く病院の経営を支援するコンサルティング企業です。2016年3月11日に設立され、主にコンサルティングおよび経営コンサルの業界で活動しています。	コンサルティング	経営コンサル
Ｈｕｍａｎ　Ｒｏｂｏｔ　Ａｎａｌｙｓｉｓ　株式会社	1010001178742	14	https://hra-inc.co.jp/contact-us/	https://hra-inc.co.jp/company-profile/	info@hra-inc.co.jp	03-6661-9657	1030013	東京都	中央区日本橋人形町３丁目７番３号	東京都中央区日本橋人形町３丁目７番３号	経営コンサル、分析教育などを提供する企業	2016年10月6日に東京都に設立された企業であり、経営コンサルや分析教育などを提供しています。同社の主な事業は、データ解析事業と遠隔教育事業です。ＩＴ、人材・アウトソーシング、教育、コンサルティング、企業研修、その他ＩＴ、各種スクール・教室、経営コンサル、そして通信教育などの業界に関与しています。	コンサルティング	経営コンサル
グローバルセンス株式会社	1010001188915	59	https://gb-sense.com/contact/	https://gb-sense.com/	kanri@gb-sense.com	03-6403-4902	1010025	東京都	千代田区神田佐久間町１丁目８番４号アルテール秋葉原７０８	東京都千代田区神田佐久間町１丁目８番４号アルテール秋葉原７０８	企業がビジネスや起業のコンサルを提供している企業	2018年1月11日に東京都に設立された企業であり、広告・制作、IT、人材・アウトソーシング、コンサルティング、Webアプリ・サービス運営、Web制作、業務請負、受託開発、起業コンサル、組織コンサル、経営コンサルなどの業界で活動しています。主な事業は人材戦略コンサルティングであり、企業に対してビジネスや起業のコンサルティングを提供しています。	コンサルティング	経営コンサル
合同会社グローアップ	1010003014012	2	http://growup-consul.com/contact.php	http://www.growup-consul.com/	info@growup-consul.com	03-4405-8609	1040032	東京都	中央区八丁堀１丁目４番５号	東京都中央区八丁堀１丁目４番５号	内部監査・統制構築支援企業	東京都に所在し、2007年9月に設立された内部監査・統制構築支援企業です。同社の主な業務は、財務監査サービスを提供することです。グローアップは、コンサルティング、監査法人、財務コンサルの業界で活動しています。	コンサルティング	財務コンサル
株式会社エフ・ジー	1010101010210	1	http://five-growing.com/contact	http://five-growing.com/	f-g-shop@shop.rakuten.co.jp	03-6431-8620	1530064	東京都	目黒区下目黒１丁目２番１８号	東京都目黒区下目黒１丁目２番１８号	ドラッグストアのコンサルティング企業	東京都を拠点にするドラッグストアのコンサルティング企業です。同社は物流アドバイザリー事業、美容商品販売事業、セミナー企画・運営事業、営業支援サービス事業、研修セミナー事業、美容製品開発事業を展開しています。創立は2012年2月で、製造、IT、人材・アウトソーシング、小売・販売・卸売、コンサルティング、Webアプリ・サービス運営、セミナー、美容グッズ販売、化粧品製造、化粧品販売、経営コンサル、その他コンサルといった幅広い業界で活動しています。	コンサルティング	経営コンサル
株式会社アイ・コミュニケーションズ	1010401000480	9	http://www.icom1988.com/contact/	https://www.icom1988.com/company/gaiyou/	info@icom1988.com	03-5563-0781	1000005	東京都	千代田区丸の内２丁目２番１号	東京都千代田区丸の内２丁目２番１号	経営コンサルタントとして、組織変革や人材戦略などを支援する企業	1988年11月に東京都で設立された経営コンサルタント企業です。主な業務は組織変革や人材戦略の支援であり、人材戦略コンサルティング事業に取り組んでいます。コンサルティング業界で活躍し、組織コンサルとしても知られています。	コンサルティング	経営コンサル
アーサー・ディ・リトル・ジャパン株式会社	1010401000530	228	http://www.adlittle.jp/ja/contact-jp	https://www.adlittle.com/jp-ja		03-6264-6300	1050021	東京都	港区東新橋１丁目５番２号汐留シティセンター	東京都港区東新橋１丁目５番２号汐留シティセンター	グローバル企業の経営コンサルティングを行う企業	東京都を拠点にグローバル企業の経営コンサルティングを展開しています。同社は、財務アドバイザリー事業、人材戦略コンサルティング事業、リスクマネジメントコンサルティング事業、および通信コンサル業を手がけており、コンサルティング、財務コンサル、組織コンサル、経営コンサル、およびその他コンサルの業界に所属しています。	コンサルティング	経営コンサル
株式会社クリエイティブディーアンドエー	1010401008945	2	https://www.danda.co.jp/form/index.html	https://www.danda.co.jp/index.html		03-3434-2216	1050013	東京都	港区浜松町２丁目７－６亀田ビル３Ｆ	東京都港区浜松町２丁目７－６亀田ビル３Ｆ	コンサルやWeb制作などを手掛ける企業	東京都に拠点を置く1990年10月設立の企業であり、広告・制作、IT、その他サービス、コンサルティングなどの業界で活動しています。同社は市場リサーチ事業やウェブサイトのコンサルティング事業に特化し、コンサルやWeb制作などのサービスを提供しています。	コンサルティング	経営コンサル
東京コンサルティング株式会社	1010401020529	14	https://www.tci.co.jp/contact_us	https://tci.co.jp/about/company-profile/		03-3437-4311	1050004	東京都	港区新橋６丁目１６番１２号	東京都港区新橋６丁目１６番１２号	コンサルティングを主軸とした事業戦略・システム戦略を手掛ける企業	東京都に拠点を置く、コンサルティングを主軸とした事業戦略・システム戦略を手掛ける企業である。1991年10月に設立され、コンサルティング業界や総合系コンサル業界においてその地位を確立している。	コンサルティング	総合系コンサル
ＰｗＣコンサルティング合同会社	1010401023102	6045	https://www.pwc.com/gx/en/content/pwc/global/forms/contactUs.en_gx.html?parentPagePath=/content/pwc/gx/en&style=	https://www.pwc.com/jp/ja/about-us/member/consulting.html	pwcjppr@jp.pwc.com	03-6257-0700	1000004	東京都	千代田区大手町１丁目２番１号	東京都千代田区大手町１丁目２番１号	グローバルなネットワークを活用したコンサルティング企業	東京都に拠点を置くグローバルなネットワークを活用したコンサルティング企業です。同社は1983年1月1日に設立され、主にシステムインテグレーション事業や防災アドバイザリー事業を展開しています。主要な業界はIT、コンサルティング、総合系コンサル、Webアプリ・サービス運営、その他コンサルです。	コンサルティング	総合系コンサル
株式会社ミックブレインホールディングス	1010401028679	12	http://www.mic-bc.co.jp/contact/	http://www.mic-bc.co.jp/		03-3423-9491	1060031	東京都	港区西麻布３丁目２０番１６号	東京都港区西麻布３丁目２０番１６号	菓子・パン業界のコンサルティングを手がける企業	東京都を拠点とした、菓子・パン業界のコンサルティングを手がける企業です。同社は、販売アドバイザリー事業、市場リサーチ事業、商品開発アドバイザリー事業を展開しており、1976年10月に設立されました。その他サービス、コンサルティング、販促コンサル、研究・調査・リサーチ、経営コンサル、その他コンサルの業種に属しています。	コンサルティング	経営コンサル
株式会社イースクエア	1010401042242	26	http://e-squareinc.com/contact/	https://www.e-squareinc.com/aboutus/outline.html	info@e-squareinc.com	03-5777-6730	1050003	東京都	港区西新橋３丁目２３番１２号	東京都港区西新橋３丁目２３番１２号	海外事業開発のコンサルを行う企業	東京都を拠点に海外事業開発のコンサルを行う企業です。2000年9月に設立され、市場リサーチ事業、海外ビジネスアドバイザリー事業、研修セミナー事業、企業内トレーニングアウトソーシング事業を展開しています。人材・アウトソーシング、その他サービス、コンサルティング、企業研修、セミナー、研究・調査・リサーチ、経営コンサル、その他コンサルといったさまざまな業界において、高品質なサービスを提供しています。	コンサルティング	経営コンサル
ＹＫＣ・システムコンサルティング株式会社	1010401048074	11	https://www.ykc-bos.co.jp/inquiry/	https://www.ykc-bos.co.jp/about/	info@ykc-bos.com	03-5791-3888	1080074	東京都	港区高輪２丁目１５番１９号	東京都港区高輪２丁目１５番１９号	企業がビジネスコンサルティングやシステム構築を行う企業	1995年7月に東京都に設立された企業で、ビジネスコンサルティングやシステム構築を専門としています。商品開発アドバイザリー事業、人材戦略コンサルティング事業、システムインテグレーション事業を展開し、IT、コンサルティング、Webマーケコンサル、Webアプリ・サービス運営、組織コンサル、経営コンサルなどのさまざまな業界に対応しています。	コンサルティング	経営コンサル
株式会社インターフュージョン・コンサルティング	1010401059138	23	http://www.interfusion.jp/contact/index.php	https://www.interfusion.jp/profile/	info.tokyo@interfusion.jp	03-5419-7171	1080014	東京都	港区芝４丁目１３番４号田町第１６藤島ビル２階	東京都港区芝４丁目１３番４号田町第１６藤島ビル２階	IT企業が提供するシステムコンサル、テクノロジーインテグレーションサービス企業	東京都を拠点にしているIT企業であり、2007年1月に設立されたシステムコンサルとテクノロジーインテグレーションサービスを提供する企業です。主にコンサルティングや経営コンサルの分野で活動しています。	コンサルティング	経営コンサル
ＡＴＨ株式会社	1010401059518	0	https://ayumitrust-holdings.co.jp/inquiry/	https://ayumitrust-holdings.co.jp/	info@ayumitrust-holdings.co.jp		1000005	東京都	千代田区丸の内１丁目８－２	東京都千代田区丸の内１丁目８－２	富裕層向け投資ファンドなどを統括して運営・管理する企業	東京都を拠点に富裕層向け投資ファンドなどを統括して運営・管理する企業です。2004年8月に設立され、主な事業はグループ企業経営事業です。業界はコンサルティングおよび財務コンサルです。	コンサルティング	財務コンサル
ジャパン・フラッグシップ・プロジェクト株式会社	1010401062109	0	http://www.jfpro.jp/contact.html	http://www.jfpro.jp		03-6435-5635	1130033	東京都	文京区本郷１丁目３３番２１号	東京都文京区本郷１丁目３３番２１号	企業が大規模事業・プロジェクトをマネジメントする企業	東京都を拠点に、2006年5月に設立された企業です。同社は、企業が大規模事業・プロジェクトをマネジメントすることを専門としており、コンサルティング、総合系コンサル、起業コンサルの業界で活動しています。	コンサルティング	総合系コンサル
株式会社サンエイ	1010401064294	0	http://sanei-tokyo.com/contact/	http://sanei-tokyo.com		03-3354-3100	1600023	東京都	新宿区西新宿７丁目１７－１４	東京都新宿区西新宿７丁目１７－１４	介護事業のコンサルを専門に手がける企業	東京都を拠点に介護事業のコンサルティングを専門に手がける企業です。同社はマーケティングコンサルティング事業と介護事業のコンサルティングサービスを提供しており、コンサルティング、販促コンサル、経営コンサル、その他コンサルの業界で活動しています。	コンサルティング	経営コンサル
株式会社アルゴ	1010401075936	0	http://argo-j.com/contact-us/	http://argo-j.com		03-5439-6968	1320021	東京都	江戸川区中央４丁目２１－１５	東京都江戸川区中央４丁目２１－１５	医療機関のコンサル、人材紹介を行う企業	東京都を拠点とし、2008年5月に設立された医療機関のコンサルティング及び人材紹介を行う企業です。医師紹介サービスや薬剤師人材紹介事業、キャリア支援事業などを提供しており、人材・アウトソーシング、コンサルティング、その他の人材、経営コンサルなどの業界で活躍しています。	コンサルティング	経営コンサル
株式会社ユメディカル	1010401079367	4	http://www.yumedical.com/contact/	http://www.yumedical.com/		03-3437-3255	1050013	東京都	港区浜松町１丁目９番１１号大鵬ビル２階	東京都港区浜松町１丁目９番１１号大鵬ビル２階	医療経営コンサル、病院運営サポートなどを手がける企業	2008年12月に設立され、東京都に拠点を置く医療アウトソーシング事業を手がける企業です。主な事業内容は、医療経営コンサルや病院運営サポートなどであり、人材・アウトソーシング、コンサルティング、業務請負、経営コンサルのような業界で活動しています。	コンサルティング	経営コンサル
株式会社カタリスト	1010401079573	1	http://www.cccatalyst.co.jp/contact.html	https://www.cccatalyst.co.jp/		03-6822-7085	1070052	東京都	港区赤坂８丁目４番１４号	東京都港区赤坂８丁目４番１４号	人材派遣・システム開発企業	2007年1月に東京都に設立された人材派遣・システム開発企業です。同社は、データ解析事業、企業内トレーニングアウトソーシング事業、人材採用支援事業を展開しています。主な業界はIT、人材・アウトソーシング、その他サービス、コンサルティング、企業研修、その他IT、受託開発、その他人材、起業コンサル、研究・調査・リサーチ、経営コンサルです。	コンサルティング	経営コンサル
株式会社すごい会議	1010401081694	0	https://www.sugoikaigi.jp/contact/	https://www.sugoikaigi.jp/company/		03-6277-5668	1000004	東京都	千代田区大手町１丁目７番２号東京サンケイビル２７階	東京都千代田区大手町１丁目７番２号東京サンケイビル２７階	企業が会議の運営を支援し、困難な意思決定や問題解決をサポートする企業	東京都に拠点を置く2015年2月に設立されたコンサルティングおよび経営コンサル会社です。すごい会議は、企業が会議の運営を支援し、困難な意思決定や問題解決をサポートすることを目的としています。	コンサルティング	経営コンサル
サステナブル・イノベーションズ株式会社	1010401084301	1	http://www.clem.co.jp/contact	http://www.clem.co.jp	info@clem.co.jp	03-5785-6842	1070061	東京都	港区北青山２丁目７－２６	東京都港区北青山２丁目７－２６	経営コンサルタントとして、組織改革や組織づくりを提案する企業	2009年10月に東京都に設立された経営コンサルティング企業です。同社は、組織改革や組織づくりを提案し、経営研修事業を展開しています。主に人材・アウトソーシング、コンサルティング、企業研修、および経営コンサル業界で活動しています。	コンサルティング	経営コンサル
株式会社ファブリス	1010401084458	1	http://www.fabrice-co.com/contact.html	http://www.fabrice-co.com/		03-6717-6440	1080075	東京都	港区港南２丁目１５番１号	東京都港区港南２丁目１５番１号	M&Aコンサル企業	2009年11月に東京都で設立されたM&Aコンサル企業です。同社は主に財務アドバイザリー事業に従事し、コンサルティング、財務コンサル、経営コンサルの業界で活動しています。	コンサルティング	財務コンサル
株式会社ビルドストーン	1010401086405	4	http://bldstone.co.jp/contact/	https://bldstone.co.jp/company/		03-6277-8215	1070052	東京都	港区赤坂３丁目２１番２０号	東京都港区赤坂３丁目２１番２０号	中小企業向けの経営コンサルティングなどを提供する企業	東京都に位置する、中小企業向けの経営コンサルティングなどを提供する企業です。同社は2010年2月に設立され、環境アドバイザリー事業とビジネスコンサルティング事業を展開しています。主にコンサルティング、環境コンサル、経営コンサルの業界で活動しています。	コンサルティング	経営コンサル
株式会社ファーストクラスコンサルティングフォース	1010401090539	2	http://www.fccforce.com/contact/	http://www.fccforce.com		03-5422-6370	1410022	東京都	品川区東五反田５丁目２２番３７号オフィスサークルＮ五反田３０１	東京都品川区東五反田５丁目２２番３７号オフィスサークルＮ五反田３０１	美容サロンのコンサルティング企業	東京都を拠点とする美容サロンのコンサルティング企業です。同社はマーケティングコンサルティング事業、財務アドバイザリー事業、営業支援サービス事業、研修セミナー事業、美容室・サロン経営コンサルティング業、商品開発アドバイザリー事業、人材戦略コンサルティング事業、人材採用支援事業、経営研修事業を展開しています。主に人材・アウトソーシング、コンサルティング、企業研修、セミナー、財務コンサル、販促コンサル、その他人材、組織コンサル、経営コンサル、その他コンサルの業界において活動しています。	コンサルティング	経営コンサル
株式会社ディライト	1010401094473	1	http://delight2011.com/contact/	http://delight2011.com		03-6712-0960	1080075	東京都	港区港南４丁目６番１－４０１号	東京都港区港南４丁目６番１－４０１号	ミステリーショッパー調査を行う企業	東京都を拠点とするミステリーショッパー調査企業であり、2011年6月に設立されました。同社は、ビジネスリサーチ事業、アンケート調査代行事業、セールスアウトソーシング事業、市場調査モニター事業、DM郵送代行事業を展開しており、主に人材・アウトソーシング、その他サービス、コンサルティングなどの業界で活動しています。	コンサルティング	経営コンサル
日本ランチェスター株式会社	1010401095983	1	http://nihon-lanchester.com/contact/contact.php	http://nihon-lanchester.com/		03-6402-4682	9012131	沖縄県	浦添市牧港２丁目３３番７号	沖縄県浦添市牧港２丁目３３番７号	企業が開業支援や経営コンサルを行う企業	1977年7月に設立され、神奈川県に所在する企業です。同社は、企業の開業支援や経営コンサルティングを主要な事業としており、介護事業のコンサルティングサービスやフランチャイズチェーン運営支援、デイサービス施設の経営・運営などを行っています。主な業界は医療・製薬・福祉、コンサルティング、および総合系コンサルティングであり、障害者福祉やその他の医療・福祉にも関わっています。	コンサルティング	総合系コンサル
オープングループ株式会社	1010401098870	37	https://rpa-holdings.com/contact/	https://open-group.co.jp/company/		03-6778-7588	1050003	東京都	港区西新橋３丁目３番１号	東京都港区西新橋３丁目３番１号	RPAテクノロジーズを子企業に持つ、自動化ロボットを開発する企業	2000年4月1日に設立された企業で、東京都に拠点を置いています。同社は、自動化ロボットの開発を行い、RPAテクノロジーズを子企業に持つことを特徴としています。主な業務は、グループ企業経営事業であり、コンサルティングと財務コンサルを主要な業界として活動しています。	コンサルティング	財務コンサル
グルーコード株式会社	1010401106195	0	http://www.gluecode.co.jp/contact/	https://www.gluecode.group/	info@gluecode.co.jp	03-6712-6948	1500002	東京都	渋谷区渋谷３丁目１０番１９号渋谷ＭＪ－Ⅱビル６階	東京都渋谷区渋谷３丁目１０番１９号渋谷ＭＪ－Ⅱビル６階	企業買収・事業提携仲介・事業再生支援などを行う企業	東京都を拠点に、2013年06月06日に設立された企業であり、企業買収・事業提携仲介・事業再生支援などの事業を展開しています。また、同社はWebマーケティングの支援事業や技術者派遣事業、人材戦略コンサルティング事業を行っており、主にIT、人材・アウトソーシング、コンサルティング、Webマーケコンサル、人材紹介、人材派遣、組織コンサル、経営コンサル、eコマースの業界で活動しています。	コンサルティング	経営コンサル
株式会社日本介護ベンチャーコンサルティンググループ	1010401107565	2	http://jcvcg.com/contact/index.html	http://jcvcg.com/index.html		03-6205-7657	1020083	東京都	千代田区麹町４丁目３－１麹町富士ビル５階	東京都千代田区麹町４丁目３－１麹町富士ビル５階	介護事業のコンサルを提供する企業	東京都に本社を構える介護事業のコンサルティング会社です。2013年8月に設立され、介護事業のコンサルティングサービス、研修セミナー事業、介護教育事業、デイサービス施設の経営・運営、介護サービス事業などを展開しています。医療・製薬・福祉、人材・アウトソーシング、教育、コンサルティングなどの多様な産業において、経営コンサルや企業研修、セミナーなど幅広いサービスを提供しています。	コンサルティング	経営コンサル
株式会社ＥＬＥＡＮＯＲ	1010401111105	2	https://ritz.ae/contact/	http://www.ritz.ae			1060041	東京都	港区麻布台１丁目１１番１０号日総第２２ビル	東京都港区麻布台１丁目１１番１０号日総第２２ビル	広告・流通・経営などのコンサルティングを手がける企業	2014年3月に東京都に設立された広告・流通・経営などのコンサルティングを手がける企業です。同社は店頭広告制作事業、市場リサーチ事業、在庫管理事業、テレビ広告制作事業、知的財産保護・活用事業を展開しており、広告・制作、その他サービス、コンサルティングなどの幅広い業界で活動しています。	コンサルティング	経営コンサル
メディカスコミュニケーションズ株式会社	1010401111906	0	http://www.medicuscom.jp/#su	http://www.medicuscom.jp/		03-5778-5188	1070061	東京都	港区北青山３丁目６番７号青山パラシオタワー１１階	東京都港区北青山３丁目６番７号青山パラシオタワー１１階	病院経営のコンサルや開業支援を行う企業	東京都を拠点とする病院経営のコンサルや開業支援を行う企業です。コンサルティング、広告運用コンサル、販促コンサル、起業コンサル、経営コンサルなど、幅広い業界で活動しています。	コンサルティング	経営コンサル
株式会社プライムパートナーズ	1010401113860	10	http://www.prime-prtnrs.com/contact.html	http://www.prime-prtnrs.com/		03-5545-7175	1000004	東京都	千代田区大手町１丁目３番１号	東京都千代田区大手町１丁目３番１号	ベンチャー企業に投資・コンサルを行う企業	東京都に位置するベンチャー企業に投資・コンサルを行う企業です。2014年8月に設立され、金融、コンサルティング、投資、経営コンサル、ベンチャーキャピタルの業界で活動しています。その主な業務はスタートアップ投資事業です。	コンサルティング	経営コンサル
ｉｚｕｒｕ株式会社	1010401118001	0	http://izuru.gift/#contact	http://izuru.gift/	brand@izuru.gift	03-4405-6050	1070062	東京都	港区南青山５丁目６番３号メーゾンブランシュ２－４階	東京都港区南青山５丁目６番３号メーゾンブランシュ２－４階	インナーブランド、ワークショップ、戦略コンサルなどを提供する企業	東京都を拠点とし、インナーブランド、ワークショップ、戦略コンサルなどを提供する企業です。彼らは人材・アウトソーシング、コンサルティング、セミナー、販促コンサル、組織コンサル、経営コンサルなどの業界に従事しており、ブランド戦略策定事業、研修セミナー事業、人材戦略コンサルティング事業を展開しています。	コンサルティング	経営コンサル
ＫｅｙＰｅｒｓｏｎｓ株式会社	1010401118819	1	http://www.keypersons.co.jp/inquiry/	http://www.keypersons.co.jp/	info@keypersons.co.jp	03-6667-0093	1050012	東京都	港区芝大門２丁目７番１号４階	東京都港区芝大門２丁目７番１号４階	企業が経営コンサルティングを提供している企業	東京都に位置する企業で、２０１５年６月に設立された経営コンサルティングを提供している会社です。同社の主な事業は、営業支援サービスとビジネスコンサルティングであり、コンサルティングや経営コンサルなどの業界に属しています。	コンサルティング	経営コンサル
株式会社アキュリオ	1010401123455	1	http://acurio.co.jp/contact/	http://acurio.co.jp	kmiyauchi@acurio.co.jp	080-7930-5235	1070062	東京都	港区南青山２丁目２番１５号ウィン青山９４２	東京都港区南青山２丁目２番１５号ウィン青山９４２	企業がビジネスコンサル、セミナー開催などを行っている企業	東京都を拠点にビジネスコンサルやセミナー開催などを行っている企業です。2016年3月4日に設立され、ビジネス研修セミナー運営事業、市場リサーチ事業、企業内トレーニングアウトソーシング事業、経営研修事業を展開しています。主な業界は人材・アウトソーシング、その他サービス、コンサルティング、企業研修、研究・調査・リサーチ、経営コンサルです。	コンサルティング	経営コンサル
株式会社サン・ワイズ	1010401127373	0	http://www.sunwise.co.jp/contact/	http://www.sunwise.co.jp	info@sunwise.co.jp	03-6430-6660	1050012	東京都	港区芝大門１丁目４番１０号	東京都港区芝大門１丁目４番１０号	ナレッジコンサルの企業	2016年10月6日に東京都に設立されたナレッジコンサルティング企業です。同社は、資材供給事業、営業支援サービス事業、商品開発アドバイザリー事業、人材戦略コンサルティング事業、物流システムの開発事業、販促企画事業、インターネット販売事業など、材料・資源、IT、コンサルティング、建築資材、販促コンサル、組織コンサル、経営コンサル、eコマース、その他コンサルにおいて幅広い業務を展開しています。	コンサルティング	経営コンサル
ＯＮＥ－ＶＡＬＵＥ株式会社	1010401140970	8	https://vietbiz.jp/contact/	https://onevalue.jp/company/		080-1980-9493	1360071	東京都	江東区亀戸２丁目２７番７号ＦＯＲＥＣＡＳＴ亀戸４０２	東京都江東区亀戸２丁目２７番７号ＦＯＲＥＣＡＳＴ亀戸４０２			コンサルティング	経営コンサル
株式会社原点回帰	1010401158294	0	https://gentenkaiki.jp/contact	https://gentenkaiki.jp/specific-commercial	izuki@gentenkaiki.jp	090-6480-0560	1050001	東京都	港区虎ノ門５丁目１３番１号虎ノ門４０ＭＴビル７階	東京都港区虎ノ門５丁目１３番１号虎ノ門４０ＭＴビル７階			コンサルティング	総合系コンサル
Ｙｕｍｅｅｒ　Ｓｅｒｖｉｃｅｓ株式会社	1010401158468	1	https://ja.yumeer-services.co.jp/contact	https://ja.yumeer-services.co.jp/	info@yumeer-services.co.jp	03-5403-3463	1030023	東京都	中央区日本橋本町３丁目３番６号ワカ末ビル７階	東京都中央区日本橋本町３丁目３番６号ワカ末ビル７階			コンサルティング	総合系コンサル
株式会社Ｂａｃｃｈｕｓ　Ｊａｐａｎ	1010401160911	1	https://bacchus--japan.com/contact/	https://bacchus--japan.com/		03-6629-3234	1060032	東京都	港区六本木７丁目７番７号	東京都港区六本木７丁目７番７号			コンサルティング	経営コンサル
株式会社フェアトレーター	1010401161744	0	https://www.vertreterweb.com/%E3%81%8A%E5%95%8F%E3%81%84%E5%90%88%E3%82%8F%E3%81%9B/	https://www.vertreterweb.com/			1050013	東京都	港区浜松町２丁目６－２浜松町２６２ビル４階	東京都港区浜松町２丁目６－２浜松町２６２ビル４階			コンサルティング	経営コンサル
フェネトル・パートナーズ株式会社	1010403007045	14	https://www.fenetre.co.jp/jpn/inquiry	https://www.fenetre.co.jp/jpn/company/company02	info@fenetre.co.jp	03-6697-4871	1060032	東京都	港区六本木５丁目１８番２３号ＩＮＡＣビル４階	東京都港区六本木５丁目１８番２３号ＩＮＡＣビル４階	海外進出支援や貿易・投資プロモーションを行う企業	2008年6月に東京都に設立された企業です。同社は海外進出支援や貿易・投資プロモーションを行っており、マーケティングコンサルティング事業、市場リサーチ事業、海外ビジネスアドバイザリー事業、投資アドバイザリー事業を展開しています。フェネトル・パートナーズ株式会社は、その他サービス、コンサルティング、販促コンサル、資産運用コンサル、研究・調査・リサーチ、経営コンサル、その他コンサルの業界で活動しています。	コンサルティング	経営コンサル
商業支援組合合同会社	1010403013885	2	http://servicea.xyz/company.html#contact	http://servicea.xyz		03-6869-9385	3200846	栃木県	宇都宮市滝の原１丁目３－５２アメニティフラットⅡ３０３	栃木県宇都宮市滝の原１丁目３－５２アメニティフラットⅡ３０３	新規事業開拓・固定費削減・Web活用などのサポートを行う企業	栃木県に拠点を置く企業です。同社は新規事業開拓、固定費削減、Web活用などのサポートを提供しており、主な業務はWebマーケティング支援事業とロゴ制作事業です。広告・制作、IT、コンサルティング、Webマーケコンサル、Webアプリ・サービス運営、デザイン、経営コンサルなど、多岐にわたる業界で幅広く活動しています。	コンサルティング	経営コンサル
株式会社イデア	1010501001107	11	http://www.idea-planning.com/contact/	https://www.idea-planning.com/		03-6865-1118	1050014	東京都	港区芝１丁目１０番１３号	東京都港区芝１丁目１０番１３号	商業施設のコンサルティング・再生を手掛ける企業	東京都に本社を構える商業施設のコンサルティング・再生を手掛ける企業です。同社は市場リサーチ事業、ショッピングセンター開発事業、商業施設運営管理事業を展開しており、1985年3月に設立されました。主要な業界は、建設、その他サービス、小売・販売・卸売、コンサルティング、百貨店、商業施設企画・設計、研究・調査・リサーチ、経営コンサルです。	コンサルティング	経営コンサル
株式会社むらずみ経営東京	1010501011246	7	https://secure02.blue.shared-server.net/www.murazumi.jp/contact/contact.html	https://www.murazumi.jp/index.html		03-6260-8840	1010047	東京都	千代田区内神田２丁目１５番９号	東京都千代田区内神田２丁目１５番９号	企業が経営・起業コンサルを提供する企業	東京都に本社を置く企業であり、企業の経営・起業コンサルティングを提供しています。1988年に設立され、税務アドバイザリー事業、ビジネス承継支援事業、相続アドバイザリー事業など、幅広い業務に取り組んでいます。士業、人材・アウトソーシング、その他サービスなどの複数の業界にまたがっており、税理士、事務処理代行、人材派遣、起業コンサル、資産運用コンサル、経営コンサルなどの専門分野をカバーしています。	コンサルティング	経営コンサル
インクグロウ株式会社	1010501029420	36	https://incgrow.co.jp/contact/	https://incgrow.co.jp/company/about/		0120-992-402	1030002	東京都	中央区日本橋馬喰町１丁目１２番３号	東京都中央区日本橋馬喰町１丁目１２番３号	中小企業を支援するため、地域金融機関と提携している企業	1990年7月1日に設立されたIT関連企業であり、東京都を拠点としています。同社は中小企業の支援を目的とし、地域金融機関と提携しています。主な事業はビジネス雑誌の出版および経営研修であり、IT、人材・アウトソーシング、コンサルティング、メディア・出版、Webアプリ・サービス運営、企業研修、出版、経営コンサルの業界で活動しています。	コンサルティング	経営コンサル
株式会社グローバルブレインスクエア	1010501033703	5	https://docs.google.com/forms/d/e/1FAIpQLScxUM3w3mueMCYa_la45-a_bbeX0du_COhaMN78qDEed2fmyQ/viewform?c=0&amp;w=1	https://gbs.co.jp/	iwamoto@gb-s.com	03-5283-5760	1010047	東京都	千代田区内神田１丁目１５番２号神田オーシャンビル３０２	東京都千代田区内神田１丁目１５番２号神田オーシャンビル３０２	グローバルマーケティングのコンサルタント企業	2012年3月に東京都で設立されたグローバルマーケティングのコンサルタント企業です。同社は主に海外ビジネスアドバイザリー事業、研修セミナー事業、およびネットショップ構築事業を展開しており、IT、人材・アウトソーシング、コンサルティング、セミナー、経営コンサル、eコマース、その他コンサルといった幅広い業界で活動しています。	コンサルティング	経営コンサル
株式会社リアルワークス	1010601037447	0	http://www.realwork-s.jp/#contact	http://realwork-s.jp/	nagasawa@realwork-s.jp		1350061	東京都	江東区豊洲３丁目６番８号シティタワーズ豊洲ザ・シンボル３１１０号室	東京都江東区豊洲３丁目６番８号シティタワーズ豊洲ザ・シンボル３１１０号室	大企業・ベンチャーの新事業開発支援を行う企業	東京都に所在する、大企業・ベンチャーの新事業開発支援を行う企業です。2000年8月に設立され、主にマーケティングコンサルティング事業や営業支援サービス事業を展開しています。業界はコンサルティング、販促コンサル、経営コンサル、その他コンサルに分類されます。	コンサルティング	経営コンサル
株式会社ＴＲＳ	1010601039831	0	http://cck.co.jp/contact/		info@cck.co.jp	03-5633-6477	1360074	東京都	江東区東砂８丁目１９番４－５１７号	東京都江東区東砂８丁目１９番４－５１７号	コンサル、人材派遣など多岐にわたる事業を展開する企業	1989年6月16日に設立され、東京都を拠点にする企業です。同社は、コンサル、人材派遣など、多岐にわたる事業を展開しており、画像加工サービス事業、海外ビジネスアドバイザリー事業、文書スキャンサービス事業、技術者派遣事業、英語翻訳事業などを提供しています。主要業種は、人材・アウトソーシング、その他サービス、コンサルティング、企業研修、翻訳・通訳、人材派遣、その他サービス、経営コンサル、その他コンサルです。	コンサルティング	経営コンサル
株式会社ワイズエッジ	1010601040442	0	https://wise-edge.co.jp/inquiry/	https://wise-edge.co.jp/	info@wise-edge.co.jp	03-6264-2370	1040061	東京都	中央区銀座３丁目１３番１号	東京都中央区銀座３丁目１３番１号	コンサル企業で動的安定経営を支援企業	2010年12月に設立された東京都に拠点を置くコンサル企業です。同社は経営コンサルティングを通じて、動的安定経営を支援しています。主な業務は、経営コンサルティングと経営コンサルです。	コンサルティング	経営コンサル
株式会社ファイブニーズ	1010601041408	64	http://www.fiveneeds.co.jp/contact/	https://www.fiveneeds.co.jp/corporate	info@inukiconcier.com	03-6240-4563	1300012	東京都	墨田区太平４丁目１３番２号	東京都墨田区太平４丁目１３番２号	酒・ワインの販売・買取、飲食店舗専門不動産仲介企業	東京都に本社を置く、酒・ワインの販売・買取、飲食店舗専門不動産仲介企業です。2011年7月6日に設立され、主にアルコール飲料販売事業と事業用不動産取引事業を展開しています。主要業種は食品、商社、不動産、コンサルティングであり、不動産売買・仲介、その他専門商社、酒類、その他不動産、経営コンサルを手がけています。	コンサルティング	経営コンサル
株式会社ピンポイント・マーケティング・ジャパン	1010601041977	1	https://www.ppmj.com/contact	https://www.ppmj.com/about/	info@ppmj.com	045-228-5484	2310062	神奈川県	横浜市中区桜木町１丁目１番地７ヒューリックみなとみらい１０階	神奈川県横浜市中区桜木町１丁目１番地７ヒューリックみなとみらい１０階	海外進出を支援する日本企業	神奈川県に拠点を置く、海外進出を支援する日本企業です。同社は、マーケティングコンサルティング事業、市場リサーチ事業、海外ビジネスアドバイザリー事業、研修セミナー事業を展開しており、2009年11月に設立されました。主要業界は人材・アウトソーシング、その他サービス、コンサルティング、セミナー、販促コンサル、研究・調査・リサーチ、経営コンサル、その他コンサルです。	コンサルティング	経営コンサル
合同会社ＳＳＮ	1010603005807	1	http://ssn-sumida.com/enquiry/	https://ssn-sumida.com/	info@ssn-sumida.com	090-9975-1691	1310032	東京都	墨田区東向島５丁目３－２	東京都墨田区東向島５丁目３－２	墨田区で創業支援を行う企業	東京都に拠点を置く墨田区で創業支援を行う企業です。2015年4月に設立され、人材・アウトソーシング、エンタメ・娯楽、コンサルティング、セミナー、イベント、経営コンサルの業界で活動しています。主な事業はイベントプランニングと研修セミナーを提供しています。	コンサルティング	経営コンサル
株式会社ラ・クラーテジヤパン	1010701021193	1	http://www.laclarte.co.jp/contact.html	http://www.laclarte.co.jp		03-6894-7662	1070051	東京都	港区元赤坂１丁目２番７号赤坂Ｋタワー４階	東京都港区元赤坂１丁目２番７号赤坂Ｋタワー４階	スパ関連のコンサル、卸売を手がける企業	2002年に設立された東京都を拠点とする企業であり、スパ関連のコンサルや卸売を手掛けています。彼らの主な業務は、栄養補助食品の卸売事業、寝具商品の流通卸売事業、栄養補助食品の製造事業、および健康補助食品の開発事業です。彼らは生活用品、食品、商社、コンサルティング、健康食品、日用品・化粧品商社、寝具、および経営コンサルの業界で活動しています。	コンサルティング	経営コンサル
らくだマーケティング株式会社	1010701024527	0	http://rakuda-mkt.com/inquiry.html	http://rakuda-mkt.com/			1450071	東京都	大田区田園調布１丁目４２番９号	東京都大田区田園調布１丁目４２番９号	中小企業向けの経営コンサルティング企業	東京都に拠点を置く中小企業向けの経営コンサルティング企業です。同社は検索エンジン最適化対策事業と販促企画事業を主要業務とし、IT、コンサルティング、その他IT、ITインフラストラクチャー、販促コンサル、経営コンサルという幅広い業界において活動しています。	コンサルティング	経営コンサル
株式会社スターコンサルティンググループ	1010701026110	3	http://www.s-cg.co.jp/inquiry/	http://www.s-cg.co.jp/company/	info@s-cg.co.jp	03-6432-4020	1010047	東京都	千代田区内神田１丁目１８番１３号	東京都千代田区内神田１丁目１８番１３号	介護事業のコンサルを提供する企業	東京都に位置する介護事業のコンサルを提供する企業です。同社の主な業務は、介護事業のコンサルティングサービスと人材戦略コンサルティング事業です。同社はコンサルティング、組織コンサル、経営コンサル、その他コンサルという業界で活動しています。	コンサルティング	経営コンサル
コムチュアデータサイエンス株式会社	1010701032364	0	https://www.comture.com/inquiry/bp/	http://www.comture-ds.com/about.html		03-5745-9700	1410032	東京都	品川区大崎１丁目１１番２号	東京都品川区大崎１丁目１１番２号	ビッグデータ・AIを活用したコンサル、分析、開発を行う企業	東京都を拠点にビッグデータ・AIを活用したコンサル、分析、開発を行う企業です。2016年4月27日に設立され、主に人工知能技術開発事業とデータ解析事業に従事しています。コムチュアデータサイエンス株式会社はIT、その他サービス、コンサルティング、AI、その他IT、研究・調査・リサーチ、経営コンサルの業界で活動しています。	コンサルティング	経営コンサル
有限会社Ｄｉｒｅｃｔｏｒｓ	1010702013264	3	http://director.co.jp/contact.html	http://director.co.jp/aboutus.html			1420041	東京都	品川区戸越５丁目８番２０号	東京都品川区戸越５丁目８番２０号	投資ファンド企業への経営人材派遣などを行うコンサルティング企業	東京都を拠点に活動するコンサルティング企業です。主な業務は、投資ファンド企業への経営人材派遣などを含む投資アドバイザリー事業です。2004年7月に設立され、主にコンサルティング、資産運用コンサル、経営コンサル業界で活躍しています。	コンサルティング	経営コンサル
株式会社宮城アプリサービス	1010801004239	0	http://www.serviceroom.net/linkbank/form.cgi	http://www.linkbank.co.jp/gaiyou.html	office@linkbank.co.jp	03-5703-2598	9800021	宮城県	仙台市青葉区中央４丁目８番１７号小林ビル１Ｆ	宮城県仙台市青葉区中央４丁目８番１７号小林ビル１Ｆ	M&Aの仲介・斡旋を中小企業に提供する企業	宮城県に所在するM&Aの仲介・斡旋を中小企業に提供する企業です。1999年7月に設立され、ビジネス承継支援事業を主な業務としています。その他サービスや経営コンサルティングなどの分野にも取り組んでいます。	コンサルティング	経営コンサル
株式会社新生堂商会	1010801005328	5	http://shinseidosyokai.co.jp/%E3%81%8A%E5%95%8F%E5%90%88%E3%82%8F%E3%81%9B%E3%83%95%E3%82%A9%E3%83%BC%E3%83%A0/	https://shinseidosyokai.co.jp/corp		03-5763-5851	1430016	東京都	大田区大森北４丁目２３番１６号	東京都大田区大森北４丁目２３番１６号	歯科開業支援企業	東京都に本社を置く歯科開業支援企業です。1951年4月に設立された同社は、主に賃貸物件事業、医療開業支援業、販促企画事業を展開しています。不動産、コンサルティング、不動産売買・仲介、販促コンサル、経営コンサル、不動産賃貸・仲介の産業に従事しています。	コンサルティング	経営コンサル
株式会社パディトップクラブ	1010801013909	0	http://www.paddytopclub.co.jp/contact/	http://www.paddy-rent.jp/	info@paddy-rent.jp	03-3751-8995	1450073	東京都	大田区北嶺町４７番１０号	東京都大田区北嶺町４７番１０号	コンサル、レンタカーを手がける企業	2003年7月に東京都で設立された自動車・輸送、コンサルティング、レンタカー・リース、経営コンサルを手がける企業です。頼れるコンサルティングサービスや高品質なレンタカーを提供しながら、効率的なビジネスパートナーシップを築き上げています。	コンサルティング	経営コンサル
浜本総業株式会社	1010801023098	1	http://www.twotones.co.jp/contact_us.html	http://www.twotones.co.jp/		03-6770-2183	1440047	東京都	大田区萩中２丁目１番４号丸栄ビルＷＥＳＴ５Ｆ	東京都大田区萩中２丁目１番４号丸栄ビルＷＥＳＴ５Ｆ	企業がビジネスマッチングや商品輸出を行っている企業	2012年11月に東京都に設立された企業であり、企業のビジネスマッチングや商品輸出を行うことを主な事業としています。その業務には、海外輸出支援事業、機械輸出事業、ビジネスマッチングサービス事業、経営研修事業などが含まれており、人材・アウトソーシング、商社、コンサルティング、企業研修、専門商社、機械専門商社、人材、経営コンサルなどの業界に役立つサービスを提供しています。	コンサルティング	経営コンサル
株式会社カゲン	1010901016943	1	http://www.kagen.biz/contact/	https://www.kagen.biz/company/		03-3414-1295	1540004	東京都	世田谷区太子堂２丁目８番７号太子堂ハイランドビル１Ｆ	東京都世田谷区太子堂２丁目８番７号太子堂ハイランドビル１Ｆ	飲食店のプロデュース・コンサルティングを行う企業	東京都を拠点に飲食店のプロデュース・コンサルティングを行う企業です。店舗空間デザイン事業や店舗デザイン企画事業、研修セミナー事業、テナント獲得事業などを展開しており、建設や人材・アウトソーシング、不動産、コンサルティング、セミナー、店舗デザイン、その他不動産、経営コンサルなどの分野で幅広く活動しています。	コンサルティング	経営コンサル
イー・アシスト株式会社	1010901028740	1	https://www.eno-assist.com/contact/	http://www.eno-assist.com/	kiyotaka.enosawa@eno-assist.com	03-5799-6969	1540016	東京都	世田谷区弦巻５丁目２０番１７－３０６号	東京都世田谷区弦巻５丁目２０番１７－３０６号	地方の農産物を活用した戦略コンサルティングを行う企業	東京都に所在する地方の農産物を活用した戦略コンサルティングを行う企業です。2009年10月に設立され、冷凍食品生産事業や食品アドバイザリー業務を展開しています。食品、コンサルティング、レトルト・冷凍食品・缶詰、冷凍食品、飲食コンサル、経営コンサルなどの業界において活動しています。	コンサルティング	経営コンサル
ネクトラス株式会社	1010901031199	2	https://www.nectoras.com/contact	http://www.nectoras.com/	info@nectoras.com	050-5848-3509	1580097	東京都	世田谷区用賀３丁目２５番１８－７１８号	東京都世田谷区用賀３丁目２５番１８－７１８号	企業が経営コンサルや起業支援を行う企業	東京都に位置する企業で、2012年に設立されました。同社は、マーケティングコンサルティング事業、海外ビジネスアドバイザリー事業、ネットショップ構築事業、および人材採用支援事業を展開しており、広告・制作、IT、人材・アウトソーシング、コンサルティング、企業研修、Web制作、販促コンサル、eコマース、その他コンサルなどの業界に関与しています。ネクトラスは、企業の経営コンサルや起業支援を専門とする企業として知られています。	コンサルティング	経営コンサル
有限会社ライフアドバイザーコーポレーション	1010902016125	1	http://www.life-adviser.co.jp/support/contact_form	http://www.life-adviser.co.jp/		090-3238-8393	4102502	静岡県	伊豆市上白岩２２９９番地の３	静岡県伊豆市上白岩２２９９番地の３	コンサルティング企業で、営業やパソコン講座を提供企業	1997年8月に静岡県に設立されたコンサルティング企業です。同社は営業やパソコン講座を提供する企業であり、コンピュータプログラム学習支援事業、セミナー企画・運営事業、営業支援サービス事業、パソコン学習支援事業、イベント企画・運営事業、経営研修事業などを展開しています。主に人材・アウトソーシング、エンタメ・娯楽、教育、コンサルティング、企業研修、IT系教育、セミナー、イベント、各種スクール・教室、経営コンサル、その他コンサルの業界で活動しています。	コンサルティング	経営コンサル
有限会社ワットエバー	1010902025415	1	http://whatever.jp/contact/	http://whatever.jp		0120-900-201	1600004	東京都	新宿区四谷２丁目２番第２２相信ビル２０２	東京都新宿区四谷２丁目２番第２２相信ビル２０２	ファクタリング企業で資金調達を行う企業	東京都を拠点に活動するファクタリング企業です。同社は2004年7月に設立され、財務アドバイザリー事業を営んでいます。コンサルティング、財務コンサル、経営コンサルの業界で活動しています。	コンサルティング	経営コンサル
日本情報産業株式会社	1011001017799	2451	https://www.nii.co.jp/contact/form.cgi	https://www.nii.co.jp/outline/		03-3409-9411	1500002	東京都	渋谷区渋谷３丁目１番４号	東京都渋谷区渋谷３丁目１番４号	企業のサポートを行う試験システム事業やシステム開発・コンサルティングなど企業	東京都に拠点を置くIT関連企業です。同社は、企業のサポートを行う試験システム事業やシステム開発・コンサルティングなどを提供しています。営業活動支援システム開発事業、ソフトウェア流通事業、経営管理システム開発・提供事業、ネットワークアプリケーション開発事業など、多岐にわたる業務を展開しています。1969年7月9日に設立され、IT、コンサルティング、Webアプリ・サービス運営、ITインフラストラクチャー、受託開発、経営コンサル、ソフトウェア販売などの産業に従事しています。	コンサルティング	経営コンサル
株式会社ビジネス工房	1011001032674	1	http://www.b-kohboh.jp/bkbinquiry.html	http://www.b-kohboh.jp/index.html	sogata@b-kohboh.jp	03-5485-1030	1500021	東京都	渋谷区恵比寿西２丁目２番６号	東京都渋谷区恵比寿西２丁目２番６号	企業が経営・事業コンサルを提供する企業	東京都に拠点を置き、1999年8月に設立された企業です。同社はマーケティングコンサルティング事業、市場リサーチ事業、企業内トレーニングアウトソーシング事業などを提供しており、人材・アウトソーシング、その他サービス、コンサルティング、企業研修、販促コンサル、研究・調査・リサーチ、経営コンサルの業界で活動しています。	コンサルティング	経営コンサル
株式会社クオリティマネジメント	1011001035685	3	http://www.qmw.co.jp/inquiry/index.html	http://www.qmw.co.jp/company/index.html		03-3299-0281	1930833	東京都	八王子市めじろ台４丁目２６－１５	東京都八王子市めじろ台４丁目２６－１５	企業経営のコンサルティングやセミナー開催を手がける企業	1988年4月に東京都に設立された企業であり、企業経営のコンサルティングやセミナー開催を手がけています。主な事業は営業支援サービス事業、出版事業、経営研修事業などです。人材・アウトソーシング、コンサルティング、メディア・出版、企業研修、出版、経営コンサルなどの業界で活動しています。	コンサルティング	経営コンサル
株式会社モードインターナショナル	1011001042252	2	http://www.mode-intl.jp/contact/	http://www.mode-intl.jp/	info@mode-intl.jp	03-3445-7442	1500013	東京都	渋谷区恵比寿１丁目１６番２９号	東京都渋谷区恵比寿１丁目１６番２９号	アパレル業界のコンサルティング企業	東京都に本社を置くアパレル業界のコンサルティング企業です。2004年4月に設立され、マーケティングコンサルティング事業、市場リサーチ事業、データ解析事業、経営研修事業を展開しています。主要業界はIT、人材・アウトソーシング、その他サービス、コンサルティング、企業研修、その他IT、販促コンサル、研究・調査・リサーチ、経営コンサルです。	コンサルティング	経営コンサル
トレスコンサルティング株式会社	1011001045643	0	http://tresconsulting.co.jp/contact/index.php	http://tresconsulting.co.jp/index.html		03-5467-7060	1500001	東京都	渋谷区神宮前６丁目１９番１６号	東京都渋谷区神宮前６丁目１９番１６号	ホテルの新規開業・再生・運営のコンサルティングを行う企業	2005年7月に東京都に設立された企業で、ホテルの新規開業、再生、運営のコンサルティングを行っています。不動産の販売代理事業、ホテルマネジメント事業、不動産の即金化事業、ホテル経営支援事業を展開しており、不動産、コンサルティング、観光・宿泊・レジャー、不動産売買・仲介、経営コンサル、ホテル・旅館の業界に幅広く関わっています。	コンサルティング	経営コンサル
株式会社アルコ	1011001045750	8	http://www.alco.co.jp/contact/	https://www.alco.co.jp/about/		03-5428-3177	1500001	東京都	渋谷区神宮前６丁目２３番４号	東京都渋谷区神宮前６丁目２３番４号	Webマーケティング改善のコンサルを提供する企業	東京都に本社を置き、Webマーケティング改善のコンサルティングを提供する企業です。2005年9月に設立され、IT、コンサルティング、Webマーケティング支援などの分野で活動しています。同社はマーケティングコンサルティング事業やWebマーケティング支援事業を展開し、販促コンサルや経営コンサルなどのサービスも提供しています。	コンサルティング	経営コンサル
株式会社コンサルティング・プロデュース・ジャパン	1011001055114	3	https://www.cpjweb.com/form__map	https://www.cpjweb.com/untitled-casb	info@cpjweb.com	03-4400-6225	1040061	東京都	中央区銀座１丁目３番３号Ｇ１ビル７階	東京都中央区銀座１丁目３番３号Ｇ１ビル７階	コンサル、市調、研修などを行う企業	1996年4月に東京都で設立された企業です。同社はコンサル、市調、研修などのサービスを提供しており、主な事業として市場リサーチ事業、営業支援サービス事業、企業内トレーニングアウトソーシング事業を展開しています。コンサルティングや研修などを通じて、クライアント企業の経営や業務の改善をサポートしています。	コンサルティング	経営コンサル
株式会社ＢＧ	1011001063109	1	http://www.baysgarden.com/contact/	https://baysgarden.com/about/	info@baysgarden.com	03-3796-8880	1510051	東京都	渋谷区千駄ヶ谷１丁目９番１１号	東京都渋谷区千駄ヶ谷１丁目９番１１号	化粧品業界のコンサル、企画開発支援を行う企業	東京都に拠点を置く化粧品業界のコンサル、企画開発支援を行う企業です。販売アドバイザリー事業、商品開発事業、商品開発アドバイザリー事業、美容製品開発事業、ビジネスコンサルティング事業などを展開しています。その他サービス、小売・販売・卸売、コンサルティング、美容グッズ販売、販促コンサル、経営コンサルなどの業界に関与しております。	コンサルティング	経営コンサル
株式会社インドネシア総合研究所	1011001068990	8	https://www.indonesiasoken.com/inquiry/	https://www.indonesiasoken.com		03-5302-1260	1510051	東京都	渋谷区千駄ヶ谷４丁目２７－１ＶＯＲＴＯ神宮北参道Ⅱ１０Ｆ	東京都渋谷区千駄ヶ谷４丁目２７－１ＶＯＲＴＯ神宮北参道Ⅱ１０Ｆ	日印間のプロジェクトにコンサル提供する企業	2011年4月に東京都に設立された企業です。同社は日印間のプロジェクトにおいてコンサルティングサービスを提供しており、市場リサーチ事業、言語サポートサービス事業、講義者派遣事業を展開しています。主な業界は人材・アウトソーシング、その他サービス、コンサルティング、翻訳・通訳、人材派遣、研究・調査・リサーチ、経営コンサルです。	コンサルティング	経営コンサル
株式会社テーブル	1011001071680	1	http://www.table.co.jp/contact	http://www.table.co.jp/contact		03-5786-1010	1500001	東京都	渋谷区神宮前３丁目３５番１６号	東京都渋谷区神宮前３丁目３５番１６号	コミュニケーション戦略やブランディングの企業支援を行う企業	東京都を拠点に、2011年12月に設立されたコミュニケーション戦略やブランディングの企業支援を行う企業です。同社は、マーケティングコンサルティング事業に特化し、コンサルティング、販促コンサル、経営コンサルの分野で活動しています。	コンサルティング	経営コンサル
株式会社シグナストラスト	1011001071937	56	http://cygnus-trust.com/	https://www.cygnus-trust.com/company		03-6452-2968	1530063	東京都	目黒区目黒１丁目６番１７号Ｄａｉｗａ目黒スクエア９Ｆ	東京都目黒区目黒１丁目６番１７号Ｄａｉｗａ目黒スクエア９Ｆ	飲食店に特化したコンサルティング会社	東京都に位置する飲食店に特化したコンサルティング会社です。2011年12月に設立され、通信・PC、人材・アウトソーシング、営業代行・販売代行、PC・スマホ機器販売・修理、経営コンサルという幅広い業界に携わっています。また、携帯電話修繕事業や電話営業事業も行っており、お客様に高品質かつ効果的なサービスを提供しています。	コンサルティング	経営コンサル
ＳＤＰジャパン株式会社	1011001098294	39	http://www.sdp-japan.com/contact.html	https://www.sdp-japan.com/corporate/			1500043	東京都	渋谷区道玄坂１丁目１０番８号	東京都渋谷区道玄坂１丁目１０番８号	医療施設設立支援や医療器具販売企業	2014年1月に東京都で設立された医療施設設立支援や医療器具販売企業です。主な業務には、医療アウトソーシング事業、医療器具販売事業、医療開業支援業があります。ＳＤＰジャパン株式会社は医療・製薬・福祉、商社、人材・アウトソーシング、コンサルティング、医療機器などの産業で活動しています。	コンサルティング	経営コンサル
イグニション・ポイント株式会社	1011001100423	379	http://www.ignitionpoint-inc.com/form/	https://www.ignitionpoint-inc.com/company/outline/	info@ignitionpoint-inc.com	03-6434-1412	1500011	東京都	渋谷区東１丁目３２番１２号	東京都渋谷区東１丁目３２番１２号			コンサルティング	経営コンサル
ふぁん・じゃぱん株式会社	1011001101066	4	http://fanjapan.jp/contact	http://fanjapan.jp/	info@fanjapan.jp	03-6261-5657	1020073	東京都	千代田区九段北１丁目４番１号	東京都千代田区九段北１丁目４番１号	海外進出を支援するコンサルティング企業	東京都に拠点を置く海外進出を支援するコンサルティング企業です。2014年7月に設立され、その他サービス、コンサルティング、研究・調査・リサーチ、経営コンサル、その他コンサルという業界で事業を展開しています。市場リサーチ事業や海外ビジネスアドバイザリー事業を通じて、国内企業の海外展開をサポートしています。	コンサルティング	経営コンサル
マーケティング＆アド株式会社	1011001102163	0	http://ink-office.jp/contact/	http://ink-office.jp/	nfo@ink-office.jp	03-6427-6526	1410031	東京都	品川区西五反田２丁目９番７号ドルミ五反田アンメゾン４０７号	東京都品川区西五反田２丁目９番７号ドルミ五反田アンメゾン４０７号	広告代理や新規事業開発とともに、インターネット上のマーケティングを手掛ける企業	2014年9月30日に東京都で設立された企業です。広告代理や新規事業開発に加えて、インターネット上のマーケティングにも取り組んでいます。マーケティングコンサルティング事業、Webマーケティング支援事業、ネットショップ構築事業などを展開しており、広告・制作、IT、コンサルティング、Webマーケコンサル、販促コンサル、経営コンサル、eコマースなどの分野で総合的な広告代理店としてのサービスを提供しています。	コンサルティング	経営コンサル
株式会社ノートラック	1011001103673	1	https://www.notrack.jp/%E3%81%8A%E5%95%8F%E5%90%88%E3%81%9B/	https://www.notrack.jp/%E4%BC%9A%E7%A4%BE%E6%A6%82%E8%A6%81/	nojima@notrack.co.jp	090-4740-7955	1500013	東京都	渋谷区恵比寿１丁目３０番１２号	東京都渋谷区恵比寿１丁目３０番１２号	コンサルティング＆講演企業	東京都を拠点にするコンサルティング＆講演企業です。主な事業はセミナー企画・運営事業と研修セミナー事業です。2015年1月に設立され、人材・アウトソーシング、コンサルティング、セミナー、販促コンサル、経営コンサルなどの業界で活動しています。	コンサルティング	経営コンサル
イートデザインオフィス株式会社	1011001104837	1	http://eatdesign.co.jp/contact/	http://www.eatdesign.co.jp/	info@eatdesign.co.jp		1500013	東京都	渋谷区恵比寿２丁目１３番１８号エビス１８区２０２	東京都渋谷区恵比寿２丁目１３番１８号エビス１８区２０２	飲食店の構想策定や開業支援を行う専門企業	東京都を拠点に、飲食店の構想策定や開業支援を行う専門企業です。2015年4月に設立され、コンサルティングや経営コンサル業界において優れたサービスを提供しています。	コンサルティング	経営コンサル
株式会社ＦＩＶＥ	1011001141161	0	https://fivecorporation.xyz/contact.html	https://fivecorporation.xyz/			1010021	東京都	千代田区外神田２丁目９－９ｇｒａｎ＋ａｋｉｈａｂａｒａ４階	東京都千代田区外神田２丁目９－９ｇｒａｎ＋ａｋｉｈａｂａｒａ４階			コンサルティング	経営コンサル
株式会社ＷＩＬＬＢＡＴＯＮＳ	1011001154527	1	https://willbatons.com/contact	https://willbatons.com/	mail@willbatons.com		1500001	東京都	渋谷区神宮前６丁目２３－４桑野ビル２階	東京都渋谷区神宮前６丁目２３－４桑野ビル２階			コンサルティング	経営コンサル
有限会社柴田陽子事務所	1011002030578	25	http://www.shibajimu.biz/contact/	https://shibajimu.co.jp/		03-6805-0877	1500001	東京都	渋谷区神宮前６丁目３４番１５号モンターナビル	東京都渋谷区神宮前６丁目３４番１５号モンターナビル	飲食業界のコンサルティングやプロデュースを手がける企業	2004年7月に設立された東京都に拠点を置く企業です。同社は飲食業界のコンサルティングやプロデュースを手がける傍ら、店舗デザイン企画事業にも力を入れています。建設、広告・制作、飲食・外食、コンサルティング、デザインなど幅広い産業に関与し、多様なニーズに応える総合広告代理店として活躍しています。	コンサルティング	経営コンサル
Ｈ．Ｕ．グループホールディングス株式会社	1011101039628	793	https://www.miraca.com/form/contact/input/	https://www.hugp.com/company/profile.html		03-5909-3335	1070052	東京都	港区赤坂１丁目８番１号	東京都港区赤坂１丁目８番１号	臨床検査を中心に据えた医療事業の大手企業	東京都を拠点にする臨床検査を中心に据えた医療事業の大手企業であり、1950年12月18日に設立されました。同社は医療・製薬・福祉、コンサルティング、財務コンサル、介護用品、その他医療・福祉、製薬、経営コンサルなどの幅広い業界で活動しています。	コンサルティング	財務コンサル
キャピタル・エヴォルバー株式会社	1011101052606	0	http://www.c-evolver.com/contact.html	http://www.c-evolver.com/		03-6276-7534	1020083	東京都	千代田区麹町２丁目１０番３号	東京都千代田区麹町２丁目１０番３号	企業の事業承継、資金調達、経営コンサルティングをサポートする会社	2009年4月に東京都に設立された会社です。同社は、企業の事業承継、資金調達、経営コンサルティングをサポートすることを主な事業としており、投資アドバイザリー事業を展開しています。コンサルティング業界や資産運用コンサル業界、経営コンサル業界において活躍しています。	コンサルティング	経営コンサル
株式会社マインドクリエイトジャパン	1011101056037	0	http://www.mind-create.jp/contact/	https://mindcreatejapan.com/company/	info@mind-create.jp	03-6276-2293	1030002	東京都	中央区日本橋馬喰町１丁目１４－４－９階	東京都中央区日本橋馬喰町１丁目１４－４－９階	特許製品のコンサルティング業務を行う企業	2008年10月に東京都に設立された特許製品のコンサルティング業務を行う企業です。同社はマーケティングコンサルティング事業に従事しており、主にコンサルティング、販促コンサル、経営コンサルなどの業界に関わっています。	コンサルティング	経営コンサル
ＦｕｎＴｒｅ株式会社	1011101059824	104	https://funtre.co.jp/inquiry-media	https://funtre.co.jp/access		03-6383-3885	1020076	東京都	千代田区五番町２番地１３林五ビル５階	東京都千代田区五番町２番地１３林五ビル５階	ビジネスの助言やウェブ関連のサービスを提供している会社	東京都に拠点を置く会社であり、ビジネスの助言やウェブ関連のサービスを提供しています。保育施設運営事業、DVD制作サービス事業、CD・レコード製造事業、海外ビジネスアドバイザリー事業、ウェブサイトのコンサルティング事業、研修セミナー事業、ヘアスタイルサービス事業、経営研修事業など、幅広い業務を展開しています。2011年9月に設立され、広告・制作、生活関連サービス、IT、人材・アウトソーシング、コンサルティングなどの業界で活動しています。 	コンサルティング	経営コンサル
リイマジンコンサルティング株式会社	1011101060939	5	http://ric1.co.jp/%E3%81%8A%E5%95%8F%E3%81%84%E5%90%88%E3%82%8F%E3%81%9B/	https://ric1.co.jp/会社概要-2/		03-5337-8866	1690073	東京都	新宿区百人町２丁目８番１５号	東京都新宿区百人町２丁目８番１５号	保険業界における設計・運営に関するコンサルティングを提供する企業	東京都に位置する保険業界における設計・運営に関するコンサルティングを提供する企業です。同社は2006年4月に設立され、主に人材採用支援事業を行っており、人材・アウトソーシング、コンサルティング、その他人材、組織コンサル、経営コンサル、不動産コンサルという業界で活動しています。	コンサルティング	経営コンサル
バリューアップパートナー株式会社	1011101072190	1	https://vu-p.com/tocompany/jobform.html	https://vu-p.com	info@vu-p.com	03-6265-1510	1000004	東京都	千代田区大手町１丁目７番２号	東京都千代田区大手町１丁目７番２号	人材採用や経営課題解決において支援する企業	2015年1月に東京都に設立された企業であり、人材採用や経営課題解決において企業を支援しています。主な事業は職業相談事業と財務・会計業務アウトソーシング事業であり、人材・アウトソーシング、コンサルティング、人材紹介、財務コンサル、人材派遣、その他人材、組織コンサルの業界において活動しています。	コンサルティング	財務コンサル
日本マネジメント総合研究所合同会社	1011103004687	1	https://www.jmri.co.jp/contact.html	https://www.jmri.co.jp/	info@jmri.co.jp	050-3196-4513	1070052	東京都	港区赤坂２丁目１６番６号ＢＩＺＭＡＲＫＳ赤坂１Ｆ	東京都港区赤坂２丁目１６番６号ＢＩＺＭＡＲＫＳ赤坂１Ｆ	ビジネスコンサルティングやスピーチ、書籍出版などを手がける企業	東京都を拠点にビジネスコンサルティングやスピーチ、書籍出版などを手がける企業です。2003年3月に設立された同社は、組織分析コンサルティング事業、営業支援サービス事業、自主出版支援事業、経営研修事業を展開しています。主要業種は人材・アウトソーシング、エンタメ・娯楽、その他サービス、コンサルティング、メディア・出版、企業研修など多岐にわたります。	コンサルティング	経営コンサル
株式会社ビジネスプロデュース	1011301012896	1	http://busi-pro.co.jp/contact/	https://www.busi-pro.co.jp/		03-6659-8177	1020083	東京都	千代田区麹町３丁目７番２８号	東京都千代田区麹町３丁目７番２８号	企業のマーケティングやマネジメントのサポートを行う企業	東京都を拠点に、企業のマーケティングやマネジメントのサポートを行う企業です。2006年9月に設立され、ビジネスリサーチ事業、マーケティングコンサルティング事業、営業支援サービス事業、人材採用支援事業などを展開しています。主に人材・アウトソーシング、その他サービス、コンサルティング、販促コンサル、その他人材、組織コンサル、研究・調査・リサーチ、経営コンサル、その他コンサル業界で活動しています。	コンサルティング	経営コンサル
株式会社アイスタット	1011301017730	3	http://istat.co.jp/contact	http://istat.co.jp/	somu@istat.jp	03-3315-7637	1640012	東京都	中野区本町４丁目４４番１３号西京城西ビル	東京都中野区本町４丁目４４番１３号西京城西ビル	企業が市場調査、データ収集、分析、報告書作成を支援している企業	東京都を拠点に、企業が市場調査、データ収集、分析、報告書作成を支援している企業です。同社は2011年6月に設立され、マーケティングコンサルティング事業、データ解析事業、市場リサーチ事業、情報入力アウトソーシング事業、研修セミナー事業、ソフトウェア流通事業を展開しています。また、業界はIT、人材・アウトソーシング、その他サービス、コンサルティング、セミナー、データ入力・事務作業代行、その他IT、販促コンサル、研究・調査・リサーチ、経営コンサル、ソフトウェア販売と多岐にわたります。	コンサルティング	経営コンサル
株式会社Ｆａｃｅ２Ｆａｃｅ	1011301019652	0	http://creditcard-consulting.com/contact/	http://creditcard-consulting.com/company/	info@payment-face2face.com	03-4577-8642	3560005	埼玉県	ふじみ野市西１丁目１０－７－１	埼玉県ふじみ野市西１丁目１０－７－１	カード決済導入支援企業	埼玉県に拠点を置くカード決済導入支援企業です。同社は金融、IT、コンサルティングなどの業界で活動し、システムインテグレーション事業を展開しています。さらに、クレジット・決済代行やWebアプリ・サービス運営、財務コンサルなども提供しています。	コンサルティング	財務コンサル
株式会社ＰＲＲ	1011301019702	1	http://www.prr.co.jp/contact.php	http://www.prr.co.jp/	info@prr.co.jp	03-5389-1977	1640011	東京都	中野区中央２丁目８番１５号	東京都中野区中央２丁目８番１５号	飲食店コンサルティング企業	東京都に拠点を置き、飲食店コンサルティング企業として事業を展開しています。主に経済分析事業に従事し、その他サービス、コンサルティング、研究・調査・リサーチ、および経営コンサルの分野で幅広いサービスを提供しています。	コンサルティング	経営コンサル
バディホールディングス株式会社	1011301020981	0	http://buddy-jp.com/customer.html	http://www.buddy-jp.com/company.html	info@buddy-jp.com		1510073	東京都	渋谷区笹塚１丁目６２番７号	東京都渋谷区笹塚１丁目６２番７号	再生やM&Aなど、ビジネスを管理するコンサルティング企業	東京都を拠点とする再生やM&Aなど、ビジネスを管理するコンサルティング企業です。2015年1月に設立され、コンサルティングと経営コンサルの業界で活動しています。	コンサルティング	経営コンサル
株式会社日本マネジメントシステム	1011401013605	0	http://xn--xckbe6ch2a2jwae4p5748cehd.com/?page_id=100	http://nippon-ms.jp/	mk1504nms@ae.auone-net.jp	03-6326-5313	1740064	東京都	板橋区中台３丁目２７番Ｇ－１５０４号	東京都板橋区中台３丁目２７番Ｇ－１５０４号	環境経営システムの開発支援企業	東京都を拠点に環境経営システムの開発支援を行う企業です。2012年10月に設立され、コンサルティング、環境コンサル、経営コンサルを主な業務としています。また、環境アドバイザリー事業を展開しています。	コンサルティング	経営コンサル
株式会社リーテック	1011501015237	0	http://japan.re-tec.jp/?page_id=4475	http://japan.re-tec.jp		03-5615-1351	1160003	東京都	荒川区南千住４丁目９番２－２１０５	東京都荒川区南千住４丁目９番２－２１０５	ビジネスコンサルティング企業（事業計画、資金調達、販売支援などを提供）	東京都を拠点にビジネスコンサルティング企業として、事業計画、資金調達、販売支援などのサービスを提供しています。マーケティングコンサルティング事業、財務アドバイザリー事業、商品開発アドバイザリー事業、金融機関向けアドバイザリー事業を展開しており、1972年11月に設立されました。主な業界はコンサルティング、財務コンサル、販促コンサル、経営コンサル、その他コンサルです。	コンサルティング	経営コンサル
株式会社ブルー・シフト・テクノロジー	1011501015641	1	http://blueshifttechnology.com/mail_j.html	http://blueshifttechnology.com/		03-5249-1832	1150042	東京都	北区志茂２丁目４０番１号	東京都北区志茂２丁目４０番１号	技術企業の経営コンサルティングを提供する企業	2010年3月に東京都に設立された技術企業の経営コンサルティングを提供する企業です。主にコンサルティング業務や経営コンサルに関連する事業に従事しており、特に海外ビジネスアドバイザリー事業を展開しています。産業は主にコンサルティング、経営コンサル、その他コンサルに属しています。	コンサルティング	経営コンサル
株式会社エフ・ビー・サイブ研究所	1011601010922	1	https://www.fbcibe.co.jp/j07Toiawase.html	https://fbcibe.co.jp/company/	info@fbcibe.co.jp	03-6271-0065	1030004	東京都	中央区東日本橋２丁目２８番４号日本橋ＣＥＴビル２階	東京都中央区東日本橋２丁目２８番４号日本橋ＣＥＴビル２階	クライアントの自立を支援する企業	東京都を拠点にしているクライアントの自立を支援する企業です。2000年4月に設立され、コンサルティングや経営コンサルの業界で活動しています。	コンサルティング	経営コンサル
アテネ資産顧問株式会社	1011601020830	1	https://www.athene-g.co.jp/mail/	http://www.athene-g.co.jp		03-6328-3333	1780063	東京都	練馬区東大泉６丁目３４番２９号朝日工務店ビル１階	東京都練馬区東大泉６丁目３４番２９号朝日工務店ビル１階	家計や財政の問題を解決するコンサルタント企業	2016年4月5日に東京都で設立された家計や財政の問題を解決するコンサルタント企業です。同社は財務アドバイザリー事業、保険アドバイザリー事業、金融機関向けアドバイザリー事業を展開しており、金融、コンサルティング、証券、財務コンサル、保険代理店、資産運用コンサル、その他コンサル、不動産コンサルなどの業界に関与しています。	コンサルティング	財務コンサル
株式会社Ｔ．Ｍ．Ａ．	1011701005194	5	https://pro.form-mailer.jp/fms/8b40a13b16390	https://www.tmainc.co.jp/company.html		03-5658-3201	1340085	東京都	江戸川区南葛西１丁目１２番１－２０１号	東京都江戸川区南葛西１丁目１２番１－２０１号	経営分析や教育出版とセミナー開催を専門にする企業	東京都に位置する経営分析や教育出版とセミナー開催を専門にする企業です。1992年5月に設立され、研修セミナー事業、企業内トレーニングアウトソーシング事業、経営研修事業を主な業務としています。人材・アウトソーシング、コンサルティング、メディア・出版、企業研修、セミナー、出版、経営コンサルのインダストリーに属しています。	コンサルティング	経営コンサル
株式会社サンパティック	1011701010120	5	http://1sp.jp/contact	http://1sp.jp	otoiawase@1sp.jp	090-4399-1995	1340088	東京都	江戸川区西葛西６丁目１９番地	東京都江戸川区西葛西６丁目１９番地	BCPや経営戦略のコンサルタント企業	2004年8月に東京都で設立されたBCPや経営戦略のコンサルタント企業です。主な業務には、許認可手続き代行事業や営業支援サービス事業があります。また、人材・アウトソーシング、コンサルティング、データ入力・事務作業代行、経営コンサルなどの業界において幅広いサービスを提供しています。	コンサルティング	経営コンサル
株式会社ＰＭＩソリューションズ	1011701015169	0	http://www.addrust.jp/contact/	http://www.addrust.jp			1410021	東京都	品川区上大崎２丁目１３番３０号	東京都品川区上大崎２丁目１３番３０号	営業や社員の教育と採用に関するコンサルティングを提供する企業	2010年10月13日に設立された東京都を拠点とする企業です。同社は営業や社員の教育と採用に関するコンサルティングを提供しており、教育支援事業、マーケティングコンサルティング事業、営業支援サービス事業、人材採用支援事業を展開しています。主にIT、人材・アウトソーシング、教育、コンサルティングなどの業界で活動し、Webアプリ・サービス運営、塾・予備校、販促コンサル、その他人材、組織コンサル、経営コンサルなど幅広い領域において実績を積んでいます。	コンサルティング	経営コンサル
有限会社アズソリューションズ	1011702016604	2	https://www.azsolutions.co.jp/information/contact_us/	https://www.azsolutions.co.jp/		045-277-3757	1340088	東京都	江戸川区西葛西３丁目８番３５－６２５号	東京都江戸川区西葛西３丁目８番３５－６２５号	リスク管理や従業員トレーニングなどを実施するビジネス企業	2005年5月に東京都で設立されたビジネス企業です。同社は、リスク管理や従業員トレーニングなどを実施することを主な業務としており、また企業内トレーニングアウトソーシング事業や遠隔教育事業も展開しています。人材・アウトソーシング、教育、コンサルティング、資格取得、企業研修、経営コンサル、通信教育など、多岐にわたる業界で活動しています。	コンサルティング	経営コンサル
株式会社ブリッジマン	1012701000920	0	http://www.bridgeman.co.jp/contact/	http://www.bridgeman.co.jp/index.html	business@bridgeman.co.jp	042-345-5095	1870045	東京都	小平市学園西町１丁目２３番２号	東京都小平市学園西町１丁目２３番２号	経営や販売促進のコンサルティングや社内研修を提供する企業	1996年5月に設立された東京都を拠点とする企業であり、経営や販売促進のコンサルティングや社内研修を提供しています。同社の主な業務には、ブランド戦略策定事業や経営研修事業が含まれており、人材・アウトソーシング、コンサルティング、企業研修、販促コンサル、経営コンサルの業界で幅広く活動しています。	コンサルティング	経営コンサル
株式会社シクチャー	1013301029318	0	http://www.shikchar.co.jp/contact/	http://www.shikchar.co.jp/company/about.html		03-6914-1611	1740051	東京都	板橋区小豆沢１丁目１０番９号	東京都板橋区小豆沢１丁目１０番９号	ビジネスコンサルティング会社が、企業や飲食店、美容サロンの経営支援を提供企業	2010年6月に東京都に設立されたビジネスコンサルティング会社です。同社は金融、建設、工事・土木、生活用品、小売・販売・卸売、コンサルティング、家具・インテリア、文房具、内部工事・床面工事、飲食コンサル、保険代理店、経営コンサル、家具販売、インテリア系デザインなどの業界において、企業や飲食店、美容サロンの経営支援を提供しています。また、損害保険エージェント事業や家具企画事業、内装施工事業、生命保険エージェント業なども展開しています。	コンサルティング	経営コンサル
株式会社スマートストラテジー	1013301031389	2	https://www.smart-strategy.co.jp/%E3%81%8A%E5%95%8F%E5%90%88%E3%82%8F%E3%81%9B/	https://www.smart-strategy.co.jp/protected/?comeFrom=https%3A%2F%2Fwww.smart-strategy.co.jp%2F&		03-5926-4019	1710043	東京都	豊島区要町３丁目１２番１３号	東京都豊島区要町３丁目１２番１３号	財務や経営のアドバイスを提供している企業	2011年11月に東京都で設立された企業で、財務や経営のアドバイスを提供しています。主な業務には、財務監査サービスと会計・税務アドバイザリー事業があります。株式会社スマートストラテジーは、士業、コンサルティング、監査法人、会計士、財務コンサル、経営コンサル、不動産コンサルといった業界で活動しています。	コンサルティング	財務コンサル
エムアンドエム株式会社	1013301033955	1	http://mandm-co.jp/contact	http://mandm-co.jp/		03-5829-8350	1010032	東京都	千代田区岩本町２丁目１７番３号メイフェアビル５Ｂ	東京都千代田区岩本町２丁目１７番３号メイフェアビル５Ｂ	中小企業の起業やビジネス拡大を支援する企業	東京都に所在するコンサルティング企業であり、中小企業の起業やビジネス拡大を支援することを専門としています。同社は2013年6月に設立され、経営コンサルティングやフランチャイズチェーンの運営支援事業などを展開しています。主な業種はコンサルティングであり、経営コンサルやその他コンサルなどのサービスを提供しています。	コンサルティング	経営コンサル
株式会社ＢＬＵＥ	1013301034292	1	http://blu-e.co.jp/contact.html	http://blu-e.co.jp/index.html		03-5952-5121	1710033	東京都	豊島区高田１丁目５－６	東京都豊島区高田１丁目５－６	営業戦略コンサルティングとインターネット広告作成を専門とする企業	東京都を拠点に営業戦略コンサルティングとインターネット広告作成を専門とする企業です。主な事業内容は広告クリエイティブ、ネットワークインフラ設置、営業支援サービス、Webマーケティング支援、検索エンジン最適化対策などです。その業界は広告・制作、IT、コンサルティング、Webマーケコンサル、デザイン、広告制作、その他IT、ITインフラストラクチャー、経営コンサル、その他コンサルに属しています。	コンサルティング	経営コンサル
有限会社ナリタヤ	1013302007529	1	https://narita-souzai.co.jp/support/	https://narita-souzai.co.jp/	staff@narita-souzai.co.jp	03-3917-1935	1700001	東京都	豊島区西巣鴨２丁目７番９号	東京都豊島区西巣鴨２丁目７番９号	惣菜関連のコンサルティングを提供する成田企業、惣菜研究所	東京都に位置し、1960-02に設立された成田企業であり、惣菜研究所として知られています。同社は、惣菜関連のコンサルティングを提供する商品開発アドバイザリー事業を展開しており、人材・アウトソーシング、コンサルティング、企業研修、起業コンサル、経営コンサル、その他コンサルの幅広い業界で活動しています。	コンサルティング	経営コンサル
株式会社ＭＢＣ	1013401004831	0	http://mbcinc.jp/contact.html	https://mbcinc.jp/gaiyo.html	mmatsuzaki@mbcinc.jp	042-586-2640	1910002	東京都	日野市新町３丁目８番地の３８	東京都日野市新町３丁目８番地の３８	医療とバイオテクノロジーに特化したコンサルタント	東京都を拠点に、医療とバイオテクノロジーに特化したコンサルタントとして事業展開しています。2007年9月に設立され、その主な業務は市場リサーチ事業です。その他サービス、コンサルティング、研究・調査・リサーチ、経営コンサルなどの業種に属しています。	コンサルティング	経営コンサル
株式会社横浜中央経理	1020001014005	78	https://www.yckz.co.jp/contact	http://www.yckz.co.jp	info@yckz.co.jp	045-251-9911	2320013	神奈川県	横浜市南区山王町３丁目２４番地８港横浜ビル６階	神奈川県横浜市南区山王町３丁目２４番地８港横浜ビル６階	会計監査・税務・人事労務のコンサル企業	1981年5月に設立された会計監査・税務・人事労務のコンサル企業です。神奈川県に拠点を置き、主な業務としては財務監査サービス、税務アドバイザリー事業、ビジネス承継支援事業、相続アドバイザリー事業、人材戦略コンサルティング事業、経営研修事業を展開しています。株式会社横浜中央経理は士業、監査法人、コンサルティング、税理士、企業研修、財務コンサル、資産運用コンサル、組織コンサルなどの業界で活動しています。	コンサルティング	財務コンサル
株式会社サイグナス	1020001036098	17	http://www.scignus.co.jp/inquiry	https://www.scignus.co.jp/about/		045-640-1280	2200012	神奈川県	横浜市西区みなとみらい２丁目２番１号	神奈川県横浜市西区みなとみらい２丁目２番１号	ホテル経営コンサルタント企業	神奈川県を拠点にするホテル経営コンサルタント企業です。同社は1996年4月に設立され、主に研修セミナー事業を展開しています。また、IT、人材・アウトソーシング、コンサルティング、セミナー、受託開発、経営コンサルの各業界にも関与しています。	コンサルティング	経営コンサル
株式会社日本エイ・ビー・エス・キュイー	1020001039514	3	http://www.abs-gr.co.jp/contact.html	https://www.abs-gr.co.jp/		045-451-1161	2210052	神奈川県	横浜市神奈川区栄町１番１号	神奈川県横浜市神奈川区栄町１番１号	審査や認証、教育研修などを提供する企業	2001年に神奈川県に設立された企業です。同社は審査や認証、教育研修などのサービスを提供しており、主な業務として許認可手続き代行事業や環境評価事業を行っています。また、人材・アウトソーシング、その他サービス、コンサルティング、企業研修、データ入力・事務作業代行、研究・調査・リサーチ、経営コンサルなど、多岐に渡る業種に対応しています。	コンサルティング	経営コンサル
株式会社ハンズコーポレーション	1020001041916	11	http://hanz-corp.com/contact	https://hanz-corp.com/index.php/what-we-do/		045-470-5558	2220033	神奈川県	横浜市港北区新横浜２丁目２番８号	神奈川県横浜市港北区新横浜２丁目２番８号	「ハンズグループを運営する企業」といった表現が適切でしょう企業	神奈川県に本社を構える「ハンズグループを運営する企業」として知られています。2003年7月に設立されたこの企業は、コンサルティングや経営コンサルを主な業務としています。グループ企業経営事業を担当し、幅広い経営コンサルサービスを提供しています。	コンサルティング	経営コンサル
株式会社アイパートナー	1020001041981	1	http://www.i-partner.co.jp/Inquiry.html	http://www.i-partner.co.jp		045-285-9419	2240013	神奈川県	横浜市都筑区すみれが丘１４番地３２	神奈川県横浜市都筑区すみれが丘１４番地３２	経営に関するアドバイスを提供する企業	神奈川県を拠点にし、経営に関するアドバイスを提供する企業です。2001年1月に設立され、主に営業支援サービス事業を展開しています。コンサルティング、経営コンサル、その他コンサルなどの業界で幅広い経験を持ち、クライアントの経営戦略の向上に向けたサポートを提供しています。	コンサルティング	経営コンサル
株式会社キャラウィット	1020001043284	9	http://carawit.co.jp/%E3%81%8A%E5%95%8F%E3%81%84%E5%90%88%E3%82%8F%E3%81%9B/	https://carawit.co.jp/		045-227-6307	2310023	神奈川県	横浜市中区山下町２番地産業貿易センタービル６階	神奈川県横浜市中区山下町２番地産業貿易センタービル６階	業務として、経営コンサルティング、リサーチ、POP企画などを手がけている企業		コンサルティング	経営コンサル
株式会社宿研	1020001043879	84	https://www.yadoken.net/contact.php	https://www.yadoken.net/company		045-227-6505	2200012	神奈川県	横浜市西区みなとみらい２丁目２番１号	神奈川県横浜市西区みなとみらい２丁目２番１号	旅館・ホテルの集客支援コンサルティング企業	2004年9月に神奈川県に設立された旅館・ホテルの集客支援コンサルティング企業です。同社は、Webサイト管理代行事業、ホテル経営支援事業、旅行情報ウェブサイト運営事業を展開し、IT、コンサルティング、Webアプリ・サービス運営、経営コンサルに関わる業界で活動しています。	コンサルティング	経営コンサル
株式会社ユニバーサルコンサルタンツ	1020001044885	0	http://www.u-consul.com/contact.html	http://u-consul.com/		045-900-7301	2230057	神奈川県	横浜市港北区新羽町１６６	神奈川県横浜市港北区新羽町１６６	企業の経営指導を行うプロフェッショナル集団企業	神奈川県を拠点にする企業の経営指導を行うプロフェッショナル集団企業です。1990年に設立され、主な事業内容は人事制度アドバイザリー、企業内トレーニングアウトソーシング、資金管理支援、およびシステムインテグレーションです。IT、人材・アウトソーシング、コンサルティング、Webアプリ・サービス運営、企業研修、財務コンサル、起業コンサル、組織コンサル、経営コンサルといった様々な業界において幅広いサービスを提供しています。	コンサルティング	経営コンサル
スキルパス株式会社	1020001053060	1	http://www.skillpath.jp/category/1176437.html	https://skillpath.jp/	ryu@hs.catv.ne.jp	045-971-7104	2250023	神奈川県	横浜市青葉区大場町１７４番地２２８	神奈川県横浜市青葉区大場町１７４番地２２８	ガソリンスタンド業界専門の経営コンサルティング企業	神奈川県に拠点を置くガソリンスタンド業界専門の経営コンサルティング企業です。主な事業として、営業支援サービス事業、研修セミナー事業、経営研修事業を展開しています。人材・アウトソーシング、コンサルティング、企業研修、セミナー、経営コンサル、その他コンサルなどの幅広い業界に対応しています。	コンサルティング	経営コンサル
カーボンフリーコンサルティング株式会社	1020001054298	7	https://wx26.wadax.ne.jp/~carbonfree-co-jp/contact/index.html	https://www.carbonfree.co.jp/	info@carbonfree.co.jp	045-222-3400	2310012	神奈川県	横浜市中区相生町６丁目１１３番地	神奈川県横浜市中区相生町６丁目１１３番地	環境マネジメントのコンサルティングを手掛ける企業	神奈川県に拠点を置き、環境マネジメントのコンサルティングに取り組んでいます。同社は、補助金申請支援事業、衛生アドバイザリー事業、環境アドバイザリー事業など、幅広いサービスを提供しています。主にその他サービス、コンサルティング、環境コンサル、経営コンサルなどの業界に属しています。	コンサルティング	経営コンサル
株式会社コンサラート	1020001055651	6	http://consulart.jp/contact/	https://consulart.jp/company/		045-633-5215	2310015	神奈川県	横浜市中区尾上町５丁目８０番地	神奈川県横浜市中区尾上町５丁目８０番地	中小企業向け経営コンサルティング企業	神奈川県を拠点にする中小企業向け経営コンサルティング企業であり、2008年1月に設立されました。同社は、人材・アウトソーシング、コンサルティング、セミナー、経営コンサルの業界で活動しており、研修セミナー事業を専門としています。	コンサルティング	経営コンサル
株式会社バイタルファンクション	1020001081862	1	https://www.jpvital.com/contact	http://www.jpvital.com	web_info@jpvital.com	044-863-5370	2130013	神奈川県	川崎市高津区末長１丁目４７番１号	神奈川県川崎市高津区末長１丁目４７番１号	業務改善コンサルティングに特化した企業	神奈川県を拠点に業務改善コンサルティングに特化した企業です。会計・税務アドバイザリー事業を展開し、士業、会計士業界で注目を浴びています。	コンサルティング	総合系コンサル
株式会社アプリシエ	1020001083933	3	http://apprecie.jp/contact/	http://apprecie.jp/		045-941-7268	2240046	神奈川県	横浜市都筑区桜並木１２番３７号	神奈川県横浜市都筑区桜並木１２番３７号	政策に関するシンクタンクや飲食店のブランド開発などを手がける企業	神奈川県に位置する企業であり、政策に関するシンクタンクや飲食店のブランド開発などを手がけています。2015年4月に設立され、写真撮影サービス事業、店舗デザイン企画事業、教育教材制作事業などを展開しています。建設、広告・制作、教育、コンサルティング、スタジオ・写真撮影、店舗デザイン、各種スクール・教室、経営コンサル、教材など、多岐にわたる業界で活動しています。	コンサルティング	経営コンサル
株式会社ＺＩＯＮ	1020001091341	0	http://zion-co.net/contact.html	http://zion-co.net/index.html		03-5953-3771	3580003	埼玉県	入間市豊岡１丁目３番７号パストラーレ新井３０１	埼玉県入間市豊岡１丁目３番７号パストラーレ新井３０１	経営アドバイザー企業	埼玉県を拠点にし、経営アドバイザー企業として活躍しています。同社は、その他サービス、コンサルティング、研究・調査・リサーチ、経営コンサルの業界で特に注目されており、ビジネスリサーチ事業を中心に展開しています。	コンサルティング	経営コンサル
株式会社ネステックジャパン	1020001093610	8	http://www.nesstechjapan.com/contact.html	https://nesstechjapan.com/company.html		03-6744-0349	2310004	神奈川県	横浜市中区元浜町３丁目２１番地２ヘリオス関内ビル４Ｆ	神奈川県横浜市中区元浜町３丁目２１番地２ヘリオス関内ビル４Ｆ			コンサルティング	経営コンサル
Ｓ＆Ａ　ＪＡＰＡＮ株式会社	1020001093635	12	https://www.sanda-japan.jp/%E3%81%8A%E5%95%8F%E5%90%88%E3%82%8F%E3%81%9B/	https://www.sanda-japan.jp	info@sanda-japan.jp	045-482-6438	2210004	神奈川県	横浜市神奈川区西大口９１番地３３	神奈川県横浜市神奈川区西大口９１番地３３			コンサルティング	経営コンサル
株式会社ＴＲＡＩＬ	1020001107386	15	https://trail-inc.jp/contact/	https://trail-inc.jp/		03-6228-6862	1040031	東京都	中央区京橋２丁目８番３号	東京都中央区京橋２丁目８番３号	企業の経営と財務を支援し、経営チームに直接参加するサポートを提供する企業	東京都に拠点を置くコンサルティング企業です。同社は企業の経営と財務を支援し、経営チームに直接参加するサポートを提供しています。主な業務は財務コンサルティングと経営コンサルティングになります。	コンサルティング	経営コンサル
株式会社ファンクリエイション	1020001117947	1	https://fun-fan-creation.com/contact/	https://fun-fan-creation.com/company	info@fun-fan-creation.com	045-900-5443	2310861	神奈川県	横浜市中区元町４丁目１６８番地ＢＩＺｃｏｍｆｏｒｔ元町ビル４Ｆ	神奈川県横浜市中区元町４丁目１６８番地ＢＩＺｃｏｍｆｏｒｔ元町ビル４Ｆ	店舗活性化に関するコンサルティングを提供する企業	2016年9月27日に神奈川県に設立された企業です。同社は、店舗活性化に関するコンサルティングを提供しており、組織分析コンサルティング事業、マーケティングコンサルティング事業、セミナー企画・運営事業、研修セミナー事業、経営研修事業を展開しています。株式会社ファンクリエイションは、人材・アウトソーシング、コンサルティング、企業研修、セミナー、販促コンサル、組織コンサル、経営コンサルの業界で活動しています。	コンサルティング	経営コンサル
有限会社コンサルティング・ナビ	1020002061657	0	http://www.co-navi.com/form/co-navi/contact	https://www.co-navi.com/		045-979-1670	2270043	神奈川県	横浜市青葉区藤が丘１丁目２４番地１３	神奈川県横浜市青葉区藤が丘１丁目２４番地１３	経営や不動産のコンサルティングを提供する企業	2000年9月に設立された神奈川県を拠点とする企業です。同社は経営や不動産のコンサルティングを提供し、不動産活用相談事業、土地取引事業、システムインテグレーション事業を展開しています。専門分野はIT、不動産、コンサルティングであり、Webアプリ・サービス運営や土地売買・賃貸、経営コンサル、不動産コンサルなどの業務を行っています。	コンサルティング	経営コンサル
株式会社さがみはら産業創造センター	1021001012122	20	https://www.sic-sagamihara.jp/sic2/contact/contact.php	https://www.sic-sagamihara.jp/		042-770-9119	2520131	神奈川県	相模原市緑区西橋本５丁目４番２１号	神奈川県相模原市緑区西橋本５丁目４番２１号	企業が事務所として利用できる施設を所有し、経営支援や人材育成を提供する企業	1999年4月に設立され、神奈川県に拠点を置く企業です。同社は、企業が事務所として利用できる施設を所有し、経営支援や人材育成を提供しています。セミナー企画・運営事業、研修セミナー事業、知的財産保護・活用事業などを展開しており、人材・アウトソーシング、コンサルティング、セミナー、経営コンサル、その他コンサルの業界において活動しています。	コンサルティング	経営コンサル
株式会社まもるパートナーズ	1021001046145	0	https://office-mamoru.com/contact/	http://office-mamoru.com/hojinannai/hojingaiyo	mail@office-mamoru.com	03-6809-5673	1080014	東京都	港区芝５丁目１７番２号エステート芝４Ｆ	東京都港区芝５丁目１７番２号エステート芝４Ｆ	専門的なコンサルティング企業	東京都を拠点に専門的なコンサルティングを提供しています。同社の主な業務は、税務アドバイザリー事業と相続アドバイザリー事業です。士業、コンサルティング、税理士、資産運用コンサル、経営コンサルの分野で活動しています。	コンサルティング	経営コンサル
株式会社アイ・ボックス・コンサルティング	1030001013427	1	http://www.ibox-c.co.jp/profile-2/contact/	http://www.ibox-c.co.jp/profile-2/corp/	open@ibox-c.co.jp	080-4818-6032	3300052	埼玉県	さいたま市浦和区本太１丁目２３番１９号	埼玉県さいたま市浦和区本太１丁目２３番１９号	ビジネスコンサルタント	2002年3月に埼玉県で設立されたビジネスコンサルタント会社です。同社は、食品アドバイザリー業務と経営研修事業を主に展開しており、人材・アウトソーシング、コンサルティング、企業研修、飲食コンサル、経営コンサルなどの幅広い業界に携わっています。	コンサルティング	経営コンサル
株式会社こうの経営	1030001032550	9	https://kono-keiei-s.cms2.jp/contact.html	https://www.kono-keiei.com/		0480-65-1768	3470064	埼玉県	加須市東栄１丁目１３番１１号	埼玉県加須市東栄１丁目１３番１１号			コンサルティング	経営コンサル
株式会社エースタッフ	1030001057787	6	https://www.staff-a.co.jp/	http://www.staff-a.co.jp/	info@stafff-a.co.jp	049-223-5321	3500042	埼玉県	川越市中原町２丁目１６番地４	埼玉県川越市中原町２丁目１６番地４	財務や総務のコンサルティングや人材育成を担当している企業	2006年4月に設立された士業企業であり、埼玉県を拠点にしています。同社は財務や総務のコンサルティングや人材育成を専門とし、給与処理アウトソーシング事業、人材戦略コンサルティング事業、会計・税務アドバイザリー事業、財務・会計業務アウトソーシング事業を展開しています。株式会社エースタッフは、多様な業界における経験と専門知識を持ち、企業の成長をサポートすることを使命としています。	コンサルティング	財務コンサル
株式会社エスプラス	1030001094698	0	http://www.s-pluss.net/contact.html	http://www.s-pluss.net	info@s-pluss.jp	048-835-5500	3300075	埼玉県	さいたま市浦和区針ヶ谷３丁目６番３号野口ビル２階	埼玉県さいたま市浦和区針ヶ谷３丁目６番３号野口ビル２階	法人向け携帯電話やOA機器などのサービスを提供する企業	埼玉県を拠点に、法人向け携帯電話やOA機器などのサービスを提供する通信コンサル業の企業です。2012年10月に設立され、人材・アウトソーシング、コンサルティング、業務請負、経営コンサルの業界で活動しています。	コンサルティング	経営コンサル
三富株式会社	1030001096570	0	https://mitsutomi.jp/contact	https://mitsutomi.jp/company		03-5284-7248	3300061	埼玉県	さいたま市浦和区常盤３丁目１３番３１号	埼玉県さいたま市浦和区常盤３丁目１３番３１号	中国進出を支援する企業	2013年3月に埼玉県に設立された中国進出を支援する企業です。主な事業は展示会プランニング事業、中国語翻訳・通訳サービス事業、海外ビジネスアドバイザリー事業です。広告・制作、人材・アウトソーシング、コンサルティングなどを含むさまざまな業務を提供しています。	コンサルティング	経営コンサル
株式会社ＮＧＣ	1030001103921	1	http://nextgc.jp/contact.php	http://nextgc.jp	info@nextgc.jp	048-642-3355	3300854	埼玉県	さいたま市大宮区桜木町１丁目９番地１８Ｍｉｏ大宮	埼玉県さいたま市大宮区桜木町１丁目９番地１８Ｍｉｏ大宮	企業コンサルティングとトレーニング講師の派遣を行う企業	埼玉県を拠点とし、企業コンサルティングとトレーニング講師の派遣を行っています。2011年4月に設立され、組織分析コンサルティング事業とビジネスリサーチ事業を展開しています。その他サービス、コンサルティング、組織コンサル、研究・調査・リサーチ、経営コンサルの業界で活動しています。	コンサルティング	経営コンサル
株式会社ジャパンフロンティア	1030001107872	0	https://japanfrontier.com/contact	https://japanfrontier.com/company	info@japanfrontier.com	042-978-8887	3570021	埼玉県	飯能市大字双柳２５８番地１	埼玉県飯能市大字双柳２５８番地１	地域や経営、不動産に関するコンサルタントを提供する企業	2015年3月に埼玉県に設立された企業です。同社は地域や経営、不動産に関するコンサルタントを提供しており、ブランド戦略策定事業、イベントプランニング事業、地方創生事業、Webサイト管理代行事業、補助金申請支援事業、広告物デザイン制作事業など多岐にわたる業務を展開しています。広告・制作、IT、エンタメ・娯楽、不動産、コンサルティングなど幅広い業界での経験とノウハウを持つ同社は、お客様のニーズに合わせたトータルソリューションを提供しています。	コンサルティング	経営コンサル
テイクシーホールディングス株式会社	1040001015620	0	http://www.take-sea.com/contact.html	http://www.take-sea.com/		043-330-4007	2610023	千葉県	千葉市美浜区中瀬１丁目３番地	千葉県千葉市美浜区中瀬１丁目３番地	企業の経営支援をするコンサルティング企業	千葉県に本社を置く企業の経営支援をするコンサルティング企業です。2009年6月に設立され、コンサルティング、経営コンサル、不動産コンサルの業界で事業を展開しています。	コンサルティング	経営コンサル
株式会社ＲｕＲｕ	1040001080276	1	http://www.ru-ru.co.jp/contact/	http://www.ru-ru.co.jp/		047-399-2550	2730005	千葉県	船橋市本町６丁目３番２１天沼コーポ４０２号	千葉県船橋市本町６丁目３番２１天沼コーポ４０２号	美容サロンのWebアンケートで市場調査を実施している企業	千葉県に拠点を置く美容サロンのWebアンケートで市場調査を実施している企業です。同社はアンケート調査代行事業、市場リサーチ事業、マーケティングコンサルティング事業を展開しており、美容・アパレル、人材・アウトソーシング、その他サービス、コンサルティング業務請負、販促コンサルなどの幅広い業界に対応しています。同社は経営コンサルや研究・調査・リサーチにも力を入れており、多様なニーズに対応できる総合的なサービスを提供しています。	コンサルティング	経営コンサル
ＲＥＸＴ　Ｈｏｌｄｉｎｇｓ株式会社	1050001016270	932	https://www.wonder.co.jp/corporation/contact/	https://www.rext.jp/company/outline.html		029-858-3340	1600023	東京都	新宿区西新宿８丁目１７番１号	東京都新宿区西新宿８丁目１７番１号	小売業や買取販売業でCD、ゲーム、文具などを扱う企業	東京都を拠点にしている1988年3月1日設立の企業です。主に小売業や買取販売業を行っており、CD、ゲーム、文具などの商品を取り扱っています。また、文具販売事業、家具再利用事業、貴金属回収事業も展開しており、人材・アウトソーシング、小売・販売・卸売、コンサルティングなど多岐にわたる業界でのサービス提供を行っています。	コンサルティング	経営コンサル
有限会社水戸経営コンサルタンツ	1050002002963	2	http://www.mitokeiei.com/contact/index.html	http://www.mitokeiei.com/index.html		029-251-8144	3100911	茨城県	水戸市見和２丁目２６６番地の２５	茨城県水戸市見和２丁目２６６番地の２５	経営支援やISO認証取得などを提供する会社	茨城県に所在する企業で、経営支援やISO認証取得などのサービスを提供しています。1986年に設立された同社は、組織分析コンサルティング事業、マーケティングコンサルティング事業、セミナー企画・運営事業など、多岐にわたる業務を展開しています。広告・制作や人材・アウトソーシングなどの業界で経営コンサルティング事業を行っており、企業の成長や競争力向上をサポートしています。	コンサルティング	経営コンサル
株式会社アオイパートナーズ	1060001006881	2	http://www.aoi-p.jp/contact.php	https://aoi-p.jp/	info@aoi-p.jp	028-651-3557	3210953	栃木県	宇都宮市東宿郷４丁目５番４号	栃木県宇都宮市東宿郷４丁目５番４号	飲食や製造業などの経営コンサルティングを提供する企業	栃木県を拠点に、飲食や製造業などの経営コンサルティングを提供する企業です。同社は2007年1月に設立され、販売アドバイザリー事業や営業支援サービス事業に従事しています。また、コンサルティング、販促コンサル、経営コンサルなどの業界で活動しています。	コンサルティング	経営コンサル
株式会社ＴＭＣ経営支援センター	1060001011790	49	https://becal.jp/contacts/	http://www.tmc-jinji.com/		0287-67-0001	3293157	栃木県	那須塩原市大原間西１丁目１０番地６	栃木県那須塩原市大原間西１丁目１０番地６	企業の経営支援、事務代行、研修・教育を行う企業	1985年6月に栃木県にて設立され、企業の経営支援、事務代行、研修・教育を行う企業である。同社は、文書作成代行事業や研修セミナー事業を展開しており、人材・アウトソーシング、コンサルティング、企業研修などの幅広い業種をカバーしている。	コンサルティング	経営コンサル
株式会社ウィステリアコンパス	1060001023530	5	https://wisteria-net.co.jp/contact/	https://wisteria-net.co.jp/	contact@xn--wisterianet-sf3f.co.jp	028-612-1362	3210953	栃木県	宇都宮市東宿郷３丁目１番９号あかねビル４階Ｃ室	栃木県宇都宮市東宿郷３丁目１番９号あかねビル４階Ｃ室	財務・経営コンサルティング企業	2008年7月に設立された栃木県を拠点とした財務・経営コンサルティング企業です。同社は士業、人材・アウトソーシング、コンサルティングなどの幅広い領域で活動しており、ビジネス承継支援事業、税務アウトソーシング事業、研修セミナー事業などを提供しています。ウィステリアコンパスは、専門的な知識と豊富な経験を活かし、クライアントの経営課題に最適なソリューションを提供します。	コンサルティング	経営コンサル
株式会社ＯＰＥＮ　ｆｏｒ	1060001024933	0	https://www.jigyoukeikaku.info/contact	https://www.jigyoukeikaku.info/about		070-6515-6006	3210923	栃木県	宇都宮市下栗町４８７番地９	栃木県宇都宮市下栗町４８７番地９			コンサルティング	経営コンサル
株式会社ニシムラ・マネジメント・サポート	1070001024536	10	https://main-nishimura-ms.ssl-lolipop.jp/nishimura-ms.com/contact.html#mail	https://www.nishimura-ms.com/	info@nishimura-ms.com	027-289-8735	3710034	群馬県	前橋市昭和町１丁目３番５号	群馬県前橋市昭和町１丁目３番５号	会計・経営アドバイスや法人設立支援を提供する企業	群馬県を拠点に、会計・経営アドバイスや法人設立支援を提供する士業・金融企業です。2010年2月の設立以来、損害保険エージェント事業、資産管理アドバイザリー事業、相続アドバイザリー事業、生命保険エージェント業、会計・税務アドバイザリー事業を展開しています。また、会計士、業務請負、保険代理店、資産運用コンサル、経営コンサルなどの業務領域にも幅広く対応しています。	コンサルティング	経営コンサル
ＢＩ－Ｓｔｙｌｅ株式会社	1070001025006	1	https://www.bi-style.biz/contact-6	https://www.bi-style.biz/	k-sakamoto@minibug.co.jp	090-6534-8572	3700603	群馬県	邑楽郡邑楽町大字中野４９４９番地１	群馬県邑楽郡邑楽町大字中野４９４９番地１	企業がコンサルティングや中古車販売などの事業を展開している企業	群馬県を拠点に交通・運輸・物流、小売・販売・卸売、コンサルティングなどの事業を展開している企業です。主な業務には外国製車両販売が含まれており、新車販売、中古車販売、冷凍冷蔵貨物の取り扱いや経営コンサルティングなどを行っています。ＢＩ－Ｓｔｙｌｅ株式会社は、顧客への最高品質のサービス提供に努め、業界でのリーダーシップを維持しています。	コンサルティング	経営コンサル
有限会社プランニング・スタッフ	1070002035978	0	https://townnote.net/contact.html	https://townnote.net/0278601180		0278-60-1180	3780044	群馬県	沼田市下之町８７１番地８	群馬県沼田市下之町８７１番地８	情報発信や交流サービスの提供や構築をしている企業	2004年6月に設立された群馬県を拠点に情報発信や交流サービスの提供や構築をしている企業です。主な業務は相続アドバイザリー事業であり、IT、コンサルティング、Webアプリ・サービス運営、受託開発、資産運用コンサル、経営コンサルの業界で活動しています。	コンサルティング	経営コンサル
株式会社販売促進研究所	1080001018479	6	http://hansokuken.jp/contact/	https://hansokuken.jp/	mail@hansokuken.jp	054-255-2066	4200035	静岡県	静岡市葵区七間町８番１０号	静岡県静岡市葵区七間町８番１０号	中小企業向けに戦略立案やデザイン制作を提供する企業		コンサルティング	経営コンサル
株式会社イワサキ経営	1080101002531	113	https://www.tax-iwasaki.com/inquiry/	https://www.tax-iwasaki.com/		055-922-9870	4100022	静岡県	沼津市大岡９８４番地の１	静岡県沼津市大岡９８４番地の１	企業のコンサルティングと会計事務所運営を行う企業	静岡県を拠点に企業のコンサルティングと会計事務所運営を行う士業企業です。1973年4月に設立された同社は、財務監査サービス、税務アドバイザリー事業、ビジネス承継支援事業、会計・税務アドバイザリー事業、資金管理支援事業、医療開業支援業などを提供しています。同社は監査法人、税理士、会計士、財務コンサル、起業コンサル、経営コンサル、不動産コンサルなどの業界における豊富な経験と専門知識を有しています。	コンサルティング	財務コンサル
株式会社グットアップ	1100001026883	1	https://good-up.co.jp/contact/	http://good-up.co.jp/	info@good-up.co.jp	03-6779-5081	4110802	静岡県	三島市東大場１丁目２０番地の９	静岡県三島市東大場１丁目２０番地の９	オンライン集客事業とサイクリングツアー事業を手掛ける企業	静岡県に拠点を置き、オンライン集客事業とサイクリングツアー事業を手掛ける企業です。2013年11月に設立され、IT、コンサルティング、Webマーケコンサル、経営コンサルの業界で活動しています。主な仕事は、Webマーケティング支援事業です。	コンサルティング	経営コンサル
イーンスパイア株式会社	1110001009409	1	http://www.enspire.co.jp/autores/form.html	http://www.enspire.co.jp/	yokota-shurin@enspire.co.jp	080-3366-9288	9500913	新潟県	新潟市中央区鐙１丁目１番２２号パンション駅南１１１５号	新潟県新潟市中央区鐙１丁目１番２２号パンション駅南１１１５号	オンラインビジネスのアドバイスを提供する会社	新潟県を拠点にオンラインビジネスのアドバイスを提供している会社です。同社は2007年10月に設立され、教育用具販売事業、ビジネス研修セミナー運営事業、セミナー企画・運営事業、ウェブサイトのコンサルティング事業、Webマーケティング支援事業などを展開しています。イーンスパイア株式会社はIT、人材・アウトソーシング、教育、コンサルティング、Webマーケコンサル、企業研修、ITコンサル、セミナー、経営コンサル、教材の業界で活動を行っています。	コンサルティング	経営コンサル
株式会社小川会計コンサルティング	1110001010366	0	https://www.ogawakaikei.co.jp/inquire/form.php	http://www.ogawa-maskansa.jp/		025-271-2212	9500812	新潟県	新潟市東区豊２丁目６番５２号	新潟県新潟市東区豊２丁目６番５２号	企業には、経営や事業承継のコンサルティングなどがある企業	新潟県に拠点を置く企業であり、士業、人材・アウトソーシング、コンサルティング、企業研修業界で活躍しています。同社は経営や事業承継のコンサルティングをはじめ、人事制度アドバイザリー事業、会計システムコンサルティング事業、会計・税務アドバイザリー事業を提供しています。株式会社小川会計コンサルティングは、経験豊富な専門家チームによる高品質なサービスを提供しています。	コンサルティング	経営コンサル
株式会社アチーブメントストラテジー社	1120001008161	0	https://achievement-s.com/contact/	https://achievement-s.com/	info@achievement-s.com	06-7504-6135	5340027	大阪府	大阪市都島区中野町３丁目４番２８号	大阪府大阪市都島区中野町３丁目４番２８号	経営支援、マーケティング、販促企画を手がける企業	2006年4月に大阪府に設立された経営支援、マーケティング、販促企画を手がける企業です。主な事業としてセミナー企画・運営事業、ビジネス承継支援事業、店舗マネジメントアウトソーシング事業、経営研修事業を展開しています。主要な業界はIT、人材・アウトソーシング、その他サービス、コンサルティングなどであり、また、Webマーケコンサル、営業代行・販売代行、企業研修、セミナー、経営コンサルなども提供しています。	コンサルティング	経営コンサル
株式会社アクセプト	1120001022641	15	https://www.accept-inc.co.jp/inquiry/	http://www.accept-inc.co.jp	mail@accept-inc.co.jp	06-6251-6060	5420083	大阪府	大阪市中央区東心斎橋１丁目１４番１５号	大阪府大阪市中央区東心斎橋１丁目１４番１５号	経営に関するコンサルティング事業を展開し、教育プログラムの開発や販売戦略の支援などを行う企業	大阪府を拠点に経営に関するコンサルティング事業を展開しています。教育プログラムの開発や販売戦略の支援なども手がけています。広告クリエイティブや展示会プランニング、市場リサーチ、デザイン制作、物流システムの開発、講義者派遣など、幅広い業務を行っています。1967年3月に設立された同社は、広告・制作、IT、人材派遣、研究・調査・リサーチ、デザインなどの多岐にわたる業界で活動しています。	コンサルティング	経営コンサル
株式会社オークボ	1120001022749	14	https://www.ohkubo.net/inquiry	https://www.ohkubo.net	info@ohkubo.net	06-6772-2932	5430002	大阪府	大阪市天王寺区上汐３丁目６番５号	大阪府大阪市天王寺区上汐３丁目６番５号	美容材料の卸売りやサロン経営のサポートを提供している企業	大阪府に本社を置き、1949年に設立された企業です。同社は美容材料の卸売りやサロン経営のサポートを提供しており、ヘアケア製品販売事業や研修セミナー事業などを展開しています。人材・アウトソーシング、小売・販売・卸売、コンサルティング、セミナー、美容グッズ販売、経営コンサルなどの業界にて幅広い事業を展開しています。	コンサルティング	経営コンサル
株式会社船井総研ホールディングス	1120001069955	168	http://www.funaisoken.co.jp/form/consulting	https://hd.funaisoken.co.jp/company/overview/		06-6232-0271	1040028	東京都	中央区八重洲２丁目２番１号	東京都中央区八重洲２丁目２番１号	不動産業界に特化した大手コンサルティング企業	大阪府に拠点を置く不動産業界に特化した大手コンサルティング企業です。2013年11月28日に設立され、物流アドバイザリー事業、販売アドバイザリー事業、環境アドバイザリー事業を展開しています。主な業務はコンサルティング業務であり、コンサルティング、環境コンサル、販促コンサル、経営コンサル、その他コンサル、不動産コンサルに関連するサービスを提供しています。	コンサルティング	経営コンサル
株式会社アイ・シー・オーコンサルティング	1120001073148	3	https://www.icoconsulting.com/contact/index.html	https://www.icoconsulting.com/	ico@pearl.ocn.ne.jp	06-4708-8236	5410045	大阪府	大阪市中央区道修町３丁目３番８－１１０３号	大阪府大阪市中央区道修町３丁目３番８－１１０３号	企業の経営や財務に関するコンサルティングを行う会社	1984年2月に設立された大阪府に拠点を置く企業の経営や財務に関するコンサルティングを行う会社です。主な事業としては、資産管理事業、セミナー企画・運営事業、ビジネス承継支援事業、会計・税務アドバイザリー事業、経営コンサルティング事業、講義者派遣事業などがあります。士業、人材・アウトソーシング、その他サービス、コンサルティング、企業研修、会計士、セミナー、財務コンサル、人材派遣、その他サービス、資産運用コンサル、経営コンサルなどの業界で活動しています。	コンサルティング	経営コンサル
株式会社ティグレ	1120001084863	32	https://www.tigrenet.ne.jp/contact	https://www.tigrenet.ne.jp/		06-6945-0066	5400012	大阪府	大阪市中央区谷町２丁目２番２２号	大阪府大阪市中央区谷町２丁目２番２２号	経営サポート企業	大阪府に所在する経営サポート企業です。1998年に設立され、主に金融、人材・アウトソーシング、コンサルティング、保険、事務処理代行、業務請負、人材派遣、経営コンサルの業界で活動しています。同社は主に文書作成代行事業を手がけており、お客様のビジネス効率向上をサポートしています。	コンサルティング	経営コンサル
株式会社ハンコヤドットコム	1120001095002	105	https://www.amida.holdings/contact/	https://www.amida.holdings/		06-6449-5510	5500004	大阪府	大阪市西区靱本町１丁目１３番１号ドットコムビル	大阪府大阪市西区靱本町１丁目１３番１号ドットコムビル	ハンコヤドットコムなどの子会社を統括している企業	2000年3月9日に設立され、大阪府を拠点に活動しています。同社は、ハンコヤドットコムなどの子会社を統括し、主に経営コンサルティング事業とグループ企業経営事業に携わっています。コンサルティングおよび経営コンサル業界において、同社は幅広い専門知識と経験を持ち、クライアントに最適なソリューションを提供しています。	コンサルティング	経営コンサル
株式会社サイベック	1120001102105	0	http://www.syvec-cs.com/contact	http://www.syvec-cs.com/		06-6307-3582	5320011	大阪府	大阪市淀川区西中島４丁目６番２９号	大阪府大阪市淀川区西中島４丁目６番２９号	財務や税務、起業などのコンサルティングを提供する企業	大阪府に拠点を置き、財務や税務、起業などのコンサルティングを提供する企業です。2001年2月に設立され、ビジネス承継支援事業や会計・税務アドバイザリー事業を主な業務としています。主要な産業は士業、その他サービス、コンサルティングであり、会計士、財務コンサル、起業コンサル、経営コンサルなどのサービスを提供しています。	コンサルティング	財務コンサル
株式会社ギメル総合研究所	1120001111527	1	http://www.gimelsoken.co.jp/?page_id=75	http://www.gimelsoken.co.jp/	info@gimelsoken.co.jp	06-6120-5550	5410053	大阪府	大阪市中央区本町２丁目３番６号本町ビジネスビル９Ｆ	大阪府大阪市中央区本町２丁目３番６号本町ビジネスビル９Ｆ	企業の経営支援や若手社員の教育研修を提供している企業	2001年3月に設立された大阪府に拠点を置く企業です。主な業務として、企業の経営支援や若手社員の教育研修を提供しています。セミナー企画・運営事業、営業支援サービス事業、ウェブサイトのコンサルティング事業、研修セミナー事業、Webマーケティング支援事業など、多岐にわたるサービスを提供しており、ITや人材・アウトソーシングなどの業界を中心に幅広い分野で活動しています。	コンサルティング	経営コンサル
株式会社グローバルミックス	1120001111849	5	https://www.globalmix.co.jp/contact/	https://www.globalmix.co.jp/		06-6232-0101	5410041	大阪府	大阪市中央区北浜１丁目１番９号	大阪府大阪市中央区北浜１丁目１番９号	統合型リゾート産業に参入・誘致する企業のコンサルティングを行う企業	2005年8月に設立された大阪府に拠点を置く企業です。同社は統合型リゾート産業に参入・誘致する企業のコンサルティングを行っており、イベントプランニング事業、イベント企画・運営事業、研修セミナー事業を展開しています。IT、人材・アウトソーシング、エンタメ・娯楽、コンサルティング、Webアプリ・サービス運営、セミナー、イベント、経営コンサルなどの産業に関与しています。	コンサルティング	経営コンサル
ヒューマンシーン株式会社	1120001112260	32	https://www.human-scene.co.jp/cgi/contact.html	https://human-scene.co.jp/	info@human-scene.co.jp	06-6210-4300	5300005	大阪府	大阪市北区中之島３丁目３番３号中之島三井ビルディング２１０８号室	大阪府大阪市北区中之島３丁目３番３号中之島三井ビルディング２１０８号室	営業コンサルティング企業	2005年9月に大阪府で設立された営業コンサルティング企業です。同社はセールスアウトソーシング事業や営業活動支援システム開発事業などを展開しており、IT、人材・アウトソーシング、コンサルティング、Webアプリ・サービス運営、営業代行・販売代行、人材紹介、業務請負、その他人材、経営コンサルの業界に従事しています。	コンサルティング	経営コンサル
株式会社レイベック	1120001117994	1	http://www.rayvec.com/contact.html	http://www.rayvec.com/index.html		06-6354-5855	5300044	大阪府	大阪市北区東天満２丁目１番１０号５０１号室	大阪府大阪市北区東天満２丁目１番１０号５０１号室	主にマーケティングに関するコンサルティングを提供する企業	大阪府に拠点を置く企業であり、主にマーケティングに関するコンサルティングを提供しています。同社は販売アドバイザリー事業、マーケティングコンサルティング事業、商品開発アドバイザリー事業、ビジネスコンサルティング事業を行っており、コンサルティング、販促コンサル、経営コンサル、その他コンサルの分野で活動しています。	コンサルティング	経営コンサル
イー・パートナーズ株式会社	1120001120619	2	https://lolipop-dp02017961.ssl-lolipop.jp/epartners-net/contact/index.html	http://epartners-net.jp/		06-6228-0039	5410043	大阪府	大阪市中央区高麗橋２丁目５番１０号	大阪府大阪市中央区高麗橋２丁目５番１０号	企業の経営に対する支援を提供する会社で、上場準備や決算報告、内部統制報告などをサポート	2006年12月に設立された大阪府に拠点を置く企業です。同社は主にコンサルティング業界において、企業の経営に対するサポートを提供しています。上場準備や決算報告、内部統制報告など、幅広い業務領域でクライアントのニーズに応えることを目指しています。	コンサルティング	経営コンサル
株式会社サプライズ	1120001121781	4	http://surprise.bz/	https://www.surprise-i.com/		06-6131-9447	5500003	大阪府	大阪市西区京町堀１丁目９番１０号リーガルスクエア京町堀２階	大阪府大阪市西区京町堀１丁目９番１０号リーガルスクエア京町堀２階	経営コンサルティングや経理代行を提供している企業	2007年2月に大阪府で設立された経営コンサルティングや経理代行を提供している企業です。広告クリエイティブ事業や財務・会計業務アウトソーシング事業など、広告・制作、人材・アウトソーシング、コンサルティング、Web制作、デザイン、事務処理代行などの業界で活動しています。	コンサルティング	経営コンサル
株式会社シンクパートナーズ	1120001124066	10	http://www.thinkpartners.co.jp/contact/	http://www.thinkpartners.co.jp/company/		06-4860-6686	5640044	大阪府	吹田市南金田１丁目８番８号	大阪府吹田市南金田１丁目８番８号	自販機や遊戯施設を運営している企業	大阪府に拠点を置く企業であり、自販機や遊戯施設の運営を行っています。2007年に設立され、自動販売機設置業、雑貨卸事業、自動販売機事業を展開しています。機械、コンサルティング、自動販売機、アミューズメント機器、経営コンサル業界にて活動しています。	コンサルティング	経営コンサル
スタードッグス株式会社	1120001128827	1	http://www.stardogs.co.jp/mail/index.html	http://www.stardogs.co.jp/company/		06-7222-3786	5550041	大阪府	大阪市西淀川区中島１丁目１０番１２号	大阪府大阪市西淀川区中島１丁目１０番１２号	資金調達や財務アドバイザリーを提供する企業	大阪府に拠点を構える資金管理支援事業を展開する企業です。コンサルティング、財務コンサル、経営コンサルの分野で活動し、資金調達や財務アドバイザリーのサービスを提供しています。-	コンサルティング	財務コンサル
株式会社優輝	1120001134197	1	http://www.yu-kicorp.com/inquiry.html	http://www.yu-kicorp.com/	info@yu-kicorp.com	06-4705-7089	5500013	大阪府	大阪市西区新町１丁目１４番２１－３３０１号	大阪府大阪市西区新町１丁目１４番２１－３３０１号	企業に対して、経営戦略や事業計画の策定などを支援するコンサルティング企業	大阪府を拠点にするコンサルティング企業であり、企業に対して経営戦略や事業計画の策定などを支援しています。同社は2008年10月に設立され、主に人材戦略コンサルティング事業に従事しており、コンサルティング、組織コンサル、経営コンサルの業界において活動しています。	コンサルティング	経営コンサル
株式会社ｆｒｏｍ　Ｏｎｅ	1120001139122	1	http://fromone.info/contact/	https://fromone.info/		06-6777-7962	5640051	大阪府	吹田市豊津町一丁目１４番２０６号	大阪府吹田市豊津町一丁目１４番２０６号	中小企業を支援する経営コンサルタント	1984年に設立された大阪府を拠点とする中小企業支援の経営コンサルタント会社です。同社は税務アドバイザリー事業、財務・会計業務アウトソーシング事業、税務申告書作成事業を展開しています。士業、人材・アウトソーシング、コンサルティングの業界において、税理士、財務コンサル、人材派遣、販促コンサル、経営コンサルと幅広いサービスを提供しています。	コンサルティング	財務コンサル
株式会社ハバクリエーション	1120001140716	7	http://www.habacreation.co.jp/contact/index.html	http://www.habacreation.co.jp/		06-4793-0088	5400029	大阪府	大阪市中央区本町橋２番４６号	大阪府大阪市中央区本町橋２番４６号	ヘルス＆ビューティ業界のビジネスサポート企業	2009年10月に大阪府に設立されたヘルス＆ビューティ業界のビジネスサポート企業です。同社はマーケティングコンサルティング事業に従事しており、コンサルティング、販促コンサル、経営コンサルなどのサービスを提供しています。	コンサルティング	経営コンサル
ｅ‐ツール研究所株式会社	1120001141706	0	https://jsc.jp/inquiry/	https://www.touhousyouji.com		06-6225-8819	5560016	大阪府	大阪市浪速区元町１丁目１１番８号	大阪府大阪市浪速区元町１丁目１１番８号	人材派遣や経営相談、Webデザインなどを提供している企業	2002年11月に大阪府で設立され、広告・制作、IT、人材・アウトソーシング、コンサルティングなどの業界において、主に人材派遣や経営相談、Webデザインなどのサービスを提供しています。彼らの業務は、ネットワークインフラ設置、営業支援サービス、技術者派遣などの分野に広がっています。	コンサルティング	経営コンサル
株式会社ベンチャーコンサルタント	1120001143603	0	https://www.vec-inc.info/contact/	https://www.vec-inc.info	tera@vec-inc.info	06-7171-1132	5400012	大阪府	大阪市中央区谷町５丁目１番７号	大阪府大阪市中央区谷町５丁目１番７号	小売・飲食・サービス・ITビジネスに特化したコンサルティング企業	大阪府に位置する小売・飲食・サービス・ITビジネスに特化したコンサルティング企業です。同社は広告クリエイティブ事業、マーケティングコンサルティング事業、販売アドバイザリー事業、営業支援サービス事業、研修セミナー事業、および経営研修事業を展開しています。同社の業界は広告・制作、人材・アウトソーシング、コンサルティング、企業研修、セミナー、広告制作、販促コンサル、経営コンサル、その他コンサルと多岐にわたっています。	コンサルティング	経営コンサル
ビジネスブレイン株式会社	1120001164748	2	http://www.b-brain.jp/contact/index.html	https://www.b-brain.jp/company.html		06-6762-0041	5420012	大阪府	大阪市中央区谷町６丁目６番７号	大阪府大阪市中央区谷町６丁目６番７号	経営コンサルティングとビジネスマッチングをする会社	大阪府を拠点に経営コンサルティングとビジネスマッチングを行っている会社です。2011年7月に設立され、主に人材・アウトソーシング、コンサルティング、その他人材、経営コンサルといった業界でビジネスマッチングサービス事業を展開しています。	コンサルティング	経営コンサル
株式会社ＤＯＫＥ	1120001173278	1	http://www.do-ke.jp/contact	https://www.do-ke.jp/		050-3189-7179	5320011	大阪府	大阪市淀川区西中島６丁目３番２４号Ｌ４０４号	大阪府大阪市淀川区西中島６丁目３番２４号Ｌ４０４号	ビジネス支援企業、集客コンサルやWeb制作代行	大阪府を拠点にするビジネス支援企業です。集客コンサルやWeb制作代行をはじめ、ウェブアプリケーション開発事業、輸入手続き代行事業、ポスターデザイン制作事業、広告物デザイン制作事業など幅広い業務を展開しています。2012年10月に設立され、主な業界は広告・制作、IT、商社、コンサルティング、Webアプリ・サービス運営、デザイン、広告制作、受託開発、輸出入業務代行、経営コンサルです。	コンサルティング	経営コンサル
株式会社ソビア	1120001177411	10	https://sovia.co.jp/contact/	https://sovia.co.jp	info@sovia.jp	06-6282-7416	5300047	大阪府	大阪市北区西天満５丁目６番４号ＳＮビル４階	大阪府大阪市北区西天満５丁目６番４号ＳＮビル４階	社労士事務所からスタートした経営コンサルティングファーム	大阪府に拠点を置く経営コンサルティングファームであり、元々は社労士事務所からスタートしました。同社は主に給与処理アウトソーシング事業および人材採用支援事業を展開しており、人材・アウトソーシング、コンサルティング、人材派遣、その他人材、組織コンサル、経営コンサルの業界において活動しています。	コンサルティング	経営コンサル
株式会社コ・クリエーション	1120001178137	1	https://www.co-crea.co.jp/contact	https://www.co-crea.co.jp/	info@co-crea.co.jp	072-767-9595	6660123	兵庫県	川西市鼓が滝１丁目２４番４４号	兵庫県川西市鼓が滝１丁目２４番４４号	人材広告代理業とクラウドファンディングコンサルティング	兵庫県に拠点を置く人材広告代理業とクラウドファンディングコンサルティングの企業です。2013年6月に設立され、広告クリエイティブ事業、教育支援事業、コンピュータプログラム学習支援事業、心理支援サービス事業など、幅広い事業を展開しています。主な関与業界は医療・製薬・福祉、広告・制作、教育、コンサルティングなどです。	コンサルティング	経営コンサル
有限会社ヒューマンサポート	1120002043546	0	https://www.human-support.co.jp/contact	https://www.human-support.co.jp/company	info@human-support.co.jp	06-6633-9321	5560016	大阪府	大阪市浪速区元町２丁目２番１２号	大阪府大阪市浪速区元町２丁目２番１２号	企業が経営コンサルティングやセミナー、教材の販売などを行う企業	大阪府に拠点を置き、企業が経営コンサルティングやセミナー、教材の販売などを行う企業です。2000年3月に設立され、教材制作事業、顧客情報管理システム開発事業、研修セミナー事業を手がけています。広告・制作、IT、人材・アウトソーシング、教育、コンサルティングなど、幅広い業界で活動しています。	コンサルティング	経営コンサル
有限会社エーエスシー	1120002053875	0	http://www.asc-s.jp/contact	http://www.asc-s.jp		06-6885-1563	5320011	大阪府	大阪市淀川区西中島６丁目２番３－４２０号	大阪府大阪市淀川区西中島６丁目２番３－４２０号	中小企業の財務・経営相談に特化した会社	大阪府に拠点を置き、中小企業の財務・経営相談に特化した会社です。2002年11月に設立され、会計システムコンサルティング事業、財務アドバイザリー事業、資金管理支援事業、財務・会計業務アウトソーシング事業、経営研修事業などを行っています。業種は人材・アウトソーシング、コンサルティング、企業研修、財務コンサル、人材派遣、経営コンサルなどです。	コンサルティング	経営コンサル
有限会社ＡＡＡ	1120002057471	1	http://corp.sr-aaa.com/contact.html	https://corp.sr-aaa.com/		06-6361-6557	5360007	大阪府	大阪市城東区成育４丁目２８番１９号	大阪府大阪市城東区成育４丁目２８番１９号	中小企業に対する経営アドバイスを提供する企業	大阪府を拠点に中小企業に対する経営アドバイスを提供する企業です。税務アドバイザリー事業を主に展開し、2003年10月に設立されました。士業、コンサルティング、税理士、経営コンサルの業界で活動しています。	コンサルティング	経営コンサル
株式会社サーバントップ	1120101028588	86	http://servantop.co.jp/inq	https://servantop.co.jp/		06-6376-0411	5300011	大阪府	大阪市北区大深町４番２０号	大阪府大阪市北区大深町４番２０号	建築・リフォーム、エネルギー、IT事業を展開する企業	2009年9月1日に設立され、大阪府を拠点に建築・リフォーム、エネルギー、IT事業を展開しています。同社では太陽光発電システム施工事業やオール電化工事事業、補助金申請支援事業、人材採用支援事業などを行っています。建設、工事・土木、IT、人材・アウトソーシング、エネルギー、コンサルティングなどの多岐にわたる業界で活動しており、Webアプリ・サービス運営や財務コンサル、リフォームなど幅広いサービスを提供しています。	コンサルティング	財務コンサル
株式会社ワイエムエス	1120101037903	2	http://www.yms-g.co.jp/contact.html	http://www.yms-g.co.jp/index.html		072-433-0709	5960825	大阪府	岸和田市土生町４２０２番地	大阪府岸和田市土生町４２０２番地	財務・人事アウトソーシング企業	1991年5月に大阪府で設立された財務・人事アウトソーシング企業です。給与処理アウトソーシング事業や財務・会計業務アウトソーシング事業などを展開し、主に人材・アウトソーシング、コンサルティング、人材派遣、経営コンサルの業界で活動しています。	コンサルティング	経営コンサル
有限会社最晃堂	1120102013449	0	http://www.saikoudo.co.jp/contact/index.html	http://www.saikoudo.co.jp		072-298-3715	5900144	大阪府	堺市南区赤坂台５丁１４番４号	大阪府堺市南区赤坂台５丁１４番４号	企業の経営上のアドバイスや支援を行う企業	大阪府に拠点を置く企業であり、企業の経営上のアドバイスや支援を専門に行っています。2006年3月に設立され、営業支援サービス事業や相続アドバイザリー事業を展開しています。主な業界はコンサルティングであり、資産運用コンサル、経営コンサルなど幅広いコンサルティング事業を提供しています。	コンサルティング	経営コンサル
リライズコンサルティング株式会社	1120901035395	16	http://rerise-consulting.com/contact.php	https://rerise-consulting.com/company.php		06-4708-6044	5410052	大阪府	大阪市中央区安土町２丁目３番１３号	大阪府大阪市中央区安土町２丁目３番１３号	食品業界コンサルティングファーム企業	大阪府に位置する食品業界コンサルティングファーム企業です。広告クリエイティブ事業、教育用具販売事業、教材制作事業、研修セミナー事業、企業内トレーニングアウトソーシング事業を展開しています。2015年5月に設立され、広告・制作、人材・アウトソーシング、教育、コンサルティング、企業研修、セミナー、広告制作、経営コンサル、教材といった幅広い業界にサービスを提供しています。	コンサルティング	経営コンサル
株式会社武内コンサルティング	1122001017448	0	http://ws.formzu.net/fgen/S31929446/	https://takeuchiconsulting.seesaa.net/	aaatake1@jeans.ocn.ne.jp	06-6782-0313	5770055	大阪府	東大阪市長栄寺１１番５号ディオ・フェルティ布施８０４号	大阪府東大阪市長栄寺１１番５号ディオ・フェルティ布施８０４号	企業の経営や従業員の育成について総合的なコンサルティングを行う企業	2007年10月に設立され、大阪府に拠点を構えています。同社は、企業の経営や従業員の育成について総合的なコンサルティングを行っており、教育支援事業、営業支援サービス事業、Webマーケティング支援事業、人材戦略コンサルティング事業、ホテル経営支援事業などを展開しています。主要業種はIT、教育、コンサルティング、Webマーケコンサル、塾・予備校、組織コンサル、経営コンサル、その他コンサルです。	コンサルティング	経営コンサル
ヒロセアカウンティング・コンサルタンツ株式会社	1130001022277	0	http://www.hiroseac.co.jp/contact/	http://www.hiroseac.co.jp/	office@hiroseac.co.jp	075-222-2051	6040846	京都府	京都市中京区両替町通押小路上る金吹町４６５番地	京都府京都市中京区両替町通押小路上る金吹町４６５番地	経営改善や情報提供、不動産賃貸などを手掛ける会社	京都府に拠点を構える経営改善や情報提供、不動産賃貸などを手掛ける会社であり、主にコンサルティング業や経営コンサルとして事業を展開しています。	コンサルティング	経営コンサル
株式会社サイシス	1130001025651	2	http://sysys.co.jp/contact.html	http://sysys.co.jp/index.html		0797-61-8080	6590093	兵庫県	芦屋市船戸町５番２６号	兵庫県芦屋市船戸町５番２６号	医療・福祉・教育分野に特化したコンサルティング企業	兵庫県に拠点を置く医療・福祉・教育分野に特化したコンサルティング企業です。同社は教育支援事業、教育用具販売事業、教材制作事業、医療従事者派遣事業、教育教材制作事業を行っています。その業界は人材・アウトソーシング、教育、コンサルティング、塾・予備校、人材派遣、経営コンサル、教材に関連するものです。株式会社サイシスは、革新的なソリューションと高品質なサービスを提供することで、業界でのリーダーシップを築いています。	コンサルティング	経営コンサル
合同会社ＳＡＲＲ	1130003003151	0	https://sarr-llc.com/contact/	https://sarr-llc.com/about-company/	sarr-info@sarr-llc.com	075-925-5722	6008813	京都府	京都市下京区中堂寺南町１３４番地ＡＳＴＥＭ棟７Ｆ	京都府京都市下京区中堂寺南町１３４番地ＡＳＴＥＭ棟７Ｆ	京都市が起業や事業化の支援を行う企業	2011年4月に京都府に設立された企業であり、京都市の起業や事業化を支援するビジネスマッチングサービス事業および経営研修事業を展開しています。人材・アウトソーシング、コンサルティング、企業研修、その他人材および経営コンサルの業界において活動しています。	コンサルティング	経営コンサル
白鴎株式会社	1140001010297	0	http://hakuo.jp/postmail.html	http://hakuo.jp/	info@hakuo.jp	078-333-0789	6580047	兵庫県	神戸市東灘区御影３丁目２番１１－２０号	兵庫県神戸市東灘区御影３丁目２番１１－２０号	企業支援提案や福祉施設消毒サービスを提供する企業	兵庫県を拠点に、企業支援提案や福祉施設消毒サービスを提供する企業です。同社はマーケティングコンサルティング事業、商品開発事業、データマネジメント事業などに従事しており、その他サービス、コンサルティング、販促コンサル、経営コンサルなどの業界に属しています。	コンサルティング	経営コンサル
株式会社Ｊライフサポート	1140001032085	5	http://jlifesupport.com/%E3%81%8A%E5%95%8F%E3%81%84%E5%90%88%E3%82%8F%E3%81%9B/	https://jlifesupport.com/	info@jlifesupport.com	03-6261-3080	1020071	東京都	千代田区富士見２丁目２番１１号	東京都千代田区富士見２丁目２番１１号	経営アドバイスやセミナーを提供する企業	東京都に位置する経営アドバイスやセミナーを提供する企業であり、経営研修事業を展開しています。2008年1月に設立され、人材・アウトソーシング、コンサルティング、企業研修、財務コンサル、経営コンサルの業界で活動しています。	コンサルティング	経営コンサル
株式会社事成す	1140001032705	1	https://cotnas.com/contact	https://cotnas.com/	info@cotnas.com	078-291-4655	6510094	兵庫県	神戸市中央区琴ノ緒町３丁目２番１９－７０４号	兵庫県神戸市中央区琴ノ緒町３丁目２番１９－７０４号	経営コンサルティングを提供する企業	兵庫県に位置する経営コンサルティングを提供する企業です。2010年4月に設立され、主にコンサルティングおよび経営コンサルという業界で活動しています。	コンサルティング	経営コンサル
株式会社スパイラルアップ	1140001038017	1	http://spiral-up.jp/inquiry/index.html	http://spiral-up.jp	info@spiral-up.jp	06-6281-1226	5410053	大阪府	大阪市中央区本町４丁目８番１号ＳＤ本町ビル７０２号	大阪府大阪市中央区本町４丁目８番１号ＳＤ本町ビル７０２号	サービス業を対象とする経営支援・トレーニング企業	2011年5月に設立された大阪府に拠点を置くサービス業を対象とする経営支援・トレーニング企業です。同社は映像ソフト販売事業や企業内トレーニングアウトソーシング事業、出版事業を展開しており、人材・アウトソーシング、小売・販売・卸売、コンサルティング、メディア・出版、企業研修、書籍・メディア販売、出版、経営コンサルの業界において活動しています。	コンサルティング	経営コンサル
株式会社ＫＢＳ創研	1140001053882	1	https://www.kbsbiz.com/contact/	https://www.kbsbiz.com/company/		06-6423-5561	6610003	兵庫県	尼崎市富松町３丁目１番５号	兵庫県尼崎市富松町３丁目１番５号	観光業に特化した経営コンサルタント企業	兵庫県に拠点を置く観光業に特化した経営コンサルタント企業です。2004年に設立され、ビジネス研修セミナー運営事業、営業支援サービス事業、マニュアル作成事業、経営研修事業などを提供しております。人材・アウトソーシング、その他サービス、コンサルティング、企業研修、販促コンサル、経営コンサルなどの業界において、総合的なソリューションを提供しています。	コンサルティング	経営コンサル
株式会社ＩＳＳＥＩ	1140001099942	15	http://isseigroup.com/contact/	http://isseigroup.com/about/		078-855-8681	6500022	兵庫県	神戸市中央区元町通３丁目９番４号	兵庫県神戸市中央区元町通３丁目９番４号	飲食店を経営し、トータルプロデュースを行う企業	兵庫県に位置し、飲食店を経営し、トータルプロデュースを行う企業です。同社は、店舗デザイン企画事業、海鮮レストランの運営事業、および肉料理専門店の運営事業に従事しています。主要な業界は建設、広告・制作、飲食・外食、食品、コンサルティングであり、特に寿司、食肉、デザイン、居酒屋・飲み屋、店舗デザイン、経営コンサル、その他外食に力を注いでいます。	コンサルティング	経営コンサル
株式会社ＭＹＡコンサルティング	1140001108694	6	https://mya-consulting.jp/contact.php	https://mya-consulting.jp/company/	info@mya-consulting.jp	078-599-5660	6500023	兵庫県	神戸市中央区栄町通２丁目４番１３号神栄ビル４０４	兵庫県神戸市中央区栄町通２丁目４番１３号神栄ビル４０４	企業経営に関するアドバイスを提供する会社	2018年1月9日に兵庫県で設立され、企業経営に関するアドバイスを提供する会社です。主な事業内容は、人事制度アドバイザリー事業、財務アドバイザリー事業、ビジネス承継支援事業、営業支援サービス事業です。その他サービス、コンサルティング、財務コンサル、組織コンサル、経営コンサルなどの業界で活動しています。	コンサルティング	経営コンサル
有限会社ユアブレーン	1140002051464	7	http://your-brain.onoe-kaikei.com/contact/	http://your-brain.onoe-kaikei.com/company/	info@onoe-kaikei.com	079-288-3811	6700952	兵庫県	姫路市南条５２７番地１	兵庫県姫路市南条５２７番地１	経営支援企業が提供する戦略マネジメントゲームで、経営をリアルな体験が可能	兵庫県に位置し、1972年4月に設立された経営支援企業です。同社は、経営をリアルな体験が可能な戦略マネジメントゲームを提供しており、エンタメ・娯楽、コンサルティング、イベント、経営コンサルの産業で活動しています。また、イベントプランニング事業、イベント企画・運営事業も行っています。	コンサルティング	経営コンサル
株式会社トップ経営研究所	1150001016723	1	http://www.cam-jp.info/contact/	https://www.cam-jp.info/access/		06-6253-8851	5420083	大阪府	大阪市中央区東心斎橋１丁目４番１号オリエンタル東心斎橋ビル８階	大阪府大阪市中央区東心斎橋１丁目４番１号オリエンタル東心斎橋ビル８階	ビジネスコンサルタント主に運営や不動産に関するアドバイスを提供する	2011年1月に大阪府に設立され、ビジネスコンサルタントとして活動しています。同社は主に運営や不動産に関するアドバイスを提供し、研修セミナー事業や資金管理支援事業にも取り組んでいます。人材・アウトソーシング、コンサルティング、セミナー、財務コンサル、資産運用コンサル、経営コンサル、不動産コンサルの業界で活躍しています。	コンサルティング	経営コンサル
株式会社リーム中産連	1180001018618	2	https://www.riim.co.jp/%E3%83%AA%E3%83%BC%E3%83%A0%E4%B8%AD%E7%94%A3%E9%80%A3/%E3%81%8A%E5%95%8F%E3%81%84%E5%90%88%E3%81%9B/	https://www.riim.co.jp	info@riim.co.jp	052-931-6400	4610011	愛知県	名古屋市東区白壁３丁目１２番１３号	愛知県名古屋市東区白壁３丁目１２番１３号	企業や団体の海外展開を支援するコンサルティング企業	愛知県に本社を置き、企業や団体の海外展開を支援するコンサルティング企業です。1969年5月に設立され、主な事業としては、セミナー企画・運営事業、海外ビジネスアドバイザリー事業、経営研修事業を展開しています。人材・アウトソーシング、コンサルティング、企業研修、セミナー、経営コンサルなどの業界で幅広いサービスを提供しています。	コンサルティング	経営コンサル
株式会社リオ	1180001041842	39	https://www.rio.ne.jp/contact/	https://www.rio.ne.jp/corporate/	info@rio.ne.jp	052-433-2217	4500002	愛知県	名古屋市中村区名駅３丁目２５番９号	愛知県名古屋市中村区名駅３丁目２５番９号	システム開発や経営コンサルティングに従事する企業	愛知県を拠点にシステム開発や経営コンサルティングに従事する企業です。同社は広告・制作、IT、人材・アウトソーシング、教育など多岐にわたる業界で活動しており、1984年3月1日に設立されました。主な事業としては、人工知能技術開発事業、教材制作事業、ウェブサイトのコンサルティング事業、研修セミナー事業、Webサイト管理代行事業、企業内トレーニングアウトソーシング事業、教育教材制作事業などがあります。	コンサルティング	経営コンサル
株式会社フォスター	1180001056205	4	https://www.foster.in/contact	https://www.foster.in/		052-781-6909	4640807	愛知県	名古屋市千種区東山通５丁目２０番地１	愛知県名古屋市千種区東山通５丁目２０番地１	企業に経営コンサルティングやマネジメント講座を提供している企業	2005年10月に設立された愛知県に拠点を置く企業です。同社は、人材・アウトソーシング、コンサルティング、企業研修、経営コンサルの業界で活躍しており、企業に経営コンサルティングやマネジメント講座を提供することを専門としています。また、企業内トレーニングアウトソーシング事業も展開しています。	コンサルティング	経営コンサル
株式会社フロンティア	1180001059694	156	https://www.frontier-coltd.co.jp/contact/index.html	https://www.frontier-coltd.co.jp/company/company-outline		052-962-2222	4610001	愛知県	名古屋市東区泉１丁目１９番８号	愛知県名古屋市東区泉１丁目１９番８号	経営コンサルティングや介護福祉施設のメンテナンスおよび人材派遣などを手掛ける企業		コンサルティング	経営コンサル
株式会社エム・ワイ・エムコーポレーション	1180001077291	15	https://mym-d.co.jp/contact/	https://mym-d.co.jp/		052-253-7001	4610005	愛知県	名古屋市東区東桜１丁目９番１９号成田栄ビル５階	愛知県名古屋市東区東桜１丁目９番１９号成田栄ビル５階	経営戦略支援や市場調査を行うマーケティング企業	愛知県を拠点にし、経営戦略支援や市場調査を行うマーケティング企業です。同社はマーケティングコンサルティング事業、市場リサーチ事業、人材戦略コンサルティング事業を展開しており、1995年に創立されました。その他サービス、コンサルティング、販促コンサル、組織コンサル、研究・調査・リサーチ、経営コンサルという業界で事業を展開しています。	コンサルティング	経営コンサル
株式会社洪志経営	1180001089122	1	http://skky.biz/contact/index.html	http://www.kohshi.biz/		052-446-8790	4500002	愛知県	名古屋市中村区名駅３丁目２５番９号	愛知県名古屋市中村区名駅３丁目２５番９号	中小企業のコンサルティング事業を行っている企業	愛知県に拠点を置き、中小企業のコンサルティング事業を展開しています。主な業務は会計・税務アドバイザリーであり、2010年に設立されました。士業、コンサルティング、会計士、経営コンサル業界で活動しています。	コンサルティング	経営コンサル
中部トラスト株式会社	1180001091342	2	http://chubu-trust.co.jp/info/contact.html	https://chubu-trust.co.jp/		06-6720-9700	5320011	大阪府	大阪市淀川区西中島３丁目１０番１３号	大阪府大阪市淀川区西中島３丁目１０番１３号	飲食ビジネスを軸に、事業再生や資金管理などを支援する企業	大阪府に位置する飲食ビジネスを軸に、事業再生や資金管理などを支援する企業です。2010年12月に設立され、その他サービス業および経営コンサルティング業を営んでいます。中部トラスト株式会社は、ビジネス承継支援事業に特化しており、独自の知識と経験を活かして顧客の成功を追求しています。	コンサルティング	経営コンサル
株式会社バース	1180001096861	2	http://www.proceed-inc.com/contact/	http://www.proceed-inc.com/birth			9300955	富山県	富山市天正寺１２８１番地	富山県富山市天正寺１２８１番地	ピアノ・リトミック教室と経営コンサルティング企業	富山県を拠点にするピアノ・リトミック教室と経営コンサルティング企業です。楽器教室運営事業を専門とし、1999年11月に設立されました。教育、コンサルティング、各種スクール・教室、経営コンサルの業界に位置しています。	コンサルティング	経営コンサル
株式会社レガーレ	1180001121495	0	https://sales-training.nagoya/contact	https://legarecafe.com/	info@sales-training.nagoya	052-228-8095	4600008	愛知県	名古屋市中区栄３丁目７番４号トーシンサクラビル１０階	愛知県名古屋市中区栄３丁目７番４号トーシンサクラビル１０階			コンサルティング	経営コンサル
株式会社アンドデザインラボ	1180001126569	21	https://shg-jp.com/contact.php	https://dz-holdings.com/index.html		052-485-6122	4500002	愛知県	名古屋市中村区名駅１丁目１番１号ＪＰタワー名古屋２１Ｆ	愛知県名古屋市中村区名駅１丁目１番１号ＪＰタワー名古屋２１Ｆ	住宅建設や経営コンサルティングなどを行う企業	2017年2月14日に設立された愛知県を拠点とする企業です。同社は住宅建設や経営コンサルティングなどの事業を展開しており、主にビルマネジメント事業に従事しています。建設、不動産、コンサルティング、住宅建築・開発、不動産管理、経営コンサル、不動産賃貸・仲介など幅広い業界で活動しています。	コンサルティング	経営コンサル
株式会社ＭＣＫ	1180001132815	0	https://www.mck-tt.com/contact	https://www.mck-tt.com		052-756-2909	4901111	愛知県	あま市甚目寺郷前２８番地	愛知県あま市甚目寺郷前２８番地	業務分析、設計、運営などのコンサルタント事業を行う企業	2018年6月29日に設立された愛知県に拠点を置く企業であり、業務分析、設計、運営などのコンサルタント事業を行っています。主な業務としては、給与処理アウトソーシング事業と経営コンサルティング事業を展開しており、人材・アウトソーシング、コンサルティング、人材派遣、経営コンサルの産業に従事しています。	コンサルティング	経営コンサル
カスタマイト株式会社	1180301008013	1	http://www.customite.com/contact	http://www.customite.com/	info@customite.com	052-908-4070	4640027	愛知県	名古屋市千種区新池町１丁目２１番地	愛知県名古屋市千種区新池町１丁目２１番地	経営・金融コンサル企業	愛知県に拠点を構える経営・金融コンサル企業です。2001年5月に設立され、マーケティングコンサルティング事業、海外ビジネスアドバイザリー事業、ウェブサイトのコンサルティング事業、経営学校運営事業を展開しています。主に人材・アウトソーシング、教育、コンサルティング、企業研修、ITコンサルなどの業界で活動し、各種スクール・教室や販促コンサル、資産運用コンサルなどのサービスも提供しています。	コンサルティング	経営コンサル
エムジーホールディングス株式会社	1180301028176	21	https://www.mgholdings.co.jp/contact/	https://www.mgholdings.co.jp/corporate-info/overview/		0563-55-5888	4450035	愛知県	西尾市花蔵寺町宮後１７番地３	愛知県西尾市花蔵寺町宮後１７番地３	ノウハウを活かし経営コンサルティングも手掛けるグループ企業運営企業	2015年6月に創立された愛知県に拠点を置くグループ企業運営企業です。同社はコンサルティングと経営コンサルのノウハウを活かし、グループ企業の経営事業に取り組んでいます。	コンサルティング	経営コンサル
株式会社ブライツ・ワン	1190001004773	1	http://www.brightz-one.com/contact.html	http://www.brightz-one.com/	info@brightz-one.com	059-253-7037	5140027	三重県	津市大門７番１５号	三重県津市大門７番１５号	業務改善や研修に特化した企業	三重県に位置する業務改善や研修に特化した企業で、2009年7月に設立されました。同社の主な事業は、営業支援サービス事業、研修セミナー事業、人材戦略コンサルティング事業、環境アドバイザリー事業、経営研修事業などです。主要な業界は人材・アウトソーシング、コンサルティング、環境コンサル、企業研修、セミナー、組織コンサル、経営コンサルなどです。	コンサルティング	経営コンサル
株式会社エークリエイト	1190001007867	0	http://acreate.jp/contact/contact.html	http://acreate.jp/index.html	info@acreate.jp	0596-64-8100	5160014	三重県	伊勢市楠部町２４８番地１	三重県伊勢市楠部町２４８番地１	事業支援や商業支援、製品セーフティ支援サービスを提供する企業	2009年2月に設立された三重県を拠点にする企業であり、事業支援や商業支援、製品セーフティ支援のサービスを提供しています。主な業務は研修セミナー事業であり、人材・アウトソーシング、コンサルティング、製造業コンサル、経営コンサルなどの業界で活動しています。	コンサルティング	経営コンサル
株式会社丸高	1200001028052	1	http://gifumaru.jp/contact/	http://gifumaru.jp/		058-264-0219	5008042	岐阜県	岐阜市末広町８２番地	岐阜県岐阜市末広町８２番地	観光地のお土産品を開発し、販売を行う卸売企業	岐阜県に位置する卸売企業であり、観光地のお土産品の開発と販売を行っています。1969年に設立され、商品開発事業とクラフト販売事業を中心に展開しています。また、生活用品および美術品・工芸品の他、コンサルティングや経営コンサルなど、幅広い業界で活動しています。	コンサルティング	経営コンサル
ＶＩホールディング株式会社	1200001034595	5	https://vi-gene.co.jp/contact/index/	https://vi-hd.com/about/company/		058-267-0020	5008847	岐阜県	岐阜市金宝町３丁目５番地	岐阜県岐阜市金宝町３丁目５番地			コンサルティング	経営コンサル
シナジー経営株式会社	1210001015058	6	https://kkr-group.com/inquirys	https://kkr-group.com/	contact@kkr-group.com	0776-58-2470	9100837	福井県	福井市高柳３丁目４６０６番地	福井県福井市高柳３丁目４６０６番地	経営や人事などに関するコンサルティングを提供する企業	福井県を拠点に、経営や人事などに関するコンサルティングを提供する企業です。2013年1月に設立され、人事制度アドバイザリー事業、セミナー企画・運営事業、研修セミナー事業、経営研修事業などを展開しています。主要業種は人材・アウトソーシング、教育、コンサルティング、企業研修、セミナー、各種スクール・教室、組織コンサル、経営コンサルです。	コンサルティング	経営コンサル
株式会社金沢商業活性化センター	1220001002105	7	https://www.kanazawa-tmo.co.jp/?page_id=910	https://www.kanazawa-tmo.co.jp/		076-224-8112	9200961	石川県	金沢市香林坊２丁目４番３０号	石川県金沢市香林坊２丁目４番３０号	商店街や公共施設のコンサルティングを提供する企業	石川県に拠点を置く企業です。商店街や公共施設のコンサルティングを提供しており、ショッピングセンター運営事業、イベントプランニング事業、マーケティングコンサルティング事業など、幅広い業務を展開しています。1998年10月に創立され、建設、IT、エンタメ・娯楽、小売・販売・卸売、コンサルティングなどの業界で活動しています。	コンサルティング	総合系コンサル
朝日会計コンサルティング株式会社	1220001002773	14	https://www.tax-asahi.co.jp/contact	https://www.tax-asahi.co.jp/	asahi@spacelan.ne.jp	076-291-8678	9218013	石川県	金沢市新神田４丁目１番５号	石川県金沢市新神田４丁目１番５号	ビジネス支援・アドバイザリー企業	石川県を拠点にするビジネス支援・アドバイザリー企業です。同社は税務アドバイザリー事業、ビジネス承継支援事業、営業支援サービス事業、相続アドバイザリー事業、会計・税務アドバイザリー事業、財務・会計業務アウトソーシング事業を主に展開しています。士業、人材・アウトソーシング、その他サービス、コンサルティングなどの幅広い業界において、税理士、会計士、事務処理代行、人材派遣、資産運用コンサル、経営コンサルなどのサービスを提供しています。	コンサルティング	経営コンサル
株式会社押田会計	1230001000529	3	https://www.oshidakaikei.com/inquiry	https://www.oshidakaikei.com/		076-452-2555	9318435	富山県	富山市小西１１６番地１	富山県富山市小西１１６番地１	アカウンティングやタックスの相談に対応する「ありがとう村」の運営を担う企業	富山県に拠点を置き、アカウンティングやタックスの相談に対応する「ありがとう村」の運営を担う企業です。同社は税務アドバイザリー事業、医療情報サービス事業、ライフプランアドバイザリー事業、医療開業支援業などを主要な業務としており、士業、医療・製薬・福祉、コンサルティングなどの多様な業種に関与しています。押田会計は、税理士、その他医療・福祉、起業コンサル、資産運用コンサル、経営コンサル、その他コンサルなどのサービスを提供しています。	コンサルティング	経営コンサル
有限会社ライフプラン研究所	1230002003893	1	http://lifeplan-labo.co.jp/contact/	http://lifeplan-labo.co.jp/	niwa@lifeplan-labo.co.jp	076-441-6774	9300887	富山県	富山市五福３６９６番地５	富山県富山市五福３６９６番地５	経営や相続に関するアドバイスを提供する企業	1997年3月に富山県に設立され、経営や相続に関するアドバイスを提供する企業です。同社は資産管理アドバイザリー事業、ビジネス承継支援事業、相続アドバイザリー事業、ライフプランアドバイザリー事業を展開しており、主要な業界は人材・アウトソーシング、その他サービス、コンサルティング、企業研修、資産運用コンサル、経営コンサル、不動産コンサルなどです。	コンサルティング	経営コンサル
株式会社ビジネスブレイン	1240001012985	0	http://bba-japan.sakura.ne.jp/contact.html	http://bba-japan.sakura.ne.jp/	kazuo419@aurora.ocn.ne.jp	082-238-8506	7330004	広島県	広島市西区打越町１１番８－１１０３号	広島県広島市西区打越町１１番８－１１０３号	企業経営や人材のコンサルティングを提供する会社	1998年に広島県で設立され、企業経営や人材のコンサルティングを提供しています。同社は、人事制度アドバイザリー事業、海外ビジネスアドバイザリー事業、人材戦略コンサルティング事業などの業務を展開しており、主にコンサルティング、総合系コンサル、組織コンサル、その他コンサルの分野で活動しています。	コンサルティング	総合系コンサル
株式会社アイピック	1240001015154	1	http://www.aipick.co.jp/form/index.html	http://aipick.site/		082-568-7666	7300035	広島県	広島市中区本通７番２９号	広島県広島市中区本通７番２９号	企業の支援に特化したコンサルティング企業	2001年8月に広島県に設立された企業の支援に特化したコンサルティング企業です。主な事業内容は、セミナー企画・運営事業、研修セミナー事業、講義者派遣事業などです。人材・アウトソーシング、コンサルティング、セミナー、人材派遣、経営コンサルの業界で幅広く活動しています。	コンサルティング	経営コンサル
株式会社ビー・アングル	1240001016152	21	http://be-an.jp/cgi-def/admin/C-007/contact2015/visit/form_submit.pl	http://www.be-an.jp/		082-503-6400	7330012	広島県	広島市西区中広町２丁目２５番２０号	広島県広島市西区中広町２丁目２５番２０号	家電量販店向け販売促進戦略を立案する企業	広島県を拠点に、家電量販店向けの販売促進戦略を立案する企業です。1998年5月に設立され、広告・制作、コンサルティング、広告制作、紙媒体印刷、経営コンサルの業界で活動しています。主な事業は店頭広告制作事業とポスタープリント事業です。	コンサルティング	経営コンサル
株式会社ヒューモ	1240001019832	28	http://www.hu-mo.co.jp/contact/	http://www.hu-mo.co.jp/		082-504-5080	7300031	広島県	広島市中区紙屋町２丁目２番２号	広島県広島市中区紙屋町２丁目２番２号	医療・介護・都市開発コンサルティング企業	広島県に拠点を置く医療・介護・都市開発コンサルティング企業です。2008年6月に設立され、保育施設運営事業、セキュリティアドバイザリー事業、市場リサーチ事業、DVD制作サービス事業、医療開業支援業などさまざまな業務を展開しています。主な業界は広告・制作、生活関連サービス、その他サービス、教育、コンサルティングなどです。	コンサルティング	経営コンサル
株式会社エム・アイ・シー・コンサルティング	1240001019865	5	https://www.micconsulting.jp/contact/	https://micconsulting.jp/		082-222-3191	7300004	広島県	広島市中区東白島町１２番地１５	広島県広島市中区東白島町１２番地１５	企業に対し経営のアドバイスを行い、セミナー・研修も提供するコンサルティング企業	広島県に拠点を置く企業です。企業に対して経営のアドバイスを行い、セミナー・研修も提供しているコンサルティング企業として知られています。営業支援サービス事業や人材戦略コンサルティング事業を展開し、人材・アウトソーシング、コンサルティング、企業研修、組織コンサル、経営コンサルなどの業界で幅広い活動をしています。2008年6月に設立されました。	コンサルティング	経営コンサル
株式会社日本マネジメント	1240001032901	1	https://fs222.formasp.jp/u538/form1/	http://www.jmb-w.co.jp/	info@jmb-w.co.jp	084-923-8731	7200072	広島県	福山市吉津町６番１６－１０１号	広島県福山市吉津町６番１６－１０１号	経営コンサルティングを提供し、ISO認証取得や事業計画策定支援などを行う企業	広島県に本社を置く1980年設立の企業です。同社は経営コンサルティングを提供し、ISO認証取得や事業計画策定支援などを行っています。また、人事管理ソフトウェア開発事業、販売管理ソフトウェア開発事業、企業内トレーニングアウトソーシング事業、講義者派遣事業、経営研修事業など、多岐にわたる業務を展開しています。同社はIT、人材・アウトソーシング、コンサルティング、Webアプリ・サービス運営、企業研修、人材派遣、組織コンサル、経営コンサルの業界で活躍しています。	コンサルティング	経営コンサル
みらい株式会社	1240001050259	24	https://go-mirai.jp/contact/	https://go-mirai.jp/	contact@go-mirai.jp	082-535-5231	7300022	広島県	広島市中区銀山町３番１号	広島県広島市中区銀山町３番１号	自治体等に向けて、IOT装置の導入支援などの経営アドバイスを提供する企業	広島県を拠点に、自治体等に向けてIOT装置の導入支援などの経営アドバイスを提供する企業です。2016年12月1日に設立され、教育支援事業、マーケティングコンサルティング事業、農業支援事業、ビジネスマッチングサービス事業を展開しています。人材・アウトソーシング、教育、コンサルティングなどの幅広い産業に関与しており、経営コンサルや販促コンサルに加え、塾・予備校や企業研修など、多岐にわたる事業展開を行っています。	コンサルティング	経営コンサル
有限会社ワークスブレイン	1240002020839	3	http://www.e-wb.net/toiawase.html	https://www.e-wb.net/index.html	info@e-wb.net	082-297-6070	7330022	広島県	広島市西区天満町１６番７号	広島県広島市西区天満町１６番７号	経営支援・ITサポートの企業	1999年9月に広島県に設立された経営支援・ITサポートの企業です。主な事業内容はセミナー企画・運営事業、相続アドバイザリー事業、システムインテグレーション事業などで、IT、人材・アウトソーシング、コンサルティング、Webマーケコンサル、Webアプリ・サービス運営、セミナー、資産運用コンサル、経営コンサルなど多岐にわたる業界で活躍しています。	コンサルティング	経営コンサル
経営状況分析センター西日本株式会社	1250001004247	3	http://www.kjbc.co.jp/modules/pages/index.php?content_id=2	http://www.kjbc.co.jp/		0836-38-3781	7550036	山口県	宇部市北琴芝１丁目６番１０号	山口県宇部市北琴芝１丁目６番１０号	建設業者の分析を手掛ける公共工事入札の企業	山口県に本社を構える2004年9月に設立された企業です。同社は、建設業者の分析を手掛ける公共工事入札の企業であり、コンサルティングと経営コンサルの分野で活動しています。	コンサルティング	経営コンサル
株式会社ＢｔｏＢホールディングス	1260001009369	22	https://btob-holdings.co.jp/contact/	http://btob-holdings.co.jp/		0120-974-289	7000023	岡山県	岡山市北区駅前町１丁目８番１号	岡山県岡山市北区駅前町１丁目８番１号	企業がビジネスを成功させるための支援をする企業	2006年8月に岡山県で設立されました。同社は通信・PC、広告・制作、人材・アウトソーシング、コンサルティングなどの業界で事業展開しています。主な業務には、事務職種の人材派遣事業、パソコンメンテナンス事業、複合機流通販売事業、企業内トレーニングアウトソーシング事業が含まれています。株式会社ＢｔｏＢホールディングスは、企業がビジネスを成功させるための支援に取り組んでいます。	コンサルティング	経営コンサル
リベラルマーケティング株式会社	1260001027478	9	https://liberal-marketing.com/partner/contact/	https://liberal-marketing.com/about		050-5306-5033	1500036	東京都	渋谷区南平台町１３番１０号ＡｒｒｏｍｉｃＢｌｄｇ．１Ｆ	東京都渋谷区南平台町１３番１０号ＡｒｒｏｍｉｃＢｌｄｇ．１Ｆ	広告やWeb制作などのコンサルティングを提供する企業	岡山県に所在する広告やWeb制作などのコンサルティングを提供する企業です。2014年8月に設立され、広告・制作、IT、コンサルティング、Webアプリ・サービス運営、Web制作、経営コンサルの業界で活動しています。また、インターネットポータルサイト運営事業も展開しています。	コンサルティング	経営コンサル
株式会社ミエルカ	1280001006439	0	http://www.mieruca.jp/contact_form/	https://www.mieruca.jp/overview/		082-509-3322	7330003	広島県	広島市西区三篠町３丁目６番５号	広島県広島市西区三篠町３丁目６番５号	経営や人事に関するアドバイザリー業務を行う企業	2013年3月に広島県に設立された企業であり、経営や人事に関するアドバイザリー業務を行っています。主な事業には、経済分析、企業内トレーニングアウトソーシング、人材戦略コンサルティング、クレジットチェックが含まれています。金融、人材・アウトソーシング、その他サービス、コンサルティングなどの多岐にわたる業界をカバーしています。	コンサルティング	経営コンサル
株式会社クロスエイジ	1290001024836	34	https://crossage.com/contact/	https://crossage.com/company/		092-985-6266	8100004	福岡県	福岡市中央区渡辺通５丁目１０番１８号	福岡県福岡市中央区渡辺通５丁目１０番１８号	商品の流通や生産者を重視した農業プロデュース企業	福岡県を拠点とする商品の流通や生産者を重視した農業プロデュース企業であり、2005年3月に設立されました。同社の主な業務はブランド戦略策定事業、商品開発事業、農業支援事業であり、その他サービス、コンサルティング、販促コンサル、経営コンサルなどの産業に従事しています。	コンサルティング	経営コンサル
株式会社ビズ・ナビ＆カンパニー	1290001025611	1	http://www.biznavi.co.jp/contact	http://www.biznavi.co.jp/		092-761-6130	8100042	福岡県	福岡市中央区赤坂１丁目１３番１０号	福岡県福岡市中央区赤坂１丁目１３番１０号	中小企業に特化した経営コンサルティング企業	福岡県を拠点に中小企業に特化した経営コンサルティング企業です。2006年11月に設立され、人材・アウトソーシング、コンサルティング、企業研修などの業界で営業支援サービス事業、職業相談事業、経営研修事業を提供しています。	コンサルティング	経営コンサル
株式会社トモニ	1290001076349	2	https://ssl-send.jp/www.ykrk-tomoni.com/contact.html	http://www.ykrk-tomoni.com/		092-938-3721	8112317	福岡県	糟屋郡粕屋町長者原東２丁目１４番１号	福岡県糟屋郡粕屋町長者原東２丁目１４番１号	山内経営労務研究所は、労務管理や経営相談を提供する企業	福岡県に位置する2017年1月13日に設立された経営コンサルティング事業を行う企業です。山内経営労務研究所の主な業務は、労務管理や経営相談を提供することです。コンサルティングや経営コンサル業界においてトップの企業として、幅広いクライアントに対して優れたサービスを提供しています。	コンサルティング	経営コンサル
有限会社アルブローコンサルティング	1290002001339	2	http://arbra.co.jp/contact-us/	http://arbra.co.jp/	info@arbra.co.jp	092-523-1677	8100014	福岡県	福岡市中央区平尾３丁目２２番３号平丘ビル２Ｆ	福岡県福岡市中央区平尾３丁目２２番３号平丘ビル２Ｆ	保育施設の設備整備について相談に乗る企業	福岡県を拠点に保育施設の設備整備について相談に乗る企業であり、1991年9月に設立されました。同社は教育支援事業を展開する一方、教育、コンサルティング、塾・予備校、経営コンサルの分野でも活動しています。	コンサルティング	経営コンサル
株式会社日本統計センター	1290801002883	55	http://www.nihon-toukei.co.jp/contact/	https://www.nihon-toukei.co.jp/company/	homepage@nihon-toukei.co.jp	03-3847-1701	8020005	福岡県	北九州市小倉北区堺町１丁目２番１６号	福岡県北九州市小倉北区堺町１丁目２番１６号	企業がシンクタンク能力を利用して、経営やシステム開発を行っている	福岡県に所在する企業であり、シンクタンク能力を活かして経営やシステム開発を行っています。データ管理システム構築事業、マーケティングコンサルティング事業、シミュレーションソフトウェア開発事業を主要な業務としており、1961年5月27日に設立されました。IT、コンサルティング、Webアプリ・サービス運営、販促コンサル、受託開発、経営コンサルの業界で活動しています。	コンサルティング	経営コンサル
株式会社イデアルライフ	1290801021347	39	http://ideal-life.co.jp/contact/	http://ideal-life.co.jp/company/	il-info@ideal-life.co.jp	093-383-6333	8020005	福岡県	北九州市小倉北区堺町２丁目１番１号	福岡県北九州市小倉北区堺町２丁目１番１号	企業の財務相談や法人保険代理店業務を行う会社	福岡県に位置する企業です。同社は、主に企業の財務相談や法人保険代理店業務に従事しています。財務アドバイザリー事業、ビジネス承継支援事業、保険アドバイザリー事業を担当し、金融、その他サービス、コンサルティング、財務コンサル、保険代理店、その他サービス、資産運用コンサルの業界に属しています。	コンサルティング	財務コンサル
有限会社旺信	1290802006933	4	https://ohshin-trust.co.jp/contact/	https://ohshin-trust.co.jp/		093-953-9933	8020001	福岡県	北九州市小倉北区浅野１丁目２番３９号クルーズ浅野ビル２０３	福岡県北九州市小倉北区浅野１丁目２番３９号クルーズ浅野ビル２０３	経営支援や保険代理業を営む企業	福岡県を拠点に経営支援や保険代理業を営む企業です。2000年9月に設立され、ブランド戦略策定事業、損害保険エージェント事業、ビジネス承継支援事業、保険アドバイザリー事業などを展開しています。金融、その他サービス、コンサルティングなどの業界で活動し、コスト削減コンサル、医療コンサル、財務コンサル、販促コンサル、保険代理店、資産運用コンサル、経営コンサルなどのサービスを提供しています。	コンサルティング	経営コンサル
株式会社エネフィット	1310001004109	11	http://djkyokai.com/contact.html	https://ene-fit.co.jp/company/#profile	fukuoka@djmente.com	092-292-1290	8120016	福岡県	福岡市博多区博多駅南３丁目２番３号	福岡県福岡市博多区博多駅南３丁目２番３号	省エネ・省コストのコンサルティングを提供する企業	福岡県に拠点を置く省エネ・省コストのコンサルティングを提供する企業です。2007年5月に設立され、主な業務としては、電気設備メンテナンス事業、工場向け自動化機器卸売事業、LED照明設備施工事業、照明器具卸売事業、照明設備販売事業などを展開しています。主要業界は工事・土木、機械、生活用品、コンサルティングであり、産業用電気設備工事、その他電気設備工事、その他機械、経営コンサル、照明器具に関連する事業を行っています。	コンサルティング	経営コンサル
未来開発株式会社	1330001004593	22	http://www.mirai-group.jp/inquiry/index.php	http://www.mirai-group.jp/company/mirai.html	info@mirai-group.jp	096-380-3500	8618046	熊本県	熊本市東区石原１丁目１１番１１号	熊本県熊本市東区石原１丁目１１番１１号	ビジネスコンサルティング企業	熊本県に拠点を置くビジネスコンサルティング企業です。同社は主に会計・税務アドバイザリー事業や財務・会計業務アウトソーシング事業を展開しており、士業、人材・アウトソーシング、コンサルティング等の業界に携わっています。未来開発株式会社は、会計士、事務処理代行、業務請負、人材派遣、経営コンサル等の幅広いサービスを提供しています。	コンサルティング	経営コンサル
株式会社長谷川経営アドバイザー	1350001001374	0	http://www.hase-consul.co.jp/contact/	https://www.accnt.jp/office/office2778.html		0985-53-4168	8800916	宮崎県	宮崎市大字恒久５２４４番地１	宮崎県宮崎市大字恒久５２４４番地１	企業の経営を支援するコンサルティング企業	宮崎県に拠点を置く、企業の経営を支援するコンサルティング企業です。1986年5月に設立され、主な事業としては不動産投資販売事業や補助金申請支援事業を展開しています。金融、その他サービス、コンサルティング、投資、経営コンサル、不動産コンサルなどの業界に関与しています。	コンサルティング	経営コンサル
株式会社日本アドバンス	1360001015282	0	http://nihonadvance.main.jp/%E3%81%8A%E5%95%8F%E3%81%84%E5%90%88%E3%82%8F%E3%81%9B/	http://nihonadvance.main.jp		03-5244-4940	1010046	東京都	千代田区神田多町２丁目９番６号	東京都千代田区神田多町２丁目９番６号	企業におけるリーダーシップ育成を行う会社	東京都に位置する2013年8月に設立された企業です。同社はコンサルティングおよび経営コンサル業界において、企業におけるリーダーシップ育成を専門としています。	コンサルティング	経営コンサル
株式会社ＴＡＫＵＭＩマネジメント	1370001022162	44	https://www.takumini-m.com/%E3%81%8A%E5%95%8F%E3%81%84%E5%90%88%E3%82%8F%E3%81%9B/	https://www.takumini-m.com/	hideaki.takumi@gmail.com	022-395-4259	9811245	宮城県	名取市ゆりが丘５丁目２３－１	宮城県名取市ゆりが丘５丁目２３－１	経営やブランドのアドバイスを提供する企業	宮城県に拠点を置き、経営やブランドのアドバイスを提供する企業です。2012年7月に設立され、ブランド戦略策定事業、保険アドバイザリー事業、人材戦略コンサルティング事業、農業支援事業、ビジネスコンサルティング事業などの業務を展開しています。主にコンサルティング業界において活動しており、販促コンサル、資産運用コンサル、組織コンサル、経営コンサルなどの分野で幅広い経験と専門知識を持っています。	コンサルティング	経営コンサル
株式会社アオキマネジメント	1380001004341	7	http://www.ac-aoki.net/contact/index.html	https://ac-aoki.net/	info@ac-aoki.net	024-944-9238	9630101	福島県	郡山市安積町日出山３丁目７１番地	福島県郡山市安積町日出山３丁目７１番地	福島県で中小企業や医療機関のビジネスプランを策定する企業	福島県を拠点にしており、福島県で中小企業や医療機関のビジネスプランを策定する企業です。ビジネス承継支援事業や経営研修事業を展開しており、1969年に設立されました。主な業界は人材・アウトソーシング、コンサルティング、企業研修、経営コンサルなどです。	コンサルティング	経営コンサル
株式会社本宮会計センター	1380001009836	24	http://www.motomiya-mcs.jp/contact	https://www.motomiya-mcs.jp/	info@motomiya-mcs.jp	0243-33-5535	9691169	福島県	本宮市本宮字小原田２００番地２	福島県本宮市本宮字小原田２００番地２	会計相談や決算業務の代行、資料作成を行う企業	福島県に位置する会計相談や決算業務の代行、資料作成を行う企業です。1987年10月に設立され、士業、広告・制作、人材・アウトソーシング、その他サービス、コンサルティングなどのさまざまな業界で活動しています。人事制度アドバイザリー事業、税務アドバイザリー事業、ウェブサイトのコンサルティング事業、人材戦略コンサルティング事業など、幅広い分野でのサービス提供を行っています。	コンサルティング	財務コンサル
オガル株式会社	1390001015206	4	https://www.ogaru.co.jp/contact/	https://www.ogaru.co.jp/	info@ogaru.co.jp	050-3528-5719	9902493	山形県	山形市美畑町４番３１号	山形県山形市美畑町４番３１号	不動産コンサルタントと営業を行う企業	山形県に所在する不動産コンサルタントと営業を行う企業です。2018年2月20日に設立されました。同社は不動産鑑定事業、ウェブサイトのコンサルティング事業、営業支援サービス事業を展開しており、広告・制作、IT、不動産、コンサルティングなどの各業界に幅広いサービスを提供しています。	コンサルティング	経営コンサル
マイティバンク株式会社	1410001004288	0	http://mighty-bank.com/contact.html	http://mighty-bank.com/index.html		018-853-7222	0100955	秋田県	秋田市山王中島町６番３５号コリーナ・デ・ルーナ２０１	秋田県秋田市山王中島町６番３５号コリーナ・デ・ルーナ２０１	新事業コンサル、物件賃貸仲介などを行う企業	2008年8月に秋田県に設立された自動車リース事業を行う企業です。主な事業は新事業コンサルや物件賃貸仲介などであり、自動車・輸送、コンサルティング、レンタカー・リース、経営コンサルの業界で活動しています。	コンサルティング	経営コンサル
青森ロジテック株式会社	1420001011556	1	http://www.cmart.co.jp/formmail.html	http://cmart.co.jp/	weare@cmart.co.jp	0178-52-6993	0392222	青森県	上北郡おいらせ町下前田１番地１０	青森県上北郡おいらせ町下前田１番地１０	小売店の経営を支援するコンサルタント企業	1977年8月に設立された青森県に本社を置くコンサルタント企業です。同社は小売店の経営を支援し、ヘルスフード販売事業や商業用家具販売事業を行っています。主に食品、IT、小売・販売・卸売、コンサルティング、健康食品、経営コンサル、eコマース、家具販売の業界において事業展開をしています。	コンサルティング	経営コンサル
日成コンサルティング株式会社	1430001029531	0	http://www.nissei-consulting.com/contact/	http://www.nissei-consulting.com/	nc-info@nissei-consulting.com	011-206-9158	0600042	北海道	札幌市中央区大通西１１丁目４番地大通藤井ビル	北海道札幌市中央区大通西１１丁目４番地大通藤井ビル	財務コンサルタント企業が、会計・経営などを支援企業	北海道に位置する財務コンサルタント企業です。1991年10月に設立され、会計・経営などを支援する業務を展開しています。主な事業としては、会計システムコンサルティング事業、税務アドバイザリー事業、ビジネス承継支援事業、税金対策事業、財務・会計業務アウトソーシング事業を提供しています。	コンサルティング	経営コンサル
北勝財務コンサルタント株式会社	1430001030745	7	http://hokusho-zaimu.com/contact/	http://hokusho-zaimu.com/company-profile/		011-614-0110	0640801	北海道	札幌市中央区南一条西２３丁目１番３３号	北海道札幌市中央区南一条西２３丁目１番３３号	給与計算代行をはじめ、医療事業や経営コンサルティングなどを行う企業	1991年3月に設立された北海道を拠点とする会社であり、給与計算代行や医療事業、経営コンサルティングなどを幅広く提供しています。介護事業のコンサルティングサービス、給与処理アウトソーシング事業、財務・会計業務アウトソーシング事業など、人材・アウトソーシング、コンサルティング、医療コンサルなどの分野で活動しています。	コンサルティング	経営コンサル
株式会社玄人	1430001041908	2	http://kurouto.asia/%E3%81%8A%E5%95%8F%E5%90%88%E3%81%9B/	http://kurouto.asia/会社概要/		050-3637-4222	0630053	北海道	札幌市西区宮の沢三条５丁目１８番２３号	北海道札幌市西区宮の沢三条５丁目１８番２３号	ミャンマーへの企業参入を支援する企業	2009年12月に北海道で設立された企業であり、ミャンマーへの企業参入を支援する海外ビジネスアドバイザリー事業を展開しています。金融、コンサルティング、経営コンサル、その他コンサル、その他金融関連サービスなど、幅広い業界で活動しています。株式会社玄人は、国内外の企業に対し、戦略立案から実行支援まで、包括的なサービスを提供しています。	コンサルティング	経営コンサル
株式会社ＭＩＮＤ　ＺＥＲＯ	1430001059826	0	https://mindzero.jp/form/	https://mindzero.jp	fan@mindzero.jp	011-598-0077	0620051	北海道	札幌市豊平区月寒東一条２丁目４番１２号	北海道札幌市豊平区月寒東一条２丁目４番１２号	経営を改革するコンサルティング型経営塾マインドゼロ企業	北海道に拠点を置くコンサルティング型経営塾であり、経営を改革することを目的としています。同社は主に経営研修事業を展開しており、人材・アウトソーシング、コンサルティング、企業研修、経営コンサルの産業分野で幅広い活動を行っています。	コンサルティング	経営コンサル
株式会社エイト	1430001065857	4	http://www.aube-net.com/contact.html	https://www.eight88.biz/		011-211-4428	0600063	北海道	札幌市中央区南三条西５丁目１４番地三条美松ビル８０２	北海道札幌市中央区南三条西５丁目１４番地三条美松ビル８０２	美容室経営のコンサルサービスを提供企業	2014年2月に設立され、北海道を拠点に美容室経営のコンサルサービスを提供する企業です。主な業務は美容室・サロン経営コンサルティング業であり、コンサルティングや経営コンサルに特化したサービスを提供しています。株式会社エイトは、コンサルティング業界において優れた実績を持つ企業として知られています。	コンサルティング	経営コンサル
株式会社アステップ	1430001070849	1	https://astep.biz/inquiry/	https://astep.biz/		011-205-0723	0620042	北海道	札幌市豊平区福住二条４丁目３番２２号	北海道札幌市豊平区福住二条４丁目３番２２号	企業が事業承継や人材育成のコンサルを行う企業	2016年2月10日に北海道に設立された企業です。同社は、企業が事業承継や人材育成に関するコンサルティングサービスを提供しています。ビジネス承継支援事業、営業支援サービス事業、研修セミナー事業、人材戦略コンサルティング事業、経営研修事業などのサービスを展開しており、主に人材・アウトソーシング、コンサルティング、企業研修、セミナーなどの業界で活動しています。	コンサルティング	経営コンサル
ワンダーストレージホールディングス株式会社	1430001077992	10	https://wonderstorage-h.jp/contact/	https://wonderstorage-h.jp/about/profile/		011-374-5187	0620021	北海道	札幌市豊平区月寒西一条１１丁目３番１０号	北海道札幌市豊平区月寒西一条１１丁目３番１０号			コンサルティング	経営コンサル
有限会社シナジーワーク・プランニングセンター	1440002005927	0	http://www.synergy-work.co.jp/contact.php	http://www.synergy-work.co.jp/	sukegawa@synergy-work.co.jp	0138-83-7703	0420915	北海道	函館市西旭岡町３丁目２９番地７	北海道函館市西旭岡町３丁目２９番地７	福祉施設の経営を支援するコンサルタント企業	1997年に設立された北海道を拠点とするコンサルタント企業です。同社は福祉施設の経営を支援することを主な業務とし、介護教育事業を展開しています。人材・アウトソーシング、教育、コンサルティング、企業研修など、幅広い業界での経験を持ち、起業コンサルや経営コンサルなども提供しています。	コンサルティング	経営コンサル
株式会社岩倉経営サポート	1470001005537	1	http://www.iwa-support.com/mail/sformmail.html	https://www.iwa-support.com/		087-887-5371	7610130	香川県	高松市庵治町２４９番地３	香川県高松市庵治町２４９番地３	経営コンサル、社員教育などの経営サポート企業	2006年に香川県に設立された経営コンサルや社員教育などの経営サポート企業です。主な事業は、人事制度アドバイザリー事業、企業内トレーニングアウトソーシング事業、起業家養成セミナーの運営事業などを展開しています。これらの事業領域で、人材・アウトソーシング、コンサルティング、企業研修、セミナー、組織コンサル、経営コンサルの業界において幅広いサービスを提供しています。	コンサルティング	経営コンサル
株式会社サイバーソリューション	1470001005883	1	http://cyber-solution.wixsite.com/index#hyipadm4	http://cyber-solution.wixsite.com/index		087-816-3136	7618026	香川県	高松市鬼無町鬼無１０５番地２３	香川県高松市鬼無町鬼無１０５番地２３	中小企業のための顧客開拓支援やクラウドサービスを提供する企業	香川県に拠点を置く企業で、中小企業の顧客開拓支援やクラウドサービスを提供しています。2006年に設立され、営業支援サービス事業、営業活動支援システム開発事業、ビジネス機器レンタル・リース事業、検索エンジン最適化対策事業を展開しています。主に広告・制作、生活関連サービス、IT、その他サービス、コンサルティングなどの業界において幅広いサービスを提供しています。	コンサルティング	経営コンサル
株式会社シーアンドエム	1470001013300	5	http://cmcom.co.jp/contact/con.htm	http://www.cmcom.co.jp/	info@cmcom.co.jp	0875-52-2605	7691613	香川県	観音寺市大野原町花稲９３４番地１	香川県観音寺市大野原町花稲９３４番地１	ISO認証取得・システム導入支援企業	1983年に香川県で設立されたISO認証取得・システム導入支援企業です。同社は主に許認可手続き代行事業とシステムインテグレ	コンサルティング	経営コンサル
株式会社ヘルスケアシステムズ	2010001028863	209	http://www.healthcare-systems.co.jp/inquiry/inquiry.php	http://www.healthcare-systems.co.jp/company/about.html		03-3233-1581	1010054	東京都	千代田区神田錦町３丁目１８番寿ビル８階	東京都千代田区神田錦町３丁目１８番寿ビル８階	医療施設の管理支援と、介護サービス事業を提供している企業	1996年12月6日に東京都に設立された企業です。同社は、医療施設の管理支援と介護サービス事業を提供しており、主な業務としては医療施設用システムの販売事業や、高齢者向け施設の運営事業を行っています。また、同社は医療・製薬・福祉、IT、コンサルティング、障害者福祉などの産業に関与しており、幅広い領域での経営コンサルティングも行っています。	コンサルティング	経営コンサル
株式会社日本アルマック	2010001032840	0	http://www.almac.co.jp/info/	http://www.almac.co.jp		03-5297-1241	1010038	東京都	千代田区神田美倉町１０番地	東京都千代田区神田美倉町１０番地	リスク管理手法を活用した企業コンサルティングを展開する企業	東京都を拠点にリスク管理手法を活用した企業コンサルティングを展開する企業です。同社の主要事業はリスクマネジメントコンサルティングであり、人材・アウトソーシング、コンサルティング、企業研修、経営コンサル、その他コンサルなどの業界にも幅広く取り組んでいます。株式会社日本アルマックは、クライアント企業のリスク管理の向上と持続可能な成長の支援に注力しています。	コンサルティング	経営コンサル
株式会社ツカモトコーポレーション	2010001034878	159	http://www.tsukamoto.co.jp/uniform/index.html	https://www.tsukamoto.co.jp/	info@tsukamoto.co.jp	03-3279-1330	1030023	東京都	中央区日本橋本町１丁目６番５号	東京都中央区日本橋本町１丁目６番５号	タカノリコーポレーションの親会社	1920年1月5日に東京都に設立された企業です。同社はグループ企業経営事業を主に展開し、美容・アパレル、コンサルティング、レディースアパレルメーカー、メンズアパレルメーカー、経営コンサルの業界で活動しています。また、タカノリコーポレーションの親会社としての役割も果たしています。	コンサルティング	経営コンサル
株式会社マイコム	2010001065329	1	http://micom-jp.com/form/	http://micom-jp.com	info@micom-jp.com	03-6220-3338	1040051	東京都	中央区佃２丁目２番１１－２３０７号	東京都中央区佃２丁目２番１１－２３０７号	中小企業の事業継承と支援に特化したコンサルティングを提供する企業	東京都を拠点に中小企業の事業継承と支援に特化したコンサルティングを提供する企業です。ビジネス承継支援事業と企業内トレーニングアウトソーシング事業を行っています。人材・アウトソーシング、その他サービス、コンサルティング、企業研修、経営コンサルなどの業界で活動しています。	コンサルティング	経営コンサル
オクスアイ医療事業開発株式会社	2010001070386	6	http://www.okusuai.co.jp/contact/index.php	https://www.okusuai.co.jp/about/		03-3233-8669	1010053	東京都	千代田区神田美土代町９番地	東京都千代田区神田美土代町９番地	医療機関のスタートアップ支援企業	東京都を拠点とする医療機関のスタートアップ支援企業です。1988年4月4日に設立され、主にコンサルティングと経営コンサル業務を行っています。オクスアイ医療事業開発は、長年にわたる経験と専門知識を持ち、クライアントの成功を支援しています。	コンサルティング	経営コンサル
シブサワ・アンド・カンパニー株式会社	2010001073190	1	http://shibusawa-co.jp/contact/	http://www.shibusawa-co.jp	info@shibusawa-co.jp	03-3556-9970	1070062	東京都	港区南青山２丁目５番１７号	東京都港区南青山２丁目５番１７号	企業経営や投資に関するコンサルティングを提供している企業	2001年3月に設立された東京都を拠点とする企業です。同社は、企業経営や投資に関するコンサルティングを提供しており、主な業務として、セミナー企画・運営事業、研修セミナー事業、及び投資アドバイザリー事業を展開しています。また、人材・アウトソーシング、コンサルティング、セミナー、資産運用コンサル、経営コンサルなどの業界において幅広く活動しています。	コンサルティング	経営コンサル
アローポイントパートナーズ株式会社	2010001089146	3	https://www.arrowpoint.co.jp/inquiry/	https://www.arrowpoint.co.jp/aboutus.html		03-5645-8301	1030007	東京都	中央区日本橋浜町２丁目６１番１１号	東京都中央区日本橋浜町２丁目６１番１１号	会社の経営や国家規格の認証をサポートするコンサルティング企業	東京都に本社を置くコンサルティング企業です。会社の経営や国家規格の認証をサポートするとともに、許認可手続き代行事業や会計・税務アドバイザリー事業を提供しています。2004年8月に設立され、士業、人材・アウトソーシング、コンサルティング、企業研修、会計士、データ入力・事務作業代行、事務処理代行、人材派遣、経営コンサルの業界で活動しています。	コンサルティング	経営コンサル
ジャパン・ビジネス・アシュアランス株式会社	2010001098915	52	https://www.jbagroup.co.jp/contact/	http://www.jbagroup.co.jp/		03-3512-7707	1020083	東京都	千代田区麹町１丁目３番	東京都千代田区麹町１丁目３番	企業に経営や管理のアドバイスをする企業	東京都を拠点とする企業であり、企業に経営や管理のアドバイスを提供しています。財務監査サービスや会計システムコンサルティング事業を行っており、2006年3月に設立されました。主にコンサルティング業界や監査法人、財務コンサル、経営コンサルの分野で活動しています。	コンサルティング	財務コンサル
株式会社ヒットコンテンツ研究所	2010001106850	1	http://hitcontentlab.jp/contact/	http://www.hitcontentlab.jp/		03-3242-3513	2400105	神奈川県	横須賀市秋谷５４２４番地１	神奈川県横須賀市秋谷５４２４番地１	ソーシャルメディアを利用したマーケティング支援や人材開発研修を提供する企業	東京都を拠点に、ソーシャルメディアを利用したマーケティング支援や人材開発研修を提供する企業です。2007年2月に設立され、教育支援事業、マーケティングコンサルティング事業、販売アドバイザリー事業、企業内トレーニングアウトソーシング事業を展開しています。その業界は人材・アウトソーシング、その他サービス、教育、コンサルティング、総合系コンサル、塾・予備校、企業研修、販促コンサル、研究・調査・リサーチに属しています。	コンサルティング	総合系コンサル
株式会社グローバルビジョンテクノロジー	2010001112213	162	https://gvtech.co.jp/contact/	https://gvtech.co.jp/company/outline/	info@gvtech.co.jp	03-6859-8953	1010041	東京都	千代田区神田須田町２丁目２５番	東京都千代田区神田須田町２丁目２５番	海外ビジネスコンサルティング企業		コンサルティング	総合系コンサル
株式会社ルーキー	2010001118391	2	https://global-ssl05.jp/rookie-japan.com/inquiry_logs/apply/00004	http://rookie-japan.com/	info@rookie-japan.com	03-5800-8301	1130001	東京都	文京区白山１丁目２６番５号	東京都文京区白山１丁目２６番５号	企業に経営戦略・資本政策のアドバイスや支援を提供する企業	2008年6月に東京都で設立された人材・アウトソーシング、コンサルティングの企業です。企業に経営戦略・資本政策のアドバイスや支援を提供し、資金管理支援事業や財務・会計業務アウトソーシング事業を展開しています。その業界は人材派遣、経営コンサル、財務コンサルなどを含みます。	コンサルティング	経営コンサル
インスタイル株式会社	2010001120331	0	https://instyle.consulting/contact/	https://instyle.group/	info@instyle.group	03-6805-1986	1500001	東京都	渋谷区神宮前５丁目２５番４号	東京都渋谷区神宮前５丁目２５番４号	企業ブランディング等のコンサルティングを行う企業	東京都に所在する2008年9月29日に設立された企業であり、企業ブランディング等のコンサルティングを行っています。主な事業にはブランド戦略策定事業や会計・税務アドバイザリー事業が含まれており、士業、コンサルティング、会計士、販促コンサル、経営コンサルの産業に携わっています。	コンサルティング	経営コンサル
株式会社和未コンサルティング	2010001122369	1	https://global-ssl05.jp/nagomi-c.co.jp/inquiry_logs/apply/00014	http://nagomi-c.co.jp	info@nagomi-c.co.jp	03-6264-0172	2590305	神奈川県	足柄下郡湯河原町城堀１９９番６号－１０２号	神奈川県足柄下郡湯河原町城堀１９９番６号－１０２号	デザイン制作や経営コンサルティングを提供する企業	2009年1月1日に神奈川県で設立された企業です。主にデザイン制作や経営コンサルティングを提供しており、セミナー企画・運営事業、営業支援サービス事業、店舗空間デザイン事業、経営研修事業などを展開しています。建設、広告・制作、IT、人材・アウトソーシングなど多岐に渡る業界で活動しており、Webマーケコンサル、企業研修、Web制作、セミナー、デザイン、店舗デザイン、経営コンサル、eコマース、その他コンサルなど、幅広いサービスを提供しています。	コンサルティング	経営コンサル
レックス・マネージメント株式会社	2010001126873	9	http://www.rex-m.co.jp/inquiry.html	http://www.rex-m.co.jp/	info@rex-m.co.jp	03-5687-7660	1010032	東京都	千代田区岩本町３丁目２番１号	東京都千代田区岩本町３丁目２番１号	商業施設の計画・開発から運営・管理までを担当している企業	東京都に拠点を置き、商業施設の計画・開発から運営・管理までを手掛ける企業です。2000年5月に設立され、ショッピングセンター運営事業、市場リサーチ事業、複合商業施設運営事業、賃貸物件管理事業、商業施設デザイン事業、ショッピングセンター開発事業、商業施設運営管理事業、販促企画事業などを展開しています。主な業界は建設、その他サービス、不動産、小売・販売・卸売、コンサルティングなどであり、商業施設・店舗・公共施設の建設や専門的なリサーチ・調査、経営コンサルティングなどを提供しています。	コンサルティング	経営コンサル
永井コンサルティング株式会社	2010001127806	6	http://www.nagai-consulting.com/company/inquery/	http://www.nagai-consulting.com/		03-6225-2607	1030021	東京都	中央区日本橋本石町３丁目１番２号大阪ガス都市開発日本橋ビル１０階	東京都中央区日本橋本石町３丁目１番２号大阪ガス都市開発日本橋ビル１０階	医療機関に対するビジネスサポート業務を提供する企業	東京都に拠点を置き、医療機関に対するビジネスサポート業務を提供しています。2009年に設立された当社は、士業、コンサルティング、税理士、財務コンサル、資産運用コンサルの業界で活動しており、相続アドバイザリー事業や税務申告書作成事業などを展開しています。	コンサルティング	財務コンサル
ウィルマーケティング株式会社	2010001128597	1	http://will-marketing.com/contact	http://will-marketing.com/	info@will-marketing.jp	03-5296-3172	1020082	東京都	千代田区一番町２３番地２	東京都千代田区一番町２３番地２	小売業における市場調査を行う企業	2003年5月に東京都で設立された小売業における市場調査を行う企業です。同社は物流アドバイザリー事業、マーケティングコンサルティング事業、市場リサーチ事業、Webマーケティング支援事業などを展開しており、IT、その他サービス、コンサルティング、Webマーケコンサル、販促コンサル、研究・調査・リサーチ、経営コンサル、その他コンサルなどの業界で活躍しています。	コンサルティング	経営コンサル
株式会社アスク総合研究所	2010001132500	2	https://ask-con.com/contact/	https://ask-con.com/company/	info@ask-con.com	03-5577-4077	1040061	東京都	中央区銀座１丁目３－３Ｇ１ビル７階１５８号	東京都中央区銀座１丁目３－３Ｇ１ビル７階１５８号	企業が経営コンサルティングや教育研修を実施している企業	東京都に拠点を置き、2010年4月に設立された経営コンサルティングや教育研修を提供する企業です。同社の主な事業は、ビジネスリサーチ、営業支援サービス、企業内トレーニングアウトソーシング、およびシステムインテグレーションです。IT、人材・アウトソーシング、その他サービス、コンサルティング、Webアプリ・サービス運営、企業研修、研究・調査・リサーチ、経営コンサル、その他コンサルなど、幅広い業界でサービスを提供しています。	コンサルティング	経営コンサル
ダイセーホールディングス株式会社	2010001136377	32	https://www.daiseihd.co.jp/contact/	https://www.daiseihd.co.jp/daiseiholdings/		03-5212-8988	1020093	東京都	千代田区平河町１丁目７番１０号	東京都千代田区平河町１丁目７番１０号	ダイセーグループの事業を支援する企業	東京都を拠点に、ダイセーグループの事業を支援する企業であります。当社は、2010年11月に設立され、主に文書作成代行事業やグループ企業経営事業を展開しております。事業領域はコンサルティングや経営コンサルに焦点を置いております。	コンサルティング	経営コンサル
株式会社ストリーム	2010001136930	37	http://strm.co.jp/contact_form/	https://strm.co.jp/	info@strm.co.jp	03-5524-5670	1040061	東京都	中央区銀座１丁目１９番１４号	東京都中央区銀座１丁目１９番１４号	M&Aや経理支援などを提供する企業	東京都に位置し、2006年7月に設立されたM&Aや経理支援などを提供する企業です。税務アドバイザリー事業、財務アドバイザリー事業、財務・会計業務アウトソーシング事業を展開し、士業、人材・アウトソーシング、コンサルティング、税理士、財務コンサル、人材派遣、経営コンサルの業界で活躍しています。	コンサルティング	財務コンサル
イノマルケティノ株式会社	2010001137499	6	http://inomarketino.com/free/	http://inomarketino.com/	info@inomarketino.com	03-4231-9201	1500045	東京都	渋谷区神泉町１３番１３号ヒルズ渋谷	東京都渋谷区神泉町１３番１３号ヒルズ渋谷	住宅企業の経営支援を行うコンサルティング企業	2011年1月11日に東京都に設立された住宅企業の経営支援を行うコンサルティング企業です。同社は研修セミナー事業、人材採用支援事業、経営研修事業などを展開し、人材・アウトソーシング、コンサルティング、企業研修、セミナー、その他人材、経営コンサルの業界に位置しています。	コンサルティング	経営コンサル
株式会社ａｍｂｉｅｎｔ	2010001138860	20	https://lolipop-runrigrunrig.ssl-lolipop.jp/ambient-co.jp/contact.html	http://ambient-co.jp/company.html		03-6384-2886	1600022	東京都	新宿区新宿２丁目８－６ＫＤＸ新宿２８６ビル３階	東京都新宿区新宿２丁目８－６ＫＤＸ新宿２８６ビル３階	電話代行で集客をサポートするコンサルタント企業	2011年3月に東京都に設立されたコンサルタント企業です。同社は電話代行で集客をサポートすることを主なビジネスとしており、セールスアウトソーシング事業、電話応対代行事業、営業支援サービス事業を展開しています。人材・アウトソーシング、コンサルティング、営業代行・販売代行、秘書代行・電話代行、経営コンサルなどの業界で活動しています。	コンサルティング	経営コンサル
プロジェットバリュー株式会社	2010001139438	0	http://www.projetvalue.com/contact.html	http://www.projetvalue.com/index.html		03-3518-9511	1010064	東京都	千代田区神田猿楽町２丁目２番７号第２浦野ビル	東京都千代田区神田猿楽町２丁目２番７号第２浦野ビル	金融関連コンサルティング企業	東京都に本社を構える金融関連コンサルティング企業です。2011年4月に設立され、主に金融機関向けのアドバイザリー事業を展開しています。商社、コンサルティング、医療機器商社、経営コンサル、その他コンサルの業界で活動しています。	コンサルティング	経営コンサル
株式会社ブレインマークス	2010001140222	20	http://www.brain-marks.com/contact	http://www.brain-marks.com/	info@brain-marks.com	03-6661-1631	1030014	東京都	中央区日本橋蛎殻町１丁目３９番５号４階	東京都中央区日本橋蛎殻町１丁目３９番５号４階	中小企業にビジネスコンサルティングやセミナーを提供している企業	東京都に本社を置く中小企業にビジネスコンサルティングやセミナーを提供している企業です。2001年12月に設立された同社は、セミナー企画・運営事業や研修セミナー事業を展開しており、人材・アウトソーシング、コンサルティング、セミナー、経営コンサルの業界で活躍しています。	コンサルティング	経営コンサル
株式会社トップ・マネジメント	2010001140817	12	https://top-management.co.jp/contact/	https://top-management.co.jp/company/		03-3526-2005	1010044	東京都	千代田区鍛冶町１丁目４番３号	東京都千代田区鍛冶町１丁目４番３号	企業にファクタリング業務と経営コンサルティング業務を提供する会社	2009年4月に東京都で設立されたコンサルティング会社であり、企業にファクタリング業務と経営コンサルティング業務を提供しています。同社は主に財務アドバイザリー事業に従事し、コンサルティングおよび財務コンサル分野での幅広いサービスを提供しています。	コンサルティング	財務コンサル
株式会社メディプラス	2010001140833	1	http://www.f-house1.com/contact/index.html	http://www.f-house1.com/		03-5860-6553	1030004	東京都	中央区東日本橋２丁目２８番４号日本橋ＣＥＴビル２階	東京都中央区東日本橋２丁目２８番４号日本橋ＣＥＴビル２階	歯科医院の経営アドバイザー企業	東京都を拠点にする歯科医院の経営アドバイザー企業です。2011年6月に設立され、チラシ・パンフレット作成事業、相続アドバイザリー事業、心理支援サービス事業、イラストデザイン事業を展開しています。医療・製薬・福祉、広告・制作、人材・アウトソーシング、コンサルティング、Web制作、デザイン、業務請負、その他医療・福祉、起業コンサル、資産運用コンサル、経営コンサルなど、幅広い業界において活動しています。	コンサルティング	経営コンサル
株式会社エグゼクティブコンシェルジュ	2010001141988	2	https://wx11.wadax.ne.jp/~executive-concierge-co-jp/contact.php	https://executive-concierge.co.jp/	info@executive-concierge.co.jp	03-3548-8847	1030023	東京都	中央区日本橋本町３丁目２番１４号山一大野ビル２階	東京都中央区日本橋本町３丁目２番１４号山一大野ビル２階	財務、相続、事業継承についてのアドバイスを提供する企業	2000年1月に設立され、東京都に本社を置く企業です。同社は財務、相続、事業継承に関するアドバイスを提供することを主な業務としており、損害保険エージェント事業、資産管理アドバイザリー事業、ビジネス承継支援事業、相続アドバイザリー事業、生命保険エージェント業、医療開業支援業を展開しています。同社は金融、その他サービス、コンサルティング、財務コンサル、保険代理店、資産運用コンサルの業界において活動しています。	コンサルティング	財務コンサル
アイピーオー総合研究所株式会社	2010001143225	2	http://www.ipo-ri.co.jp/contact/	http://www.ipo-ri.co.jp/		03-6226-3571	1040061	東京都	中央区銀座８丁目１２番１号セイコー銀座ビル４階	東京都中央区銀座８丁目１２番１号セイコー銀座ビル４階	新興企業に対するアドバイザリーサービスを提供する企業	2000年4月に神奈川県で設立されました。同社は、新興企業に対してアドバイザリーサービスを提供し、人材採用支援事業を展開しています。主要な事業領域は、人材・アウトソーシング、コンサルティング、その他人材、経営コンサル、その他コンサルの業界です。	コンサルティング	経営コンサル
株式会社イマジナ	2010001143563	15	https://www.imajina.com/contact/	https://www.imajina.com/about/		03-3511-5525	1020083	東京都	千代田区麹町３丁目５番地２ビュレックス麹町	東京都千代田区麹町３丁目５番地２ビュレックス麹町	企業のブランド戦略や人事管理に力を注ぐ会社	2006年6月に東京都で設立された広告・制作、人材・アウトソーシング、コンサルティングなどの業務に従事する会社です。主な事業内容は、ブランド戦略策定や海外ビジネスアドバイザリー、企業内トレーニングアウトソーシングなどです。その他広告・制作、販促コンサル、組織コンサル、経営コンサルなどの幅広いコンサルティング業務も提供しております。	コンサルティング	経営コンサル
キャピタスコンサルティング株式会社	2010001146863	0	https://www.capitas.jp/contact	https://capitas.jp/	info@capitas.jp	03-6226-6970	1040045	東京都	中央区築地５丁目６番１０号	東京都中央区築地５丁目６番１０号	財務・リスクマネジメントのコンサルティングを行う企業	2007年1月に東京都に設立された財務・リスクマネジメントのコンサルティング企業です。同社は営業支援サービス事業、投資アドバイザリー事業、および金融機関向けアドバイザリー事業を展開しています。主要業界はコンサルティングであり、特に財務コンサル、資産運用コンサルなどの分野に専門知識を持っています。	コンサルティング	財務コンサル
株式会社オラン	2010001148240	2	http://orangorang.co.jp/contact	http://orangorang.co.jp/		03-6240-0177	1560057	東京都	世田谷区上北沢５丁目２５番３号	東京都世田谷区上北沢５丁目２５番３号			コンサルティング	経営コンサル
株式会社ＹＢＣ	2010001148587	1	https://yurui-business.com/contact	http://yurui-business.com/	info@yurui-business.com	050-3634-8800	1040061	東京都	中央区銀座１丁目２２番１１号２Ｆ	東京都中央区銀座１丁目２２番１１号２Ｆ	小規模企業向けの経営相談企業	東京都に位置する小規模企業向けの経営相談企業です。2012年8月に設立され、主にマーケティングコンサルティング事業、研修セミナー事業、マニュアル作成事業を展開しています。主要業界としては、人材・アウトソーシング、その他サービス、コンサルティング、セミナー、販促コンサル、経営コンサルなどが挙げられます。	コンサルティング	経営コンサル
株式会社ラグランジュポイント	2010001152655	0	https://lagrange-point.jp/contact	https://shop.jnma.jp/ec_specialpage/	info@lagrange-point.jp		1050013	東京都	港区浜松町２丁目２－１５	東京都港区浜松町２丁目２－１５	中小企業や個人事業主にサポートするコンサルティング企業	2013年4月に東京都に設立されたコンサルティング企業です。中小企業や個人事業主に対し、営業支援サービス事業、研修セミナー事業、ビデオプロダクション事業を提供しています。主な業種は人材・アウトソーシング、コンサルティング、セミナー、経営コンサル、その他コンサルです。	コンサルティング	経営コンサル
株式会社日本伝承	2010001153257	1	http://www.nihon-densho.co.jp/contact/	http://www.nihon-densho.co.jp		03-6280-4622	1040045	東京都	中央区築地２丁目４番３号東銀座富岡ビル５階	東京都中央区築地２丁目４番３号東銀座富岡ビル５階	企業の事業継承や増資、株主対策についてアドバイスするコンサルティング会社	東京都に拠点を置くコンサルティング会社です。企業の事業継承や増資、株主対策についてアドバイスを提供しています。主な業務はビジネス承継支援事業と資金管理支援事業であり、その他サービスやコンサルティング、財務コンサル、経営コンサルに関するサービスを提供しています。	コンサルティング	経営コンサル
株式会社エーフォース	2010001155749	5	http://aforce.co.jp/inquiry/index.php	https://aforce.co.jp/company/company.html	info@aforce.co.jp	03-4530-4649	1600023	東京都	新宿区西新宿６丁目１０番１号日土地西新宿ビル１Ｆ	東京都新宿区西新宿６丁目１０番１号日土地西新宿ビル１Ｆ	ビジネス支援やマーケティング映像作成などを行う企業	2013年9月に設立された東京都を拠点にする企業であり、ビジネス支援やマーケティング映像作成などの業務を手掛けています。主な事業は広告クリエイティブ事業、営業支援サービス事業、テレビ広告制作事業、Webマーケティング支援事業、人材戦略コンサルティング事業、ビデオプロダクション事業です。エーフォースは広告・制作、IT、コンサルティング、Webマーケコンサル、CM制作・映像制作、デザイン、ITインフラストラクチャー、組織コンサル、経営コンサルなど幅広い業界に対応しています。	コンサルティング	経営コンサル
アイアンドアイ株式会社	2010001156400	2	http://iandi.asia/?page_id=11	http://iandi.asia/		03-5980-9443	1140024	東京都	北区西ケ原１丁目５６－１２第３ライデンビル４階	東京都北区西ケ原１丁目５６－１２第３ライデンビル４階	助成金や補助金を受け取るための支援サービスを提供する企業	2013年10月に東京都で設立された助成金や補助金を受け取るための支援サービスを提供する企業です。同社は、海外ビジネスアドバイザリー事業、資金管理支援事業、補助金申請支援事業を展開しており、その他サービス、コンサルティング、財務コンサル、経営コンサルなどの業種に属しています。	コンサルティング	経営コンサル
株式会社ネクストナビ	2010001177586	0	https://shoukei-navi.co.jp/contact/	https://next-navi.co.jp/company		03-6439-5817	1000005	東京都	千代田区丸の内１丁目８番２号鉃鋼ビルディング２４階	東京都千代田区丸の内１丁目８番２号鉃鋼ビルディング２４階	事業承継に関するコンサルティングを提供する企業	2016年8月10日に設立され、東京都に本社を構える事業承継に関するコンサルティングを提供する企業です。同社はビジネス承継支援事業や相続アドバイザリー事業に取り組んでおり、その他サービス、コンサルティング、資産運用コンサルなどの業界で活動しています。	コンサルティング	経営コンサル
スズキグローバルコンサルティング株式会社	2010001178411	3	https://suzuki-gc.com/inquiry/	https://suzuki-gc.com/		03-6677-0931	1030026	東京都	中央区日本橋兜町１７番２号兜町第６葉山ビル４階	東京都中央区日本橋兜町１７番２号兜町第６葉山ビル４階	インド進出やビジネスに必要なコンサルティングを提供する企業	東京都に本社を構える、インド進出やビジネスに必要なコンサルティングを提供する企業です。同社は、市場リサーチ事業、海外ビジネスアドバイザリー事業、文書作成代行事業など、幅広いサービスを展開しています。また、2016年9月16日に設立され、主にIT業界、人材・アウトソーシング業界などで活動しています。	コンサルティング	経営コンサル
株式会社ＤＡＹ　ＢＲＥＡＫ	2010001214835	0	https://daybreak-inc.co.jp/contact/	https://daybreak-inc.co.jp/company/		03-6285-2833	1010047	東京都	千代田区内神田２丁目９番１１号森田リズム共同ビル３０１	東京都千代田区内神田２丁目９番１１号森田リズム共同ビル３０１			コンサルティング	経営コンサル
ファイブ・アンド・ミライアソシエイツ株式会社	2010001217482	1	https://five-mirai.co.jp/contact.php	https://five-mirai.co.jp/	info@five-mirai.co.jp	03-3527-1409	1010048	東京都	千代田区神田司町２丁目１３	東京都千代田区神田司町２丁目１３			コンサルティング	経営コンサル
有限会社ショップネット	2010002036205	2	http://www.web-shopnet.co.jp/contact/	https://www.web-shopnet.co.jp/	info@web-shopnet.co.jp	03-3868-9531	1120002	東京都	文京区小石川２丁目３番４号	東京都文京区小石川２丁目３番４号	店舗や商業施設を企画・開発し、出店する企業	東京都を拠点にしている企業であり、店舗や商業施設の企画・開発、出店を行っています。同社の主な業務は、店舗設計事業、店舗デザイン企画事業、施設運営管理事業、ショッピングセンター開発事業、商業施設運営管理事業などです。1996年5月に設立され、主に建設、不動産、小売・販売・卸売、コンサルティング、百貨店、店舗デザイン、不動産管理、商業施設企画・設計、経営コンサルなどの産業に関与しています。	コンサルティング	経営コンサル
合同会社ネオ・フロンティア	2010003017063	0	http://www.store-location.jp/contact.html	https://store-location.jp/	neo-frontier@store-location.jp	03-4577-6668	1040061	東京都	中央区銀座１丁目３番３号Ｇ１ビル７階４４０号	東京都中央区銀座１丁目３番３号Ｇ１ビル７階４４０号	店舗開発や催事のマネジメントを提供する企業	東京都に拠点を置く企業であり、店舗開発や催事のマネジメントを提供しています。2011年10月に設立され、主な業務は店舗デザイン企画事業や冷凍食品販売事業を行っています。建設、IT、コンサルティング、販促コンサル、店舗デザイン、経営コンサル、eコマースなどの業界で活動しています。	コンサルティング	経営コンサル
クリエイト総合研究所株式会社	2010101001043	2	https://www.createsoken.co.jp/otoiawase/	https://www.createsoken.co.jp/		042-627-2811	1920072	東京都	八王子市南町５番１３号八王子ローヤルマンション８０５	東京都八王子市南町５番１３号八王子ローヤルマンション８０５	不動産企業のコンサルティング企業	東京都に位置する不動産企業のコンサルティング企業です。1990年2月に設立され、IT、コンサルティング、Webアプリ・サービス運営、経営コンサル、その他コンサル、不動産コンサルの業界で活動しています。同社はウェブアプリケーション開発事業、フランチャイズチェーン運営支援事業、営業支援サービス事業を提供しています。	コンサルティング	経営コンサル
株式会社ほんま	2010101003634	0	http://homma-consulting.jp/contact/	https://homma-consulting.jp/company/		0422-34-1864	1810011	東京都	三鷹市井口５丁目１番１５号	東京都三鷹市井口５丁目１番１５号	受注生産型中堅企業の経営基盤強化とコスト削減を支援する企業	東京都に拠点を置く受注生産型中堅企業の経営基盤強化とコスト削減を支援する企業です。主な事業は物流アドバイザリー、営業支援サービス、研修セミナーの提供です。人材・アウトソーシング、コンサルティング、セミナー、経営コンサルなどの業界に参入し、幅広いサービスを展開しています。	コンサルティング	経営コンサル
株式会社けやき坂コンサルティング	2010401003598	28	http://www.keyakizaka.jp/formmail2/form1.html	https://keyakizaka.jp/	info@keyakizaka.jp	03-5775-0533	1060032	東京都	港区六本木６丁目１０番１号六本木ヒルズ森タワー３３階	東京都港区六本木６丁目１０番１号六本木ヒルズ森タワー３３階	会計・財務のコンサルティングを主力にする企業	1974年に東京都に設立され、会計・財務のコンサルティングを主力にする企業です。同社は、情報入力アウトソーシング事業、会計・税務アドバイザリー事業、投資アドバイザリー事業、税務申告書作成事業などを展開しており、士業、人材・アウトソーシング、税理士、会計士、データ入力・事務作業代行、事務処理代行、財務コンサル、業務請負、人材派遣、資産運用コンサルなどの分野で活動を行っています。	コンサルティング	財務コンサル
株式会社川島経営研究所	2010401007319	5	http://www.kawa-kei.co.jp/form.php	https://kawa-kei.co.jp/	info@kawa-kei.co.jp	03-3456-4361	1050014	東京都	港区芝２丁目２番１５号	東京都港区芝２丁目２番１５号	会計や経営コンサルティングを提供する企業	東京都に本社を置く会計や経営コンサルティングを提供する企業です。1958年3月に設立され、会計システムコンサルティング事業、税務アドバイザリー事業、会計ソフトウェア販売事業など幅広い業務を展開しています。士業、IT、コンサルティングなどさまざまな業界で活躍しており、経営研修事業や人材派遣なども提供しています。	コンサルティング	経営コンサル
株式会社ローランド・ベルガー	2010401032060	155	https://www.rolandberger.com/en/contact/	https://www.rolandberger.com/ja/Locations/Japan/Start.html	Office_Tokyo@rolandberger.com	03-3587-6660	1050001	東京都	港区虎ノ門２丁目６番１号	東京都港区虎ノ門２丁目６番１号	企業に経営戦略のアドバイスを提供するコンサルティング会社	東京都に拠点を置くコンサルティング会社です。同社は企業に経営戦略のアドバイスを提供することを主な業務としており、経営コンサルティング事業に従事しています。同社はコンサルティングおよび経営コンサルの産業に属しています。	コンサルティング	経営コンサル
三井倉庫ホールディングス株式会社	2010401046416	1101	https://www.mitsui-soko.com/contact/	https://www.mitsui-soko.com/		03-6775-3101	1030015	東京都	中央区日本橋箱崎町１９番２１号	東京都中央区日本橋箱崎町１９番２１号	三井倉庫グループのビジネスを支援する企業	1909年10月11日に設立された東京都に本社を置く企業です。同社は、三井倉庫グループのビジネスを支援し、交通・運輸・物流、不動産、コンサルティング、海運、重量物輸送、港湾作業、空運、経営コンサル、不動産賃貸・仲介など多岐にわたる業界で活動しています。また、経営コンサルティング事業とグループ企業経営事業も展開しています。	コンサルティング	経営コンサル
メディアビジョン株式会社	2010401056951	0	http://www.mediavision-group.com/?cat=6	http://www.mediavision-group.com/?cat=4	h_hanawa@mediavision-group.com	03-3403-4433	1060047	東京都	港区南麻布４丁目１５番１０号	東京都港区南麻布４丁目１５番１０号	ビジネスコンサルティング企業	2005年3月に東京都で設立されたビジネスコンサルティング企業です。同社はマーケティングコンサルティング事業やWebマーケティング支援事業に従事しており、IT、コンサルティング、Webマーケコンサル、広告運用コンサル、販促コンサル、組織コンサル、経営コンサルなどの業界において活動しています。	コンサルティング	経営コンサル
ティー・アンド・ティー株式会社	2010401059715	3	https://www.tandt1212.com/company/contact_new.php	http://www.tandt1212.com	privacy@tandt1212.com	03-5464-6380	1500045	東京都	渋谷区神泉町２０－２１クロスシー渋谷神泉ビル	東京都渋谷区神泉町２０－２１クロスシー渋谷神泉ビル			コンサルティング	経営コンサル
株式会社イージフ	2010401061241	33	https://aegif.jp/contact.html	https://aegif.jp/company/index.html	info@aegif.jp	03-5771-1566	1060032	東京都	港区六本木６丁目１０番１号六本木ヒルズ森タワー	東京都港区六本木６丁目１０番１号六本木ヒルズ森タワー	ビジネス戦略およびITコンサルティング企業	東京都を拠点にビジネス戦略およびITコンサルティング企業として2006年2月1日に設立されました。同社は、セキュリティアドバイザリー事業、マーケティングコンサルティング事業、人材戦略コンサルティング事業などを展開し、主にコンサルティング、ITコンサル、販促コンサル、組織コンサル、経営コンサルの業界で活動しています。	コンサルティング	経営コンサル
アドバンストアイ株式会社	2010401061571	10	https://www.advi.co.jp/contact/	https://www.advi.co.jp/company/information/		03-6225-2880	1030022	東京都	中央区日本橋室町４丁目４番３号	東京都中央区日本橋室町４丁目４番３号	金融アドバイザー企業	1999年12月に東京都で設立された金融アドバイザー企業です。同社は主に財務アドバイザリー事業を展開しており、コンサルティング、財務コンサル、経営コンサルに関するサービスを提供しています。	コンサルティング	経営コンサル
株式会社博報堂コンサルティング	2010401062099	61	https://form.k3r.jp/hakucon/contact	https://www.hakuhodo-consulting.co.jp/company/overview/		03-6441-8070	1000005	東京都	千代田区丸の内２丁目５番１号	東京都千代田区丸の内２丁目５番１号	博報堂グループ傘下のコンサルティングファーム企業	東京都を拠点にし、2001年4月に設立された博報堂グループ傘下のコンサルティングファーム企業です。同社は主に人材・アウトソーシング、コンサルティング、セミナー、経営コンサルの業界で活動しており、研修セミナー事業を展開しています。	コンサルティング	経営コンサル
株式会社フューチャー・デザイン・ラボ	2010401077840	7	http://www.futuredesignlab.jp/inquiry/index.html	https://www.futuredesignlab.jp/	info@futuredesignlab.jp	03-6222-9855	1050001	東京都	港区虎ノ門４丁目３番１号	東京都港区虎ノ門４丁目３番１号	企業が経営コンサルティング、外国人の就職サポート、大学生向けの研修プログラムを提供している企業	2007年に東京都で設立された企業であり、人材・アウトソーシング、教育、コンサルティングの分野で事業を展開しています。同社は、企業の経営コンサルティング、外国人の就職サポート、大学生向けの研修プログラムを提供する語学トレーニング事業に力を入れています。革新的なサービスと高品質な教育プログラムを通じて、お客様の成功を支援しています。	コンサルティング	経営コンサル
株式会社エポ	2010401078277	1	http://epo-inc.jp/mail/mail.html	http://epo-inc.jp/index.html	info@epo-inc.jp	03-6717-2748	1080075	東京都	港区港南２丁目１５番１号品川インターシティＡ棟２８階	東京都港区港南２丁目１５番１号品川インターシティＡ棟２８階			コンサルティング	経営コンサル
株式会社コーポレート・アドバイザーズ・アカウンティング	2010401084853	0	http://co-ad.co.jp/contact.html	https://co-ad.co.jp/company/access/	caa-info@co-ad.com	03-3593-3235	1000013	東京都	千代田区霞が関３丁目２番５号霞が関ビルディング３３階	東京都千代田区霞が関３丁目２番５号霞が関ビルディング３３階	財務アドバイザリー企業	2002年9月に東京都で設立された財務アドバイザリー企業です。当社は財務監査サービスおよび会計・税務アドバイザリー事業を展開しており、主に士業、コンサルティング、監査法人の各分野で活動しています。また、会計士、財務コンサル、組織コンサル、経営コンサルのサービスも提供しています。	コンサルティング	財務コンサル
株式会社Ｒａｐｐｏｒｔ　Ｓｔｙｌｅ	2010401089761	4	http://rapportstyle.com/contact	https://rapportstyle.com/about_us		03-5791-2400	1410022	東京都	品川区東五反田４丁目７番３２号	東京都品川区東五反田４丁目７番３２号	医療施設を中心にビジネスコンサルティングを提供する企業	東京都に位置する医療施設を中心にビジネスコンサルティングを提供する企業です。彼らはコンサルティング業界での豊富な経験と専門知識を活かし、クライアントの経営課題を解決するための最適な戦略を提案します。経営コンサルとして、Ｒａｐｐｏｒｔ　Ｓｔｙｌｅは顧客企業の成長と成功をサポートすることに情熱を注いでいます。	コンサルティング	経営コンサル
株式会社アルゴ	2010401089893	2	http://algo-innovation.com/form00/form.cgi	http://www.algo-innovation.com	algo@algo-inc.com	03-6805-0781	1060032	東京都	港区六本木３丁目１３番３号	東京都港区六本木３丁目１３番３号	医療関連サービスを提供する企業	東京都を拠点に医療関連サービスを提供する企業です。2010年9月に設立され、顧客情報管理システム開発事業や医療従事者派遣事業を展開しています。広告・制作、IT、人材・アウトソーシング、コンサルティングなどの多様な業界に関与し、Webアプリ・サービス運営、人材紹介、デザイン、人材派遣、経営コンサルなどのサービスを提供しています。	コンサルティング	経営コンサル
株式会社ソーキューブ	2010401090249	7	http://www.so-cube.co.jp/wp/?page%20id=19	http://www.so-cube.co.jp/		03-6455-4750	1070052	東京都	港区赤坂５丁目２番２０号赤坂パークビル２３階	東京都港区赤坂５丁目２番２０号赤坂パークビル２３階	経営アドバイザリー企業	東京都を拠点にする経営アドバイザリー企業です。同社は財務アドバイザリー事業、相続アドバイザリー事業、財務・会計業務アウトソーシング事業を展開しています。主要な業界としては、人材・アウトソーシング、コンサルティング、財務コンサル、人材派遣、資産運用コンサル、経営コンサルが挙げられます。	コンサルティング	経営コンサル
株式会社アクアネット	2010401092360	5	http://aqnet.co.jp/inquiry/toiawase/	https://aqnet.co.jp/corporate/data/		03-6277-7386	1000014	東京都	千代田区永田町２丁目１４－２	東京都千代田区永田町２丁目１４－２	フランチャイズビジネスのコンサルティングを提供する企業	東京都に拠点を置くフランチャイズビジネスのコンサルティングを提供する企業です。同社は主にマーケティングコンサルティング事業、フランチャイズチェーン運営支援事業、経営研修事業を展開しており、人材・アウトソーシング、コンサルティング、企業研修、販促コンサル、経営コンサルなどの業界で幅広いサービスを提供しています。	コンサルティング	経営コンサル
オプティ株式会社	2010401095520	3	https://www.opti.co.jp/contact	https://www.opti.co.jp/company/company		03-4530-9826	1010047	東京都	千代田区内神田１丁目２番２号小川ビル４階	東京都千代田区内神田１丁目２番２号小川ビル４階	TAXおよびSTRATコンサルティング企業	東京都に位置するTAXおよびSTRATコンサルティング企業です。2010年11月11日に設立され、税務アドバイザリー事業、市場リサーチ事業、海外ビジネスアドバイザリー事業、税金対策事業を展開しています。主要な業界は士業、その他サービス、コンサルティングであり、税理士、財務コンサル、研究・調査・リサーチ、経営コンサルなどを提供しています。	コンサルティング	財務コンサル
株式会社アセンドラーク	2010401096832	0	http://ascendraak.com/contact/	http://ascendraak.com/about/	info@ascendraak.com	03-6721-5400	1050022	東京都	港区海岸１丁目１番１号２３０７	東京都港区海岸１丁目１番１号２３０７	企業の事業戦略や製造業向けのコンサルティングを提供している企業	東京都を拠点とし、2009年3月に設立された企業です。同社は、企業の事業戦略や製造業向けのコンサルティングを提供しており、マーケティングコンサルティング事業、技術者派遣事業、システムインテグレーション事業などを展開しています。主な業界はIT、人材・アウトソーシング、コンサルティング、Webアプリ・サービス運営などで、人材派遣、販促コンサル、製造業コンサル、経営コンサルなどを提供しています。	コンサルティング	経営コンサル
株式会社クヌギ	2010401097822	15	https://www.kunugi-inc.com/contact	https://www.kunugi-inc.com/	info@kunugi-inc.com	03-4361-1852	1020083	東京都	千代田区麹町６丁目６番２号番町麹町ビルディング５Ｆ	東京都千代田区麹町６丁目６番２号番町麹町ビルディング５Ｆ	SEO相談を提供する企業	東京都に本社を置き、SEO相談を提供する企業です。2009年3月2日に設立され、ウェブサイトのコンサルティング事業、Webマーケティング支援事業、インターネットポータルサイト運営事業を展開しています。主にITやコンサルティング、Webマーケティング、クラウド系/SaaS/ASPサービス、Webアプリ・サービス運営、ITコンサル、経営コンサルなどの分野で活動しています。	コンサルティング	経営コンサル
株式会社ＧＭＴｒａｄｉｎｇｓ	2010401098473	127	http://gmtradings.co.jp/contact/	http://gmtradings.co.jp		03-6803-2191	1200034	東京都	足立区千住１丁目４番１号	東京都足立区千住１丁目４番１号	輸送や倉庫運営などの物流に関するアドバイスを提供する企業	2012年3月に設立された東京都を拠点にする物流に関するアドバイスを提供する企業です。同社は物流アドバイザリー事業、家電製品販売事業、自動車運搬事業、火災防止機器販売事業などを手がけており、交通・運輸・物流、生活用品、コンサルティング、その他電気製品、重量物輸送、経営コンサル、その他コンサル、防災用設備・用品を業界としています。	コンサルティング	経営コンサル
株式会社エンなび	2010401105031	3	http://en-navi.co.jp/contact/	https://en-navi.co.jp/		03-6890-0484	1070061	東京都	港区北青山２丁目７番２６号	東京都港区北青山２丁目７番２６号	ビジネス成長支援・求人紹介会社	2013年4月に東京都で設立されたビジネス成長支援・求人紹介会社です。同社は主にイベントプランニング事業、イベント企画・運営事業、人材採用支援事業を展開しており、人材・アウトソーシング、エンタメ・娯楽、コンサルティング、人材紹介、イベント、その他人材、経営コンサルの業界で活動しています。	コンサルティング	経営コンサル
株式会社スマートアイ	2010401105345	0	http://smarteye.bz/contact/	http://smarteye.bz/	info@smarteye.bz	03-6432-4061	1050004	東京都	港区新橋２丁目２０番１５号新橋駅前ビル１号館６０１号室	東京都港区新橋２丁目２０番１５号新橋駅前ビル１号館６０１号室	フィリピンとタイを主要な市場とするビジネスコンサルティングファーム	東京都を拠点にするビジネスコンサルティングファームです。同社は主にフィリピンとタイを主要な市場とし、販売アドバイザリー事業、マーケティングコンサルティング事業、営業支援サービス事業を展開しています。同社はコンサルティング、販促コンサル、経営コンサルなどの業界でサービスを提供しています。	コンサルティング	経営コンサル
株式会社エクステンド	2010401120245	23	https://extend-ma.smktg.jp/public/application/add/39?__CAMCID=wRJWPYuKXU-589&amp;__CAMSID=fIOKofpbGbHD-98&amp;__CAMVID=fEokOFpbgBhD&amp;_c_d=1&amp;_ct=1511156296266	https://www.extend-ma.co.jp/company/	info@extend-ma.co.jp	03-3575-5580	1030028	東京都	中央区八重洲１丁目４番１６号東京建物八重洲ビル３階	東京都中央区八重洲１丁目４番１６号東京建物八重洲ビル３階	ビジネスの改善、再生、継承を助ける企業	2015年12月に東京都に設立されたビジネスの改善、再生、継承を助ける企業です。その主な事業は、ビジネス承継支援事業と研修セミナー事業となっており、人材・アウトソーシング、コンサルティング、セミナーなどの他業種にも関わっています。経営コンサルとして、株式会社エクステンドは幅広いサービスを提供しています。	コンサルティング	経営コンサル
株式会社アセットプロデュース	2010401122654	0	http://assetproduce.co.jp/contact/	http://assetproduce.co.jp		03-6435-9793	6580014	兵庫県	神戸市東灘区北青木３丁目１３番１０－１０３号	兵庫県神戸市東灘区北青木３丁目１３番１０－１０３号	財務及び資産管理に関するコンサルティングを提供する企業	2016年1月22日に設立され、兵庫県を拠点に、財務及び資産管理に関するコンサルティングを提供しています。同社の主要な事業は、投資信託マネジメント事業、ビジネス承継支援事業、相続アドバイザリー事業であり、金融、その他サービス、コンサルティング、投資、財務コンサル、その他サービス、資産運用コンサルの業界に属しています。	コンサルティング	財務コンサル
株式会社ＲＩＮＯ	2010401129823	1	http://rino.co.jp/contact/	http://rino.co.jp/company/		03-4405-5034	1080075	東京都	港区港南２丁目１６－１品川イーストワンタワー４階	東京都港区港南２丁目１６－１品川イーストワンタワー４階	中小企業の国際化を支援するコンサルティングやセミナーを提供する企業	2017年2月24日に設立され、東京都を拠点に中小企業の国際化を支援するコンサルティングやセミナーを提供しています。主な業務としては、カスタマーサービス研修事業、ビデオプロダクション事業、経営研修事業を展開しており、人材・アウトソーシング、コンサルティング、企業研修、経営コンサルの業界において活動しています。	コンサルティング	経営コンサル
株式会社アスリードパートナーズ	2010401157460	0	http://9515f903e67ace68.main.jp/contact/	https://aslead-partners.com/company/about-us/			1050013	東京都	港区浜松町２丁目２番１５号	東京都港区浜松町２丁目２番１５号			コンサルティング	経営コンサル
ＮｏｕｓＬａｇｕｓ株式会社	2010401158260	2	https://www.nouslagus.com/contact.html	https://nouslagus.com/		050-3631-0580	4660064	愛知県	名古屋市昭和区鶴舞１丁目２番３２号	愛知県名古屋市昭和区鶴舞１丁目２番３２号			コンサルティング	経営コンサル
株式会社ロジテック	2010401159317	226	https://logi-tech.co.jp/contact/	https://logi-tech.co.jp/		03-5795-1871	1600023	東京都	新宿区西新宿１丁目２５番１号	東京都新宿区西新宿１丁目２５番１号			コンサルティング	総合系コンサル
株式会社ＯＨＧＩＢＡ	2010401159804	0	https://www.sence-agency.com/%E3%81%8A%E5%95%8F%E3%81%84%E5%90%88%E3%82%8F%E3%81%9B	http://ohgiba.com/			1070062	東京都	港区南青山３丁目１番３６号青山丸竹ビル６Ｆ	東京都港区南青山３丁目１番３６号青山丸竹ビル６Ｆ			コンサルティング	総合系コンサル
株式会社シナジーフォー	2010401160497	1	https://www.synergy-for.co.jp/contact	https://www.synergy-for.co.jp/会社概要			2610014	千葉県	千葉市美浜区若葉３丁目１番１８号	千葉県千葉市美浜区若葉３丁目１番１８号			コンサルティング	経営コンサル
オーナーズ株式会社	2010401161306	28	https://owners-ma.jp/contact/	https://owners-ma.jp/company/		03-6831-9322	1060032	東京都	港区六本木６丁目２番３１号六本木ヒルズノースタワー	東京都港区六本木６丁目２番３１号六本木ヒルズノースタワー			コンサルティング	経営コンサル
株式会社ＧｒａＳｅａ	2010401161735	1	https://www.grasea.net/contact	https://www.grasea.net/	grasea.all@gmail.com	080-3418-4166	1080023	東京都	港区芝浦４丁目１０－１－１５１５	東京都港区芝浦４丁目１０－１－１５１５			コンサルティング	総合系コンサル
プロパティデータサイエンス株式会社	2010401163038	0	https://speed-answer.com/contact/	https://commerce.propertydbk.com/			1050013	東京都	港区浜松町１丁目２９番６号	東京都港区浜松町１丁目２９番６号			コンサルティング	経営コンサル
合同会社デロイトトーマツグループ	2010403011541	0	https://www2.deloitte.com/jp/ja/footerlinks/contact-list1.html	https://www2.deloitte.com/jp/ja.html		03-6720-8300	1000005	東京都	千代田区丸の内３丁目２番３号丸の内二重橋ビルディング	東京都千代田区丸の内３丁目２番３号丸の内二重橋ビルディング	デロイトトーマツグループの経営を担当する企業	東京都に所在するデロイトトーマツグループの経営を担当する企業です。2014年4月に設立され、主に税務アドバイザリー事業や知的財産保護・活用事業を展開しています。士業、コンサルティング、総合系コンサル、税理士、その他コンサル業界に属しています。	コンサルティング	総合系コンサル
株式会社アビリティＸ	2010501026937	1	http://www.abilityx.co.jp/%E3%81%8A%E5%95%8F%E3%81%84%E5%90%88%E3%82%8F%E3%81%9B/	http://www.abilityx.co.jp/会社情報/		03-5685-4999	1100001	東京都	台東区谷中３丁目２４番４号２０４	東京都台東区谷中３丁目２４番４号２０４	企業の終息や撤退に関するコンサルティングを行う企業	東京都に位置する企業で、2006年10月に設立されました。同社は企業の終息や撤退に関するコンサルティングを行い、人材戦略コンサルティング事業を展開しています。主な業界は人材・アウトソーシング、コンサルティング、人材紹介、組織コンサル、経営コンサルです。	コンサルティング	経営コンサル
株式会社グローバル・デイリー	2010501035987	56	https://www.gldaily.com/contact/	https://www.gldaily.com/		03-6860-7011	1100015	東京都	台東区東上野４丁目８番１号ＴＩＸＴＯＷＥＲＵＥＮＯ	東京都台東区東上野４丁目８番１号ＴＩＸＴＯＷＥＲＵＥＮＯ	訪日外国人を呼び込む事業を行う企業	東京都に所在する訪日外国人を呼び込む事業を行う企業です。2013年12月に設立され、広告・制作、エンタメ・娯楽、コンサルティング、観光・宿泊・レジャー、景観地運営、コンテンツ制作、イベント、経営コンサルの業界で活動しています。メディアコンテンツ制作事業、イベントプランニング事業、イベントプロデュース事業、ビデオプロダクション事業、観光振興事業を主な事業内容としています。	コンサルティング	経営コンサル
トキワコーポレーション株式会社	2010501038602	28	http://www.tokiwa.biz/home/contact/index_ss.html	https://www.tokiwa.biz/home/company/	info@tokiwa.biz	03-6665-0010	1020083	東京都	千代田区麹町５丁目７番地２ＭＦＰＲ麹町ビル１Ａ	東京都千代田区麹町５丁目７番地２ＭＦＰＲ麹町ビル１Ａ	飲食店開業支援企業	2015年9月に設立された東京都に拠点を置く飲食店開業支援企業です。同社はコンサルティングと経営コンサルの業界で活動しています。	コンサルティング	経営コンサル
株式会社ハウス・デポ・ジャパン	2010601027372	8	http://www.housedepot.co.jp/inquiry/index.php	http://www.housedepot.co.jp/aboutus/profile	hdjhp@housedepot.co.jp	03-5534-3811	1360082	東京都	江東区新木場１丁目７番２２号	東京都江東区新木場１丁目７番２２号	建材の流通を扱う店舗に経営支援を提供する企業	東京都に拠点を置き、建材の流通を扱う店舗に経営支援を提供する企業です。セミナー企画・運営事業、研修セミナー事業、経営コンサルティング事業、経営研修事業など、幅広い業務を展開しています。2000年10月に設立され、主に人材・アウトソーシング、コンサルティング、企業研修、セミナー、経営コンサルの分野にて活動しています。	コンサルティング	経営コンサル
株式会社オントラック	2010601037801	2	http://ontrack.co.jp/contact/	https://ontrack.co.jp/about-us/	info@ontrack.co.jp	03-5530-8774	1350063	東京都	江東区有明３丁目７－２６有明フロンティアビルＢ棟９階	東京都江東区有明３丁目７－２６有明フロンティアビルＢ棟９階	経営や財務についてのアドバイスや、ビジネスセミナーを提供している企業	東京都に拠点を置く企業です。経営や財務についてのアドバイスやビジネスセミナーを提供しており、セミナー企画・運営事業、研修セミナー事業、企業内トレーニングアウトソーシング事業、経営研修事業を展開しています。2009年に設立され、人材・アウトソーシング、コンサルティング、企業研修、セミナー、財務コンサル、経営コンサルなどの業界で活動しています。	コンサルティング	経営コンサル
株式会社ステージアップ	2010601046827	0	http://co-lab-sumida.jp/contact/	http://co-lab-sumida.jp		03-6658-5292	1310034	東京都	墨田区堤通１丁目１９番８号	東京都墨田区堤通１丁目１９番８号	印刷会社が多数のデザイナーやクリエイティブ人材を採用している企業	東京都に拠点を置く広告・制作、不動産、コンサルティングなど幅広い業界で活動する企業です。印刷会社として多数のデザイナーやクリエイティブ人材を採用し、紙媒体印刷を提供しています。また、レンタルスペース運営事業および撮影スタジオ貸し出し事業も手がけており、総合的なサポートを提供しています。	コンサルティング	総合系コンサル
シーズ・コンサルティング株式会社	2010701016886	1	http://www.seeds-cn.com/cgi-bin/contact/form.cgi	http://www.seeds-cn.com		03-5422-8521	1080074	東京都	港区高輪１丁目２７－３７－３１０８	東京都港区高輪１丁目２７－３７－３１０８	神経言語プログラミングを用いたビジネスコンサルティングを提供している企業	東京都に拠点を置く神経言語プログラミングを用いたビジネスコンサルティングを提供している企業です。1997年11月に設立され、主にビジネス研修セミナー運営事業、営業支援サービス事業、およびマニュアル作成事業を展開しています。産業別には人材・アウトソーシング、その他サービス、コンサルティング、企業研修、研究・調査・リサーチ、経営コンサル、その他コンサルなどの領域でサービスを提供しています。	コンサルティング	経営コンサル
株式会社スコラ・コンサルト	2010701017463	22	https://scholar.web-tools.biz/inquiry/	https://www.scholar.co.jp/company/overview	contacts@scholar.co.jp	03-5420-6251	1410022	東京都	品川区東五反田５丁目２５番１９号	東京都品川区東五反田５丁目２５番１９号	企業・組織の文化改革をサポートするコンサルティングファーム企業	東京都に拠点を置くコンサルティングファーム企業です。1986年に設立され、企業・組織の文化改革をサポートすることを専門としています。主な事業として、研修セミナー、企業内トレーニングアウトソーシング、人材戦略コンサルティング、講義者派遣を提供しており、人材・アウトソーシング、コンサルティング、総合系コンサルの市場で活動しています。	コンサルティング	総合系コンサル
株式会社ＭＡパートナーズ	2010701019947	1	http://www.ma-partners.co.jp/contact.html	http://www.ma-partners.co.jp/index.html		03-3744-6211	1020083	東京都	千代田区麹町２丁目１０番３号	東京都千代田区麹町２丁目１０番３号	M&A企業の仲介とコンサルティング業務を行う企業	東京都に所在するM&A企業の仲介とコンサルティング業務を行う企業です。2007年11月に設立され、主にコンサルティングと経営コンサルの分野で活動しています。	コンサルティング	経営コンサル
アッシュウェイブ株式会社	2010701020995	29	http://www.achewave.co.jp/contact/	https://www.achewave.co.jp/		075-344-6591	6008421	京都府	京都市下京区綾小路通烏丸西入童侍者町１６７番	京都府京都市下京区綾小路通烏丸西入童侍者町１６７番	業務改革やプロジェクト運用を支援する企業	2007年4月に東京都に設立されたIT関連の企業です。業務改革やプロジェクト運用を支援し、ネットワークインフラ設置事業、情報管理ソフトウェア開発事業、データマネジメント事業を展開しています。主要な業界はIT、人材・アウトソーシング、コンサルティング、Webアプリ・サービス運営、ITインフラストラクチャー、人材派遣、経営コンサルなどです。	コンサルティング	経営コンサル
株式会社ＭＯＶＥＲ＆ＣＯＭＰＡＮＹ	2010701021052	56	https://mover-company.co.jp/contact	https://mover-company.co.jp/company/		03-6279-0252	1010052	東京都	千代田区神田小川町３丁目３番	東京都千代田区神田小川町３丁目３番			コンサルティング	総合系コンサル
株式会社学び	2010701024419	1	http://i-manabi.co.jp/contact/	http://i-manabi.co.jp		03-6215-8846	1040061	東京都	中央区銀座６丁目６番１号銀座風月堂ビル５Ｆ	東京都中央区銀座６丁目６番１号銀座風月堂ビル５Ｆ	教育機関向けコンサルティング企業	東京都に拠点を置く教育機関向けコンサルティング企業です。2010年11月に設立され、教育支援事業、セミナー企画・運営事業、研修セミナー事業を展開しています。主な業界は人材・アウトソーシング、教育、コンサルティング、塾・予備校、セミナー、経営コンサルです。	コンサルティング	経営コンサル
株式会社ＧＲコンサルティング	2010701024930	171	http://www.gr-consulting.co.jp/contact/	http://www.gr-consulting.co.jp/about/		03-5769-3650	1400002	東京都	品川区東品川２丁目２番４号天王洲ファーストタワー	東京都品川区東品川２丁目２番４号天王洲ファーストタワー	電力削減コンサルティング･電子ブレーカー販売企業	東京都に拠点を置く電力削減コンサルティング･電子ブレーカー販売企業です。2011年4月に設立され、コンサルティングや経営コンサルの分野で活動しています。	コンサルティング	経営コンサル
Ｔｒａｎｓｉｓｔｏｒ　Ｒｏｂｏｔｉｃｓ株式会社	2010701026134	5	https://www.point3.co.jp/contact/	http://www.point3.co.jp	info@point3.co.jp	03-5357-7640	1070062	東京都	港区南青山１丁目１５番１８号	東京都港区南青山１丁目１５番１８号	企業にビジネス支援を与えるための大量のデータを扱う企業	東京都に拠点を置く企業で、企業にビジネス支援を与えるための大量のデータを扱っています。同社はマーケティングコンサルティング事業、セミナー企画・運営事業、データ解析事業、研修セミナー事業を展開し、IT、人材・アウトソーシング、コンサルティング、セミナー、その他IT、販促コンサル、経営コンサルなどの幅広い業界にサービスを提供しています。	コンサルティング	経営コンサル
株式会社エンブルー	2010801023766	30	https://enblue.co.jp/contactform.html	https://enblue.co.jp	info@enblue.co.jp	03-6272-9517	1010041	東京都	千代田区神田須田町１丁目２４－５ＴＨＥＣＲＯＳＳ神田５階	東京都千代田区神田須田町１丁目２４－５ＴＨＥＣＲＯＳＳ神田５階	売電権の買取やM&A支援などを行う企業	東京都に拠点を置く企業であり、売電権の買取やM&A支援などを専門としています。また、市場リサーチ事業や不動産買取事業も行っており、その他サービス、不動産、コンサルティング、不動産売買・仲介、研究・調査・リサーチ、経営コンサルの業界において活動しています。	コンサルティング	経営コンサル
株式会社バリューサーチ	2010801026050	0	https://www.valuesearch.biz/contact	https://www.valuesearch.biz	info@valuesearch.biz	080-1288-2725	1460095	東京都	大田区多摩川２丁目３０－１０－９０１	東京都大田区多摩川２丁目３０－１０－９０１	中小企業の売上向上や新規顧客獲得などを支援するコンサルティング企業	東京都を拠点に、中小企業の売上向上や新規顧客獲得などを支援するコンサルティング企業です。また、研修セミナー事業にも取り組み、人材・アウトソーシング、コンサルティング、セミナー、経営コンサルの業界で活動しています。	コンサルティング	経営コンサル
ティーイーシーコンサルティング株式会社	2010901015168	10	https://www.tec-c.com/company/contact/	https://www.tec-c.com/company/		03-5707-2611	1580086	東京都	世田谷区尾山台３丁目３３番５号	東京都世田谷区尾山台３丁目３３番５号	金融や経営についてコンサルティングを行う企業	東京都に所在し、金融や経営についてコンサルティングを行う企業です。2002年3月に設立され、主な業務としては資産管理アドバイザリー事業、営業支援サービス事業、保険アドバイザリー事業、金融機関向けアドバイザリー事業を展開しています。主要業界はコンサルティング、資産運用コンサル、経営コンサル、その他コンサルです。	コンサルティング	経営コンサル
株式会社フォルテッシモ	2010901025902	1	https://www.fortissimo.co.jp/contact	https://www.fortissimo.co.jp		03-6413-0054	1560043	東京都	世田谷区松原３丁目２６番５号	東京都世田谷区松原３丁目２６番５号	新規ビジネス支援やウェブ運営をする企業	東京都に拠点を置く新規ビジネス支援やウェブ運営をする企業です。2004年5月に設立され、広告・制作、IT、コンサルティング、Webアプリ・サービス運営、Web制作、スタジオ・写真撮影、経営コンサルの業界において活動しています。主な事業にはWebサイト管理代行事業や音楽レコーディングスタジオ運営事業があります。	コンサルティング	経営コンサル
株式会社東京メディカルコンサルティング	2010901026074	2	http://www.tmedc.com/otoiawase.html	https://www.tmedc.com/	mail@tmedc.com	03-3568-3112	1070052	東京都	港区赤坂９丁目２番９号カルム赤坂４１６号	東京都港区赤坂９丁目２番９号カルム赤坂４１６号	医療経営や危機管理のアドバイスを提供する企業	東京都を拠点に医療経営や危機管理のアドバイスを提供する企業です。主な業務は海外ビジネスアドバイザリー事業であり、コンサルティング、経営コンサル、その他コンサルの業界に位置しています。	コンサルティング	経営コンサル
株式会社ＳＥコンサルティング	2010901026644	2	http://www.se-consulting.jp/contact	https://se-consulting.jp/company	info@se-consulting.jp	03-5355-0345	4130023	静岡県	熱海市和田浜南町７番５０号	静岡県熱海市和田浜南町７番５０号	飲食店のアドバイザー企業	東京都に位置する飲食店のアドバイザー企業であり、2010年6月に設立されました。同社は主に内装施工事業を行っており、工事・土木、コンサルティング、内部工事・床面工事、経営コンサルなどの業務を提供しています。	コンサルティング	経営コンサル
株式会社マーケットヴィジョン	2010901029135	23	http://www.marketvision.co.jp/contact/	http://www.marketvision.co.jp		03-6276-5514	1020075	東京都	千代田区三番町２４番地１４	東京都千代田区三番町２４番地１４	小売店舗の情報提供サービス企業	2015年7月に東京都で設立された小売店舗の情報提供サービス企業です。同社はデータ解析事業や営業活動支援システム開発事業を展開しており、主にIT業界やコンサルティング業界、Webアプリ・サービス運営などの分野で活動しています。その他、ITや経営コンサルにも取り組んでいます。	コンサルティング	経営コンサル
株式会社保育サポート	2010901034333	0	http://www.hoiku-support.co.jp/contact/	http://hoiksup.com/	arc@i-planweb.com	03-5433-4502	1500002	東京都	渋谷区渋谷３丁目８番１２号渋谷第一生命ビルディング７階	東京都渋谷区渋谷３丁目８番１２号渋谷第一生命ビルディング７階			コンサルティング	経営コンサル
株式会社ＵＮＮＡＭＥＤＳＥＲＶＩＣＥ	2010901041560	0	https://unnamedservice.jp/contact/	https://unnamedservice.jp	info@unnamedservice.jp	03-5787-9016	1540005	東京都	世田谷区三宿２丁目１６－１２	東京都世田谷区三宿２丁目１６－１２	企業の財務と経営に関するアドバイスをする企業	2018年2月16日に東京都にて設立された企業であり、企業の財務と経営に関するアドバイスを提供しています。主な事業はブランド戦略策定、税務アドバイザリー、保険アドバイザリー、会計・税務アドバイザリー、人材戦略コンサルティングなどです。主に士業、コンサルティング、税理士、会計士、販促コンサル、資産運用コンサル、組織コンサル、経営コンサルの業界で活動しています。	コンサルティング	経営コンサル
株式会社ＳＴＯＲＡＴＩＯＮＳ	2010901048779	0	https://www.storations.com/contact/	https://www.storations.com/		090-9008-7477	1570071	東京都	世田谷区千歳台１丁目３１－８世田谷千歳台ガーデン＆レジデンス１０８	東京都世田谷区千歳台１丁目３１－８世田谷千歳台ガーデン＆レジデンス１０８			コンサルティング	総合系コンサル
株式会社イーライフ	2011001033218	45	https://www.elife.co.jp/contact/	https://www.elife.co.jp/about/company/	info@elife.co.jp	050-5538-1847	1510051	東京都	渋谷区千駄ヶ谷４丁目２１番１号	東京都渋谷区千駄ヶ谷４丁目２１番１号	企業と消費者のニーズを調査するコンサルタント企業	東京都に位置するコンサルタント企業であり、企業と消費者のニーズを調査することに力を入れています。1999年9月に設立され、販売アドバイザリー事業、マーケティングコンサルティング事業、営業支援サービス事業、商品開発アドバイザリー事業を行っています。その他サービス、コンサルティング、販促コンサル、研究・調査・リサーチ、経営コンサル、その他コンサル業界に属しています。	コンサルティング	経営コンサル
アヴニールビューティコンサルティング株式会社	2011001036682	1	https://a-b-c.01.ows-rs.com/contact.php	http://www.a-b-c.tv/		03-5992-9265	1510053	東京都	渋谷区代々木４丁目２７番２６号	東京都渋谷区代々木４丁目２７番２６号	美容関連商材の企画開発や化粧品企業のコンサルティングに特化した企業	東京都を拠点に美容関連商材の企画開発や化粧品企業のコンサルティングに特化した企業です。2002年5月に設立され、美容製品開発事業を主力として展開しています。業界では小売・販売・卸売、コンサルティング、美容グッズ販売、経営コンサルの分野で活動しています。	コンサルティング	経営コンサル
ブランディングテクノロジー株式会社	2011001038472	101	https://www.branding-t.co.jp/contact_dl_techm/	https://www.branding-t.co.jp/company/summary/		03-5457-1311	1500036	東京都	渋谷区南平台町１５番１３号帝都渋谷ビル４階	東京都渋谷区南平台町１５番１３号帝都渋谷ビル４階	Web全般のサポートを提供する企業	2001年8月1日に設立された東京都に拠点を置く総合広告代理店です。同社は広告・制作、IT、コンサルティング、Webアプリ・サービス運営、Web制作、CM制作・映像制作、販促コンサル、デジタル系コンテンツ、経営コンサルなどの業界で幅広いサービスを提供しています。同社はテレビ広告制作事業とビデオプロダクション事業に特化し、Web全般のサポートを提供しています。	コンサルティング	経営コンサル
株式会社ジョンクェルコンサルティング	2011001038596	1	http://jonquil.co.jp/contact/	https://jonquil.co.jp/company/		03-5365-2805	1510071	東京都	渋谷区本町２丁目１７番１８号	東京都渋谷区本町２丁目１７番１８号	事業リスク管理を含むビジネス解決策を提供する企業	1990年5月に東京都で設立された企業であり、事業リスク管理を含むビジネス解決策を提供しています。同社はセミナー企画・運営事業、市場リサーチ事業、営業支援サービス事業、研修セミナー事業、商品開発アドバイザリー事業などを展開しています。主に人材・アウトソーシング、その他サービス、コンサルティング、セミナー、研究・調査・リサーチ、経営コンサル、その他コンサルの業界で活動しています。	コンサルティング	経営コンサル
株式会社デンタルプロスタッフ	2011001040833	5	https://ws.formzu.net/fgen/S53349436/	http://www.dentalprostaff.jp/		03-3377-7300	1510071	東京都	渋谷区本町３丁目３９番３号ビジネスタワー３階	東京都渋谷区本町３丁目３９番３号ビジネスタワー３階	歯科医院の経営アドバイスを提供する企業	1992年8月に設立された東京都を拠点にする企業です。同社は、歯科医院の経営アドバイスを提供する主な事業として、DM郵送代行、広告物デザイン制作、ポスターデザイン制作、販促企画などを展開しています。広告・制作、人材・アウトソーシング、コンサルティングなどの分野で、幅広い業務を請け負い、販促コンサルや経営コンサルなどのサービスも提供しています。	コンサルティング	経営コンサル
株式会社ホーワス・アジア・パシフィック，ジャパン	2011001043919	3	http://www.greenhouse.co.jp/inquiry/general.html			03-6911-2030	1600023	東京都	新宿区西新宿３丁目２０番２号	東京都新宿区西新宿３丁目２０番２号	ホテル業のコンサルティング企業	東京都に本社を構えるホテル業のコンサルティング企業です。2005年1月に設立され、主にホテル経営支援事業を展開しています。同社はコンサルティングおよび経営コンサル業界において、その専門性と豊富な経験により高い評価を得ています。	コンサルティング	経営コンサル
株式会社アソシアード	2011001045717	5	http://www.asociado.co.jp/request/request.html	http://www.asociado.co.jp	info@asociado.co.jp	03-5475-6821	1500012	東京都	渋谷区広尾５丁目２１番２号	東京都渋谷区広尾５丁目２１番２号	税務会計に特化し、経理業務のコンサルティングを提供する企業	2002年12月に東京都で設立された会社です。同社は税務会計を専門とし、経理業務に関するコンサルティングサービスを提供しています。また、財務監査、税務アドバイザリー、財務アドバイザリー、財務・会計業務のアウトソーシングなど、幅広い業務を展開しています。株式会社アソシアードは、士業、人材・アウトソーシング、コンサルティングなどの業界で活動しています。	コンサルティング	経営コンサル
株式会社しのざき総研	2011001050262	6	http://shino-souken.co.jp/contactus/	https://shino-souken.co.jp/overview/		03-6809-3666	1050004	東京都	港区新橋６丁目１１番８号	東京都港区新橋６丁目１１番８号	銀行や会計事務所、保険などの業界において経営を支援するコンサルティング企業	東京都に位置するコンサルティング企業です。主に銀行や会計事務所、保険などの業界において、経営を支援しています。研修セミナー事業、経営コンサルティング事業、金融機関向けアドバイザリー事業を展開しており、2014年2月に設立されました。主要業界は、人材・アウトソーシング、コンサルティング、セミナー、経営コンサル、その他コンサルです。	コンサルティング	経営コンサル
株式会社情報戦略テクノロジー	2011001059411	406	https://www.is-tech.co.jp/contact/index.html	https://www.is-tech.co.jp/		03-6277-3461	1500013	東京都	渋谷区恵比寿４丁目２０番３号	東京都渋谷区恵比寿４丁目２０番３号	コンサルティングおよび情報システム開発を提供する企業	東京都を拠点に、コンサルティングおよび情報システム開発を提供する企業です。マーケティングコンサルティング事業、物流システムの開発事業、および金融機関用システム開発事業に注力しています。2009年1月23日に設立され、IT、コンサルティング、クラウド系/SaaS/ASPサービス、Webアプリ・サービス運営、販促コンサル、受託開発、経営コンサルなどの業界で活躍しています。	コンサルティング	経営コンサル
株式会社ティーアップ	2011001062935	2	https://te-up.com/contact/	http://te-up.com		03-5464-7848	1500011	東京都	渋谷区東１丁目２７番１号	東京都渋谷区東１丁目２７番１号	飲食店の開業をサポートするコンサルティング企業	東京都に拠点を置くコンサルティング企業です。主に飲食店の開業をサポートしており、営業支援サービス事業、給与処理アウトソーシング事業、財務・会計業務アウトソーシング事業を提供しています。人材・アウトソーシング、コンサルティング、事務処理代行、業務請負、人材派遣、経営コンサル、その他コンサルなど、幅広い業界で活動しています。	コンサルティング	経営コンサル
株式会社ダイレクトマーケティングゼロ	2011001065871	5	https://www.dmzero.co.jp/contact/	https://www.dmzero.co.jp/	info@dmzero.co.jp	03-6407-2231	1510062	東京都	渋谷区元代々木町２２番３号	東京都渋谷区元代々木町２２番３号	ビジネス支援から広告制作までの総合企業	2009年3月1日に東京都に設立された総合企業です。同社は広告クリエイティブ事業とビジネスリサーチ事業を中心に展開しており、広告制作やビジネス支援などの幅広いサービスを提供しています。また、広告・制作、コンサルティング、総合広告代理店などの業界で活動しています。	コンサルティング	経営コンサル
株式会社ＩＡＬ	2011001066218	5	http://ial-cpa.jp/form	http://www.ial-cpa.jp/		03-6450-2393	1500022	東京都	渋谷区恵比寿南３丁目４番１６号	東京都渋谷区恵比寿南３丁目４番１６号	会計・財務コンサルティングを提供し、税理士事務所も運営する企業	東京都に拠点を置き、会計・財務コンサルティングを提供し、税理士事務所も運営する企業です。主な業務には財務監査サービス、税務アドバイザリー事業、保険アドバイザリー事業、会計・税務アドバイザリー事業、財務・会計業務アウトソーシング事業が含まれます。ＩＡＬは士業、人材・アウトソーシング、コンサルティングなどの多岐にわたる産業での経験と専門知識を活かし、税理士、監査法人、会計士、財務コンサルなどのニーズに対応しています。	コンサルティング	財務コンサル
株式会社ピーアイティー＆インジェニ	2011001069988	1	https://sec18.alpha-lt.net/pit-n.co.jp/contact.php	http://www.pit-n.co.jp/page/organization		050-7518-1129	2210052	神奈川県	横浜市神奈川区栄町１０番地３５ザ・ヨコハマタワーズＥ２４０２号	神奈川県横浜市神奈川区栄町１０番地３５ザ・ヨコハマタワーズＥ２４０２号	マーケティング支援企業	2006年に神奈川県で設立されたマーケティング支援企業です。同社は販売アドバイザリー事業、事務機器製造事業、マーケティングコンサルティング事業、印刷機器製造事業を主な業務としており、機械、小売・販売・卸売、コンサルティング等の多岐にわたる業界で活動しています。株式会社ピーアイティーは、幅広い事業領域をカバーし、クライアントのビジネス成果を支えるためのソリューションを提供しています。	コンサルティング	経営コンサル
株式会社ウェブゼイムジャパン	2011001071481	0	http://webzeimujapan.co.jp/contact.html	https://web016.com/webzeimujapan/	info@webzeimujapan.co.jp	03-5953-1953	1500013	東京都	渋谷区恵比寿４丁目２０番３号恵比寿ガーデンプレイスタワー１８階	東京都渋谷区恵比寿４丁目２０番３号恵比寿ガーデンプレイスタワー１８階	中小企業や個人事業主向けに税務や財務アドバイスを提供する企業	東京都に拠点を置く中小企業や個人事業主向けに税務や財務アドバイスを提供する企業です。また、研修セミナー事業、店舗マネジメントアウトソーシング事業、財務・会計業務アウトソーシング事業、経営研修事業なども展開しています。主な業界は人材・アウトソーシング、コンサルティング、営業代行・販売代行、企業研修、セミナー、事務処理代行、財務コンサル、業務請負、人材派遣、経営コンサルです。	コンサルティング	財務コンサル
株式会社トラストゲート	2011001095043	13	https://trustgate.co.jp/contact.html	https://trustgate.co.jp/trustgate/	info@trustgate.co.jp	03-5326-6110	1600023	東京都	新宿区西新宿６丁目１８番１号	東京都新宿区西新宿６丁目１８番１号	企業グループの経営管理や事業用建物の運営を行う企業	東京都に所在する企業です。2013年5月に設立され、不動産やコンサルティング業界において、企業グループの経営管理や事業用建物の運営、ビルマネジメント事業や経営コンサルティング事業を提供しています。主な業務は不動産、コンサルティング、不動産管理、経営コンサルの分野において展開されています。	コンサルティング	経営コンサル
株式会社ＭＲＫ	2011001097080	1	http://mrk-consultant.com/contact.html	http://mrk-consultant.com		03-5358-9820	1460094	東京都	大田区東矢口２丁目１２番８号	東京都大田区東矢口２丁目１２番８号	企業集客コンサルティングを提供する企業	東京都に位置する企業であり、2013年10月に設立されました。主に、企業集客コンサルティングを提供することを目的としており、営業支援サービス事業とシステムインテグレーション事業に従事しています。業界としては、IT、コンサルティング、Webアプリ・サービス運営、経営コンサル、その他コンサルなどが挙げられます。	コンサルティング	経営コンサル
ミネルバ株式会社	2011001106592	1	https://mnrv.jp/contact/	http://mnrv.jp	info@mnrv.jp	03-6478-9749	1520012	東京都	目黒区洗足１丁目２６－１－２０２	東京都目黒区洗足１丁目２６－１－２０２	電子同人誌・コミックの経営コンサルティング専門企業	2015年7月に東京都に設立された電子同人誌・コミックの経営コンサルティング専門企業です。同社は広告・制作、小売・販売・卸売、コンサルティング、書籍・メディア販売、デザイン、経営コンサルの業界で活動しており、デジタル漫画の配信・販売事業にも取り組んでいます。	コンサルティング	経営コンサル
ウエステルスコンサルティング株式会社	2011001106948	1	http://westails.com/contact/	https://westails.com/		03-6869-2367	1500013	東京都	渋谷区恵比寿１丁目１５番９号	東京都渋谷区恵比寿１丁目１５番９号	映像関連の設計やコンサルティングを提供する企業	東京都に位置する企業であり、映像関連の設計やコンサルティングを提供しています。2015年8月に設立され、生活用品、製造、コンサルティング、防犯機器、音響・映像機器、経営コンサルの業界に関与しています。主な業務には、映像機器販売業、セキュリティ機器製造事業、ビデオプロダクション事業、監視システム製造事業などがあります。	コンサルティング	経営コンサル
株式会社Ｄｏｅｒ	2011001107863	1	https://www.doers.co.jp/contact/	https://www.doers.co.jp/	info@doer.main.jp	03-5304-5778	1510071	東京都	渋谷区本町４丁目２２番１０号パークハビオ渋谷本町レジデンス１０１１	東京都渋谷区本町４丁目２２番１０号パークハビオ渋谷本町レジデンス１０１１	飲食店コンサルティング企業	2005年10月に東京都で設立された飲食店コンサルティング企業です。主にIT、コンサルティング、Webマーケコンサル、経営コンサルの業界で活動しており、Webマーケティング支援事業に特化しています。	コンサルティング	経営コンサル
ＡＩＤホールディングス株式会社	2011001115008	1	https://pelipo.co.jp/contact/	https://aid-hd.com	info@pelipo.co.jp	03-6822-5405	1070052	東京都	港区赤坂８丁目４－１４青山タワープレイス８Ｆ	東京都港区赤坂８丁目４－１４青山タワープレイス８Ｆ	ビジネスのマーケティングや資産形成のサポートを提供している会社	2017年2月23日に設立された東京都を拠点とする会社です。同社はビジネスのマーケティングや資産形成のサポートを提供しており、主な業務にはマーケティングコンサルティング事業、営業支援サービス事業、投資アドバイザリー事業があります。また、同社はコンサルティング、販促コンサル、資産運用コンサル、経営コンサルなど、多岐にわたるコンサルティング関連業務を展開しています。	コンサルティング	経営コンサル
有限会社ビーエイチ	2011002032549	2	https://www.b---h.com/contact/	https://www.b---h.com		03-5774-6583	1570073	東京都	世田谷区砧１丁目１７番２０－４０３号	東京都世田谷区砧１丁目１７番２０－４０３号	ヘアサロン立ち上げ支援企業	東京都に拠点を置くヘアサロン立ち上げ支援企業であり、2000年7月に設立されました。同社は、コンサルティングと経営コンサルの分野で活動しており、ヘアサロン経営に関する包括的な支援を提供しています。	コンサルティング	経営コンサル
株式会社東京コンサルティンググループ	2011101014935	0	https://kuno-cpa.co.jp/contact-form/	http://kuno-cpa.co.jp		03-5369-2930	1690051	東京都	新宿区西早稲田２丁目３番２０号西早稲田ビル２階	東京都新宿区西早稲田２丁目３番２０号西早稲田ビル２階	経営やグローバル展開をサポートする企業コンサルタント企業	1998年7月に設立された東京都を拠点に活動する企業コンサルタント企業です。同社は経営やグローバル展開をサポートし、海外ビジネスアドバイザリー事業や経営コンサルティング事業を展開しています。金融、人材・アウトソーシング、コンサルティング、人材紹介、財務コンサル、事業者金融、人材派遣、経営コンサル、その他コンサルの各業界において幅広いサービスを提供しています。	コンサルティング	経営コンサル
桜葉コンサルティング株式会社	2011101025627	2	http://chinawork.co.jp/script/mailform/info/	http://www.chinawork.co.jp/	info@chinawork.co.jp	03-3352-3455	1600022	東京都	新宿区新宿２丁目４番９号	東京都新宿区新宿２丁目４番９号			コンサルティング	経営コンサル
株式会社タイムビー・エス・シー	2011101034181	0	http://timebsc.com/cntct.html	http://timebsc.com/index.html		03-5989-0511	1600023	東京都	新宿区西新宿６丁目２６番９号宝栄成子坂ビル９階	東京都新宿区西新宿６丁目２６番９号宝栄成子坂ビル９階	中小企業にコンサルティングやシステム開発を提供する企業	東京都に拠点を置く中小企業にコンサルティングやシステム開発を提供する企業です。2002年9月に設立されました。広告・制作、人材・アウトソーシング、コンサルティング、セミナー、デザイン、経営コンサルの産業分野で活動しています。また、研修セミナー事業も展開しています。	コンサルティング	経営コンサル
株式会社総合コンサルティングオアシス	2011101034743	0	https://www.oasis3.com/contact/	https://www.oasis3.com/	oasis@oasis3.com	03-3205-3447	1690051	東京都	新宿区西早稲田２丁目２－３コートブリーズ早稲田１００１	東京都新宿区西早稲田２丁目２－３コートブリーズ早稲田１００１	新規事業や研究開発のコンサルティングを提供する企業	1988年3月に東京都で設立された企業で、新規事業や研究開発のコンサルティングを提供しています。主に人材・アウトソーシング、コンサルティング、総合系コンサルティング、企業研修の分野で活動しています。	コンサルティング	総合系コンサル
株式会社ゼロメディカル	2011101045864	152	http://zeromedical.tv/contact/	https://zeromedical.tv/		03-5725-8100	1050001	東京都	港区虎ノ門４丁目３番９号	東京都港区虎ノ門４丁目３番９号	医療施設のビジネスアドバイザー企業	2005年9月に東京都に設立された医療施設のビジネスアドバイザー企業です。同社は、Webマーケティング支援事業、インターネットポータルサイト運営事業、デイサービス施設の経営・運営を行っています。主要な業界は医療・製薬・福祉、広告・制作、IT、コンサルティングであり、Webマーケコンサル、Webアプリ・サービス運営、デザイン、その他医療・福祉、経営コンサルなどの事業を展開しています。	コンサルティング	経営コンサル
アイシーシー株式会社	2011101047720	1	http://i-cc.co.jp/contact.html	http://i-cc.co.jp/		03-3350-9961	1600022	東京都	新宿区新宿１丁目１９番１０号	東京都新宿区新宿１丁目１９番１０号	上場企業や中規模企業に会計と税務申告に関するコンサルティングや連結決算支援を提供する企業	東京都を拠点に、上場企業や中規模企業に税務と会計に関するコンサルティングや連結決算支援を提供している企業です。同社は税務アドバイザリー事業、財務アドバイザリー事業、税金対策事業、財務・会計業務アウトソーシング事業、および税務申告書作成事業を行っています。主要業種は士業、人材・アウトソーシング、コンサルティングであり、税理士、財務コンサル、および人材派遣といった専門知識を持つ人材がチームを構成しています。	コンサルティング	財務コンサル
株式会社効率化研究所	2011101064303	1	https://www.koritsuka-kenkyujo.jp/%E3%81%8A%E5%95%8F%E3%81%84%E5%90%88%E3%82%8F%E3%81%9B/	https://www.kouritsuka.biz/	info@koritsuka-kenkyujo.jp	03-5904-8240	1690075	東京都	新宿区高田馬場３丁目３１番３号	東京都新宿区高田馬場３丁目３１番３号	文書作成や業務効率化の支援を提供する企業	2012年8月に東京都で設立された人材・アウトソーシング、コンサルティングの企業です。主な業務は文書作成代行事業であり、文書作成や業務効率化の支援を提供しています。また、事務処理代行や業務請負、経営コンサルなども行っており、幅広いサービスを提供しています。	コンサルティング	経営コンサル
株式会社メンタルパワーズ	2011101065714	1	http://mental-powers.com/contact/index.html	https://www.mental--powers.com/company-profile/	info@mental-powers.com	03-5615-9475	1640003	東京都	中野区東中野４丁目２０番１９号	東京都中野区東中野４丁目２０番１９号	企業や営業職に対してコンサルティングを提供する企業	2013年2月に設立された東京都を拠点とする企業で、企業や営業職に対してコンサルティングを提供しています。主な事業は営業支援サービス事業、研修セミナー事業、音楽ディスク販売業であり、人材・アウトソーシング、小売・販売・卸売、コンサルティング、セミナー、CD・レコード販売、経営コンサル、その他コンサルなどの業界で活動しています。	コンサルティング	経営コンサル
株式会社アトムズ	2011101067025	9	http://www.atmz.co.jp/contact.html	https://atmz.co.jp/company/		03-3288-8225	1020073	東京都	千代田区九段北４丁目３番２６号	東京都千代田区九段北４丁目３番２６号	企業がビジネス相談やM&Aのサポートを提供する業界企業	東京都に拠点を置くコンサルティング業界の企業であり、2013年6月に設立されました。主に企業に対してビジネス相談やM&Aのサポートを提供しており、経営コンサルの専門家たちがクライアントの成長と成功をサポートしています。	コンサルティング	経営コンサル
株式会社クラウドコンサルティング	2011101070887	3	http://crowd-consulting.co.jp/?page_id=21	https://crowd-consulting.co.jp/		03-6300-4577	1510053	東京都	渋谷区代々木２丁目１６番１５号	東京都渋谷区代々木２丁目１６番１５号	不動産、人材、コンサルティングの3事業を展開する企業	東京都を拠点とし、不動産、人材、コンサルティングの3事業を展開する企業です。2014年8月に設立され、コンサルティング、販促コンサル、経営コンサル、不動産コンサルを業界としています。同社は販促企画事業を主な業務としており、顧客のニーズに合わせた効果的なプロモーション戦略を提案しています。	コンサルティング	経営コンサル
株式会社ｈａｐｉ－ｒｏｂｏ　ｓｔ	2011101077536	4	https://www.hapi-robo.com/contact	https://www.hapi-robo.com			1580082	東京都	世田谷区等々力６丁目２７番１７号	東京都世田谷区等々力６丁目２７番１７号	人材育成によりロボット化、自動化を促進する企業	2016年7月11日に東京都に設立された企業です。同社は、人材育成を通じてロボット化や自動化の促進に取り組んでおり、主にシステムインテグレーション事業を展開しています。IT、コンサルティング、Webアプリ・サービス運営、経営コンサルの業界で活動しています。	コンサルティング	経営コンサル
株式会社リンクボックス	2011101081265	0	https://www.linkbox.jp/contact	https://www.linkbox.jp/company		03-6870-7248	1500041	東京都	渋谷区神南１丁目１１－４ＦＰＧリンクス神南５階	東京都渋谷区神南１丁目１１－４ＦＰＧリンクス神南５階	ビジネス相談支援をしている企業	東京都に拠点を置くビジネス相談支援企業です。2017年7月31日に設立され、主にマーケティングコンサルティング事業、営業支援サービス事業、およびビジネスコンサルティング事業を展開しています。人材・アウトソーシング、コンサルティング、販促コンサル、コールセンター、経営コンサルなど、幅広い業界においてサービスを提供しています。	コンサルティング	経営コンサル
Ｒｅ　Ｆｏｒｃｅ株式会社	2011101093426	8	https://www.reforce.co.jp/contact-3/	https://reforce.co.jp	Info@reforce.co.Jp	03-6821-1005	1600023	東京都	新宿区西新宿７丁目２２－２９エスポワール富士７階７０１	東京都新宿区西新宿７丁目２２－２９エスポワール富士７階７０１			コンサルティング	経営コンサル
株式会社テスティファイ	2011201011130	1	https://testify.co.jp/contact/	https://testify.co.jp/corporate/			1070062	東京都	港区南青山２丁目２番８号	東京都港区南青山２丁目２番８号	中小企業経営者のための戦略コンサルティングを提供する、デジタルマーケティングを中心とした企業	東京都に拠点を置き、2006年4月に設立された中小企業経営者向けの戦略コンサルティング会社です。デジタルマーケティングを中心とした企業であり、マーケティングコンサルティング事業、営業支援サービス事業、Webマーケティング支援事業、人材戦略コンサルティング事業を提供しています。主な業界はIT、コンサルティングであり、Webマーケティングコンサル、販促コンサル、組織コンサル、経営コンサルなどの幅広いコンサルティングにも対応しています。	コンサルティング	経営コンサル
ワッツコンサルティング株式会社	2011301007986	0	http://www.wats-consulting.com/inquiry.html	http://www.wats-consulting.com/index.php		03-3392-4065	1790083	東京都	練馬区平和台３丁目１番７号－４０２	東京都練馬区平和台３丁目１番７号－４０２	ビジネスコンサルタント	東京都に本拠地を構えるビジネスコンサルティング企業です。同社は2001年に設立され、データ管理システム構築事業、マーケティングコンサルティング事業、市場リサーチ事業を展開しています。IT、人材・アウトソーシング、その他サービス、コンサルティング、Webアプリ・サービス運営、企業研修、販促コンサル、研究・調査・リサーチ、経営コンサルなどの多岐にわたる業界で幅広いサービスを提供しています。	コンサルティング	経営コンサル
株式会社リアルエージェント	2011301019949	1	http://real-agent.bz/contact/contact.html	https://real-agent.bz/company/company.html	info@real-agent.bz	03-6803-6429	1010047	東京都	千代田区内神田１丁目１７－５荻原ビル７Ｆ	東京都千代田区内神田１丁目１７－５荻原ビル７Ｆ	店舗の位置調査や収益予測に関するコンサルティングを提供する企業	東京都を拠点に、店舗の位置調査や収益予測に関するコンサルティングを提供している企業です。販売アドバイザリー事業、市場リサーチ事業、交通渋滞調査事業など、幅広い領域で活動しています。その他サービス、コンサルティング、販促コンサル、研究・調査・リサーチ、経営コンサルの業界で活躍しています。	コンサルティング	経営コンサル
技研ホールディングス株式会社	2011301023802	0	http://www.giken-hd.co.jp/form/CP15151157103331/page10	http://www.giken-hd.co.jp/page2/		03-6635-1839	1010042	東京都	千代田区神田東松下町１７番地	東京都千代田区神田東松下町１７番地	建設関連グループの経営管理企業	東京都に位置する建設関連グループの経営管理企業です。2018年01月17日に設立され、人材・アウトソーシング、コンサルティング、業務請負、経営コンサルの業界でグループ企業経営事業を展開しています。	コンサルティング	経営コンサル
株式会社ＳＭＣ	2011401014445	1	http://www.smc-c.co.jp/contact.html	http://www.smc-c.co.jp	info@smc-c.co.jp	03-5915-2327	1740056	東京都	板橋区志村１丁目３２番９号クリエイトビル３Ｆ	東京都板橋区志村１丁目３２番９号クリエイトビル３Ｆ	企業の経営に関するアドバイスやサポートを提供するコンサルティング企業	東京都を拠点に、企業の経営に関するアドバイスやサポートを提供するコンサルティング企業です。主な事業には、マーケティングコンサルティング事業、営業支援サービス事業、Webマーケティング支援事業、人材戦略コンサルティング事業などがあります。2009年10月に設立され、主にIT、人材・アウトソーシング、コンサルティングなどの業界で活動しています。	コンサルティング	経営コンサル
株式会社ブランティグレ	2011401018363	2	http://btig.jp/#contact	http://btig.jp		03-6751-5718	1750083	東京都	板橋区徳丸１丁目１９番１３号	東京都板橋区徳丸１丁目１９番１３号			コンサルティング	経営コンサル
株式会社大文字	2011501017645	24	http://www.dmnj.co.jp/contact/index.php	http://www.dmnj.co.jp/	reception@dmnj.co.jp	03-6807-7251	1160012	東京都	荒川区東尾久１丁目５番２３号	東京都荒川区東尾久１丁目５番２３号	セールスプロモーション事業を主に展開する製品提供企業	東京都に拠点を置くセールスプロモーション事業を主に展開する製品提供企業です。同社は販売アドバイザリー事業、Webマーケティング支援事業、清掃関連商品販売事業、照明設備販売事業、販売促進用品製作事業、プロモーショングッズ開発業、販促企画事業を行っています。業界としては生活用品、IT、エンタメ・娯楽、人材・アウトソーシング、小売・販売・卸売、コンサルティング、Webマーケコンサル、業務請負、販促コンサル、清掃用器具・用品、グッズ制作・グッズ販売、経営コンサル、照明器具、家具販売に関与しています。	コンサルティング	経営コンサル
株式会社フルスロットル	2011601015623	1	http://ftl1.sakura.ne.jp/contact/	https://ftl1.sakura.ne.jp/company/	info@fullthrottle.co.jp	03-6418-5320	1500011	東京都	渋谷区東１丁目３番１号常盤松ロイアルハイツ７０１	東京都渋谷区東１丁目３番１号常盤松ロイアルハイツ７０１	ブランディング戦略専門のコンサルティング企業	東京都を拠点とするブランディング戦略専門のコンサルティング企業です。2010年1月20日に設立され、広告・制作、IT、コンサルティングなどの業界において、ウェブアプリケーション開発事業、クラウドアプリケーション開発事業、Webマーケティング支援事業、ビデオプロダクション事業、デザイン制作事業などを展開しています。	コンサルティング	経営コンサル
メデル株式会社	2011601022082	0	http://medl.co.jp/contact/	http://medl.co.jp/			1760005	東京都	練馬区旭丘２丁目１７番１号	東京都練馬区旭丘２丁目１７番１号	コーチングと占星術を使った経営アドバイザリーを提供している企業	東京都を拠点に、コーチングと占星術を使った経営アドバイザリーを提供している企業です。2017年9月25日に設立され、エンタメ・娯楽、コンサルティング、占い、経営コンサルの産業で活動しています。主な事業は、占いコンテンツ提供事業と占いサービス提供事業です。	コンサルティング	経営コンサル
株式会社東和	2011701005697	48	http://www.towa22.co.jp/contact01.php	https://www.towa22.co.jp/		03-3687-7893	1340091	東京都	江戸川区船堀３丁目９番４号	東京都江戸川区船堀３丁目９番４号	サロン経営コンサル企業	東京都に拠点を置くサロン経営コンサル企業です。同社は市場リサーチ事業、研修セミナー事業、美容品卸売事業、経営管理システム開発・提供事業に従事しています。また、建設、広告・制作、IT、人材・アウトソーシング、エンタメ・娯楽、その他サービス、商社、小売・販売・卸売、コンサルティング、広告運用コンサル、Webアプリ・サービス運営、Web制作、セミナー、美容グッズ販売、イベント、日用品・化粧品商社、研究・調査・リサーチ、経営コンサル、インテリア系デザインの各業界にも関与しています。	コンサルティング	経営コンサル
株式会社ＭＯＧＩＴＡＴｅ	2011801039034	2	https://mogitate.co.jp/contact/	https://mogitate.co.jp/	info@mogitate.co.jp	090-8111-1248	1210064	東京都	足立区保木間４丁目１１番２０号	東京都足立区保木間４丁目１１番２０号			コンサルティング	経営コンサル
ヒーズ株式会社	2012401014955	2	https://www.heeze.co.jp/contact	https://www.heeze.co.jp/	info@heeze.co.jp	03-4477-5608	1020085	東京都	千代田区六番町６番地４	東京都千代田区六番町６番地４	経営者向け成長支援コンサルティングを提供する企業	2006年7月に設立され、東京都を拠点に経営者向け成長支援コンサルティングを提供しています。同社の主な事業には、マーケティングコンサルティング事業、セミナー企画・運営事業、研修セミナー事業があります。ヒーズ株式会社は、人材・アウトソーシング、コンサルティング、セミナー、販促コンサル、経営コンサルなどの業界で活動を行っています。	コンサルティング	経営コンサル
株式会社ＨＩＤ	2012401037816	1	https://www.hid-holding.com/	https://www.hid-holding.com/	h-yamauchi@phe.jp	0422-36-0199	1500031	東京都	渋谷区桜丘町２３番１７号シティコート桜丘４０８	東京都渋谷区桜丘町２３番１７号シティコート桜丘４０８			コンサルティング	総合系コンサル
トリプルエーマシン株式会社	2012701008698	2	https://www.aaamachine.co.jp/profile/index-inquiry-top.html	https://www.aaamachine.co.jp/company.html	aaamachine@aaamachine.co.jp	03-6874-6481	1880014	東京都	西東京市芝久保町３丁目１番３３号	東京都西東京市芝久保町３丁目１番３３号	海外展開を支援する、粒子状の機器を製造する企業専門	2007年4月に設立された東京都を拠点にする企業です。同社は海外展開を支援し、粒子状の機器を製造することを専門としており、マーケティングコンサルティング事業や営業支援サービス事業を展開しています。主な業界はコンサルティングであり、販促コンサル、経営コンサル、その他コンサルに従事しています。	コンサルティング	経営コンサル
株式会社天音	2013201017578	112	http://www.amane.co.jp/contact/	http://www.amane.co.jp/about/company/		03-6303-9201	1530062	東京都	目黒区三田２丁目２番１５号	東京都目黒区三田２丁目２番１５号			コンサルティング	経営コンサル
株式会社ＡＲＣ　Ｍａｎａｇｅｍｅｎｔ	2013201018238	0	http://arc-management.jp/contact	http://arc-management.jp/	info@arc-management.jp	03-6435-8157	1500013	東京都	渋谷区恵比寿４丁目２０番３号	東京都渋谷区恵比寿４丁目２０番３号	独立や起業をサポートする企業で、経営コンサルティングやマーケティングを提供している企業	2011年7月に東京都に設立された独立や起業をサポートする企業です。経営コンサルティングやマーケティングを提供し、マーケティングコンサルティング事業、セミナー企画・運営事業、研修セミナー事業、人材採用支援事業を展開しています。主な業界は人材・アウトソーシング、コンサルティング、セミナー、販促コンサル、その他人材、経営コンサルです。	コンサルティング	経営コンサル
ＫＵＲＯＣＯ株式会社	2013201018840	18	http://www.pluslead-inc.com/contact/	https://kuroco.team/aboutus/	info@pluslead-inc.com	03-5843-8400	2210052	神奈川県	横浜市神奈川区栄町５番地１横浜クリエーションスクエア１４階	神奈川県横浜市神奈川区栄町５番地１横浜クリエーションスクエア１４階	データマーケティングの支援を行う企業	神奈川県に本社を構えるデータマーケティングの支援を行う企業です。2012年1月に設立され、マーケティングコンサルティング事業、アンケート調査代行事業、データ解析事業、Webマーケティング支援事業を展開しています。主な業界はIT、人材・アウトソーシング、コンサルティング、Webマーケコンサルであり、その他IT、業務請負、販促コンサル、経営コンサルなどにも関与しています。	コンサルティング	経営コンサル
有限会社ガイア	2013202001705	2	http://www.gaiainc.co.jp/inquiries.html	https://www.gaiainc.co.jp/information.html	info@gaiainc.co.jp	03-5459-3595	1530042	東京都	目黒区青葉台１丁目１６番１２号	東京都目黒区青葉台１丁目１６番１２号	海外進出や交渉の代行を請け負うブランド支援企業	1997年に東京都に設立されたブランド支援企業です。同社は海外進出や交渉の代行を請け負い、市場リサーチ事業、海外ビジネスアドバイザリー事業、英語翻訳事業などを展開しています。主な業界は人材・アウトソーシング、その他サービス、コンサルティング、業務請負、翻訳・通訳、研究・調査・リサーチ、経営コンサル、その他コンサルとなっています。	コンサルティング	経営コンサル
株式会社ビズパートナーズ	2013301024672	1	http://www.biz-partners.biz/contact.html	http://www.biz-partners.biz/company1.html			1710022	東京都	豊島区南池袋３丁目１３番９号	東京都豊島区南池袋３丁目１３番９号	経営や会計について相談できる企業	2007年8月に東京都で設立された士業とコンサルティング企業です。同社は、経営や会計に関する相談を受けることができます。主な事業としては、税務アドバイザリー事業と会計・税務アドバイザリー事業を展開しています。ビズパートナーズは、税理士、会計士、経営コンサルなどの専門家から構成され、クライアントに幅広いサービスを提供しています。	コンサルティング	経営コンサル
株式会社エヴリス	2013301028525	7	https://www.everys.co.jp/contact/	https://www.everys.co.jp/corporate/		03-5953-2425	1710022	東京都	豊島区南池袋２丁目４７番１３号	東京都豊島区南池袋２丁目４７番１３号	カーレンタル事業のアドバイザリーや広告制作を手がける企業		コンサルティング	経営コンサル
株式会社ビズユナイテッド	2013301030935	6	https://bizunited.jp/contact	https://bizunited.jp/	information@bizuinted.jp	03-5928-1588	1700013	東京都	豊島区東池袋５丁目７番４号	東京都豊島区東池袋５丁目７番４号	旅館やホテルの経営アドバイスをする企業	東京都を拠点にする企業で、主に旅館やホテルの経営アドバイスを提供しています。2009年10月に設立された同社は、マーケティングコンサルティング事業、Webマーケティング支援事業、ホテル経営支援事業、経営研修事業を展開しており、IT、人材・アウトソーシング、コンサルティング、Webマーケコンサル、企業研修、販促コンサル、経営コンサルの業界で活動しています。	コンサルティング	経営コンサル
事業承継センター株式会社	2013301031520	3	http://www.jigyousyoukei.co.jp/contact/	http://www.jigyousyoukei.co.jp/	info@jigyousyoukei.co.jp	03-5408-5506	1050011	東京都	港区芝公園３丁目５番８号機械振興会館５１８号	東京都港区芝公園３丁目５番８号機械振興会館５１８号	企業に事業承継のサポートを提供するコンサルティング事業者	東京都を拠点に活動する、企業に事業承継のサポートを提供するコンサルティング事業者です。同社は、マーケティングコンサルティング事業、ビジネス承継支援事業、研修セミナー事業、および相続アドバイザリー事業を行っています。主な業界は人材・アウトソーシング、その他サービス、コンサルティング、企業研修、セミナー、販促コンサル、資産運用コンサル、経営コンサルなどです。	コンサルティング	経営コンサル
田邊ホールディングス株式会社	2020001057531	6	http://www.tanabe-holdings.co.jp/contact/contact.php	http://www.tanabe-holdings.co.jp/about.html	info@tanabe-holdings.co.jp	045-317-6658	2200004	神奈川県	横浜市西区北幸２丁目９番３０号横浜西口加藤ビル６Ｆ	神奈川県横浜市西区北幸２丁目９番３０号横浜西口加藤ビル６Ｆ	グループ会社に経営支援を提供する企業	神奈川県に拠点を置く企業であり、グループ会社に対して経営支援を提供しています。同社は主にビルマネジメント事業、オフィスビル賃貸事業、そしてグループ企業経営事業を展開しており、不動産、コンサルティング、不動産管理、経営コンサル、不動産賃貸・仲介の業界に注力しています。	コンサルティング	経営コンサル
株式会社つづきビジネスサポート	2020001063430	1	http://tsuzuki-bs.net/reference	https://tsuzuki-bs.net/		045-949-5501	2240037	神奈川県	横浜市都筑区茅ケ崎南３丁目１５番９号ＭＦＩビル４Ｆ	神奈川県横浜市都筑区茅ケ崎南３丁目１５番９号ＭＦＩビル４Ｆ			コンサルティング	財務コンサル
株式会社エムケイビューティープランニング	2020001079583	0	http://form1.fc2.com/form/?id=759954	http://mkbp.web.fc2.com/		044-276-9233	2100002	神奈川県	川崎市川崎区榎町１０番地２	神奈川県川崎市川崎区榎町１０番地２	美容業界の経営コンサルティングや化粧品の開発・販売を行う企業	2000年7月に設立された神奈川県を拠点にする、美容業界の経営コンサルティングや化粧品の開発・販売を行う企業です。同社は、美容商品販売事業、商業施設建築事業、店舗設計事業を手掛けており、主要な業界は建設、小売・販売・卸売、コンサルティング、商業施設・店舗・公共施設建設、美容グッズ販売、化粧品販売、商業施設企画・設計、経営コンサルです。	コンサルティング	経営コンサル
マネジメントデザイン株式会社	2020001085805	1	http://www.saquo-consulting.co.jp/index.php/contact/	http://www.saquo-consulting.co.jp		045-392-5741	2470012	神奈川県	横浜市栄区若竹町６番９号	神奈川県横浜市栄区若竹町６番９号	経営とECのコンサルティングを提供する企業	神奈川県に拠点を置く経営とECのコンサルティングを提供する企業です。セミナー企画・運営事業、研修セミナー事業、商品開発事業を展開しており、2010年5月に設立されました。主な業界は人材・アウトソーシング、その他サービス、コンサルティング、企業研修、セミナー、経営コンサルなどです。	コンサルティング	経営コンサル
スカイウォールパートナーズ株式会社	2020001094483	0	http://skywallpartners.com/contact/	http://skywallpartners.com/company/	info@skywallpartners.com		2160011	神奈川県	川崎市宮前区犬蔵１丁目１７番１５号	神奈川県川崎市宮前区犬蔵１丁目１７番１５号	企業の経営支援や起業支援、研修などを行う企業	2011年2月に神奈川県に設立された企業です。主な事業は、企業の経営支援や起業支援、研修などを行っており、営業支援サービス事業や企業内トレーニングアウトソーシング事業を展開しています。また、人材やアウトソーシング、コンサルティング、企業研修、起業コンサル、経営コンサルなどの多岐にわたる業界で活動を行っています。	コンサルティング	経営コンサル
株式会社日小田コンサルティング	2020001097379	1	https://www.hioda.jp/contact/contact.html	https://hioda.jp/company-profile	masato@hioda.jp	045-352-7650	2350041	神奈川県	横浜市磯子区栗木１丁目１５番２０号	神奈川県横浜市磯子区栗木１丁目１５番２０号	経営アドバイザーが、事業主や個人に支援を提供している企業	神奈川県を拠点に経営アドバイザーが、事業主や個人に支援を提供している企業です。2010年に設立され、エンタメ・娯楽、教育、コンサルティング、イベント、組織コンサル、経営コンサル、教材の業界において、イベントプランニング事業、教材制作事業、人材戦略コンサルティング事業、教育教材制作事業を展開しています。	コンサルティング	経営コンサル
有限会社オールウェイズ	2020002062910	5	https://www.al-ways.com/contact	http://www.al-ways.com/	info@al-ways.com	045-271-6523	2240057	神奈川県	横浜市都筑区川和町２４０８番地１	神奈川県横浜市都筑区川和町２４０８番地１	アンティークランプの修理専門企業	神奈川県に拠点を置くアンティークランプの修理専門企業です。2001年に設立され、インテリア小物販売事業、インテリアショップ運営事業、インテリア小物製造事業、照明器具製造事業、照明設備販売事業などを展開しています。主な業界は生活用品、IT、小売・販売・卸売、コンサルティング、家具・インテリア、雑貨販売、経営コンサル、eコマース、照明器具です。	コンサルティング	経営コンサル
有限会社マネジメント・ダイナミクス	2020002075128	1	http://www.management-dynamics.co.jp/contact.html	http://www.management-dynamics.co.jp		045-788-4725	2360037	神奈川県	横浜市金沢区六浦東３丁目２５番２２号	神奈川県横浜市金沢区六浦東３丁目２５番２２号	企業に経営戦略や人材育成のアドバイスを提供するサービスを提供している会社	神奈川県に所在する企業に経営戦略や人材育成のアドバイスを提供するサービスを提供している会社です。2005年4月に設立され、企業内トレーニングアウトソーシング事業や経営研修事業などを展開しています。主要な業種は人材・アウトソーシング、コンサルティング、企業研修、製造業コンサル、経営コンサルです。	コンサルティング	経営コンサル
アッパーエンデバー合同会社	2020003005141	1	http://www.upperendeavour.co.jp/contact/	http://www.upperendeavour.co.jp	info@upperendeavour.co.jp	090-4286-7451	2200072	神奈川県	横浜市西区浅間町１丁目４番３号ウィザードビル４０２	神奈川県横浜市西区浅間町１丁目４番３号ウィザードビル４０２	企業が経営コンサルティングや事務処理などを行う企業	神奈川県に拠点を置き、企業の経営コンサルティングや事務処理などを提供しています。また、セミナー企画・運営事業や出版事業も展開しており、人材・アウトソーシング、コンサルティング、メディア・出版など、多岐にわたる業界で活動しています。アッパーエンデバー合同会社の主な業務は、企業研修、セミナー、事務処理代行、出版、人材派遣、経営コンサルなどです。	コンサルティング	経営コンサル
リトルヘルプ合同会社	2020003011874	0	http://littlehelp.jp/contact	https://littlehhelp-llc.square.site/	admin@littlehelp.jp		2330013	神奈川県	横浜市港南区丸山台２丁目３８番地２の６	神奈川県横浜市港南区丸山台２丁目３８番地２の６	店舗運営に関するコンサルティングを提供する企業	2016年10月7日に設立された神奈川県に拠点を置く会社です。同社は店舗運営に関するコンサルティングを提供し、イベントプランニング事業や講義者派遣事業も展開しています。主にIT、人材・アウトソーシング、エンタメ・娯楽、コンサルティング、Webアプリ・サービス運営、イベント、人材派遣、経営コンサルの業界にて事業を展開しています。	コンサルティング	経営コンサル
株式会社ジャパンフレッシュ	2021001007922	0	https://japanfresh.org/toiawase/	https://japanfresh.org	info@japanfresh.com	0467-86-7707	2530056	神奈川県	茅ヶ崎市共恵２丁目２－２３	神奈川県茅ヶ崎市共恵２丁目２－２３	経営者や起業家向けのコンサルティングで、経営や集客支援を行っている企業	神奈川県に拠点を置き、経営者や起業家向けのコンサルティング事業を展開しています。同社の主な業務は、Webマーケティング支援、検索エンジン最適化対策、販促企画などです。2005年に設立されたジャパンフレッシュは、広告・制作、IT、コンサルティングなどの多岐にわたる業界で活躍し、幅広いサービスを提供しています。	コンサルティング	経営コンサル
株式会社プライム・インデックス	2021001015628	43	http://www.prime-index.com/toiawase.html	http://www.prime-index.com/		042-749-0045	2520321	神奈川県	相模原市南区相模台３丁目１５番地４号	神奈川県相模原市南区相模台３丁目１５番地４号	小売や介護などに特化した経営コンサルティング企業	2004年1月に神奈川県で設立された経営コンサルティング企業です。小売や介護などに特化した事業を展開しており、鍼治療院運営事業やデータ解析事業を主要な業務としています。医療・製薬・福祉、IT、コンサルティング、医療施設、その他IT、経営コンサルの分野において活動しています。	コンサルティング	経営コンサル
株式会社ドライビングフォース	2021001051227	18	https://www.drivingforce.co.jp/contact	https://www.drivingforce.co.jp/company/company		044-722-4466	1010041	東京都	千代田区神田須田町２丁目３番地１２－１２ＫＡＮＤＡ１００２	東京都千代田区神田須田町２丁目３番地１２－１２ＫＡＮＤＡ１００２	経営とキャリアに関するコンサルティングを提供する企業	2013年7月に設立された東京都を拠点とする経営とキャリアに関するコンサルティングを提供する企業です。セミナー企画・運営事業、職業相談事業、研修セミナー事業、企業内トレーニングアウトソーシング事業を展開し、人材・アウトソーシング、コンサルティング、企業研修、セミナーなどの業界で活動しています。	コンサルティング	経営コンサル
有限会社中野経営塾	2021002022929	0	http://keiei.org/s-zaimukenshuu/moushikomi.htm	http://keiei.org/	nakano@keiei.org	042-741-8003	2520313	神奈川県	相模原市南区松が枝町１６番４号小山ビル１階	神奈川県相模原市南区松が枝町１６番４号小山ビル１階	経営コンサルティング企業は、企業が経営計画や情報分析などを行い、その支援を提供している企業	1999年1月に設立され、神奈川県を拠点に活動している経営コンサルティング企業です。同社は、企業の経営計画や情報分析などをサポートするコンサルティングサービスを提供する一方、データ解析事業やメールマガジン配信サービスなども展開しています。広告・制作、IT、コンサルティング、Webアプリ・サービス運営など、多岐にわたる業界で幅広い活動を行っています。	コンサルティング	経営コンサル
株式会社ＧＳ	2021002069185	0	http://www.pfa-group.jp/contact/index.html	http://www.pfa-group.jp/index.html#		046-828-5963	2480013	神奈川県	鎌倉市材木座５丁目１５番１２号	神奈川県鎌倉市材木座５丁目１５番１２号	企業が経営相談や慈善支援に貢献している	2000年3月に設立された神奈川県を拠点にする企業です。同社は、経営相談や慈善支援を通じて企業に貢献しており、主にグループ企業経営事業を展開しています。このコンサルティングおよび経営コンサルの業界で、パワー・フォワード・アソシエイションは重要な役割を果たしています。	コンサルティング	経営コンサル
株式会社アバンティ	2030001016965	0	https://avanti-movie.com/contact/	https://avanti-movie.com/about/	info.avantijapan@gmail.com	011-892-2501	0040062	北海道	札幌市厚別区厚別西二条４丁目８－２７	北海道札幌市厚別区厚別西二条４丁目８－２７			コンサルティング	経営コンサル
株式会社マネジメントコンサルティング	2030001042870	1	https://manage-con.com/otoiawase.html	http://manage-con.com	info@manage-con.com	048-775-0131	3620073	埼玉県	上尾市浅間台４丁目１番地１３	埼玉県上尾市浅間台４丁目１番地１３	持続的に成功する企業の支援をする会社	2004年1月に埼玉県で設立された会社です。同社は持続的に成功する企業の支援を行っており、営業支援サービス事業および人材戦略コンサルティング事業を展開しています。主要な業種はコンサルティングで、組織コンサル、経営コンサル、その他コンサルに関わるサービスを提供しています。	コンサルティング	経営コンサル
絆ホールディングス株式会社	2030001059007	113	http://www.kizna.co.jp/kizna/contact/	https://kizna.co.jp/about/company/		03-6380-3589	1600022	東京都	新宿区新宿６丁目２４番２０号ＫＤＸ新宿六丁目ビル９階	東京都新宿区新宿６丁目２４番２０号ＫＤＸ新宿六丁目ビル９階	情報通信製品の販売やマーケティング、そして経営コンサルティングを提供する企業	東京都に拠点を置き、情報通信製品の販売やマーケティング、そして経営コンサルティングを提供する企業です。2008年4月に設立され、主に美容・アパレル、IT、人材・アウトソーシング、コンサルティング、Webマーケコンサル、販促コンサル、コールセンター、美容サロン、経営コンサルなどの業界に特化したマーケティングコンサルティング事業やWebマーケティング支援事業を展開しています。	コンサルティング	経営コンサル
株式会社エクスアイ	2030001062308	0	http://www.ex-ip.co.jp/archives/110/	http://www.ex-ip.co.jp/		048-541-8136	3650055	埼玉県	鴻巣市栄町６番６５号	埼玉県鴻巣市栄町６番６５号	金融機関のコンサルティングを提供する企業	2004年2月に埼玉県で設立されたコンサルティング企業です。同社は金融機関向けに人材戦略コンサルティング事業と金融機関向けアドバイザリー事業を提供しており、主にコンサルティング、組織コンサル、経営コンサルなどの業種に属しています。	コンサルティング	経営コンサル
株式会社コンパックス	2030001063347	1	http://www.compactx.co.jp/contact.html	http://compactx.co.jp/		048-423-6914	3510112	埼玉県	和光市丸山台１丁目２番２号	埼玉県和光市丸山台１丁目２番２号	デジタルコミュニケーションを活用した経営支援を提供する企業	2011年11月に設立された埼玉県を拠点とする企業であり、デジタルコミュニケーションを活用した経営支援を提供しています。同社はエンタメ・娯楽、コンサルティング、イベント、グッズ制作・販売、経営コンサルなどの業界で活動しており、イベントプランニング事業、営業支援サービス事業、販売促進用品製作事業、ビジネスコンサルティング事業を展開しています。	コンサルティング	経営コンサル
株式会社ワールドリード	2030001118588	3	https://worldlead.jp/contact/	https://worldlead.jp			1070052	東京都	港区赤坂８丁目４番１４号青山タワープレイス８階	東京都港区赤坂８丁目４番１４号青山タワープレイス８階			コンサルティング	経営コンサル
株式会社ＨＫコンサルテイング	2030002110750	1	http://hkconsulting.co.jp/contact/form.html	http://www.hkconsulting.co.jp/	info@hksr-office.co.jp	03-6228-6138	1040061	東京都	中央区銀座２丁目１１番９号三和産工ビル４階	東京都中央区銀座２丁目１１番９号三和産工ビル４階	中小企業の資金調達に役立つコンサルティングを提供する企業	2005年1月に設立された東京都を拠点とする中小企業向けの資金調達に役立つコンサルティングを提供する企業です。同社はコンサルティングと経営コンサルの業界で活動しています。	コンサルティング	経営コンサル
クエスト・フォー株式会社	2040001028407	2	https://www.questfor.co.jp/inquiry/	https://www.questfor.co.jp		047-359-9013	2790002	千葉県	浦安市北栄１丁目１０番２０－６１２号	千葉県浦安市北栄１丁目１０番２０－６１２号	ビジネスのアドバイスやシステム構築などを手がける企業	2000年10月に設立された千葉県に拠点を置く企業です。ビジネスのアドバイスやシステム構築を専門とし、広告・制作、IT、その他サービス、コンサルティング、Webアプリ・サービス運営、デザイン、受託開発、経営コンサルの業界に携わっています。現在、レンタルWebサーバー事業や販売管理ソフトウェア開発事業、出勤管理ソフトウェア開発事業、キャラクターデザイン事業、建設現場管理システム開発事業を展開しています。	コンサルティング	経営コンサル
株式会社グローイング・シーズ	2040001075663	0	http://growing-seeds.biz/contact-2/	http://growing-seeds.biz/会社案内/	info@growing-seeds.biz	043-276-0695	2620019	千葉県	千葉市花見川区朝日ケ丘４丁目１番２４号コスモ新検見川２０１号	千葉県千葉市花見川区朝日ケ丘４丁目１番２４号コスモ新検見川２０１号	企業が経営コンサルタントや人材育成を行う企業	千葉県に拠点を置く企業であり、経営コンサルタントや人材育成を行っています。2012年2月に設立され、主な事業としてはビジネス研修セミナー運営事業、ブランド戦略策定事業、セミナー企画・運営事業、海外ビジネスアドバイザリー事業、および心理支援サービス事業を展開しています。主要業界は医療・製薬・福祉、人材・アウトソーシング、コンサルティング、企業研修、セミナー、販促コンサルなどです。	コンサルティング	経営コンサル
株式会社エコリーガル	2040001076067	2	https://www.ecolegal.jp/785068470	https://www.ecolegal.jp/	ecolegal@knh.biglobe.ne.jp	043-307-6036	2670061	千葉県	千葉市緑区土気町１６８０番地２５	千葉県千葉市緑区土気町１６８０番地２５	企業の経営に関するコンサルティングを提供する企業	千葉県に拠点を置き、企業の経営に関するコンサルティングを提供する企業です。2012年3月に設立され、主に環境アドバイザリー事業に従事しており、コンサルティングや環境コンサル、経営コンサルなどの業務を提供しています。	コンサルティング	経営コンサル
株式会社マイスター経営	2040001082123	0	http://taxnavi.net/contact	https://taxnavi.net/company		03-5817-7350	1100015	東京都	台東区東上野３丁目１７番８号大野屋ビル４階	東京都台東区東上野３丁目１７番８号大野屋ビル４階	税理士紹介や経営コンサルティングを提供する企業	東京都に位置する税理士紹介や経営コンサルティングを提供する企業です。会計システムコンサルティング事業と財務アドバイザリー事業を担当しており、主にコンサルティングや財務コンサル、経営コンサルの業界に従事しています。	コンサルティング	経営コンサル
有限会社井田総合研究所	2040002095999	1	http://www.ida-soken.co.jp/contact/	http://www.ida-soken.co.jp/		04-7183-2217	2701166	千葉県	我孫子市我孫子２丁目５番３４５号	千葉県我孫子市我孫子２丁目５番３４５号	販売力アップ支援や出版サポートを提供する企業	千葉県を拠点にして2005年8月に設立された企業です。同社は、販売力アップ支援や出版サポートを提供しており、ブランド戦略策定事業、市場リサーチ事業、営業支援サービス事業、ビジネスコンサルティング事業、雑誌制作事業などを展開しています。その他、その他サービス、メディア・出版、コンサルティング、出版、販促コンサル、その他マスコミ・出版、研究・調査・リサーチ、経営コンサル、その他コンサルなど、幅広い業界に関与しています。	コンサルティング	経営コンサル
有限会社アーツプランディア	2050002007739	1	https://arts-plandia.jimdo.com/%E3%81%8A%E5%95%8F%E3%81%84%E5%90%88%E3%82%8F%E3%81%9B/	https://www.arts-plandia.com/	gunji@arts-plandia.com	029-251-8537	3114151	茨城県	水戸市姫子２丁目３４６－１サーパス赤塚姫子１０６号室	茨城県水戸市姫子２丁目３４６－１サーパス赤塚姫子１０６号室	事業者に対し経営計画の支援を提供する企業	茨城県に位置するコンサルティング企業であり、経営計画の支援を事業者に提供しています。2005年10月に設立され、主に経営コンサルティングの分野で活動しています。	コンサルティング	経営コンサル
株式会社鈴正コンサルタンツ	2070001001749	2	http://www.suzusyo.co.jp/info.html	http://www.suzusyo.co.jp/	info@suzusyo.co.jp	027-243-4881	3710013	群馬県	前橋市西片貝町５丁目１８番地の２０	群馬県前橋市西片貝町５丁目１８番地の２０	企業の経営やセミナーに関する情報を提供するコンサルティング企業	1970年4月に設立された群馬県に拠点を置くコンサルティング企業です。同社は、企業の経営やセミナーに関する情報を提供することを主な事業としており、ビジネス研修セミナー運営事業、文書作成代行事業、税務アウトソーシング事業、インターネット販売事業を展開しています。士業、IT、人材・アウトソーシング、コンサルティング、税理士、企業研修、事務処理代行、人材派遣、経営コンサル、eコマース、ソフトウェア販売などの業界で活動しています。	コンサルティング	経営コンサル
株式会社高崎総合コンサルタンツ	2070001006525	5	https://tsc-gk.co.jp/contact	https://tsc-gk.co.jp/company-profile	info@tsc-gk.co.jp	027-347-0993	3701203	群馬県	高崎市矢中町６１７番地１	群馬県高崎市矢中町６１７番地１	企業と医療機関向けの経営コンサルティングを提供する企業	2002年11月に群馬県で設立された企業です。同社は企業と医療機関向けに経営コンサルティングを提供しており、営業支援サービス事業、講義者派遣事業、医療開業支援業を展開しています。その主要業種は人材・アウトソーシング、コンサルティング、医療コンサル、企業研修、人材派遣、経営コンサルなどです。	コンサルティング	経営コンサル
株式会社企業財務総合研究所	2070001010907	1	http://www.zaimesoken.co.jp/company_contact.html	http://www.zaimesoken.co.jp/		027-384-3155	3703345	群馬県	高崎市上里見町１８７７番地３	群馬県高崎市上里見町１８７７番地３	財務や改善分野のコンサルティングを提供している企業	2002年11月に群馬県で設立された、財務や改善分野のコンサルティングを提供している企業です。会計・税務アドバイザリー事業や財務・会計業務アウトソーシング事業を展開しており、士業、人材・アウトソーシング、コンサルティングなどの業界で活動しています。また、会計士や財務コンサル、人材派遣などのサービスを提供しています。	コンサルティング	財務コンサル
株式会社町田経営	2070001025327	1	https://www.maommi.com/inquiry/	https://www.maommi.com/		03-6277-7077	3720815	群馬県	伊勢崎市東上之宮町６３番地４	群馬県伊勢崎市東上之宮町６３番地４	企業の創設や事業戦略、引き継ぎ等を支援するコンサルティング企業	2010年10月に群馬県で設立されたコンサルティング企業です。同社は、企業の創設や事業戦略、引き継ぎなどを支援しており、ビジネス承継支援事業、保険アドバイザリー事業、相続アドバイザリー事業を展開しています。その他サービス、コンサルティング、資産運用コンサル、経営コンサル、不動産コンサルという業種に属しています。	コンサルティング	経営コンサル
株式会社ビジネスサポートセンター	2080002004799	0	https://www.tsukapone21.com/contacts.html	https://www.tsukapone21.com/office.html		054-297-5912	4200804	静岡県	静岡市葵区竜南１丁目８番２６号	静岡県静岡市葵区竜南１丁目８番２６号	企業に対してコンサルティングやセミナー講演を提供する企業	静岡県に拠点を置く士業、人材・アウトソーシング、コンサルティング業界の企業です。税務アドバイザリー事業や経営研修事業を通じて、企業に対してコンサルティングやセミナー講演を提供しています。資産運用コンサル、経営コンサルなどのサービスを提供することで、企業の経営支援に貢献しています。	コンサルティング	経営コンサル
有限会社Ｃ．Ｏ．Ｓ	2080002012827	3	http://www.c-o-s.jp/contact.html	http://www.c-o-s.jp/index.html		054-296-7788	4212124	静岡県	静岡市葵区足久保口組２８０番地の２２	静岡県静岡市葵区足久保口組２８０番地の２２	企業は、経営改革、組織改革、および社員のトレーニングなどを受託する企業	2005年10月に静岡県で設立された企業です。同社は、経営改革、組織改革、および社員のトレーニングなどを受託し、人材・アウトソーシング、コンサルティング、企業研修、セミナー、経営コンサルの業界で活動しています。主な事業としては、セミナー企画・運営事業と研修セミナー事業を展開しています。	コンサルティング	経営コンサル
医療サポート株式会社	2080101007579	2	http://iryou-support.jp/contact/index.html	https://iryou-support.jp/company.html		03-6262-5605	1030027	東京都	中央区日本橋２丁目８番６号太陽生命ひまわり日本橋ビル８階	東京都中央区日本橋２丁目８番６号太陽生命ひまわり日本橋ビル８階	医師の事業立ち上げをサポートする企業	2009年4月に東京都に設立されました。同社は、医師の事業立ち上げをサポートすることを専門としており、ビジネス承継支援事業や医療開業支援業を提供しています。その他サービスやコンサルティング、医療コンサル、経営コンサルの業界で活動しています。	コンサルティング	経営コンサル
有限会社大石ビジネスコンサルティング	2080102015903	0	https://www.ohishi-cons.com/inquiry/	https://www.ohishi-cons.com/	cons193@poem.ocn.ne.jp	0545-64-0147	4160946	静岡県	富士市五貫島６３９番地の２	静岡県富士市五貫島６３９番地の２	企業経営の相談を受け、事業引継ぎ等のアドバイスを行う企業	静岡県に拠点を置く企業で、企業経営の相談を受け、事業引継ぎ等のアドバイスを行っています。同社は、主にビジネス承継支援事業を展開しており、人材・アウトソーシング、コンサルティング、事務処理代行、経営コンサル、不動産コンサルなどの分野で幅広いサービスを提供しています。	コンサルティング	経営コンサル
株式会社ＭＫコンサルティング	2100001014978	1	http://www.mk-c.co.jp/app-def/S-102/wordpress/?page_id=88	http://www.mk-c.co.jp/app-def/S-102/wordpress/	kuro@mk-c.co.jp	0263-31-8108	3900875	長野県	松本市城西２丁目５番１２号	長野県松本市城西２丁目５番１２号	企業に経営革新計画や人事賃金制度の改善案を提案するコンサルティング業務を行う企業	長野県に拠点を置く企業であり、経営革新計画や人事賃金制度の改善案を提案するコンサルティング業務を行っています。2004年1月に設立され、市場リサーチ事業、人材戦略コンサルティング事業、講義者派遣事業などを展開しています。人材・アウトソーシング、その他サービス、コンサルティングなどのさまざまな業種において、組織コンサルや研究・調査・リサーチ、経営コンサルなど幅広い業務を提供しています。	コンサルティング	経営コンサル
株式会社マネジメントアシスト	2100001025141	2	http://www.managementassist.jp/info/contact.html	http://www.managementassist.jp/	pr@managementassist.jp	0263-33-0085	3900875	長野県	松本市城西２丁目５番１２号	長野県松本市城西２丁目５番１２号	中小企業に対して経営戦略策定・実行支援や内部教育を提供している企業	長野県に拠点を置く企業です。中小企業向けに経営戦略策定・実行支援や内部教育を提供しており、カスタマーサービス研修事業、財務アドバイザリー事業、ビジネス承継支援事業、講義者派遣事業を展開しています。2012年1月に設立され、人材・アウトソーシング、その他サービス、コンサルティング、企業研修、財務コンサル、人材派遣、起業コンサル、組織コンサル、経営コンサルなど、幅広い業界において活動しています。	コンサルティング	経営コンサル
エスイノベーション株式会社	2110001035791	2	https://sinnovation.jp/contact/	https://sinnovation.jp/			9518061	新潟県	新潟市中央区西堀通３番町７９０番地西堀５０１ビル３Ｆ	新潟県新潟市中央区西堀通３番町７９０番地西堀５０１ビル３Ｆ			コンサルティング	経営コンサル
ネット・トレイン・サービス株式会社	2120001024835	12	https://list-train.jp/contact/	https://list-train.jp/company/		06-6774-3434	5430002	大阪府	大阪市天王寺区上汐３丁目２番１７号コモド上汐ビル１１０２号	大阪府大阪市天王寺区上汐３丁目２番１７号コモド上汐ビル１１０２号	顧客開拓を促進する企業が複数のデータベースを活用する	大阪府に位置する1992年10月1日設立の企業です。同社は顧客開拓を促進するために複数のデータベースを活用しており、データ管理システム構築事業、Webマーケティング支援事業、DM郵送代行事業を主な業務としています。IT、人材・アウトソーシング、コンサルティング、Webマーケコンサル、Webアプリ・サービス運営、業務請負、経営コンサルの業界で活動しています。	コンサルティング	経営コンサル
株式会社総合経営コンサルタント	2120001038728	17	http://www.tmc-osaka.co.jp/contact.html	https://www.tmc-osaka.co.jp/company.html		06-6242-0808	5300043	大阪府	大阪市北区天満２丁目７番１１号	大阪府大阪市北区天満２丁目７番１１号	ビジネスの様々な分野にわたるコンサルティングを提供する企業	1989年に設立された大阪府に拠点を置く企業です。同社は士業や人材・アウトソーシング、コンサルティングなど様々な分野でコンサルティングを提供しています。主な事業は税務アドバイザリー事業、財務アドバイザリー事業、投資アドバイザリー事業等です。	コンサルティング	経営コンサル
株式会社アイテクノ	2120001051061	1	http://www.aitecno.com/contact/	http://www.aitecno.com	yoshida@aitecno.com	06-6889-4551	5320011	大阪府	大阪市淀川区西中島６丁目７番８号	大阪府大阪市淀川区西中島６丁目７番８号	公共事業に関する建物の移転や補償について調査や算定を行うコンサルタント企業	大阪府を拠点にするコンサルタント企業です。主に公共事業に関わる建物の移転や補償について、調査や算定を行っています。また、建築物検査事業、補償アドバイザリー事業、ソフトウェア流通事業を手がけています。1973年9月に設立され、主な事業領域は建設、IT、コンサルティング、非破壊検査、ソフトウェア販売など広範です。	コンサルティング	経営コンサル
株式会社メディブレーン	2120001090761	130	https://medi-brain.com/mailform.php	https://medi-brain.com/company.html	info@medibrain.ecnet.jp	06-6946-1128	5400025	大阪府	大阪市中央区徳井町２丁目４番１４号	大阪府大阪市中央区徳井町２丁目４番１４号	医療費節減のコンサルティングを専門に行う企業	大阪府に拠点を置く、医療費節減のコンサルティングを専門に行う企業です。1991年4月1日に設立され、人材・アウトソーシング、コンサルティング、財務コンサル、人材派遣の業界で活動しています。また、医療事務スタッフ派遣業も手掛けております。	コンサルティング	財務コンサル
株式会社日本総合コンサルティング	2120001093186	0	http://kitano-acc.net/contact	http://kitano-acc.net/	info@nihonsougou.jp	06-6944-7277	5400012	大阪府	大阪市中央区谷町２丁目８番１号	大阪府大阪市中央区谷町２丁目８番１号	会計アドバイザリーや診療所の立ち上げを支援する企業	1995年12月に大阪府に設立された企業であり、会計アドバイザリーや診療所の立ち上げを支援しています。同社の主な業務は、セミナー企画・運営事業、研修セミナー事業、会計・税務アドバイザリー事業、および医療開業支援業です。士業、人材・アウトソーシング、コンサルティング、会計士、セミナー、起業コンサル、経営コンサルなどの業界で幅広い経験を持ち、お客様のビジネスの成功をサポートしています。	コンサルティング	経営コンサル
日本ビジネスアート株式会社	2120001093384	106	https://www.jbakk.co.jp/contact/consult/	https://www.jbakk.co.jp/about/outline/		06-6261-1010	5410052	大阪府	大阪市中央区安土町２丁目３番１３号	大阪府大阪市中央区安土町２丁目３番１３号	医療業界の自営業者向けのビジネスアドバイザリーを提供する企業	1991年10月25日に設立された大阪府を拠点とする企業です。同社は、医療業界の自営業者向けにビジネスアドバイザリーを提供しており、主力事業としてマーケティングコンサルティングを展開しています。コンサルティング、販促コンサル、経営コンサルを取り扱う同社は、幅広い専門知識と経験に基づいて、顧客の成長と成功をサポートしています。	コンサルティング	経営コンサル
セルウィンコンサルティング株式会社	2120001103507	1	http://cw-c.co.jp/?page_id=46	http://cw-c.co.jp/		06-6910-1833	5400012	大阪府	大阪市中央区谷町２丁目８番１号	大阪府大阪市中央区谷町２丁目８番１号	企業の経営を最適化するコンサルティング業務を行う企業	2008年8月に設立され、大阪府を拠点にしています。同社はコンサルティング業務を行い、企業の経営を最適化しています。主な業務は経営コンサルティング事業であり、コンサルティング業界や経営コンサル領域で活動しています。	コンサルティング	経営コンサル
株式会社経営戦略室	2120001106864	2	http://soepark.com/contact	http://soepark.com	houtoku@soepark.jp	06-6362-5514	6638184	兵庫県	西宮市鳴尾町３丁目１６番２２－３０１号	兵庫県西宮市鳴尾町３丁目１６番２２－３０１号	経営コンサルティング企業	兵庫県に拠点を構える経営コンサルティング企業です。2001年7月に設立され、主にリスクマネジメントコンサルティング事業を展開しています。業界はコンサルティング、経営コンサル、その他コンサルに属しています。	コンサルティング	経営コンサル
ＢＣホールディングス株式会社	2120001111567	40	https://www.bc-holdings.co.jp/inquiry/	https://bc-holdings.co.jp/	privacy.bchd@bc-hd.com	06-4704-0701	5410056	大阪府	大阪市中央区久太郎町３丁目３番９号	大阪府大阪市中央区久太郎町３丁目３番９号	店舗経営のアドバイスを提供する企業	大阪府に本社を構える店舗経営のアドバイスを提供する企業です。2001年8月23日に設立され、人材・アウトソーシング、コンサルティング、企業研修、翻訳・通訳、経営コンサルの業界で事業展開しています。主要な事業としては、企業内トレーニングアウトソーシング事業と言語通訳・翻訳サービス事業を行っています。	コンサルティング	経営コンサル
株式会社セブン	2120001120535	0	http://seven-7.co.jp/contact/		info@seven-7.co.jp	06-6345-7750	5300003	大阪府	大阪市北区堂島１丁目３番８号	大阪府大阪市北区堂島１丁目３番８号	経営支援・不動産仲介企業	大阪府に拠点を置く経営支援・不動産仲介企業です。2011年3月に設立され、主に会計システムコンサルティング事業を行っています。株式会社セブンはコンサルティング、財務コンサル、経営コンサルの業界で活躍しています。	コンサルティング	経営コンサル
株式会社和	2120001120725	3	http://www.101dog.co.jp/contact/index.html	https://www.101dog.co.jp/tax/		06-6944-4117	5400012	大阪府	大阪市中央区谷町３丁目１番９号	大阪府大阪市中央区谷町３丁目１番９号			コンサルティング	経営コンサル
マーケットクリエイティブ株式会社	2120001122911	26	http://www.mative.co.jp/contact.html	https://www.mative.co.jp/company/	info@mative.co.jp	06-6354-2418	5300037	大阪府	大阪市北区松ケ枝町６番１７号	大阪府大阪市北区松ケ枝町６番１７号	店舗販促の戦略提案、企画から製作まで一括対応する企業	大阪府に所在する企業です。同社は、店舗販促の戦略提案や企画から製作まで一括対応を行っています。さらに、サイン・グラフィックデザイン事業、店舗空間デザイン事業、陳列デザイン事業を行っており、2003年9月に設立されました。同社は建設、広告・制作、コンサルティング、デザイン、店舗デザイン、経営コンサルの業界で活動しています。	コンサルティング	経営コンサル
株式会社ノルム	2120001134824	6	https://e-norm-co-jp.secure-web.jp/contact/	https://www.e-norm.co.jp/	info@e-norm.co.jp	06-6201-5810	5410047	大阪府	大阪市中央区淡路町１丁目６番９号	大阪府大阪市中央区淡路町１丁目６番９号	マーケティング支援・ブランド戦略の専門企業	マーケティング支援・ブランド戦略の専門企業として、大阪府を拠点に活動しています。同社は、宣伝物印刷事業、広告物デザイン制作事業、販売促進用品製作事業、言語通訳・翻訳サービス事業を提供しています。2008年に設立され、広告・制作、人材・アウトソーシング、エンタメ・娯楽、コンサルティングなどの業界で幅広い活躍をしています。	コンサルティング	経営コンサル
人財アセットプランニング株式会社	2120001145136	2	http://www.jinzai-ap.com/contact.html	https://www.jinzai-ap.com/companyprofile	info@jinzai-ap.com	06-6764-5595	5420061	大阪府	大阪市中央区安堂寺町２丁目１－１０安堂寺第１７松屋ビル６階	大阪府大阪市中央区安堂寺町２丁目１－１０安堂寺第１７松屋ビル６階	教育コンテンツを所有する経営コンサルティング企業	大阪府を拠点に置く教育コンテンツを所有する経営コンサルティング企業です。同社は2009年12月に設立され、人材・アウトソーシング、その他サービス、コンサルティング、企業研修などの業界で活動を行っています。雇用支援事業、企業内トレーニングアウトソーシング事業、補助金申請支援事業、人材採用支援事業など、幅広いサービスを展開しています。	コンサルティング	経営コンサル
アサヒ・ドリーム・クリエイト株式会社	2120001148931	63	http://www.pop-asahi.jp/Contact/contact_form.php	https://pop-asahi.com/		072-855-1100	5731153	大阪府	枚方市招提大谷２丁目２２番２０号	大阪府枚方市招提大谷２丁目２２番２０号	コンサルティングやデザイン業務を手がけている企業	大阪府に拠点を置くコンサルティングやデザイン業務を手がけている企業です。1966年に設立され、マーケティングコンサルティング事業、営業支援サービス事業、店舗空間デザイン事業、研修セミナー事業を展開しています。主な業界としては建設、広告・制作、人材・アウトソーシング、コンサルティング、セミナー、販促コンサル、店舗デザイン、紙媒体印刷などを含んでいます。	コンサルティング	総合系コンサル
株式会社リズカンパニー	2120001160606	1	https://www.lizcompany.com/contact	https://www.lizcompany.com	info@liz-c.jp	06-6105-2259	5300001	大阪府	大阪市北区梅田１丁目１１番４号大阪駅前第４ビル９階９２３－７２９号	大阪府大阪市北区梅田１丁目１１番４号大阪駅前第４ビル９階９２３－７２９号	経営・販売促進コンサルティング企業	大阪府に拠点を置く経営・販売促進コンサルティング企業です。同社の主な業務はマーケティングコンサルティング事業、市場リサーチ事業、経営研修事業です。2010年6月に設立され、人材・アウトソーシング、その他サービス、コンサルティング、企業研修、販促コンサル、研究・調査・リサーチ、経営コンサルの業界で活動しています。	コンサルティング	経営コンサル
株式会社ブレインファーム	2120001165605	25	http://www.brainfirm.co.jp/contact/	https://brainfirm.co.jp/company/profile	info@brainfirm.co.jp	03-4577-9184	5500002	大阪府	大阪市西区江戸堀１丁目９番１号	大阪府大阪市西区江戸堀１丁目９番１号	市民と協力するコンサルティング企業	大阪府に本社を置き、1996年1月に設立された市民と協力するコンサルティング企業です。同社は主にマーケティングコンサルティング事業を展開し、コンサルティング、販促コンサル、組織コンサル、経営コンサルなどを幅広く提供しています。	コンサルティング	経営コンサル
アドバンスト・エム株式会社	2120001175488	3	http://www.advanced-m.co.jp/contact	http://www.advanced-m.co.jp/	info@advanced-m.co.jp	06-6940-0217	5400033	大阪府	大阪市中央区石町１丁目１番１号天満橋千代田ビル３階	大阪府大阪市中央区石町１丁目１番１号天満橋千代田ビル３階	中小企業や病院などにマネジメントアドバイザリーを提供するコンサルティング企業	大阪府に拠点を構えるコンサルティング企業です。中小企業や病院などに対してマネジメントアドバイザリーを提供しており、また、チラシ・パンフレット作成事業、マーケティングコンサルティング事業、補助金申請支援事業を展開しています。その他サービスやコンサルティング、販促コンサル、経営コンサルに関する業務を行っています。	コンサルティング	経営コンサル
株式会社ピースエージェンシー	2120001179984	3	https://piece-agency.co.jp/contact/	https://piece-agency.co.jp/			5410057	大阪府	大阪市中央区北久宝寺町３丁目６番１号本町南ガーデンシティ７階	大阪府大阪市中央区北久宝寺町３丁目６番１号本町南ガーデンシティ７階			コンサルティング	経営コンサル
株式会社ワイズコンサルティング	2120001182864	2	http://www.ysmc.co.jp/contact/form.html	http://www.ysmc.co.jp	info@ysmc.co.jp	06-6484-7513	5410059	大阪府	大阪市中央区博労町２丁目４番１１号	大阪府大阪市中央区博労町２丁目４番１１号	学校や企業の経営にアドバイスをする企業	2014年3月に設立された大阪府に本社を置く企業です。学校や企業の経営にアドバイスをすることを主な事業としており、会計システムコンサルティング事業やセミナー企画・運営事業を展開しています。人材・アウトソーシング、コンサルティング、セミナー、財務コンサル、組織コンサル、経営コンサルなどの業界に関与しています。	コンサルティング	経営コンサル
株式会社イオ・マーケティング	2120001186725	4	http://www.eo-marketing.jp/contact/	https://www.eo-marketing.jp/		06-6131-5420	5300001	大阪府	大阪市北区梅田２丁目５番６号	大阪府大阪市北区梅田２丁目５番６号	北区梅田を拠点に、コンサルティングやプロモーション支援を行う企業	2014年10月に設立された大阪府を拠点にする企業であり、広告クリエイティブ事業や研修セミナー事業を展開しています。主な業界は広告・制作、人材・アウトソーシング、コンサルティング、セミナー、広告制作、経営コンサルです。北区梅田に拠点を置く同社は、コンサルティングやプロモーション支援に積極的に取り組んでいます。	コンサルティング	経営コンサル
株式会社ｐｒｅｌｕｄｅ	2120001205550	0	http://prelude-official.com/%E3%81%8A%E5%95%8F%E3%81%84%E5%90%88%E3%82%8F%E3%81%9B/	http://prelude-official.com	top.monchi.1228@gmail.com		5500013	大阪府	大阪市西区新町１丁目１４番２１－４８０６号	大阪府大阪市西区新町１丁目１４番２１－４８０６号	セールスやファイナンスをコンサルティングする企業	2017年5月16日に設立され、大阪府を拠点にセールスやファイナンスをコンサルティングする企業です。主な事業として、資産管理アドバイザリー事業や企業内トレーニングアウトソーシング事業を展開しています。人材・アウトソーシング、コンサルティング、企業研修、資産運用コンサル、経営コンサルなどの業界で幅広いサービスを提供しています。	コンサルティング	経営コンサル
株式会社ＬｅａｒｎＭｏｒｅ	2120001231027	1	https://www.learn-more.co.jp/home/contact/	https://www.learn-more.co.jp/	info@learn-more.co.jp	06-7777-4270	5300001	大阪府	大阪市北区梅田１丁目１－３大阪駅前第３ビル２９階１－１－１号室	大阪府大阪市北区梅田１丁目１－３大阪駅前第３ビル２９階１－１－１号室			コンサルティング	経営コンサル
有限会社ビジネススクウェア	2120002063774	5	http://www.business-square.jp/contact.html	https://www.business-square.jp/		06-4704-0061	5410056	大阪府	大阪市中央区久太郎町４丁目２番１０号	大阪府大阪市中央区久太郎町４丁目２番１０号	中小企業や病院に対する総合的なアドバイスを提供する企業	大阪府を拠点に、2005年3月に設立された企業です。主な事業内容は、中小企業や病院に対して総合的なアドバイスを提供することであり、また医療人材派遣事業も行っています。広告・制作、IT、人材・アウトソーシング、コンサルティング、Webマーケコンサル、Webアプリ・サービス運営、医療コンサル、Web制作、人材紹介、デザイン、人材派遣、経営コンサルという様々な業界に対応しています。	コンサルティング	経営コンサル
有限会社リンクコーポレーション	2120002065374	2	http://link-corporation.net/inq/index.php	http://link-corporation.net/link2020/sample-page/	info@link-corporation.net	06-4396-4488	5420075	大阪府	大阪市中央区難波千日前５－１９河原センタービル３Ｆ３－１１号	大阪府大阪市中央区難波千日前５－１９河原センタービル３Ｆ３－１１号	外国人観光客やインバウンド需要に特化したサービスを提供する企業	2005年7月に大阪府で設立された企業です。同社は外国人観光客やインバウンド需要に特化したサービスを提供しており、語学トレーニング事業、イベントプランニング事業、訪日外国人向け事業を主要な業務としています。また、人材・アウトソーシング、エンタメ・娯楽、教育、コンサルティングなどの幅広い分野で活動しています。	コンサルティング	経営コンサル
株式会社クリエート・バリュー	2120101022508	0	https://www.createvalue.biz/contact.html	https://www.createvalue.biz/	info@createvalue.biz	072-220-2659	5918005	大阪府	堺市北区新堀町２丁１２６番６号	大阪府堺市北区新堀町２丁１２６番６号	企業の管理やトレーニングをサポートする企業	大阪府に位置する企業であり、2006年5月に設立されました。同社は、企業の管理やトレーニングをサポートする営業支援サービス事業や経営研修事業を展開しており、主に人材・アウトソーシング、コンサルティング、企業研修、販促コンサル、経営コンサルなどの業界で活動しています。	コンサルティング	経営コンサル
株式会社医療開発研究所	2120901009027	9	http://www.hrd-inc.jp/inquiry/	https://www.hrd-inc.jp/about_us/		03-3458-8561	1080075	東京都	港区港南２丁目５番３号オリックス品川ビル３Ｆ	東京都港区港南２丁目５番３号オリックス品川ビル３Ｆ	医療に携わる企業の総合コンサルティング業務を行う企業	東京都を拠点に、1991年に設立された医療に携わる企業の総合コンサルティング業務を行う企業です。主にコンサルティングおよび総合系コンサル業務を提供し、医療分野での企業の発展を支援しています。	コンサルティング	総合系コンサル
イーエムイーコンサルタンツ株式会社	2120901010439	2	https://www.emejp.com/secure/index.html	https://www.emejp.com/index.html	info@emejp.com	072-686-6592	5690011	大阪府	高槻市道鵜町５丁目５番１号エンゼルハイム３２０	大阪府高槻市道鵜町５丁目５番１号エンゼルハイム３２０	経営のアドバイスや育成、コンサルティングを行う企業	2001年に大阪府に設立された経営のアドバイスや育成、コンサルティングを行う企業です。セミナー企画・運営事業、人材戦略コンサルティング事業、経営研修事業を展開しており、主に人材・アウトソーシング、コンサルティング、企業研修、セミナー、組織コンサル、経営コンサルの業界で活動しています。	コンサルティング	経営コンサル
株式会社総合人事経営研究所	2122001022463	0	http://www.jinji-keiei.jp/inquiry.html	http://www.jinji-keiei.jp/index.html	mail@jinji-keiei.jp	072-940-6233	5810851	大阪府	八尾市上尾町１丁目２０番地の７	大阪府八尾市上尾町１丁目２０番地の７	経営や人事に関するアドバイスや支援を提供する企業	大阪府に拠点を置く経営や人事に関するアドバイスや支援を提供する企業です。1999年1月に設立され、セミナー企画・運営事業、研修セミナー事業、人材戦略コンサルティング事業、経営研修事業を主な業務として展開しています。主要業種は人材・アウトソーシング、コンサルティング、企業研修、セミナー、組織コンサル、経営コンサルです。	コンサルティング	経営コンサル
株式会社財産コンサルタンツ	2130001017350	0	http://www.sogokeiei.co.jp/contact/index.html	https://www.sogokeiei.co.jp/company/kyoto/		075-256-1205	6040847	京都府	京都市中京区烏丸通二条下る秋野々町５２９番地ヒロセビル	京都府京都市中京区烏丸通二条下る秋野々町５２９番地ヒロセビル	資金計画やビジネスアドバイザリーのサービスを提供する企業	京都府に拠点を置く企業であり、資金計画やビジネスアドバイザリーのサービスを提供しています。主要な事業内容は、資産管理アドバイザリー事業、相続アドバイザリー事業、リスクマネジメントコンサルティング事業です。金融、コンサルティング、証券、資産運用コンサル、経営コンサル、その他コンサル、不動産コンサルなどの分野で活動しています。	コンサルティング	経営コンサル
株式会社京応	2130001028868	13	http://keio-web.com/ask.html	https://keio-web.com		075-241-2608	6048166	京都府	京都市中京区三条通烏丸西入御倉町８５－１烏丸ビル２Ｆ	京都府京都市中京区三条通烏丸西入御倉町８５－１烏丸ビル２Ｆ	中小企業に対するコンサルティングと保険販売を専門とする会社	1999年2月に設立され、京都府に拠点を置く中小企業向けのコンサルティングと保険販売を専門とする会社です。主に資産管理アドバイザリー事業に取り組んでおり、コンサルティング、資産運用コンサル、経営コンサルの業界で活動しています。	コンサルティング	経営コンサル
株式会社感動マーケティング	2130001031327	2	https://km.kando-m.jp/contact-us/	http://km.kando-m.jp/	info@kando-m.jp	075-253-2429	6040000	京都府	京都市中京区御池通高倉西入ル高宮町２１９番地サニーフォレストビル４階	京都府京都市中京区御池通高倉西入ル高宮町２１９番地サニーフォレストビル４階	企業に経営上のアドバイスを提供する企業	2000年3月に設立され、京都府を拠点に、IT、コンサルティング、販促コンサル、受託開発、経営コンサルなどの業務を行う企業です。企業に対して経営上のアドバイスを提供することを専門としており、顧客の事業成長およびブランド価値向上を実現するための総合的なソリューションを提供しています。	コンサルティング	経営コンサル
京都府中小企業団体中央会	2130005005005	27	http://www.chuokai-kyoto.or.jp/inquiry/	http://www.chuokai-kyoto.or.jp/		075-314-7131	6008009	京都府	京都市下京区四条通室町東入函谷鉾町７８番地京都経済センター内	京都府京都市下京区四条通室町東入函谷鉾町７８番地京都経済センター内	小規模企業向けに支援する、労働組合の編成と運営支援を行う企業	1955年1月に設立された労働組合編成と運営支援を行う企業です。京都府を拠点に、小規模企業向けに支援活動を展開しており、人材・アウトソーシング、コンサルティング、セミナー、経営コンサル等の事業を行っています。研修セミナー事業を通じて、企業の発展と雇用環境の向上に貢献しています。	コンサルティング	経営コンサル
株式会社エグゼ	2140001006402	16	http://www.eskobe.com/contact/	https://www.eskobe.com/		078-393-2870	6500021	兵庫県	神戸市中央区三宮町２丁目５番１号三宮ハートビル７０３号	兵庫県神戸市中央区三宮町２丁目５番１号三宮ハートビル７０３号	税理士・公認会計士・社労士事務所を運営する企業	兵庫県に拠点を置く税理士・公認会計士・社労士事務所を運営する企業です。同社は税務アドバイザリー事業、相続アドバイザリー事業、およびシステムインテグレーション事業を展開し、士業やIT、コンサルティングなどの分野で幅広いサービスを提供しています。また、税理士やWebアプリ・サービスの運営、資産運用コンサルティング、経営コンサルティングなども手がけています。	コンサルティング	経営コンサル
株式会社ネグジット総研	2140001008869	94	https://www.nextit.co.jp/contact/index.html	https://www.nextit.co.jp/company/		078-393-2151	6500033	兵庫県	神戸市中央区江戸町８５番１ベイ・ウイング神戸ビル５階	兵庫県神戸市中央区江戸町８５番１ベイ・ウイング神戸ビル５階	経営コンサルタントとソフトウェア開発を行うビジネス企業	1977年9月28日に兵庫県で設立された経営コンサルタントとソフトウェア開発を行うビジネス企業です。主な業務としては、医療施設用システム開発事業や研修セミナー事業を展開しており、IT、人材・アウトソーシング、コンサルティング、Webアプリ・サービス運営、セミナーなどの各種サービスを提供しています。株式会社ネグジット総研は、ITおよび経営コンサル分野で幅広い経験と専門知識を有し、お客様のビジネス成長をサポートします。	コンサルティング	経営コンサル
株式会社ソフト・アンド・ロジック	2140001030625	1	https://soft-and-logic.co.jp/contact/	https://soft-and-logic.co.jp/company/		078-851-2405	6570011	兵庫県	神戸市灘区鶴甲４丁目８番１２号	兵庫県神戸市灘区鶴甲４丁目８番１２号	経営コンサルティングとITサービスを提供する企業	1994年2月に兵庫県で設立された経営コンサルティングとITサービスを提供する企業です。主な事業として、データ解析事業とデータマネジメント事業を展開しており、IT、コンサルティング、その他IT、販促コンサル、経営コンサルなどの業界で活動しています。	コンサルティング	経営コンサル
株式会社シイ企画	2140001045714	1	http://www.ci-kikaku.com/contact/index.php	http://www.ci-kikaku.com/index.php		079-490-5541	6750066	兵庫県	加古川市加古川町寺家町４７番地の６	兵庫県加古川市加古川町寺家町４７番地の６	経営に関するアドバイスを提供する会社	2007年11月に兵庫県で設立された経営コンサルティング会社です。主に経営に関するアドバイスを提供しており、コンサルティング業界で活動しています。	コンサルティング	経営コンサル
株式会社日本財務	2140001060597	4	https://nihonzaimu.co.jp/contact/	https://nihonzaimu.co.jp/	info@nihonzaimu.co.jp	079-283-8333	6700962	兵庫県	姫路市南駅前町９１－１０	兵庫県姫路市南駅前町９１－１０	財務プランニングを中小企業に提供する企業	兵庫県に位置し、中小企業に対して財務プランニングを提供する企業です。1997年7月に設立された本社は、士業、金融、コンサルティング業界で活動しており、損害保険エージェント事業、税務アドバイザリー事業、相続アドバイザリー事業、経営コンサルティング事業を展開しています。株式会社日本財務は、税理士、財務コンサル、保険代理店、資産運用コンサル、経営コンサルなどの専門知識を活かし、顧客のニーズに応えることに取り組んでいます。	コンサルティング	財務コンサル
株式会社都商事	2140001098951	49	https://www.miyako-group.com/contact/	https://www.miyako-group.com/		078-392-1711	6500021	兵庫県	神戸市中央区三宮町１丁目９番１号	兵庫県神戸市中央区三宮町１丁目９番１号	アミューズメント施設、書店、介護施設等を経営する会社	2015年8月に設立された兵庫県に拠点を置く会社です。同社は、アミューズメント施設、書店、介護施設等を経営しており、エンターテインメント施設運営事業、補習授業校運営事業、アクセサリー販売事業、デイサービス施設の経営・運営を行っています。主な業界は、医療・製薬・福祉、美容・アパレル、エンタメ・娯楽、教育、小売・販売・卸売、コンサルティングなど多岐にわたります。	コンサルティング	総合系コンサル
ロイ・マーケティングデザイン株式会社	2150001006335	8	http://www.propex.co.jp/contact/	https://www.roimarketing.co.jp/		06-7777-2829	5420076	大阪府	大阪市中央区難波５丁目１番６０号ＮＡＭＢＡＳｋｙＯ２７Ｆ・ＷｅＷｏｒｋ	大阪府大阪市中央区難波５丁目１番６０号ＮＡＭＢＡＳｋｙＯ２７Ｆ・ＷｅＷｏｒｋ	組織の収益を改善する支援を提供するコンサルティング会社	2006年3月に大阪府に設立されたコンサルティング会社です。同社は組織の収益を改善する支援を提供しており、市場リサーチ事業、広告物デザイン制作事業、ロゴ制作事業、デザイン制作事業などを展開しています。主要な業界は広告・制作、その他サービス、コンサルティング、総合系コンサル、デザイン、広告制作、研究・調査・リサーチとなっています。	コンサルティング	総合系コンサル
エアロフリートソリューションズジャパン株式会社	2150001016425	0	http://green-s.jp/contact/	http://green-s.jp/index-7.html		0743-20-0862	6300222	奈良県	生駒市壱分町６０７番地２０	奈良県生駒市壱分町６０７番地２０	ゴルフ場に向けた創新的なアイデアや運営方針を提案する企業	奈良県に位置するゴルフ場向けの創新的なアイデアや運営方針を提案する企業です。彼らの主な仕事は商品開発アドバイザリー事業であり、コンサルティング、経営コンサル、その他コンサルの業界で活動しています。	コンサルティング	経営コンサル
株式会社名南経営コンサルティング	2180001022965	49	https://www.meinan.net/contact/	http://www.meinan.biz/		052-589-2780	4500002	愛知県	名古屋市中村区名駅１丁目１番１号ＪＰタワー名古屋	愛知県名古屋市中村区名駅１丁目１番１号ＪＰタワー名古屋	経営アドバイザリーおよび法律・会計支援コンサルティング企業	1984年9月に愛知県で設立された経営アドバイザリーおよび法律・会計支援コンサルティング企業です。同社はIT、コンサルティング、Webアプリ・サービス運営、組織コンサル、経営コンサル、その他コンサル業界において、海外ビジネスアドバイザリー事業、営業支援サービス事業、商品開発アドバイザリー事業、人材戦略コンサルティング事業、農業支援事業、システムインテグレーション事業を展開しています。	コンサルティング	経営コンサル
株式会社ハードリング	2180001047327	3	https://hurdling.jp/contact/	https://hurdling.jp/		052-413-9377	4530067	愛知県	名古屋市中村区宿跡町１丁目１１番地	愛知県名古屋市中村区宿跡町１丁目１１番地	ランチェスター戦略と孫子の兵法を用いた経営コンサルティングを提供する企業	愛知県に拠点を置き、ランチェスター戦略と孫子の兵法を用いた経営コンサルティングを提供する企業です。主な業務には、セミナー企画・運営事業、企業内トレーニングアウトソーシング事業、および経営研修事業があります。人材・アウトソーシング、コンサルティング、企業研修、セミナー、経営コンサルの分野で活動しています。	コンサルティング	経営コンサル
株式会社プレジデントワン	2180001051254	0	https://president-one.com/contact	https://president-one.com/company		052-243-3662	4600008	愛知県	名古屋市中区栄４丁目１４番３１号	愛知県名古屋市中区栄４丁目１４番３１号	データサイエンスを活用した経営戦略のコンサルティング企業	愛知県を拠点にデータサイエンスを活用した経営戦略のコンサルティング企業です。2002年4月に設立され、その他サービス、コンサルティング、資産運用コンサル、経営コンサルなどの業種で海外ビジネスアドバイザリー事業、ビジネス承継支援事業、相続アドバイザリー事業を展開しています。	コンサルティング	経営コンサル
リアルインベストメント・アドバイザーズ株式会社	2180001058241	6	http://www.realinvestment.co.jp/%E3%81%8A%E5%95%8F%E3%81%84%E5%90%88%E3%82%8F%E3%81%9B	http://www.realinvestment.co.jp/		052-453-2244	4500002	愛知県	名古屋市中村区名駅３丁目２８番１２号大名古屋ビルヂング	愛知県名古屋市中村区名駅３丁目２８番１２号大名古屋ビルヂング	「RIAグループ」のビジネスコンサルタント企業	愛知県に拠点を置き、「RIAグループ」のビジネスコンサルタント企業として活動しています。2005年8月に設立され、主にコンサルティングや経営コンサルの業務を行っています。リアルインベストメント・アドバイザーズ株式会社は、グループ企業経営事業に取り組んでいます。	コンサルティング	経営コンサル
株式会社アイユート	2180001060627	1	http://www.aiyuto.com/contact.html	https://aiyuto.com/	masaichi@m2.gyao.ne.jp	052-671-2804	4560012	愛知県	名古屋市熱田区沢上１丁目３番１４号	愛知県名古屋市熱田区沢上１丁目３番１４号	経理コンサルティング企業が建設業に特化した専門家企業	愛知県に拠点を置く経理コンサルティング企業であり、建設業に特化した専門家企業です。1993年3月に設立され、セミナー企画・運営事業、研修セミナー事業、システムインテグレーション事業を展開しています。主な業界はIT、人材・アウトソーシング、コンサルティング、Webアプリ・サービス運営、企業研修、セミナー、財務コンサルです。	コンサルティング	財務コンサル
株式会社アスプロジェクト	2180001089880	1	http://www.asupro.co.jp/	https://www.asupro.co.jp/	toiawase@asupro.co.jp	052-265-5802	4600008	愛知県	名古屋市中区栄３丁目１番２６号	愛知県名古屋市中区栄３丁目１番２６号	広告代理店が商品やサービスのマーケティング戦略を策定し、広告を展開している企業		コンサルティング	経営コンサル
株式会社ブレインチャイルド	2180301028241	1	http://www.brain-child.jp/contact/index.html	https://brain-child.jp/	info@brain-child.jp	050-5586-9020	4420054	愛知県	豊川市赤代町１丁目９番地の１	愛知県豊川市赤代町１丁目９番地の１	中小企業向けのコンサルティングとWeb制作企業	愛知県に拠点を置く中小企業向けのコンサルティングとWeb制作企業です。2015年7月に設立され、広告・制作、IT、その他サービス、コンサルティング、Webマーケコンサル、Web制作、研究・調査・リサーチ、経営コンサルの業界で活動しています。主な事業としては、市場リサーチ事業とWebマーケティング支援事業を提供しています。	コンサルティング	経営コンサル
ＳＭＧ菅原経営株式会社	2190001019688	5	http://smg-pdca.jp/contact.php	http://smg-pdca.jp/		052-485-4394	4500003	愛知県	名古屋市中村区名駅南１丁目２４番３０号名古屋三井ビル本館	愛知県名古屋市中村区名駅南１丁目２４番３０号名古屋三井ビル本館	資金繰りのコンサルティングを提供する経営支援企業	愛知県に拠点を置く経営支援企業です。資金繰りのコンサルティングを提供することを主な業務としており、さらにセミナー企画・運営、会計・税務アドバイザリー、資金管理支援、経営研修などの事業も展開しています。士業、人材・アウトソーシング、コンサルティング、企業研修などの業界で活動しており、会計士やセミナー、財務コンサル、経営コンサルなどの専門知識を活かしてお客様の経営を支えます。	コンサルティング	経営コンサル
有限会社エム・アール・シー	2190002000259	0	http://form1.fc2.com/form/?id=358127	http://www.mrc.mie.jp/index.html	mrc@eagle.ocn.ne.jp	059-230-3800	5142221	三重県	津市高野尾町１７８１番地	三重県津市高野尾町１７８１番地	ビジネス・コンサルティング及びビジネススクールを運営する企業	1992年5月に設立された三重県を拠点とする企業です。同社は、ビジネス・コンサルティング及びビジネススクールを運営し、教育支援事業、企業内トレーニングアウトソーシング事業、経営学校運営事業を展開しています。主な業界は人材・アウトソーシング、教育、コンサルティング、塾・予備校、企業研修、学校、経営コンサルです。	コンサルティング	経営コンサル
株式会社タップス	2200001003211	17	http://www.tapsnet.co.jp/contact/index.html	https://www.tapsnet.co.jp/company/index.html		058-254-8031	5008858	岐阜県	岐阜市福住町１丁目２０番地スカイビル２階	岐阜県岐阜市福住町１丁目２０番地スカイビル２階	ビジネスコンサルティングとIT開発を手がける会社	岐阜県に拠点を置くビジネスコンサルティングとIT開発を手がける会社です。1990年に設立され、データ管理システム構築事業とネットワークインフラ設置事業に従事しています。主な業界はIT、コンサルティング、Webアプリ・サービス運営、ITインフラストラクチャー、受託開発、経営コンサルです。	コンサルティング	経営コンサル
ｈａｒｕ株式会社	2220001019750	0	https://haruharuharu63.jimdo.com/%E8%B3%87%E6%96%99%E8%AB%8B%E6%B1%82-%E3%81%8A%E5%95%8F%E3%81%84%E5%90%88%E3%82%8F%E3%81%9B/	https://haruharuharu63.jimdofree.com/	haru20140603@gmail.com	080-2956-2508	9200945	石川県	金沢市大桑新町子２４番地７	石川県金沢市大桑新町子２４番地７	経営コンサルティングによる販路拡大や集客増を支援する企業	2014年6月に石川県に設立された経営コンサルティング企業です。主な事業は営業支援サービス事業と投資アドバイザリー事業であり、コンサルティング、資産運用コンサル、経営コンサルなどの幅広い業界で活動しています。ｈａｒｕ株式会社は、経営コンサルティングによる販路拡大や集客増を支援し、クライアントのビジネスの成功に貢献しています。	コンサルティング	経営コンサル
大丸経営コンサルティング株式会社	2220001021962	1	https://daimarukeiei.com/contact.html	https://daimarukeiei.com/		0761-47-1545	9230825	石川県	小松市西軽海町４丁目４８番地	石川県小松市西軽海町４丁目４８番地	補助金の支援や経営セミナーなどの経営コンサルティングを提供している企業	石川県を拠点に補助金の支援や経営セミナーなどの経営コンサルティングを提供している企業です。2017年11月9日に設立され、補助金申請支援事業や経営研修事業を主な業務としています。人材・アウトソーシング、その他サービス、コンサルティング、企業研修、経営コンサルを含むさまざまな業界で活動を展開しています。	コンサルティング	経営コンサル
株式会社成研	2240001005336	8	http://www.seiken-hiroshima.co.jp/contact/	http://www.seiken-hiroshima.co.jp	info@seiken-hiroshima.co.jp	082-533-7027	7330011	広島県	広島市西区横川町３丁目２番３６号	広島県広島市西区横川町３丁目２番３６号	商業施設のコンサルティングやマーケティングを行う企業	広島県を拠点に商業施設のコンサルティングやマーケティングを行う企業です。1989年3月に設立され、ブランド戦略策定事業、市場リサーチ事業、研修セミナー事業、Webマーケティング支援事業、テナント獲得事業、事業用不動産取引事業などを展開しています。主な業界はIT、人材・アウトソーシング、その他サービス、不動産、コンサルティングなどです。	コンサルティング	経営コンサル
株式会社鳴戸経営サービス	2240001008009	6	https://www.kaikei-home.com/naruto/mailFormInput/	https://www.kaikei-home.com/naruto/	narutokaikei@mbj.nifty.com	082-248-1558	7300051	広島県	広島市中区大手町２丁目２番１１号	広島県広島市中区大手町２丁目２番１１号	企業の経営をサポートするコンサルティング企業	広島県に拠点を置く企業の経営をサポートするコンサルティング企業です。税務アドバイザリー事業、相続アドバイザリー事業、会計・税務アドバイザリー事業などを展開しています。士業、コンサルティング、税理士、会計士、資産運用コンサル、経営コンサルなどの業界で活動しています。	コンサルティング	経営コンサル
株式会社ハナキ	2240001008966	6	https://www.kk-hanaki.co.jp/form/CP15220443374791/inquire	https://www.kk-hanaki.co.jp/company		082-241-6135	7300052	広島県	広島市中区千田町３丁目１２番３号	広島県広島市中区千田町３丁目１２番３号	お好み焼き店舗の開業支援を行う企業	広島県を拠点にお好み焼き店舗の開業支援を行う企業です。1995年に設立され、機械、生活用品、食品、コンサルティングなどの業界でキッチン用品販売事業や調味料販売卸事業を展開しています。経営コンサルや業務厨房機器などの幅広いサービスを提供し、お客様のビジネスの成功をサポートしています。	コンサルティング	経営コンサル
株式会社夢みらい	2240001017570	1	http://www.yumemirai.co.jp/contact.html	http://www.yumemirai.co.jp/		082-511-8864	7300017	広島県	広島市中区鉄砲町４番７号	広島県広島市中区鉄砲町４番７号	経営や医療についてコンサルティングを提供する企業	広島県を拠点に経営や医療についてコンサルティングを提供する企業です。主な業務には、保険アドバイザリー事業、会計・税務アドバイザリー事業、医療開業支援業があります。2004年9月に設立され、士業、コンサルティング、医療コンサルなどの業界で活動しています。	コンサルティング	経営コンサル
ＹＭＣ株式会社	2260001024508	1	https://y-m-c.jp/page-4407/	https://y-m-c.jp/	mail@y-m-c.jp	086-250-5569	7000026	岡山県	岡山市北区奉還町１丁目１２－９	岡山県岡山市北区奉還町１丁目１２－９	接骨・整体院向け集客支援事業企業	岡山県を拠点に活動し、接骨・整体院向けの集客支援事業を展開しています。2012年1月に設立された同社は、セミナー企画・運営事業、研修セミナー事業、DM郵送代行事業を主力としています。広告・制作、人材・アウトソーシング、エンタメ・娯楽、コンサルティング、Web制作、セミナー、イベント、業務請負、経営コンサルなど幅広い産業に関わっています。	コンサルティング	経営コンサル
ダックスホールディングス株式会社	2270001006208	3	https://duksholdings.co.jp/contact/	http://duksholdings.co.jp/		0859-29-5151	1080073	東京都	港区三田３丁目１番１１号	東京都港区三田３丁目１番１１号	中古車販売店やレンタカー会社へ提供する企業	東京都に拠点を置く中古車販売店やレンタカー会社へ物流アドバイザリー事業を提供する会社です。1982年8月に設立され、コンサルティング、経営コンサル、その他コンサルの業界で活動しています。	コンサルティング	経営コンサル
マイクロメディアジャパン株式会社	2290001022021	0	http://www.micromedia.co.jp/inquiry	http://www.micromedia.co.jp/		092-433-0226	8120013	福岡県	福岡市博多区博多駅東２丁目２番１１号	福岡県福岡市博多区博多駅東２丁目２番１１号	企業向けの資金提供・経営支援と、特殊管「バスリラ」の販売を手がける企業	福岡県に位置し、企業向けの資金提供・経営支援と、特殊管「バスリラ」の販売を手がける企業です。日本茶販売事業、お茶卸売事業、アート買取事業、住宅改修事業、抹茶製品の販売事業、アート作品販売事業を取り扱っています。2000年に設立され、建設、生活用品、食品、IT、小売・販売・卸売、コンサルティング、コーヒー・茶、その他小売・販売、財務コンサル、リフォーム、デジタル系コンテンツ、経営コンサル、美術品・工芸品、不動産コンサルの業界で活動しています。	コンサルティング	経営コンサル
ビジネス総研株式会社	2290001024364	0	https://b-souken.com/1-office/contact.html	https://b-souken.com/1-office/	office@b-souken.com	092-982-5177	8120011	福岡県	福岡市博多区博多駅前４丁目３３番１１号	福岡県福岡市博多区博多駅前４丁目３３番１１号	ビジネスコンサルティング企業が、経営や人事、研修などを提供中	福岡県に拠点を構えるビジネスコンサルティング企業です。経営や人事、研修などの分野において、クライアント企業に対して幅広いサービスを提供しています。給与処理アウトソーシング事業、企業内トレーニングアウトソーシング事業、環境アドバイザリー事業を主要な業務として展開し、人材・アウトソーシング、コンサルティング、環境コンサルなどの産業分野において高い評価を受けています。	コンサルティング	経営コンサル
株式会社ＱｕｅｓｔＰ’ａｇｅ	2290001025486	35	http://questpage.jp/contact/	https://questpage.jp/		050-1871-1388	8191134	福岡県	糸島市多久４１８番７	福岡県糸島市多久４１８番７	通販コンサルティング企業	福岡県に拠点を置く通販コンサルティング企業です。2005年10月に設立され、広告クリエイティブ事業、ブランド戦略策定事業、アンケート調査代行事業、在庫管理事業、データ解析事業、動画コンテンツ制作事業、ビジネスコンサルティング事業など、多岐にわたるサービスを提供しております。主要業界は広告・制作、IT、人材・アウトソーシング、コンサルティング、Web制作、CM制作・映像制作などです。	コンサルティング	経営コンサル
株式会社モウビレッジ	2290001030107	0	https://mow-village.com/about.html	https://mow-village.com	info@mow-village.com	092-210-1432	8100022	福岡県	福岡市中央区薬院１丁目１５番１－１０５号	福岡県福岡市中央区薬院１丁目１５番１－１０５号	ビジネスのアドバイスをする企業	福岡県に位置するビジネスのアドバイスをする企業です。2007年8月に設立され、主にコンサルティングおよび経営コンサルの業界で活動しています。	コンサルティング	経営コンサル
株式会社Ｖｉｂｒａｎｔ	2290001035155	2	https://ssl.alpha-prm.jp/vibrant.co.jp/req_form.html	http://www.vibrant.co.jp	vib_info@vibrant.co.jp	092-738-5102	8140002	福岡県	福岡市早良区西新１丁目７番２６－４０１号	福岡県福岡市早良区西新１丁目７番２６－４０１号	企業が必要とする総合的なコンサルティングやカスタマイズソフトウェアを提供する企業	福岡県に拠点を置く、総合的なコンサルティングやカスタマイズソフトウェアを提供する企業です。2009年7月に設立されたこの企業は、主に資格取得サポート事業、相続アドバイザリー事業、技術者派遣事業を展開しており、IT、人材・アウトソーシング、教育、コンサルティング、資格取得、不動産コンサルなど、幅広い業界に対応しています。	コンサルティング	経営コンサル
バレンシアコンサルティング株式会社	2290001058379	2	https://www.valencia-c.co.jp/contact	https://www.valencia-c.co.jp/		092-409-0611	8120013	福岡県	福岡市博多区博多駅東２丁目５番２８号博多偕成ビル９階	福岡県福岡市博多区博多駅東２丁目５番２８号博多偕成ビル９階			コンサルティング	経営コンサル
株式会社レオパード	2290001060277	1	http://www.keikai.co.jp/index.html	http://keikai.co.jp	haraguchi@keikai.co.jp	092-731-5757	8100062	福岡県	福岡市中央区荒戸３丁目１番１６－３０１号	福岡県福岡市中央区荒戸３丁目１番１６－３０１号	美容室の経営支援を提供する企業	福岡県に拠点を置く美容室の経営支援を提供する企業です。2012年に設立され、税金対策事業や資金管理支援事業を展開しています。士業、コンサルティング、税理士、財務コンサル、経営コンサル業界での実績を持ち、幅広いクライアントのニーズに対応しています。	コンサルティング	経営コンサル
ヒットグループ株式会社	2290001067784	0	https://www.hit55.co.jp/contact/	https://www.hit55.co.jp/hitgroup/	customer@hit55.co.jp	092-732-3055	8100044	福岡県	福岡市中央区六本松４丁目１１番２５号	福岡県福岡市中央区六本松４丁目１１番２５号	ビジネスコンサルティングやタレントマネジメントを手がける企業		コンサルティング	経営コンサル
株式会社トレンタセーイ	2290001068345	13	https://trentasei.jp/contact	https://trentasei.jp/		0948-80-1473	8200040	福岡県	飯塚市吉原町６番１号あいタウン４階４０７号	福岡県飯塚市吉原町６番１号あいタウン４階４０７号	コールセンターや通販に関するコンサルタント企業	福岡県に拠点を置くコールセンターや通販に関するコンサルタント企業です。2014年11月に設立され、営業支援サービス事業や通信コンサル業を展開しています。主に人材・アウトソーシング、コンサルティング、業務請負などの分野で活動しており、コールセンターや経営コンサルなどの他のコンサルサービスも提供しています。	コンサルティング	経営コンサル
株式会社エーアイシー	2290001069673	0	http://www.aicschool.com/contact.php	https://aicschool.com/contact.php	info@aicschool.com	090-1197-8636	8300034	福岡県	久留米市大手町２番地１５	福岡県久留米市大手町２番地１５	美容サロン経営者向けに、接客スキルなどを教育する企業	福岡県を拠点に、美容サロン経営者向けの教育を提供する企業です。同社は、研修セミナー事業や美容室・サロン経営コンサルティング業、経営研修事業などを展開しており、人材・アウトソーシング、商社、コンサルティングなどの業界で長年の実績を持っています。また、セミナーや専門商社、経営コンサルなども取り扱っています。	コンサルティング	経営コンサル
合同会社ＪＥＸＰＯ	2290003004975	0	https://jexpo.org/inquiry/	https://jexpo.org/company-info/	info@jexpo.org	092-407-0612	8140015	福岡県	福岡市早良区室見３丁目８番６－３０５号	福岡県福岡市早良区室見３丁目８番６－３０５号	欧州市場に進出するための商品開発やマーケティングを行う企業	福岡県を拠点に欧州市場に進出するための商品開発やマーケティングを行う企業です。2014年3月に設立され、主な事業としてマーケティングコンサルティング、市場リサーチ、Webマーケティング支援、そしてコミュニティウェブサイトの運営を行っています。主要業界はIT業界を含め、その他のサービス、コンサルティング、Webマーケコンサル、Webアプリ・サービス運営、販促コンサル、研究・調査・リサーチ、経営コンサル等に携わっています。	コンサルティング	経営コンサル
株式会社村上経営研究所	2290801003666	1	https://1lejend.com/stepmail/kd.php?no=ylTuryUXz	https://www.mip-dmp.com/	t-murakami@mip-dmp.com	093-473-6633	8000237	福岡県	北九州市小倉南区中貫１丁目２０番５８号	福岡県北九州市小倉南区中貫１丁目２０番５８号	企業のマネジメント支援や社員研修などを行う企業	福岡県に拠点を置く1980年創業の企業です。主に企業のマネジメント支援や社員研修などを行い、企業内トレーニングアウトソーシング事業に取り組んでいます。業界は人材・アウトソーシング、コンサルティング、企業研修、経営コンサルと幅広く展開しています。	コンサルティング	経営コンサル
株式会社農業経営支援センター	2290801009003	4	http://www.ams-agr.com/contact/index.html	http://www.ams-agr.com/	han-basic@bacon.co.jp	093-965-0130	8020979	福岡県	北九州市小倉南区徳力新町１丁目４番２３号	福岡県北九州市小倉南区徳力新町１丁目４番２３号	農業経営コンサル企業	福岡県に位置する農業経営コンサル企業です。同社は主に農業支援事業に従事し、コンサルティング、経営コンサル、その他コンサルという業界で活躍しています。	コンサルティング	経営コンサル
株式会社栗林経営	2310001000511	0	https://www.e-ketsudan.com/contact-us/	https://www.e-ketsudan.com/	kuri4@mocha.ocn.ne.jp	095-844-7971	8528114	長崎県	長崎市橋口町１２番１９号	長崎県長崎市橋口町１２番１９号	経営の改善と指導を行う企業	長崎県を拠点に経営の改善と指導を行う企業です。1990年に設立され、市場リサーチ事業、ビジネス承継支援事業、営業支援サービス事業、資金管理支援事業、ビジネスコンサルティング事業など、幅広いサービスを提供しています。その他サービス、コンサルティング、財務コンサル、研究・調査・リサーチ、経営コンサルなどの業界で活動しています。	コンサルティング	経営コンサル
キュービック・ファシリティ・マネジメント株式会社	2310001004743	4	http://q-fm.jp/	http://www.q-fm.jp/	info@q-fm.jp	095-895-9811	8500057	長崎県	長崎市大黒町９番１０号	長崎県長崎市大黒町９番１０号	ホテル運営のアドバイスやコンサルティングを提供する企業	2009年6月に設立された長崎県を拠点とする企業です。同社はホテル運営のアドバイスやコンサルティングを提供しており、市場リサーチ事業、宿泊用アメニティ製品の販売事業、施設セキュリティ事業など、幅広い事業を展開しています。同社は製造、人材・アウトソーシング、その他サービス、コンサルティングなどの業界で活動しており、企業研修や販促コンサル、不動産コンサルなどのサービスも提供しています。	コンサルティング	経営コンサル
有限会社ブルアンドベア	2360002010034	1	http://www.bullandbear.jp/contact/	http://www.bullandbear.jp/		098-975-8331	9000015	沖縄県	那覇市久茂地１丁目２番２５号	沖縄県那覇市久茂地１丁目２番２５号	中小企業の相続・事業承継コンサルティング	沖縄県に本社を置く中小企業の相続・事業承継コンサルティングを手掛ける会社です。2006年に設立され、ビジネス承継支援事業、相続アドバイザリー事業、生命保険エージェント業、経営研修事業などを展開しています。金融、人材・アウトソーシング、その他サービス、コンサルティングなどの幅広い業界で活動し、資産運用コンサルや経営コンサルなども提供しています。	コンサルティング	経営コンサル
株式会社ＫＵＲＯＫＯ	2360003006023	0	https://docs.google.com/forms/d/e/1FAIpQLScEZ1CJ9Yh5EzJE1Yo1_NCyQUJiUnGD-2dPI6ey9lAKbtZEig/viewform	https://kuroko.co/company/			1050001	東京都	港区虎ノ門１丁目１７番１号虎ノ門ヒルズビジネスタワー１５階	東京都港区虎ノ門１丁目１７番１号虎ノ門ヒルズビジネスタワー１５階			コンサルティング	経営コンサル
株式会社日本マネジメント協会	2370001011164	12	http://www.jmi-e.co.jp/contact.html	https://www.jmi-e.co.jp/		022-264-1745	9800011	宮城県	仙台市青葉区上杉１丁目４番１０号	宮城県仙台市青葉区上杉１丁目４番１０号	経営コンサルティング企業で、ビジネス研修やセミナーを提供企業	宮城県に拠点を置く経営コンサルティング企業です。1957年に設立され、主にビジネス研修やセミナーを提供しています。その他の事業としては、ビジネスリサーチ、セミナー企画・運営、営業支援サービス、研修セミナー、企業内トレーニングアウトソーシングがあります。	コンサルティング	経営コンサル
株式会社あおいビジネスソリューションズ	2370001016881	1	http://www.aoi-bs.jp/about/toiawase.html	https://www.aoi-bs.jp/		022-355-9601	9810904	宮城県	仙台市青葉区旭ケ丘３丁目１１番３号	宮城県仙台市青葉区旭ケ丘３丁目１１番３号	起業・経営サポート・資金調達のコンサル企業	宮城県を拠点にしている起業・経営サポート・資金調達のコンサル企業です。2008年6月に設立され、財務監査サービス、ブランド戦略策定事業、財務アドバイザリー事業、経営コンサルティング事業など、幅広いサービスを提供しています。主にコンサルティング、監査法人、財務コンサル、販促コンサル、起業コンサル、経営コンサルなどの業界で活動しています。	コンサルティング	財務コンサル
株式会社経営パートナーズ	2370001019265	1	http://kpltd.jp/inquiry/index.html	https://kpltd.jp/company/index.html		022-796-1601	9820036	宮城県	仙台市太白区富沢南２丁目１７番８号	宮城県仙台市太白区富沢南２丁目１７番８号	税務・労務などの経営コンサルを提供する企業	宮城県に拠点を置く税務・労務などの経営コンサルを提供する企業です。2010年4月に設立され、人材・アウトソーシング、コンサルティング、セミナー、資産運用コンサル、経営コンサルの業界で活動しています。主な業務としては、セミナー企画・運営事業、保険アドバイザリー事業、研修セミナー事業を展開しています。	コンサルティング	経営コンサル
株式会社アイ・パートナーズ	2370001019752	5	http://www.ipartners.jp/i-contact/	http://www.ipartners.jp/	info@ipartners.jp	022-290-6277	9840831	宮城県	仙台市若林区沖野２丁目２９番３３号	宮城県仙台市若林区沖野２丁目２９番３３号	事業再生・資金繰り改善のコンサルを行う企業	宮城県に拠点を置く、事業再生・資金繰り改善のコンサルを行う企業です。同社は、交通渋滞調査事業、資金管理支援事業、講義者派遣事業などを手掛けており、主に人材・アウトソーシング、コンサルティング、財務コンサル、人材派遣、研究・調査・リサーチ、経営コンサルの業種で活動しています。	コンサルティング	経営コンサル
株式会社スマイルズ	2370001024397	1	http://www.smiles-mg.jp/contact	https://www.smiles-mg.jp/dx-keiri/office.html		022-281-8366	9800014	宮城県	仙台市青葉区本町２丁目６番３５号第七広瀬ビル	宮城県仙台市青葉区本町２丁目６番３５号第七広瀬ビル	企業が経営を支援するコンサルタントや会計士を提供している企業	宮城県に位置する企業であり、企業が経営を支援するコンサルタントや会計士を提供しています。2014年4月に設立されたこの会社は、セミナー企画・運営事業、営業支援サービス事業、研修セミナー事業、会計・税務アドバイザリー事業、経営研修事業などを手掛けており、士業、人材・アウトソーシング、コンサルティング、企業研修、会計士、セミナー、財務コンサル、経営コンサル、その他コンサルの業界に属しています。	コンサルティング	経営コンサル
株式会社マネジメントサポート	2370001039453	0	https://manesapo.jp/contact/	https://manesapo.jp	info@manesapo.jp	022-265-8786	9800012	宮城県	仙台市青葉区錦町２丁目４番１３号	宮城県仙台市青葉区錦町２丁目４番１３号	中小企業の成長を支援する経営会議を行う企業	宮城県を拠点にして中小企業の成長を支援する経営会議を行う企業です。2016年4月6日に設立され、営業支援サービス事業、会計・税務アドバイザリー事業、人材戦略コンサルティング事業、経営コンサルティング事業を展開しています。士業、コンサルティング、会計士、組織コンサル、経営コンサル、その他コンサルの業界で活動しています。	コンサルティング	経営コンサル
株式会社エスアンドシー	2380002015840	27	https://sandc.co.jp/	https://sandc.co.jp/		024-983-4141	9638041	福島県	郡山市富田町字稲川原６９番地２	福島県郡山市富田町字稲川原６９番地２	企業が経営コンサル、シニア雇用創出などを手がける企業		コンサルティング	経営コンサル
株式会社ナガハマ	2430001012189	5	http://www.nagahama-cloth.co.jp/contact/	https://www.nagahama-cloth.co.jp/company/		011-823-3698	0620902	北海道	札幌市豊平区豊平二条１３丁目１番１６号	北海道札幌市豊平区豊平二条１３丁目１番１６号			コンサルティング	財務コンサル
株式会社スター・ターンアラウンド・パートナーズ	2430001035611	0	http://www.s-tp.jp/contents/inquiry/index.html	http://www.s-tp.jp/	info@s-tp.jp	011-219-0591	0600042	北海道	札幌市中央区大通西１０丁目４番地１６	北海道札幌市中央区大通西１０丁目４番地１６	事業再生や経営改善の支援を提供する企業	2007年7月に設立された北海道に本社を置く企業であり、事業再生や経営改善の支援を提供しています。彼らは主に人材・アウトソーシング、コンサルティング、企業研修、経営コンサルの業界で活動しており、経営研修事業に特化しています。	コンサルティング	経営コンサル
株式会社Ｊプランニング	2430001036188	1	https://ssl.alpha-prm.jp/justiceweb.co.jp/contact.html	http://www.justiceweb.co.jp/index.html	info@justiceweb.co.jp	011-837-2450	0620912	北海道	札幌市豊平区水車町３丁目１番１号	北海道札幌市豊平区水車町３丁目１番１号	商品の企画や販売を手掛ける会社業種は様々企業	2007年8月に設立された北海道に拠点を置く企画・販売会社です。人材・アウトソーシング、サービス業、コンサルティング、セミナーなど、様々な業種において商品の企画や販売を手掛けています。主な事業としては、セミナー企画・運営事業、商品開発事業、研修セミナー事業、健康食品製造事業があります。	コンサルティング	経営コンサル
北海道マーケティング総研株式会社	2430001039562	3	http://www.hokkaido-ir.com/contact/	https://hokkaido-v.jp/		011-219-7721	0600003	北海道	札幌市中央区北三条西３丁目１番地の５	北海道札幌市中央区北三条西３丁目１番地の５	北海道産農産物や不動産を活用した企画立案と食品販売を行う企業	北海道に拠点を置き、北海道産農産物や不動産を活用した企画立案と食品販売を行う企業です。主な業務にはマーケティングコンサルティング事業、商品開発事業、投資アドバイザリー事業があります。その業界はIT、その他サービス、コンサルティング、販促コンサル、資産運用コンサル、経営コンサル、eコマースと幅広い分野をカバーしています。	コンサルティング	経営コンサル
株式会社日本ビジネスサポート	2430001054512	1	http://www.jbs-co.jp/form/index.html	http://www.jbs-co.jp/		0144-31-3232	0530041	北海道	苫小牧市美園町１丁目３番２号	北海道苫小牧市美園町１丁目３番２号	企業の代行事務やコンサルティング、事務用品販売企業	1993年2月に北海道で設立された企業です。同社は、士業、金融、IT、人材・アウトソーシング、商社、小売・販売・卸売、コンサルティングなどの多様な業界で活動しており、企業の代行事務やコンサルティング、事務用品の販売などを提供しています。主要な事業としては、損害保険エージェント事業、会計ソフトウェア販売事業、保険アドバイザリー事業、給与処理アウトソーシング事業、オフィス用品販売事業などがあります。	コンサルティング	経営コンサル
有限会社ロジカル・コミュニケーション	2430002040049	1	https://logcom.jp/%E3%81%8A%E5%95%8F%E3%81%84%E5%90%88%E3%81%9B/	https://logcom.jp/		011-561-3003	0640914	北海道	札幌市中央区南十四条西１丁目２番１８号	北海道札幌市中央区南十四条西１丁目２番１８号	企業が経営コンサルティング、講演会、社内研修、セミナーなどを提供している企業	北海道を拠点に企業が経営コンサルティング、講演会、社内研修、セミナーなどのサービスを提供しています。2004年10月に設立され、財務監査サービス、セミナー企画・運営事業、研修セミナー事業、リスクマネジメントコンサルティング事業などを展開しています。主な業界は人材・アウトソーシング、コンサルティング、監査法人、企業研修、セミナー、経営コンサル、その他コンサルです。	コンサルティング	経営コンサル
株式会社北海道中小企業みらい研究所	2450001007179	1	https://suisse.sakura.ne.jp/switzerland-mail/otoiawase.html	http://www.switzerland.co.jp/index.html		0166-75-5750	0710173	北海道	旭川市西神楽北一条４丁目２３４番地の１０９	北海道旭川市西神楽北一条４丁目２３４番地の１０９	起業やビジネス経営をサポートする企業	北海道に拠点を置く起業やビジネス経営をサポートする企業です。主な業務はビジネス承継支援事業で、その他サービスやコンサルティングにも力を入れています。起業コンサルや経営コンサルなど、幅広い分野でのサービス提供を行っています。	コンサルティング	経営コンサル
株式会社ビザーク	2462501000224	3	https://www.fmc-net.jp/contact/	https://www.aurens.co.jp		0153-72-1212	0030801	北海道	札幌市白石区菊水一条２丁目３番１－８０３号	北海道札幌市白石区菊水一条２丁目３番１－８０３号	ビジネスのアドバイスやサポートを行う会社	北海道を拠点にビジネスのアドバイスやサポートを行う会社です。同社は税務アドバイザリー事業、ビジネス承継支援事業、文書作成代行事業、会計・税務アドバイザリー事業、税務申告書作成事業、経営研修事業を提供しています。士業、人材・アウトソーシング、その他サービス、コンサルティング、税理士、企業研修、会計士、その他サービス、経営コンサルの産業に所属しています。	コンサルティング	経営コンサル
株式会社ＵＲ	2470001013753	0	http://urinc1.com/contact/	http://urinc1.com		087-813-4790	7600072	香川県	高松市花園町１丁目９番３６－２０１号	香川県高松市花園町１丁目９番３６－２０１号	さまざまなマーケティング手法を活用する企業	2015年1月に香川県で設立された、さまざまなマーケティング手法を活用する企業です。同社の主な業務には、ブランド戦略策定事業、販売アドバイザリー事業、マーケティングコンサルティング事業、Webマーケティング支援事業、ビジネスコンサルティング事業などが含まれています。主要な業界としては、広告・制作、IT、コンサルティング、Webマーケコンサル、Web制作、販促コンサル、経営コンサル、総合広告代理店が挙げられます。	コンサルティング	経営コンサル
株式会社あわえ	2480001008595	25	https://www.awae.co.jp/contact	https://www.awae.co.jp/	info@awae.co.jp	0884-70-5831	7792304	徳島県	海部郡美波町日和佐浦１１４番地	徳島県海部郡美波町日和佐浦１１４番地	地域振興を目的とした企業誘致支援を行っている企業	徳島県を拠点に地域振興を目的とした企業誘致支援を行っています。2013年6月13日に設立され、建設、IT、不動産、コンサルティング、Webアプリ・サービス運営、リフォーム、起業コンサルなど、幅広い業界で活動しています。クラウドアプリケーション開発事業、住宅改修事業、テナント獲得事業などを通じて、地域の成長と発展に貢献しています。	コンサルティング	経営コンサル
株式会社クオリス	2480001008967	2	http://qualistks.web.fc2.com/mailform.html	http://qualistks.web.fc2.com/index.html	qualis@marble.ocn.ne.jp	088-653-5154	7700865	徳島県	徳島市南末広町２番４１号	徳島県徳島市南末広町２番４１号	経営、商品開発、ITに関するアドバイスや支援を提供する企業	徳島県に位置する経営、商品開発、ITに関するアドバイスや支援を提供する企業です。2014年7月に設立され、主な事業としてネットワークインフラ設置事業、市場リサーチ事業、商品開発アドバイザリー事業、食品アドバイザリー業務を展開しています。主にIT、その他サービス、コンサルティング、ITインフラストラクチャー、飲食コンサル、販促コンサル、研究・調査・リサーチ、経営コンサル、その他コンサルの業界に従事しています。	コンサルティング	経営コンサル
マッキンゼー・アンド・カンパニー・インコーポレイテッド・ジャパン	2700150006311	754	https://www.mckinsey.com/industries/advanced-electronics/contact-us	https://www.mckinsey.com/jp		03-5562-2100	1060032	東京都	港区六本木１丁目９番１０号アークヒルズ仙石山森タワー	東京都港区六本木１丁目９番１０号アークヒルズ仙石山森タワー	公的・民間機関に対して、経営上のアドバイスを提供する企業	東京都に拠点を置き、公的・民間機関に対して経営上のアドバイスを提供する企業です。主な事業は市場リサーチ事業と金融機関向けアドバイザリー事業であり、経営コンサルやその他コンサルなどのサービスを提供しています。1971年に設立され、その他サービス、コンサルティング、研究・調査・リサーチの業界で活動しています。	コンサルティング	経営コンサル
株式会社インターブランドジャパン	3010001011174	92	https://www.interbrandjapan.com/ja/contact/index.html	https://www.interbrandjapan.com/ja/index.html	japan@interbrand.com	03-5448-1050	1070062	東京都	港区南青山１丁目１番１号	東京都港区南青山１丁目１番１号	ブランディング中心の経営コンサルタント企業	東京都に拠点を置くブランディング中心の経営コンサルタント企業です。同社はマーケティングコンサルティング事業や市場リサーチ事業などを行っており、その他サービス、コンサルティング、販促コンサル、研究・調査・リサーチ、経営コンサルといった幅広い領域で活動しています。	コンサルティング	経営コンサル
株式会社エム・アイ・エル	3010001012536	6	https://mil-co.jp/contact	https://mil-co.jp/	info@mil-co.jp	03-3288-6266	1020073	東京都	千代田区九段北１丁目１２番３号	東京都千代田区九段北１丁目１２番３号	企業がマネジメントコンサルティングや研究・開発などの情報収集を行う企業	東京都に拠点を置く企業で、1998年9月に設立されました。同社はマネジメントコンサルティングや研究・開発などの情報収集を行うことを主な事業としています。市場リサーチ事業や雇用支援事業を展開し、人材・アウトソーシング、その他サービス、コンサルティングなどの業界で活躍しています。	コンサルティング	経営コンサル
株式会社経営ソフトリサーチ	3010001019242	32	https://www.keieisoft.jp/contact.php	https://www.keieisoft.jp/info.html		03-4218-0065	1120014	東京都	文京区関口１丁目４３番５号	東京都文京区関口１丁目４３番５号	中小企業経営支援のコンサルティング企業	東京都に位置する中小企業経営支援のコンサルティング企業です。1989年2月に設立され、人材・アウトソーシング、コンサルティング、企業研修、セミナー、経営コンサルなどの業界で活動しています。主な事業としては、研修セミナー事業や企業内トレーニングアウトソーシング事業が挙げられます。	コンサルティング	経営コンサル
株式会社日本合同鑑定所	3010001033152	3	https://www.goudoukantei.co.jp/contact.html	https://www.goudoukantei.co.jp/index.html		03-3264-7252	1020093	東京都	千代田区平河町２丁目４番１６号平河中央ビル	東京都千代田区平河町２丁目４番１６号平河中央ビル	企業資産や不動産の評価・管理・アドバイザリーを行う企業	1979年6月に東京都で設立された企業であり、企業資産や不動産の評価・管理・アドバイザリーを行っています。同社はビジネスリサーチ事業、不動産鑑定事業、会計・税務アドバイザリー事業を展開しており、士業、その他サービス、不動産、コンサルティングなどの業種に関与しています。	コンサルティング	財務コンサル
日本ビジネス革新コンサルティング株式会社	3010001033615	4	http://jbic.co.jp/contact/	https://jbic.co.jp/about/company/		03-3519-7337	2200012	神奈川県	横浜市西区みなとみらい４丁目４番２号横浜ブルーアベニュー１２階	神奈川県横浜市西区みなとみらい４丁目４番２号横浜ブルーアベニュー１２階	製造業中心の企業に対し経営コンサルティングを提供する企業	1998年9月に東京都で設立された企業です。同社は製造業中心の企業向けに経営コンサルティングを提供しており、人材・アウトソーシング、コンサルティング、企業研修、セミナー、経営コンサルなどの業界で活動しています。また、セミナー企画・運営事業、研修セミナー事業、経営研修事業なども手掛けています。	コンサルティング	経営コンサル
富士紡ホールディングス株式会社	3010001034927	214	https://www.fujibo.co.jp/inquiry/	https://www.fujibo.co.jp/corporate/outline/		03-3665-7777	1030013	東京都	中央区日本橋人形町１丁目１８番１２号	東京都中央区日本橋人形町１丁目１８番１２号	「フジボウ」グループを統括する持株企業	1896年3月24日に設立された東京都を拠点とする持株企業です。同社は「フジボウ」グループを統括し、主にコンサルティングや経営コンサルティングの業務を行っています。富士紡ホールディングス株式会社は、グループ企業の経営事業に取り組むことで、顧客のニーズに最適なソリューションを提供しています。	コンサルティング	経営コンサル
株式会社エム・イー・エル	3010001038614	1	http://www.mel-con.co.jp/contact/contact.html	http://www.mel-con.co.jp		03-3662-6101	1050004	東京都	港区新橋１丁目１２番９号	東京都港区新橋１丁目１２番９号	企業の業績向上を目指す経営戦略コンサルティング企業	東京都に拠点を置く経営戦略コンサルティング企業であり、企業の業績向上を目指しています。1967年に設立された同社は、組織分析コンサルティング事業、マーケティングコンサルティング事業、企業内トレーニングアウトソーシング事業、人材戦略コンサルティング事業を提供しており、人材・アウトソーシング、コンサルティング、企業研修、販促コンサル、組織コンサル、経営コンサルの業界において活動しています。	コンサルティング	経営コンサル
共和資材株式会社	3010001041460	0	http://kyouwa.sence-net.com/contact.html	https://www.kyowashizai.com/cont2/13.html	kwata2011@mbr.nifty.com	03-5614-0813	1030015	東京都	中央区日本橋箱崎町１９－２５	東京都中央区日本橋箱崎町１９－２５	中国ビジネス展開の仲介・支援企業	1962年11月に東京都に設立された中国ビジネス展開の仲介・支援企業です。主に海外ビジネスアドバイザリー事業を展開し、コンサルティング、経営コンサル、その他コンサルの業種に従事しています。	コンサルティング	経営コンサル
日興アイ・アール株式会社	3010001053407	9	https://www.nikkoir.co.jp/contact/form1.php	https://www.nikkoir.co.jp/corporate/		03-6731-9600	1000005	東京都	千代田区丸の内１丁目５番１号	東京都千代田区丸の内１丁目５番１号	株式上場企業と個人投資家に対するIRコンサルティングを提供する企業	1990年9月に東京都に設立された企業で、株式上場企業と個人投資家に対するIRコンサルティングを提供しています。同社は、イベントプランニング事業、文書作成代行事業、研修セミナー事業、投資アドバイザリー事業を展開しており、主要な業界は人材・アウトソーシング、エンタメ・娯楽、コンサルティング、企業研修、セミナー、財務コンサル、イベント、資産運用コンサルです。	コンサルティング	財務コンサル
合同会社デロイトトーマツ	3010001076738	9907	https://www2.deloitte.com/jp/ja/footerlinks/contact-list1.html	https://www2.deloitte.com/jp/ja/pages/about-deloitte/articles/dtfa/deloitte-tohmatsu-financial-advisory.html		03-6213-1180	1000005	東京都	千代田区丸の内３丁目２番３号丸の内二重橋ビルディング	東京都千代田区丸の内３丁目２番３号丸の内二重橋ビルディング	世界的にM&Aを提供する企業	2001年6月に東京都に設立されたコンサルティング企業です。世界的にM&Aを提供することを主な事業とし、資産管理アドバイザリー事業や知的財産保護・活用事業を行っています。主に財務コンサル、資産運用コンサル、経営コンサルなどの領域で活動しています。	コンサルティング	財務コンサル
ＳＭＢＣコンサルティング株式会社	3010001079492	102	https://www.smbc-consulting.co.jp/smbcc/mastermainte/pwreset/form/wmwd0100/display	https://www.smbc-consulting.co.jp/company	soudanbu@smbc-consulting.co.jp	03-5255-5551	1030028	東京都	中央区八重洲１丁目３番４号	東京都中央区八重洲１丁目３番４号	SMBCグループ傘下のコンサルティング会社	2001年4月に東京都に設立されたSMBCグループ傘下のコンサルティング会社です。その主な事業は研修セミナー事業と企業内トレーニングアウトソーシング事業であり、人材・アウトソーシング、コンサルティング、企業研修、セミナー、経営コンサルなどの業界で活動しています。	コンサルティング	経営コンサル
株式会社クライアントサイド・コンサルティング	3010001079930	1	https://www.client-side.com/consulting/contact_us/	https://www.client-side.com/	info@client-side.com	03-5537-5278	1040061	東京都	中央区銀座６丁目６番１号	東京都中央区銀座６丁目６番１号	企業の経営アドバイスや社員トレーニングを行う企業	東京都に拠点を構え、2001年6月に設立された企業です。同社は、企業の経営アドバイスや社員トレーニングを専門としており、カスタマーサービス研修事業や海外ビジネスアドバイザリー事業など、幅広い業務を展開しています。主に人材・アウトソーシング、コンサルティング、企業研修、経営コンサルなどの業界で活動しています。	コンサルティング	経営コンサル
株式会社コンサルティングミッション	3010001081556	1	http://www.consulting-mission.com/toiawase/index.html	http://www.consulting-mission.com/company/index.html		03-6403-0268	1030011	東京都	中央区日本橋大伝馬町１３番７号日本橋大富ビル	東京都中央区日本橋大伝馬町１３番７号日本橋大富ビル	派遣企業のコンサルティングを行う会社	2003年に東京都で設立された派遣企業のコンサルティングを行う会社です。主な事業としては、営業支援サービス事業や就職セミナー業を展開しています。人材・アウトソーシング、コンサルティング、企業研修、事務処理代行、経営コンサルなど、幅広い業界にてサービスを提供しております。	コンサルティング	経営コンサル
株式会社オーナーズブレイン	3010001081630	4	https://ownersbrain.com/contact/	http://ownersbrain.com/	web@ownersbrain.com	03-3538-0585	1040031	東京都	中央区京橋２丁目８番３号	東京都中央区京橋２丁目８番３号	経営に関するコンサルティングやセミナー、および会計・財務の支援を提供する企業	2003年1月に設立された東京都を拠点にする経営に関するコンサルティングやセミナーを提供する企業であり、また、会計・財務の支援を行っています。主な事業は経営研修であり、人材・アウトソーシング、コンサルティング、企業研修、財務コンサル、組織コンサル、経営コンサルの業界において活動しています。	コンサルティング	経営コンサル
株式会社イノベーショントラスト	3010001085251	13	http://www.i-trust.co.jp/contact	https://www.i-trust.co.jp/		03-6893-7001	1020094	東京都	千代田区紀尾井町４番１号	東京都千代田区紀尾井町４番１号	経費削減コンサルティングを提供する企業	東京都に本社を置き、経費削減コンサルティングを提供しています。2002年3月に設立され、コンピューターやネットワークサポート事業、ビジネス承継支援事業、保険アドバイザリー事業、人材戦略コンサルティング事業などを展開しています。主にITおよびその他のサービス、コンサルティング、財務コンサル、ITインフラストラクチャー、資産運用コンサル、組織コンサル、経営コンサルなどの業界で活動しています。	コンサルティング	経営コンサル
デロイトトーマツベンチャーサポート株式会社	3010001085516	0	https://www2.deloitte.com/jp/ja/footerlinks/contact-list1.html	https://www.deloitte.com/jp/dtvs	sns_contact@tohmatsu.co.jp	03-6213-2000	1000005	東京都	千代田区丸の内３丁目２番３号丸の内二重橋ビルディング	東京都千代田区丸の内３丁目２番３号丸の内二重橋ビルディング			コンサルティング	経営コンサル
株式会社ｉＡＸホールディングス	3010001086381	1	http://iax.co.jp/contact/	https://iax.co.jp/	contact@iax.co.jp	03-5652-9983	1030023	東京都	中央区日本橋本町３丁目３番６号	東京都中央区日本橋本町３丁目３番６号	中国市場に参入し、または中国に関するビジネスサポートを提供する企業	東京都に拠点を置く中国市場に参入し、または中国に関するビジネスサポートを提供する企業です。同社の主な業務は市場リサーチ事業と海外ビジネスアドバイザリー事業であり、その他サービス、コンサルティング、研究・調査・リサーチ、経営コンサル、その他コンサル業界で活動しています。	コンサルティング	経営コンサル
日本ベストサポート株式会社	3010001087314	46	https://www.nbsupport.com/inquiry/	https://nbsupport.com/		03-5211-8500	1020072	東京都	千代田区飯田橋２丁目６番６号	東京都千代田区飯田橋２丁目６番６号	宿泊施設や飲食店の運営サポートを提供する企業	2001年4月に設立されたIT企業で、東京都に本社を構えています。同社は、宿泊施設や飲食店の運営サポートを提供しており、ホテルマネジメント事業、ホテルスタッフ派遣事業、システムインテグレーション事業を展開しています。その他、人材・アウトソーシング、コンサルティング、観光・宿泊・レジャー、Webアプリ・サービス運営、人材派遣、経営コンサル、ホテル・旅館業界にも幅広く関与しています。	コンサルティング	経営コンサル
ニューベリービジネスコンサルティング株式会社	3010001090879	1	http://www.newburybc.com/contact/index.html	http://www.newburybc.com/	smaru@newburybc.com	03-6810-7760	1030025	東京都	中央区日本橋茅場町１丁目９番２号稲村ビル	東京都中央区日本橋茅場町１丁目９番２号稲村ビル	金融機関への人材紹介や経営コンサルティングをする企業（紹介＆コンサル）	東京都に拠点を置く金融機関向けの人材紹介や経営コンサルティングを専門とする企業です。2004年12月に設立され、人材・アウトソーシング、翻訳・通訳、経営コンサルなどの幅広いサービスを提供しています。ニューベリービジネスコンサルティング株式会社は、金融機関向けアドバイザリー事業を通じて、高度な専門知識と経験を活かし、お客様の成長と発展をサポートしています。	コンサルティング	経営コンサル
株式会社みのり会計	3010001091448	2	http://www.minoli.jp/contact/	https://minoli.jp/companyprofile/		03-5220-5330	1000006	東京都	千代田区有楽町１丁目７番１号	東京都千代田区有楽町１丁目７番１号	M&Aや株式上場の支援をする企業	東京都に拠点を置くM&Aや株式上場の支援を行う企業であります。2005年1月に設立され、人材・アウトソーシング、コンサルティング、企業研修、セミナー、財務コンサルなどの業界で幅広いサービスを提供しております。主な事業として研修セミナー事業と企業内トレーニングアウトソーシング事業に力を入れております。	コンサルティング	財務コンサル
プレジデンツ・データ・バンク株式会社	3010001093345	0	http://www.p-db.com/contact.html	http://www.p-db.com	info@p-db.com	03-3808-0777	1030014	東京都	中央区日本橋蛎殻町１丁目３６番７号	東京都中央区日本橋蛎殻町１丁目３６番７号	スタートアップ支援企業	2002年に東京都で設立されたスタートアップ支援企業です。同社はエンタメ・娯楽、人材・アウトソーシング、コンサルティング、メディア・出版など様々な業界で事業展開しており、イベントプランニング事業、マーケティングコンサルティング事業、ビジネス雑誌出版事業などを行っています。また、求職者向け情報提供サイト運営事業やビジネスマッチングサービス事業なども手掛けています。	コンサルティング	経営コンサル
株式会社サテライト・フィナンシャル・アドバイザリー・サービス	3010001096918	4	https://www.sfas.jp/inquiry/	https://sfas.jp/		03-5846-8901	1100005	東京都	台東区上野１丁目９番４号	東京都台東区上野１丁目９番４号	財務分野におけるアドバイザリー業務を提供している企業	東京都を拠点にして財務分野におけるアドバイザリー業務を提供している企業です。1998年に設立され、税務アドバイザリー事業、財務アドバイザリー事業、ビジネス承継支援事業、税金対策事業などを展開しています。士業、その他サービス、コンサルティング、税理士、財務コンサル、その他サービス、資産運用コンサルの業界において活動しております。	コンサルティング	財務コンサル
イーグルマトリックス株式会社	3010001096991	7	http://cptax.jp/contact		info@emtajpn.com	03-5211-3709	1020094	東京都	千代田区紀尾井町３番２９号	東京都千代田区紀尾井町３番２９号	イーグルマトリックスグループの管理会社	東京都に所在するイーグルマトリックスグループの管理会社です。2000年7月に設立され、コンサルティング、財務コンサル、経営コンサル、その他コンサルに関する財務アドバイザリー事業および営業支援サービス事業を展開しています。	コンサルティング	財務コンサル
クオンタムリープ株式会社	3010001098864	4	http://qxl.jp/contact/	http://qxl.jp/	info@qxl.jp	03-5785-3968	1500012	東京都	渋谷区広尾５丁目８番８号	東京都渋谷区広尾５丁目８番８号	革新に注力し、コンサルティングやコミュニティなどの事業を展開する企業	東京都に拠点を置く企業です。2006年10月に設立され、革新に注力し、マーケティングコンサルティング事業や人材戦略コンサルティング事業など、コンサルティングやコミュニティなどの事業を展開しています。主な業界はコンサルティング、販促コンサル、組織コンサル、経営コンサルです。	コンサルティング	経営コンサル
株式会社スリー・ビジョンズ	3010001100638	0	http://www.3vs.co.jp/contact/index.html	http://3vs.co.jp/nds/test/index.html	info@3vs.co.jp	03-6804-1150	1030021	東京都	中央区日本橋本石町３丁目２番６号	東京都中央区日本橋本石町３丁目２番６号	進出支援やコンサルティング、酒類卸業を営む企業	2006年に東京都で設立された進出支援やコンサルティング、酒類卸業を営む企業です。同社は、中国語翻訳・通訳サービス事業、海外ビジネスアドバイザリー事業、営業支援サービス事業などを提供しており、幅広い言語サポートや酒類に関する輸入販売や通訳翻訳のサービスを展開しています。株式会社スリー・ビジョンズは、飲食・外食、食品、商社、人材・アウトソーシング、コンサルティング、翻訳・通訳、酒類などの業界で幅広い活動を展開しています。	コンサルティング	経営コンサル
株式会社スターツ総合研究所	3010001102287	0	https://www.starts.co.jp/sri/inquiry/	https://www.starts.co.jp/sri/company/	sri-hp@starts.co.jp	03-6860-0220	1030027	東京都	中央区日本橋３丁目１番８号	東京都中央区日本橋３丁目１番８号	企業の事業支援や戦略コンサルティングを提供する業者	1996年に東京都に設立された企業の事業支援や戦略コンサルティングを提供する業者です。主な事業としては、都市再生・再開発事業や営業支援サービス事業を展開しています。建設、コンサルティング、住宅建築・開発、経営コンサル、その他コンサルなど多岐にわたる産業に関わっています。	コンサルティング	経営コンサル
シンフォニーマーケティング株式会社	3010001106973	27	http://www.symphony-marketing.co.jp/form/academy_wp/	https://www.symphony-marketing.co.jp/company/outline/		03-3527-1441	1010045	東京都	千代田区神田鍛冶町３丁目３番地	東京都千代田区神田鍛冶町３丁目３番地	マーケティング戦略を策定する企業	1990年9月9日に東京都で設立されたマーケティング戦略を策定する企業です。広告・制作、IT、コンサルティング、Webマーケコンサルおよびその他広告・制作、販促コンサル、経営コンサル業界において、販売アドバイザリー事業、マーケティングコンサルティング事業、Webマーケティング支援事業を展開しています。	コンサルティング	経営コンサル
Ｍ＆Ａキャピタルパートナーズ株式会社	3010001107385	337	https://www.ma-cp.com/soudan/	https://www.ma-cp.com/corporate/		03-6880-3800	1040028	東京都	中央区八重洲２丁目２番１号	東京都中央区八重洲２丁目２番１号	高収益率を誇る独立系M&A仲介企業に優れた人材が集結	2005年10月に東京都で設立された独立系M&A仲介企業です。同社は高収益率を誇り、優れた人材が集結しており、主にコンサルティングおよび経営コンサル業界に従事しています。	コンサルティング	経営コンサル
ビジネス・コンシェルジュ株式会社	3010001110554	1	https://www.biz-con.co.jp/contacts/	http://www.biz-con.co.jp	info@biz-con.co.jp	03-5809-1758	1010024	東京都	千代田区神田和泉町１番地１－１２	東京都千代田区神田和泉町１番地１－１２	ビジネスコンサルティング会社、ビジネスプロセス改善に特化した専門家集団	東京都に拠点を置くビジネスコンサルティング会社です。当社はビジネスプロセス改善に特化した専門家集団で、広告・制作、IT、人材・アウトソーシングなどのさまざまな業界で幅広いサービスを提供しています。営業支援サービス事業、人材戦略コンサルティング事業、キャリア支援事業などといった多岐にわたる業務を展開し、顧客のビジネスの成長を支えます。ビジネス・コンシェルジュ株式会社は、2007年7月に設立されました。	コンサルティング	総合系コンサル
バリューシェア株式会社	3010001115396	0	http://www.valueshare.co.jp/contact.html	http://www.valueshare.co.jp/index.html		03-3244-0221	1030021	東京都	中央区日本橋本石町３丁目２番６号	東京都中央区日本橋本石町３丁目２番６号	業務の改革に関するコンサルティング業を営む企業	東京都を拠点に、業務の改革に関するコンサルティング業を営んでいる。2008年2月に設立されたこの企業は、コンサルティング業界や経営コンサル分野で高い評価を得ている。	コンサルティング	経営コンサル
ＨＤＣＳ株式会社	3010001115537	14	http://www.hdcs.co.jp/contact.html	http://www.hdcs.co.jp/index.html		03-6432-9210	1070062	東京都	港区南青山２丁目２番６号	東京都港区南青山２丁目２番６号	経営改善やITサポートに特化した企業	2008年3月に設立された東京都に拠点を置く企業です。経営改善やITサポートに特化しており、通信ネットワーク開発事業、人材戦略コンサルティング事業、システムインテグレーション事業を展開しています。主な業界は通信・PC、IT、コンサルティング、Webアプリ・サービス運営、その他通信、組織コンサル、経営コンサルです。	コンサルティング	経営コンサル
ソニックソリューションズ株式会社	3010001119034	18	http://www.sonic-solutions.jp/contact.php	https://www.sonic-solutions.jp/	info@sonic-solutions.jp	03-3518-0910	1010052	東京都	千代田区神田小川町２丁目４番地１６いちご神田小川町ビル６Ｆ	東京都千代田区神田小川町２丁目４番地１６いちご神田小川町ビル６Ｆ	保険関連企業に経営助言を行う事業	東京都に位置する保険関連企業に経営助言を行う事業を営んでいます。契約書代行業務や保険アドバイザリー事業を主に手掛けており、人材・アウトソーシング、コンサルティング、データ入力・事務作業代行、業務請負、コールセンター、資産運用コンサル、経営コンサルの業界にて活躍しています。	コンサルティング	経営コンサル
ＳＲＢＴＥＣＨコンサルティング株式会社	3010001121007	1	http://www.srbtech.co.jp/inquiry.html	http://www.srbtech.co.jp/			1500001	東京都	渋谷区神宮前６丁目２８番９号	東京都渋谷区神宮前６丁目２８番９号	アジア進出支援のコンサルティング企業	東京都を拠点とするアジア進出支援のコンサルティング企業です。2005年7月に設立され、主な事業は海外ビジネスアドバイザリーです。コンサルティング業界においては、経営コンサルやその他コンサルにも積極的に取り組んでいます。	コンサルティング	経営コンサル
ビーアイシーグループ株式会社	3010001121394	12	https://www.bicgroup.com/contact/	https://www.bicgroup.com/ja/about-us-2/	contact@bicgroup.co.jp	03-3217-3500	1000005	東京都	千代田区丸の内３丁目４番１号新国際ビル４階	東京都千代田区丸の内３丁目４番１号新国際ビル４階	製薬・ヘルスケア業界専門のコンサルタント企業	2006年8月に東京都で設立された、製薬・ヘルスケア業界専門のコンサルタント企業です。同社は給与処理アウトソーシング事業、キャリア支援事業、財務・会計業務アウトソーシング事業を行っており、人材・アウトソーシング、コンサルティング、人材派遣、その他人材、経営コンサルの業界で活動しています。	コンサルティング	経営コンサル
株式会社グレイスホールディングス	3010001123564	0	http://gracehd.com/contact/	http://gracehd.com/	info@gracehd.com	03-5623-5515	1030026	東京都	中央区日本橋兜町２０－５八千代ビル８階	東京都中央区日本橋兜町２０－５八千代ビル８階	企業の経営や助成金に関するコンサルティングを提供する会社	東京都に位置する企業の経営や助成金に関するコンサルティングを提供する会社です。主な業務は補助金申請支援事業であり、その他サービスやコンサルティング、財務コンサル、経営コンサルなどの業界に従事しています。1988年11月に設立されました。	コンサルティング	経営コンサル
株式会社横浜ソフトデベロップメント	3010001128118	0	http://www.newtokyo.co.jp/contact/contact.htm	http://www.newtokyo.co.jp/ntb_company/com_6.htm		035-389-3551	1000006	東京都	千代田区有楽町１丁目９番３号	東京都千代田区有楽町１丁目９番３号	飲食店の企画・設計・運営支援を行う企業	1991年5月に東京都で設立された、飲食店の企画・設計・運営支援を行う企業です。同社はコンサルティングおよび経営コンサル業界において活動しています。	コンサルティング	経営コンサル
株式会社ブイ・エム・アイ総研	3010001129784	0	https://www.vmi-sohken.jp/contact	https://www.vmi-sohken.jp/		048-658-8807	3300854	埼玉県	さいたま市大宮区桜木町１丁目２６６番３	埼玉県さいたま市大宮区桜木町１丁目２６６番３	企業が経営アドバイスやトレーニングを提供している企業	埼玉県に本社を置く2010年1月に設立されたコンサルティング企業です。同社は経営アドバイスやトレーニングを提供することで、企業に対して継続的な経営支援を提供しています。主要な業務は経営コンサルティングであり、国内外の企業の成長と発展をサポートしています。	コンサルティング	経営コンサル
株式会社朝日フィナンシャルグループ	3010001133596	25	http://www.asahifinancial.jp/contact/	https://asahifinancial.jp/		045-228-8850	2310015	神奈川県	横浜市中区尾上町３丁目３５番地	神奈川県横浜市中区尾上町３丁目３５番地	海外ファンドの調査や分析、海外展開の支援を行う企業	神奈川県に拠点を置き、海外ファンドの調査や分析、海外展開の支援を行う企業です。主な事業として、ビジネスリサーチ事業、健康関連機器販売事業、データ解析事業、海外ビジネスアドバイザリー事業を展開しています。医療・製薬・福祉、IT、その他サービス、コンサルティングなどの幅広い業界において、経営コンサルや研究・調査・リサーチに関するサービスを提供しています。	コンサルティング	経営コンサル
株式会社ソーシャルマーケティング研究所	3010001134487	0	http://social-m.jp/inquiry/index.html	http://social-m.jp/	info@social-m.jp	03-6805-0379	1500001	東京都	渋谷区神宮前６丁目１０番９号原宿董友ビル４階	東京都渋谷区神宮前６丁目１０番９号原宿董友ビル４階	社会的事業に経営コンサルティングを提供する企業	東京都に拠点を置く社会的事業に経営コンサルティングを提供する企業です。同社はコンサルティング、販促コンサル、資産運用コンサル、経営コンサルなどの業務を手掛け、海外ビジネスアドバイザリー事業や投資アドバイザリー事業、販促企画事業を展開しています。その他のコンサルティングにも携わり、幅広いビジネスニーズに対応しています。	コンサルティング	経営コンサル
シュハリ株式会社	3010001137580	5	https://shuhaly.co.jp/contact/	https://shuhaly.co.jp/	info@shuhaly.co.jp	03-3665-5750	1040061	東京都	中央区銀座７丁目１６番１５号清月堂本店ビル３階	東京都中央区銀座７丁目１６番１５号清月堂本店ビル３階	戦略コンサルティングとカフェ「Rensa」の経営を行う企業	東京都に拠点を置き、2010年1月に設立された企業です。同社は、戦略コンサルティングとカフェ「Rensa」の経営を行っており、飲食・外食、人材・アウトソーシング、教育、コンサルティングなど、さまざまな業種で幅広いサービスを提供しています。主な事業は市場リサーチ、企業内トレーニングアウトソーシング、カフェ経営です。	コンサルティング	経営コンサル
株式会社ウィズアクト	3010001138736	4	https://www.wiz-act.com/toiawase	https://wiz-act.jp/company/	contact@wiz-act.jp	03-6206-8463	1010044	東京都	千代田区鍛冶町１丁目５番４号神田ＮＡビル４階	東京都千代田区鍛冶町１丁目５番４号神田ＮＡビル４階	企業のスタッフトレーニング支援を行うビジネス	東京都を拠点にしており、企業のスタッフトレーニング支援を行うビジネスです。同社は営業支援サービス事業、会計・税務アドバイザリー事業、経営研修事業を提供しています。士業、人材・アウトソーシング、コンサルティング、企業研修、会計士、経営コンサル、その他コンサル業界において、幅広く活動しています。	コンサルティング	経営コンサル
株式会社ＢＥ　ＨＡＰＰＹ	3010001139841	0	https://gen.xyz/contact	http://www.be-happy.jpn.com		090-3137-6304	1040045	東京都	中央区築地４丁目４番１４号	東京都中央区築地４丁目４番１４号	起業・相続などの資金調達の支援や医療業界のアドバイザリーを提供する企業	株式会社ＢＥ ＨＡＰＰＹは、東京都に拠点を置く企業であり、起業・相続などの資金調達の支援や医療業界のアドバイザリーを提供しています。同社は、ビジネス承継支援事業、税金対策事業、保険アドバイザリー事業、相続アドバイザリー事業などを展開し、士業、その他サービス、コンサルティング、税理士、医療コンサル、財務コンサル、その他サービス、資産運用コンサルの業界において活躍しています。	コンサルティング	財務コンサル
五十鈴ビジネスサポート株式会社	3010001141095	13	https://www.isz.co.jp/inquiry/	https://www.isuzu-business-support2003.com/about		03-5219-5013	1000005	東京都	千代田区丸の内２丁目２番１号	東京都千代田区丸の内２丁目２番１号	鉄鋼商社やコイルセンター向けの経営コンサルティング企業	2003年1月に東京都に設立された鉄鋼商社やコイルセンター向けの経営コンサルティング企業です。同社の主な業務は物流アドバイザリー事業と物流アウトソーシング事業であり、交通・運輸・物流、人材・アウトソーシング、コンサルティング、その他運輸・物流、業務請負、経営コンサル、その他コンサルの業界で活動しています。	コンサルティング	経営コンサル
Ｂ２Ｂマーケティング株式会社	3010001141228	1	https://form.k3r.jp/b2b_marketing/mailmagazine	https://b2b-marketing.co.jp/		03-6380-8281	1020074	東京都	千代田区九段南１丁目５番６号りそな九段ビル	東京都千代田区九段南１丁目５番６号りそな九段ビル	企業のマーケティングとセールスを支援する企業	2011年7月に設立された東京都に拠点を置く企業であり、企業のマーケティングとセールスを支援しています。同社はマーケティングコンサルティング事業および営業支援サービス事業を展開し、コンサルティング、販促コンサル、経営コンサルなど幅広いコンサルティング業務を提供しています。	コンサルティング	経営コンサル
株式会社ケアシステムズ	3010001143422	5	https://www.care-systems.jp/contact	https://www.care-systems.jp/blank-1	info@care-systems.jp	03-3511-5035	1020083	東京都	千代田区麹町１丁目５番地４	東京都千代田区麹町１丁目５番地４	福祉施設等の外部評価を担う企業	東京都に位置する福祉施設等の外部評価を担う企業です。2005年2月に設立され、研修セミナー事業や講義者派遣事業を行っています。主な業界には人材・アウトソーシング、コンサルティング、企業研修、セミナー、人材派遣、経営コンサルがあります。	コンサルティング	経営コンサル
アクシード株式会社	3010001143505	2	http://www.acceed.co.jp/contact/index.html	https://acceed.co.jp/		03-5213-4562	1020093	東京都	千代田区平河町１丁目６番１５号	東京都千代田区平河町１丁目６番１５号	経営相談やWeb戦略の診断を行う企業	東京都を拠点に経営相談やWeb戦略の診断を行う企業です。2011年11月に設立され、広告・制作、IT、コンサルティングなどの業界で活動しています。主な事業としては、ブランド戦略策定事業、ウェブサイトのコンサルティング事業、Webマーケティング支援事業、ビジネスコンサルティング事業などがあります。	コンサルティング	経営コンサル
株式会社日本医薬総合研究所	3010001144387	1	https://www.jpmedri.co.jp/contact.html	https://www.jpmedri.co.jp/company/	privacy@jpmedri.co.jp	03-6810-0812	1080014	東京都	港区芝５丁目３３番１１号	東京都港区芝５丁目３３番１１号	医療情報の分析とマーケティング支援を提供する企業	東京都に拠点を置く企業で、2012年1月に設立されました。同社は医療情報の分析とマーケティング支援を行っており、マーケティングコンサルティング事業とデータ解析事業を展開しています。主にIT、コンサルティング、総合系コンサル、医療コンサル、その他IT、販促コンサルの業界で活動しています。	コンサルティング	総合系コンサル
株式会社アジア戦略アドバイザリー	3010001145484	1	http://j-asa.net/contact	http://j-asa.net		03-6380-8120	1020083	東京都	千代田区麹町１丁目３番地２３麹町一丁目三番地ビル	東京都千代田区麹町１丁目３番地２３麹町一丁目三番地ビル	アジア進出企業向けにM&A支援や業界調査などコンサル提供する企業	2012年4月に東京都で設立された企業です。同社は、アジア進出企業向けにM&A支援や業界調査などのコンサルティングサービスを提供しています。主な事業はマーケティングコンサルティングと海外ビジネスアドバイザリーであり、コンサルティング、販促コンサル、経営コンサルなどの様々なコンサルティング業界に特化しています。	コンサルティング	経営コンサル
株式会社リング	3010001146400	0	http://www.ringinc.jp/cgi-bin/inq.html	http://www.ringinc.jp/index.html		03-6388-0072	1600021	東京都	新宿区歌舞伎町１丁目１番１５号	東京都新宿区歌舞伎町１丁目１番１５号	企業に経営や人事に関するコンサルティングや人材育成を提供する会社	2009年9月に東京都で設立された企業です。同社は、企業に対して経営や人事に関するコンサルティングや人材育成を提供しています。主な事業は、モバイル端末販売、インターネット接続サービス販売、通信回線販売、企業内トレーニングアウトソーシング、人材戦略コンサルティングなどです。	コンサルティング	経営コンサル
戦略企画ドットコム株式会社	3010001152035	1	http://koichi-miyake.com/contact	https://koichi-miyake.com/company	senki@strategy-plan.com		1080072	東京都	港区白金１丁目２番１－Ｅ４１０６号	東京都港区白金１丁目２番１－Ｅ４１０６号	自己啓発やネットビジネスのコンサルティングを提供する企業	東京都に拠点を置き、自己啓発やネットビジネスのコンサルティングを提供する企業です。2013年3月に設立され、主な業務はWebマーケティング支援事業と販促企画事業です。主要な業界はIT、コンサルティング、Webマーケコンサル、販促コンサル、経営コンサルです。	コンサルティング	経営コンサル
株式会社ＭＳ＆Ｃｏｎｓｕｌｔｉｎｇ	3010001152084	171	https://req.msandc.co.jp/form/spcproposal	https://www.msandc.co.jp/company		03-5649-1185	1030001	東京都	中央区日本橋小伝馬町４番９号	東京都中央区日本橋小伝馬町４番９号	顧客や従業員の満足度調査を専門に行う企業	2008年5月16日に東京都で設立された企業であり、顧客や従業員の満足度調査を専門に行っています。主な業務としては、ビジネスリサーチ事業、セミナー企画・運営事業、研修セミナー事業を展開しており、人材・アウトソーシング、エンタメ・娯楽、その他サービス、コンサルティングなどのニーズに対応しています。	コンサルティング	経営コンサル
株式会社ウェストコーナー	3010001154931	1	https://westcorner.jpn.com/contact.html	https://westcorner.jpn.com/index.html		090-4528-4383	1030013	東京都	中央区日本橋人形町３丁目６番８号人形町共同ビル７階	東京都中央区日本橋人形町３丁目６番８号人形町共同ビル７階	企業の研究開発に関するアドバイスを提供する会社	2013年7月に東京都に設立された企業の研究開発に関するアドバイスを提供する会社です。同社の主な事業は海外ビジネスアドバイザリー事業と研究開発サポート事業であり、主にその他サービス、コンサルティング、研究・調査・リサーチ、経営コンサル、その他コンサルの業界に展開しています。	コンサルティング	経営コンサル
株式会社Ｐａｎａｃｅａ	3010001155211	4	http://www.panacea-inc.co.jp/contacts.html	http://www.panacea-inc.co.jp/aboutus.html	office@panacea-inc.co.jp	03-5114-5685	1070052	東京都	港区赤坂２丁目１３番５号	東京都港区赤坂２丁目１３番５号	企業がビジネスコンサルティングを行い、新しい事業を開発するサービスを提供している企業	東京都を拠点に、2013年8月に設立された企業です。同社はビジネスコンサルティングを行い、経営に関するアドバイスやサポートを提供しています。さらに、新しい事業を開発するサービスも提供しており、コンサルティング業界において幅広い領域で活動しています。	コンサルティング	経営コンサル
デルタエッジコンサルタント株式会社	3010001155789	1	https://deltaedge.co.jp/%E3%81%8A%E5%95%8F%E3%81%84%E5%90%88%E3%82%8F%E3%81%9B/	https://deltaedge.co.jp	contact@deltaedge.co.jp	03-6869-8336	1030011	東京都	中央区日本橋大伝馬町１３番７号	東京都中央区日本橋大伝馬町１３番７号	ITを活用した業務改善を専門とする経営コンサルティング企業	東京都を拠点にITを活用した業務改善を専門とする経営コンサルティング企業です。同社はセキュリティアドバイザリー事業、データ解析事業、情報システム運用管理事業を展開しており、2013年9月に設立されました。主要業界はIT、コンサルティング、Webアプリ・サービス運営、ITコンサル、その他IT、経営コンサルです。	コンサルティング	経営コンサル
株式会社アジアビジネスクリエイト	3010001157249	4	https://a-bc.jp/contact/	https://a-bc.jp/company-info/	info@a-bc.jp	03-6328-2586	1010021	東京都	千代田区外神田２丁目２番１７号	東京都千代田区外神田２丁目２番１７号	家具を製造し、経営コンサルティングを行う企業	東京都に拠点を置く家具製造および経営コンサルティングを行う企業です。2013年11月に設立され、主な事業として家具デザイン事業、海外ビジネスアドバイザリー事業、営業支援サービス事業、オフィス空間設計事業を展開しています。建設、生活用品、コンサルティング、家具・インテリア、内装・インテリアコーディネーター、経営コンサル、その他コンサル、インテリア系デザインの業界において活動しています。	コンサルティング	経営コンサル
エムレイス株式会社	3010001158288	10	https://mrace.co.jp/contact/	https://mrace.co.jp/company/		03-3275-6645	1040031	東京都	中央区京橋３丁目１番１号	東京都中央区京橋３丁目１番１号	M&Aや経営コンサルティングに特化した企業	2014年1月に東京都に設立されたM&Aや経営コンサルティングに特化した企業です。同社はビジネスリサーチ事業を展開し、その他サービス、コンサルティング、研究・調査・リサーチ、経営コンサルという産業に携わっています。	コンサルティング	経営コンサル
バリュアブルセレクション株式会社	3010001159567	0	http://v-select.co.jp/	http://v-select.co.jp		03-5944-1531	1000014	東京都	千代田区永田町２丁目１７番５号ローレル永田町６１２号室	東京都千代田区永田町２丁目１７番５号ローレル永田町６１２号室	経営や財務のアドバイスを提供する企業	東京都に本社を構える企業であり、経営や財務のアドバイスを提供しています。主な事業は財務アドバイザリー事業と営業支援サービス事業であり、コンサルティング、財務コンサル、経営コンサルなどの業界で活動しています。	コンサルティング	経営コンサル
創業手帳株式会社	3010001159947	18	https://sogyotecho.jp/inquiry/	https://sogyotecho.jp/company/		03-6415-7032	1040031	東京都	中央区京橋３丁目３番１０号	東京都中央区京橋３丁目３番１０号	「創業手帳」を編集する法人向け企業	2014年4月10日に東京都に設立された企業です。主に法人向けに「創業手帳」を編集し、ビジネス承継支援事業や経営研修事業を提供しています。人材・アウトソーシング、コンサルティング、企業研修、経営コンサルなどの業界で活動しています。	コンサルティング	経営コンサル
ＴＯＰ　ＣＯＮＮＥＣＴ株式会社	3010001161481	1	http://top-connect.biz/#9	http://top-connect.biz/		03-4326-8420	1040061	東京都	中央区銀座３丁目１１番３号	東京都中央区銀座３丁目１１番３号	大企業に対する上層部による販売支援企業	2014年6月に東京都に設立された大企業に対する上層部による販売支援企業です。同社の主な業務はセールスアウトソーシング事業および営業支援サービス事業で、人材・アウトソーシング、コンサルティング、営業代行・販売代行、経営コンサル、その他コンサルの業界に属しています。	コンサルティング	経営コンサル
株式会社ファインドスターグループ	3010001172033	17	http://findstar-group.co.jp/contact/	https://findstar-group.co.jp/	info@findstar-group.co.jp	03-6435-0323	1080014	東京都	港区芝４丁目１番２３号	東京都港区芝４丁目１番２３号	企業に直接的なマーケティング支援やビジネスプランのコンサルティングを提供する企業	東京都を拠点にしており、1997年12月に設立されました。同社は、企業に直接的なマーケティング支援やビジネスプランのコンサルティングを提供することを主な業務としています。マーケティングコンサルティング事業と研修セミナー事業を展開し、人材・アウトソーシング、コンサルティング、セミナー、販促コンサル、経営コンサルの業界で活躍しています。	コンサルティング	経営コンサル
みそうパートナーズ株式会社	3010001177726	37	https://misou-p.com/contact	https://misou-p.com/about/outline		03-5847-3301	1030025	東京都	中央区日本橋茅場町３丁目１１番１０号	東京都中央区日本橋茅場町３丁目１１番１０号			コンサルティング	経営コンサル
リードブレーン株式会社	3010001178831	16	https://leadbrain.co.jp/contact/	https://leadbrain.co.jp/		03-5835-2805	1010027	東京都	千代田区神田平河町１番地第３東ビル３０１	東京都千代田区神田平河町１番地第３東ビル３０１	経営支援会社（許認可申請・給与計算・経営サポート）	2016年10月13日に東京都に設立された経営支援会社です。主な事業として、許認可手続き代行、給与処理アウトソーシング、企業内トレーニングアウトソーシング、労務管理アウトソーシング、補助金申請支援、会計・税務アドバイザリーなどを提供しています。リードブレーン株式会社は士業、人材・アウトソーシング、その他サービス、コンサルティング、企業研修などの産業に関わりながら、顧客の多様なニーズに応えています。	コンサルティング	経営コンサル
株式会社ａｔ－ｈｅａｒｔ	3010001194721	9	https://www.atheart.biz/contact	https://www.atheart.biz/comapany		090-1154-5791	1030003	東京都	中央区日本橋横山町９－７	東京都中央区日本橋横山町９－７			コンサルティング	経営コンサル
コレーガ株式会社	3010001217969	1	https://collega.co.jp/?page_id=10	https://collega.co.jp/			1000004	東京都	千代田区大手町１丁目６－１大手町ビル１階ＳＰＡＣＥＳ大手町	東京都千代田区大手町１丁目６－１大手町ビル１階ＳＰＡＣＥＳ大手町			コンサルティング	経営コンサル
事業承継コンサルティング株式会社	3010003020454	1	https://jigyohikitsugi.com/contact/	https://jigyohikitsugi.com		03-4570-0810	1040033	東京都	中央区新川１丁目３番２１号	東京都中央区新川１丁目３番２１号	事業継承コンサルタント企業	東京都に拠点を置き、事業継承コンサルタント企業として活動しています。同社は、ビジネス承継支援事業と投資アドバイザリー事業を提供しており、主にその他サービス、コンサルティング、財務コンサル、資産運用コンサル、経営コンサルの業界において事業展開しています。	コンサルティング	経営コンサル
ＰｗＣ　Ｊａｐａｎ合同会社	3010003022806	1062	https://www.pwc.com/gx/en/content/pwc/global/forms/contactUs.en_gx.html?parentPagePath=/content/pwc/gx/en&style=	https://www.pwc.com/jp/ja/about-us/member/pwc-japan.html	pwcjppr@jp.pwc.com	03-6212-6810	1000004	東京都	千代田区大手町１丁目１番１号大手町パークビルディング	東京都千代田区大手町１丁目１番１号大手町パークビルディング	ビジネスの課題について監査、保証、およびコンサルティングを提供する企業の提携	1999年6月1日に設立された東京都を拠点とする企業であり、ビジネスの課題について監査、保証、およびコンサルティングを提供しています。同社は、販売アドバイザリー事業、財務アドバイザリー事業、営業支援サービス事業、金融機関向けアドバイザリー事業、環境アドバイザリー事業の幅広い業務を行っており、コンサルティング、環境コンサル、財務コンサル、販促コンサル、その他コンサルの業界において事業を展開しています。	コンサルティング	財務コンサル
合同会社スタンド・マネジメント	3010003033282	1	https://stand-m.com/contact	https://stand-m.com/		03-6782-4651	1300026	東京都	墨田区両国１丁目１７－３－４０４	東京都墨田区両国１丁目１７－３－４０４			コンサルティング	経営コンサル
株式会社日本経営開発研究所	3010401022416	1	https://nihon-keieikaihatsu.co.jp/cf/	https://nihon-keieikaihatsu.co.jp/	info@nihon-keieikaihatsu.co.jp	03-6721-8607	1050022	東京都	港区海岸１丁目２番２０号	東京都港区海岸１丁目２番２０号	企業が経営や教育の支援をしている企業	1967年に東京都で設立された企業であり、主に企業の経営や教育の支援を行っています。同社は教育支援事業、企業内トレーニングアウトソーシング事業、遠隔教育事業、経営研修事業を展開しており、人材・アウトソーシング、教育、コンサルティング、塾・予備校、企業研修、経営コンサル、通信教育の業界において活動しています。	コンサルティング	経営コンサル
株式会社フォアサイト・アンド・カンパニー	3010401025501	4	https://forsaito.co.jp/contactus	https://forsaito.co.jp/company/	staffs@forsaito.co.jp	03-5562-9321	1060044	東京都	港区東麻布１丁目３番８号ＴＯＷＥＲＦＲＯＮＴ神谷町１０階	東京都港区東麻布１丁目３番８号ＴＯＷＥＲＦＲＯＮＴ神谷町１０階	企業の経営を支援する企業	東京都に拠点を置き、1995年11月に設立された企業の経営を支援する企業です。同社は、市場リサーチ事業、ソフトウェア流通事業、システムインテグレーション事業を展開しており、主にIT、その他サービス、コンサルティング、Webアプリ・サービス運営、研究・調査・リサーチ、経営コンサル、ソフトウェア販売の業界で事業を展開しています。	コンサルティング	経営コンサル
株式会社ベンチャーラボ	3010401037364	3	http://www.venturelabo.co.jp/contact/	https://www.venturelabo.co.jp/company/		03-6264-1861	1040045	東京都	中央区築地６丁目１７番４号	東京都中央区築地６丁目１７番４号	企業の事業性を評価するプロフェッショナル企業	東京都に拠点を置く1999年設立のプロフェッショナル企業です。同社は、企業の事業性を評価することを専門とし、人材・アウトソーシング、その他サービス、コンサルティング、その他人材、研究・調査・リサーチ、経営コンサルなどの業界で活動しています。ビジネスリサーチ事業とビジネスマッチングサービス事業を提供しており、幅広いお客様に貢献しています。	コンサルティング	経営コンサル
イレギュラーズアンドパートナーズ株式会社	3010401044880	3	http://i--p.com/contact.html	http://i--p.com/			1070052	東京都	港区赤坂２丁目１２番２５－７０１号	東京都港区赤坂２丁目１２番２５－７０１号	ビジネスの成長支援や投資サポートを提供する企業で、コラムの執筆も手掛ける	2001年に東京都に設立された、ビジネスの成長支援や投資サポートを提供する企業です。ライティングサービス事業、マーケティングコンサルティング事業、資金管理支援事業、投資アドバイザリー事業を展開しており、人材・アウトソーシング、コンサルティング、財務コンサル、業務請負、販促コンサル、資産運用コンサル、経営コンサルの業界で活動しています。また、コラムの執筆も手掛けています。	コンサルティング	経営コンサル
株式会社エイレックス	3010401045499	40	http://www.arex-corp.com/inquiry	https://www.arex-corp.com/company/access/	info@arex-corp.com	03-3560-1855	1070052	東京都	港区赤坂３丁目３番３号	東京都港区赤坂３丁目３番３号	危機広報コンサルタント企業	東京都を拠点に、危機広報コンサルタント企業として活動しています。2001年9月に設立され、主に企業の広報プランニング事業とリスクマネジメントコンサルティング事業を展開しています。業界はコンサルティング、経営コンサル、その他コンサルに分類されます。	コンサルティング	経営コンサル
株式会社ダブルスエディション	3010401046497	1	http://do-ed.com/?page_id=135	http://do-ed.com	info@do-ed.com	03-5413-1862	1680073	東京都	杉並区下高井戸５丁目２２番３号	東京都杉並区下高井戸５丁目２２番３号	出店計画から運営までのトータルプロデュースを提供する企業	東京都を拠点に、2002年に設立された企業です。同社は、出店計画から運営までのトータルプロデュースを提供しており、マーケティングコンサルティング事業、店舗デザイン企画事業などを展開しています。建設、コンサルティング、販促コンサル、店舗デザイン、経営コンサルなどの業界で幅広いサービスを提供しています。	コンサルティング	経営コンサル
クレイア・コンサルティング株式会社	3010401052941	36	https://www.creia.jp/inquiry/	http://www.creia.jp/	info@creia.spoo.co.jp	03-5439-9108	1050014	東京都	港区芝３丁目２番１８号	東京都港区芝３丁目２番１８号	企業が経営、人事に関するコンサルティングサービスを提供する企業	東京都に所在する企業です。2002年に設立され、コンサルティングサービスを通じて企業の経営および人事に関する助言を提供しています。主な事業としては、人事制度アドバイザリー事業と組織分析コンサルティング事業を展開しています。また、コンサルティング業界における知識と経験をもとに、組織コンサルティングおよび経営コンサルティングにも取り組んでいます。	コンサルティング	経営コンサル
株式会社ホライズンリゾートパートナーズ	3010401056447	3	https://www.horizon-resort.co.jp/contact/	https://www.horizon-resort.co.jp/company/	office@horizon-resort.co.jp	03-6459-1818	1060032	東京都	港区六本木６丁目１６番５０号トリプレックスヤナギワラＢ１Ｆ	東京都港区六本木６丁目１６番５０号トリプレックスヤナギワラＢ１Ｆ	宿泊施設や飲食店のビジネスコンサルタント	東京都に位置する宿泊施設や飲食店のビジネスコンサルタント企業であり、販売アドバイザリー事業、店舗デザイン企画事業、ホテル経営支援事業を展開しています。2005年1月28日に設立され、建設、生活関連サービス、コンサルティング、ブライダル、販促コンサル、店舗デザイン、経営コンサルの業界で活動しています。	コンサルティング	経営コンサル
株式会社ジェイ・シー・アイ	3010401057271	3	http://www.jc-int.co.jp/contact/	http://www.jc-int.co.jp/企業概要/	info@jc-int.co.jp	03-6260-8198	1010045	東京都	千代田区神田鍛冶町３丁目６番地７	東京都千代田区神田鍛冶町３丁目６番地７	日中ビジネスコンサルティング会社	東京都に所在する日中ビジネスコンサルティング会社です。2002年2月に設立され、不動産、コンサルティング、不動産売買・仲介、経営コンサルの業界に従事しています。主要な事業は事業用不動産取引事業です。	コンサルティング	経営コンサル
株式会社インターテクスト	3010401062197	1	https://intertext.co.jp/contact-form/	https://intertext.co.jp/	info@intertext.co.jp	090-8878-2556	1060047	東京都	港区南麻布１丁目６番４－７０２号	東京都港区南麻布１丁目６番４－７０２号	企業の課題や人材育成に取り組む企業	東京都を拠点に、人材・アウトソーシング、コンサルティング、企業研修、経営コンサルの業界で企業の課題や人材育成に積極的に取り組んでいます。	コンサルティング	経営コンサル
株式会社ＮＧＫ	3010401062965	3	http://www.n-genkika.co.jp/ngk_askus.html	http://www.n-genkika.co.jp/		046-876-8408	2490006	神奈川県	逗子市逗子５丁目２番４８号	神奈川県逗子市逗子５丁目２番４８号	社員の士気を高め、経営を支援する企業	神奈川県に拠点を置く企業であり、社員の士気を高め、経営を支援することを目的に活動しています。2006年7月に設立され、主な事業としてセミナー企画・運営事業、研修セミナー事業、人材戦略コンサルティング事業を展開しています。業界は人材・アウトソーシング、コンサルティング、セミナー、組織コンサル、経営コンサルなどを含んでいます。	コンサルティング	経営コンサル
株式会社キカクブレーン	3010401063377	1	http://www.beautybrain.co.jp/contact/form1	http://www.beautybrain.co.jp/	info@beauty-brain.com	03-5357-8540	1060047	東京都	港区南麻布４丁目５－４８フォーサイト南麻布４Ｆ	東京都港区南麻布４丁目５－４８フォーサイト南麻布４Ｆ	女性ターゲット商品の企画提案や売上アップのコンサルティングをしている企業	2006年7月に東京都で設立された企業です。同社は、女性ターゲット商品の企画提案や売上アップのコンサルティングを行っております。商品開発アドバイザリー事業、広告物デザイン制作事業、カタログ作成事業などを展開しており、広告・制作、コンサルティングなどの業界で幅広いサービスを提供しております。	コンサルティング	経営コンサル
コンピタント株式会社	3010401075091	4	http://www.competant.jp/contact/	http://www.competant.jp/		03-5574-7618	1070052	東京都	港区赤坂１丁目３番５号	東京都港区赤坂１丁目３番５号	ビジネスアドバイザリー企業		コンサルティング	経営コンサル
株式会社プロレド・パートナーズ	3010401075612	305	https://www.prored-p.com/contact/	https://www.prored-p.com/about/access/		03-6435-6581	1070052	東京都	港区赤坂２丁目４番６号赤坂グリーンクロス２１階	東京都港区赤坂２丁目４番６号赤坂グリーンクロス２１階	コスト削減や企業再生のコンサルティングを提供する企業	2008年4月1日に設立された東京都を拠点にする企業であり、コスト削減や企業再生のコンサルティングを提供しております。金融、コンサルティング、コスト削減コンサル、投資、販促コンサル、組織コンサル、経営コンサルの業界において、幅広いサービスを提供しています。	コンサルティング	経営コンサル
株式会社イーグルワンエンタープライズ	3010401078680	0	https://eagle1.jp/	https://eagle1.jp/	info@eagle1.jp	03-3433-5557	1050004	東京都	港区新橋２丁目１６番１号	東京都港区新橋２丁目１６番１号	ベトナム中心のアドバイザリーコンサルティングを提供する企業	東京都を拠点にしたベトナム中心のアドバイザリーコンサルティングを提供する企業です。同社は2003年12月に設立され、市場リサーチ事業、税務申告書作成事業、法人設立手続きサポート事業などを展開しています。また、士業、人材・アウトソーシング、不動産、コンサルティングなどの業界においても幅広く活動しており、研究・調査・リサーチ、経営コンサルなどのサービスを提供しています。	コンサルティング	経営コンサル
ファンディール株式会社	3010401081940	0	http://fundeal.co.jp/contact/index.html	http://fundeal.co.jp/index.html		03-5422-9413	1060047	東京都	港区南麻布５丁目２番３２号	東京都港区南麻布５丁目２番３２号	新しいビジネスの開発やベンチャー企業の再生などを支援する、インキュベーション企業	2006年10月に東京都に設立されたインキュベーション企業です。同社は、新しいビジネスの開発やベンチャー企業の再生などを支援しており、主に市場リサーチ事業を展開しています。その他サービス、コンサルティング、研究・調査・リサーチ、経営コンサルの業界において活動しています。	コンサルティング	経営コンサル
株式会社ファルコン・キャピタル	3010401084621	0	http://falconcap.co.jp/form.html	http://falconcap.co.jp/index.html	info@falconcap.co.jp		1070062	東京都	港区南青山４丁目１４番２号グランポート南青山３０１	東京都港区南青山４丁目１４番２号グランポート南青山３０１	企業のM&Aや事業運営について、IT・飲食業界を中心としたコンサルティングを行う企業	東京都を拠点に2009年10月に設立されたコンサルティング企業です。同社は主にIT・飲食業界を中心に、企業のM&Aや事業運営に関するコンサルティング業務を行っています。経営コンサルティングを専門とする同社は、幅広い知見と経験を持ちながら、クライアント企業の成長と成功に向けて最適な戦略を提案しています。	コンサルティング	経営コンサル
東京国際コンサルティング株式会社	3010401085149	10	https://tickk.co.jp/contact/	https://tickk.co.jp/aboutus/	info@tickk.co.jp	03-5776-5090	1050003	東京都	港区西新橋２丁目２２番１号	東京都港区西新橋２丁目２２番１号	企業のマネジメントを支援するコンサルタント企業	2009年11月に設立された東京都を拠点とする企業です。同社は企業のマネジメントを支援するコンサルタント企業であり、主な業務には研修セミナー事業、リスクマネジメントコンサルティング事業、経営研修事業が含まれます。同社は人材・アウトソーシング、コンサルティング、企業研修、セミナー、経営コンサルを含む幅広い業界で活動しています。	コンサルティング	経営コンサル
株式会社インタープレジデント	3010401090487	1	https://interpresident.jp/contact/	https://interpresident.jp/			1080075	東京都	港区港南２丁目１６－４品川グランドセントラルタワー８階	東京都港区港南２丁目１６－４品川グランドセントラルタワー８階	経営支援、ビジネス開発、人材育成のコンサルティング企業	東京都を拠点とする経営支援、ビジネス開発、人材育成のコンサルティング企業です。2010年10月に設立され、主にウェブサイトのコンサルティング事業に従事しています。コンサルティング業界やITコンサル、起業コンサル、経営コンサルにおいて、持ち味を発揮しています。	コンサルティング	経営コンサル
株式会社ＢＲＡＶＥ	3010401096666	7	http://brave.tokyo.jp/contact/	http://brave.tokyo.jp/#page-1	info@brave.tokyo.jp	03-6805-0718	1070062	東京都	港区南青山５丁目１２番４号	東京都港区南青山５丁目１２番４号	美容専門サロンのコンサルティング企業	東京都に拠点を置く美容専門サロンのコンサルティング企業です。2011年11月に設立され、美容室・サロン経営コンサルティング業を展開しています。主にコンサルティング業務や経営コンサルを提供し、美容業界における顧客の成功をサポートしています。	コンサルティング	経営コンサル
株式会社アコモストラテジックマネジメント	3010401097284	6	https://www.travel-ex.jp/accomo/mail_form/	https://www.accomo.jp/		03-5419-6461	1080023	東京都	港区芝浦３丁目１７番１１号	東京都港区芝浦３丁目１７番１１号	旅館・ホテル専門コンサル企業	東京都に本社を置く旅館・ホテル専門コンサル企業です。2002年5月の設立以来、広告クリエイティブ事業、財務アドバイザリー事業、営業支援サービス事業、ビデオプロダクション事業、広告物デザイン制作事業など幅広いサービスを提供しています。主に広告・制作、コンサルティング、財務コンサル、広告制作、経営コンサルなどの産業において、多岐にわたるサービスを展開しています。	コンサルティング	経営コンサル
株式会社ＭＫマネジメント	3010401097499	0	http://www.mk-management.jp/php/ask_entry.html	http://www.mk-management.jp	info@mk-management.jp	03-5776-1065	1050013	東京都	港区浜松町１丁目２５番１１号	東京都港区浜松町１丁目２５番１１号	財務・ビジネスアドバイザリー企業	東京都に拠点を置く財務・ビジネスアドバイザリー企業です。2004年8月に設立され、財務アドバイザリー事業や税金対策事業を展開しています。士業、コンサルティング、税理士、財務コンサルの業界において活躍しています。	コンサルティング	財務コンサル
株式会社フィンチジャパン	3010401097581	8	https://company.finchjapan.co.jp/contact.php	https://company.finchjapan.co.jp/		03-4590-5964	1500021	東京都	渋谷区恵比寿西１丁目３３番６号ＪＰｎｏｉｅ恵比寿西ｃｏ－ｂａｅｂｉｓｕ	東京都渋谷区恵比寿西１丁目３３番６号ＪＰｎｏｉｅ恵比寿西ｃｏ－ｂａｅｂｉｓｕ	新しいビジネスを始める人をサポートする企業	2006年8月に東京都に設立された企業です。同社は、新しいビジネスを始める人をサポートすることを目的としており、商品開発アドバイザリー事業、投資アドバイザリー事業、ビジネスコンサルティング事業などを展開しています。主な業界はIT、コンサルティング、Webアプリ・サービス運営、資産運用コンサル、経営コンサル、その他コンサルです。	コンサルティング	経営コンサル
株式会社ジール	3010401097697	0	http://www.zeal.so/inquiry/	https://zeal-gr.co.jp/company/	info@zeal.so	03-6825-2898	1530064	東京都	目黒区下目黒２丁目２番１０号ＴＨＥ・ＥＤＧＥ５０１号	東京都目黒区下目黒２丁目２番１０号ＴＨＥ・ＥＤＧＥ５０１号	食品ブランドやEC事業のコンサルティングを提供している企業	2012年1月17日に東京都に設立された、食品ブランドやEC事業のコンサルティングを提供している企業です。広告クリエイティブ事業、プロモーション商品販売事業、営業支援サービス事業、商品開発事業、商品開発アドバイザリー事業、ギフト販売事業、カタログ作成事業など、幅広い事業を展開しています。株式会社ジールの業界は広告・制作、エンタメ・娯楽、その他サービス、小売・販売・卸売、コンサルティングに属し、広告制作、お土産・ギフト、グッズ制作・グッズ販売、経営コンサルなどの領域で幅広く活躍しています。	コンサルティング	経営コンサル
パスファインダーズ株式会社	3010401099792	2	https://www.pathfinders.co.jp/contact/	https://www.pathfinders.co.jp/company/	info@pathfinders.co.jp	03-5419-7172	1080014	東京都	港区芝４丁目１３番４号田町第１６藤島ビル２階	東京都港区芝４丁目１３番４号田町第１６藤島ビル２階	スタートアップ支援企業	東京都に拠点を構えるスタートアップ支援企業です。2012年5月に設立され、主に人材・アウトソーシング、コンサルティング、企業研修、経営コンサルの業務を行っています。経営研修事業を通じて、クライアント企業の成長をサポートしています。	コンサルティング	経営コンサル
株式会社カタリストワークス	3010401104791	2	http://www.catalyst-works.com/contact.php	http://www.catalyst-works.com/corporate_profile.php	corporate@catalyst-works.com	03-6380-1752	1080074	東京都	港区高輪４丁目２３－６ハイホーム高輪７０８	東京都港区高輪４丁目２３－６ハイホーム高輪７０８	IT戦略アドバイザーでシステム開発も手がける企業	東京都に位置するIT戦略アドバイザーでシステム開発も手がける企業です。製造システム開発事業、ビジネス向けソフトウェア開発事業、金融機関用システム開発事業を主要な業務としています。2013年3月に設立され、IT、コンサルティング、Webアプリ・サービス運営、ITインフラストラクチャー、受託開発、経営コンサルの業界で活動しています。	コンサルティング	経営コンサル
デロイトトーマツ人材機構株式会社	3010401108537	0	https://www2.deloitte.com/jp/ja/footerlinks/contact-list1.html	https://www2.deloitte.com/jp/ja/pages/about-deloitte/articles/dtam/deloitte-tohmatsu-anchor-management.html		03-6213-3500	1000005	東京都	千代田区丸の内３丁目２番３号丸の内二重橋ビルディング	東京都千代田区丸の内３丁目２番３号丸の内二重橋ビルディング	再構築中の企業	東京都に拠点を置く再構築中の企業であり、2013年10月に設立されました。同社は主にコンサルティング業務と総合系コンサル業務を手がけています。	コンサルティング	総合系コンサル
株式会社ワークシフト研究所	3010401122307	4	https://workshift.co.jp/contact-us/	https://workshift.co.jp	info@workshift.co.jp		1060044	東京都	港区東麻布１丁目７番３号第二渡邊ビル７階	東京都港区東麻布１丁目７番３号第二渡邊ビル７階			コンサルティング	経営コンサル
株式会社Ｓｈｙｌｐｈ	3010401157336	1	https://www.shylph-capital.com/inquiry	https://www.shylph-capital.com/		03-6681-3653	1050013	東京都	港区浜松町２丁目２番１５号浜松町ダイヤビル２Ｆ	東京都港区浜松町２丁目２番１５号浜松町ダイヤビル２Ｆ			コンサルティング	総合系コンサル
クロスユーラシア株式会社	3010401157955	0	https://www.cross-eurasia.com/%E3%81%8A%E5%95%8F%E3%81%84%E5%90%88%E3%82%8F%E3%81%9B/	https://www.cross-eurasia.com/company			1050001	東京都	港区虎ノ門１丁目１７－１虎ノ門ヒルズビジネスタワー１５階	東京都港区虎ノ門１丁目１７－１虎ノ門ヒルズビジネスタワー１５階			コンサルティング	経営コンサル
ブラックスワンガイ株式会社	3010401159621	0	https://bestbsg.wordpress.com/inquiry/	https://bestbsg.wordpress.com/			1070052	東京都	港区赤坂２丁目１６番６号ＢＩＺＭＡＲＫＳ赤坂３１８号室	東京都港区赤坂２丁目１６番６号ＢＩＺＭＡＲＫＳ赤坂３１８号室			コンサルティング	経営コンサル
株式会社ＡＳＡレポーティングプロフェッショナル	3010401159654	0	https://www.aoyama.ac/contact/			03-3560-5484	1050001	東京都	港区虎ノ門２丁目１０番４号	東京都港区虎ノ門２丁目１０番４号			コンサルティング	財務コンサル
株式会社赤坂事務所	3010401160397	4	https://www.akasaka-office.co.jp/contact/#navi	https://www.akasaka-office.co.jp/		03-6869-6363	1070051	東京都	港区元赤坂１丁目２番７号赤坂Ｋタワー４階	東京都港区元赤坂１丁目２番７号赤坂Ｋタワー４階			コンサルティング	総合系コンサル
トーラス・ＩＭＨ・アドバイザリー株式会社	3010401160827	0	https://taurus-financial.com/form/	https://taurus-financial.com/		03-6434-7184	1070051	東京都	港区元赤坂１丁目２番１７号赤坂Ｋタワー２６階	東京都港区元赤坂１丁目２番１７号赤坂Ｋタワー２６階			コンサルティング	財務コンサル
イノベーションフォース株式会社	3010401162550	1	https://innovationforce.co.jp/inquiry/	https://innovationforce.co.jp/		03-6450-4893	1060045	東京都	港区麻布十番１丁目８番１１号	東京都港区麻布十番１丁目８番１１号			コンサルティング	財務コンサル
有限会社バウ広告事務所	3010402021342	21	http://bau-ad.co.jp/contact	https://bau-ad.co.jp/		03-3568-6711	1050003	東京都	港区西新橋３丁目１５番１２号	東京都港区西新橋３丁目１５番１２号	ブランドコンサルティング企業	東京都に拠点を置くブランドコンサルティング企業です。1974年に設立され、ブランド戦略策定事業、市場リサーチ事業、営業支援サービス事業、ロゴ制作事業を提供しています。主要な業界は広告・制作、その他サービス、コンサルティング、デザイン、販促コンサル、研究・調査・リサーチ、経営コンサルなどです。	コンサルティング	経営コンサル
カラーズインターナショナルキャリア合同会社	3010403013421	0	http://www.colors-int.com/inquiry_form.php?q=4			03-6277-7292	1070052	東京都	港区赤坂３丁目２１番５号	東京都港区赤坂３丁目２１番５号	飲食店経営のコンサルティング企業	2006年9月に東京都に設立された飲食店経営のコンサルティング企業です。同社は主にWebマーケティング支援事業を展開しており、IT、コンサルティング、Webマーケコンサル、経営コンサルの分野において幅広い経験と専門知識を持っています。	コンサルティング	経営コンサル
グローシップ・パートナーズ株式会社	3010501031713	47	http://www.growship.com/contact/	http://www.growship.com/about/		03-6434-7788	1070052	東京都	港区赤坂４丁目１５番１号赤坂ガーデンシティ３階	東京都港区赤坂４丁目１５番１号赤坂ガーデンシティ３階	企業の経営戦略やシステム化計画などのコンサルティングを行う企業	東京都に拠点を置く企業で、企業の経営戦略やシステム化計画などのコンサルティングを提供しています。2016年7月1日に設立され、主な事業は販売アドバイザリー事業とネットワークインフラ設置事業です。IT、コンサルティング、その他IT、ITインフラストラクチャー、販促コンサル、経営コンサルの業界で活動しています。	コンサルティング	経営コンサル
経営創研株式会社	3010601028659	1	https://www.keieisoken.co.jp/contact/	https://www.keieisoken.co.jp/kigyoj/about-us/	info@keieisoken.co.jp	03-6661-9410	1030011	東京都	中央区日本橋大伝馬町１７番３号	東京都中央区日本橋大伝馬町１７番３号	企業向けコンサルティングや研修を提供する企業	2001年4月に設立され、東京都を拠点に活動しています。同社は、企業向けのコンサルティングや研修を提供する企業であり、主力事業は企業内トレーニングアウトソーシングです。人材・アウトソーシング、コンサルティング、企業研修、経営コンサルに関連する業界で事業展開しています。	コンサルティング	経営コンサル
株式会社フィット・ワン・ホールディング	3010601030929	0	https://www.fit-one.jp/%E3%81%8A%E5%95%8F%E3%81%84%E5%90%88%E3%82%8F%E3%81%9B/	https://www.fit-one.jp	yi@fit-one.jp	03-3525-8132	1350063	東京都	江東区有明１丁目３番１４号	東京都江東区有明１丁目３番１４号	企業が起業家や大企業にビジネスコンサルティングを提供している企業	東京都に本社を置くマーケティングコンサルティング事業を展開している企業です。2005年4月に設立され、起業家や大企業に対してビジネスコンサルティングを提供しています。同社は主にコンサルティング、販促コンサル、経営コンサルの業界で活動しています。	コンサルティング	経営コンサル
ユナイテッドインテリジェンス株式会社	3010601037726	0	http://www.ui-inc.biz/inquiry_list/	http://www.ui-inc.biz/		050-3771-9592	1350064	東京都	江東区青海２丁目４５番地	東京都江東区青海２丁目４５番地	起業や企業の成長を支援するコンサルティング企業	東京都に本社を置くコンサルティング企業です。同社は、起業や企業の成長を支援することを目的としており、主な業務として海外ビジネスアドバイザリー事業、研修セミナー事業、経営学校運営事業を展開しています。2008年6月に設立された同社は、人材・アウトソーシング、教育、コンサルティング、セミナー、学校、経営コンサル、その他コンサルなど、幅広い業界で活動しています。	コンサルティング	経営コンサル
株式会社フェーズ・ワン	3010601041884	3	http://www.phase01.co.jp/contact/	https://phase01.co.jp/corporate/		03-5879-5789	1330044	東京都	江戸川区本一色２丁目１１番１５号	東京都江戸川区本一色２丁目１１番１５号	業務改善コンサルティングとシステム開発を手がける企業	東京都を拠点に業務改善コンサルティングとシステム開発を手がける企業です。同社は2000年8月に設立され、顧客情報管理システム開発事業、販売管理ソフトウェア開発事業、企業内トレーニングアウトソーシング事業などの業務を展開しています。主な業界はIT、人材・アウトソーシング、コンサルティング、Webアプリ・サービス運営、企業研修、受託開発、経営コンサルです。	コンサルティング	経営コンサル
株式会社グローバル・スタンダード	3010601043947	0	http://sekaikijyun.com/mail/#mail	http://sekaikijyun.com			1350061	東京都	江東区豊洲３丁目４番２号	東京都江東区豊洲３丁目４番２号	コンサルティング・不動産企業	東京都を拠点とするコンサルティング・不動産企業です。2013年2月に設立され、主に物流アドバイザリー事業を手掛けています。業界はコンサルティング、経営コンサル、その他コンサルに属しています。	コンサルティング	経営コンサル
ワンドロップス株式会社	3010601046850	3	https://www.onedrops.jp/contact	https://www.onedrops.com/	sparkdojo.support@onedrops.com	03-6455-4022	1070052	東京都	港区赤坂９丁目５番２９号赤坂ロイヤルマンション３１２号室	東京都港区赤坂９丁目５番２９号赤坂ロイヤルマンション３１２号室	経営コンサルティングと英語教室「SparkDojo」を運営している企業	2014年10月に東京都で設立された教育および経営コンサルティングの会社です。同社は、経営コンサルティングと英語教室「SparkDojo」の運営を行っており、主に英語学習施設運営事業に従事しています。ワンドロップス株式会社は、教育、コンサルティング、語学学習、経営コンサルなどの業界で活動しています。	コンサルティング	経営コンサル
株式会社ＭＡＳＵＫＯ	3010601047130	1	http://masuko-mc.co.jp/contact/	https://masuko-mc.co.jp/company	info@masuko-mc.co.jp	03-6868-4898	1300022	東京都	墨田区江東橋４丁目２７番１４号楽天地ビル３階１１号室	東京都墨田区江東橋４丁目２７番１４号楽天地ビル３階１１号室	経営戦略の立案や資金調達支援、M&Aアドバイジングを提供するプロフェッショナルなコンサル会社	東京都を拠点に経営戦略の立案や資金調達支援、M&Aアドバイジングなどのプロフェッショナルなコンサルティングサービスを提供しています。また、ビジネス承継支援事業や会計・税務アドバイザリー事業も手がけており、士業、その他サービス、コンサルティングなどの業界において、会計士、財務コンサルなどの専門家によるサービス提供を行っています。株式会社ＭＡＳＵＫＯは2014年12月に設立されました。	コンサルティング	財務コンサル
アドテンポネットワークス株式会社	3010701019839	15	https://adtempo-networks.co.jp/contact/	https://adtempo-networks.co.jp	info@adtempo-networks.co.jp	03-5476-8866	1080014	東京都	港区芝４丁目５番１１号	東京都港区芝４丁目５番１１号	全国チェーン店舗のマネジメントを行う企業	1989年7月に東京都で設立され、全国チェーン店舗のマネジメントを行う企業です。同社は、フランチャイズチェーン運営支援事業と店舗空間デザイン事業を展開しており、建設、コンサルティング、店舗デザイン、経営コンサル、その他コンサル、インテリア系デザインの業界で活動しています。	コンサルティング	経営コンサル
ナチュラルナイン株式会社	3010701019896	1	http://www.natural-9.co.jp/inquiry.html	http://www.natural-9.co.jp/index.html		03-6712-0275	1410031	東京都	品川区西五反田３丁目１番６号ＲＢＭ目黒レジデンス３０１	東京都品川区西五反田３丁目１番６号ＲＢＭ目黒レジデンス３０１	経営の総合的なコンサルティング事業を提供している企業	2007年9月に東京都で設立された企業です。ナチュラルナイン株式会社は、経営の総合的なコンサルティング事業を提供しており、主な業務は人材戦略コンサルティング事業と投資アドバイザリー事業です。また、コンサルティング、資産運用コンサル、組織コンサル、経営コンサルの業界に関与しています。	コンサルティング	経営コンサル
株式会社ロプ	3010701022594	0	http://www.rop-fd.com/contact.php	http://www.rop-fd.com	info@rop-fd.com	03-6456-4555	1410021	東京都	品川区上大崎３丁目３番９号	東京都品川区上大崎３丁目３番９号	家電量販店に営業支援サービスを提供する企業	東京都に位置する家電量販店に営業支援サービスを提供する企業です。2007年7月に設立され、IT、人材・アウトソーシング、教育、コンサルティング、資格取得、Webアプリ・サービス運営、セミナー、経営コンサルの業界で活動しています。主な業務はデータ管理システム構築事業、資格取得サポート事業、セミナー企画・運営事業です。	コンサルティング	経営コンサル
ワールドインベストメント株式会社	3010701025515	0	http://worldinvestmentcorp.com/index.php/2017-10-06-11-30-19	http://worldinvestmentcorp.com/index.php	info@worldinvestmentcorp.com	045-513-9539	1400014	東京都	品川区大井５丁目２２番５号	東京都品川区大井５丁目２２番５号	M&Aや事業承継サポートと人材紹介を提供する企業	東京都に拠点を置くM&Aや事業承継サポートと人材紹介を提供する企業です。2011年8月に設立され、医師紹介サービス、エンジニア紹介事業、ビジネス承継支援事業、求職者向け情報サービス事業、医療従事者派遣事業などを展開しています。主な業界は人材・アウトソーシング、その他サービス、コンサルティング、求人媒体運営・求人情報誌出版、人材紹介、人材派遣、その他サービス、経営コンサルです。	コンサルティング	経営コンサル
シグマホールディングス株式会社	3010701026331	23	https://krs.bz/sigma-gr/m?f=231	https://www.sigma-gr.com/corp/corp_info.shtml		03-3490-8167	1410021	東京都	品川区上大崎２丁目２５番２号	東京都品川区上大崎２丁目２５番２号	子会社経営管理コンサルタント企業	東京都を拠点に子会社経営管理コンサルタント企業として活動しています。2012年4月に設立され、主な事業として経営コンサルティング事業とグループ企業経営事業に従事しています。コンサルティングと経営コンサルが主要な業界となっています。	コンサルティング	経営コンサル
株式会社ジャパンコンテンツトレーディング	3010701028311	1	http://japan-ct.com/#contact	http://japan-ct.com/		03-3485-4049	9693527	福島県	喜多方市塩川町御殿場一丁目１０９番地２	福島県喜多方市塩川町御殿場一丁目１０９番地２	企業のグローバル展開戦略のアドバイザー	2013年7月に福島県に設立された企業であり、経営コンサルおよびその他コンサル業界で活動しています。同社は、企業のグローバル展開戦略のアドバイザーとして、海外ビジネスアドバイザリー事業を展開しています。	コンサルティング	経営コンサル
株式会社マジックボックス	3010701029417	2	http://magicbox.tokyo/contact/	http://magicbox.tokyo		03-6451-3745	1420064	東京都	品川区旗の台６丁目１６番５号ＭＹプレザンス２０２	東京都品川区旗の台６丁目１６番５号ＭＹプレザンス２０２	営業支援のアドバイザリーと、Angedareプロジェクトを展開する企業	東京都を拠点に営業支援のアドバイザリーと、Angedareプロジェクトを展開する企業です。2014年5月に設立された当社は、マーケティングコンサルティング事業、海外ビジネスアドバイザリー事業、営業支援サービス事業を展開しており、コンサルティング、販促コンサル、経営コンサル、その他コンサルの業界で活動しています。	コンサルティング	経営コンサル
株式会社フリコユラス	3010701029656	2	http://furikoyurasu.com/inquiry/form/	http://furikoyurasu.com/		03-6277-3792	1080074	東京都	港区高輪４丁目２０－３ＭＹ高輪ビル２０３号室	東京都港区高輪４丁目２０－３ＭＹ高輪ビル２０３号室	経営コンサルティング企業主に営業や内部環境に関するアドバイスを提供企業	2014年7月に東京都で設立された経営コンサルティング企業です。主に営業や内部環境に関するアドバイスを提供し、教育支援事業、営業支援サービス事業、研修セミナー事業、企業内トレーニングアウトソーシング事業を展開しています。人材・アウトソーシング、教育、コンサルティング、塾・予備校、企業研修、セミナー、組織コンサル、経営コンサル、その他コンサルという幅広い業界に対応しています。	コンサルティング	経営コンサル
株式会社多久案	3010901019754	2	https://www.taku-an.co.jp/contactform.html	https://www.taku-an.co.jp/		090-2432-2799	1540016	東京都	世田谷区弦巻２丁目１３番１８号	東京都世田谷区弦巻２丁目１３番１８号			コンサルティング	経営コンサル
ドゥラックアセットマネジメント株式会社	3010901023211	25	https://dlam.jp/contact/	http://dlam.jp/			1070052	東京都	港区赤坂５丁目２－３３	東京都港区赤坂５丁目２－３３	グループ企業の運営支援を提供する企業	東京都に拠点を置くコンサルティング及び経営コンサル業界に従事する企業です。同社は、2005年12月に設立され、グループ企業の運営支援を提供しています。	コンサルティング	経営コンサル
ＡＰＰＯＴＯ株式会社	3010901028409	1	http://www.appoto.com/contact/contact.php?mode=form	http://www.appoto.com	info@appoto.com	03-4360-5300	1310032	東京都	墨田区東向島６丁目３３番７号	東京都墨田区東向島６丁目３３番７号	ウェブマーケティングコンサルタント企業	東京都を拠点にするウェブマーケティングコンサルタント企業です。2011年5月に設立され、広告・制作、IT、人材・アウトソーシング、エンタメ・娯楽、コンサルティングなどの幅広い業界で活動しています。同社は主にイベントプランニング事業、セミナー企画・運営事業、Webマーケティング支援事業、デザイン制作事業などを行っており、経営コンサルティングを通じてクライアントのビジネスに対する戦略的なアドバイスを提供しています。	コンサルティング	経営コンサル
株式会社フューチャーワークス	3011001017161	2	http://www.futureworks.co.jp/mail.php	https://www.futureworks.co.jp/company/	info@futureworks.co.jp	03-6432-2831	1580091	東京都	世田谷区中町１丁目２４番２－１０５号	東京都世田谷区中町１丁目２４番２－１０５号	販売促進に関する業務を手掛け、商品の差別化やWebデザイン、印刷物の制作を行う企業	東京都に本社を置く1988年設立の企業です。同社は販売促進に関する業務を手掛け、商品の差別化やWebデザイン、印刷物の制作を行っています。主な事業は販売アドバイザリーであり、広告・制作、コンサルティング、デザイン、販促コンサル、経営コンサルの業界で活躍しています。	コンサルティング	経営コンサル
ビーエヌエス株式会社	3011001027045	3	http://www.bns.co.jp/contact/	http://bns.co.jp/company/		03-5414-1303	1500013	東京都	渋谷区恵比寿４丁目２６－１０－９０２	東京都渋谷区恵比寿４丁目２６－１０－９０２	OA機器関連のコンサルティングや国内外の市場調査を行う企業	1996年5月に設立され、東京都を拠点に、OA機器関連のコンサルティングや国内外の市場調査を行う企業です。主な事業はデータ解析、市場リサーチ、雑誌出版であり、IT、その他サービス、コンサルティング、メディア・出版、その他IT、出版、研究・調査・リサーチ、経営コンサルの業界に属しています。	コンサルティング	経営コンサル
谷田化粧品株式会社	3011001037597	0	http://syou-you.com/contact/	https://mycelluce.jp	info@syou-you.com	03-5766-7366	4130025	静岡県	熱海市桜木町１１番２０号別邸桜乃庄１０４号	静岡県熱海市桜木町１１番２０号別邸桜乃庄１０４号			コンサルティング	経営コンサル
株式会社リプロジェクト・パートナーズ	3011001038983	2	http://www.rpp.co.jp/contact.html	http://www.rpp.co.jp/about.html			1070052	東京都	港区赤坂２丁目２３番１号ＲｏＰ１００５	東京都港区赤坂２丁目２３番１号ＲｏＰ１００５	リゾートや都市開発のアドバイザリーを提供する企業	東京都を拠点にリゾートや都市開発のアドバイザリーを提供する企業です。2002年に設立され、海外ビジネスアドバイザリー事業、営業支援サービス事業、ビジネスコンサルティング事業を展開しています。主にコンサルティング、総合系コンサル、経営コンサル、その他コンサル業界で活動しています。	コンサルティング	総合系コンサル
株式会社ヴィクトリー・オプティカル	3011001042300	11	http://vo-opt.com/contact/index.html	https://vo-opt.com/		03-5460-2460	1400001	東京都	品川区北品川１丁目２４番１２号	東京都品川区北品川１丁目２４番１２号	眼鏡店の売上アップや経営アドバイスを提供する企業	東京都を拠点に眼鏡店の売上アップや経営アドバイスを提供する企業です。1992年4月に設立され、主な事業としてカスタマーサービス研修事業と営業支援サービス事業を展開しています。人材・アウトソーシング、コンサルティング、企業研修、経営コンサルなどの業界で活動しています。	コンサルティング	経営コンサル
インターネット・ビジネス・フロンティア株式会社	3011001043323	14	http://www.ibf.co.jp/form.html	http://www.ibf.co.jp/		03-5784-3575	1530042	東京都	目黒区青葉台３丁目１番１８号青葉台タワーアネックス８階	東京都目黒区青葉台３丁目１番１８号青葉台タワーアネックス８階	ECサイトのアドバイスや構築などを提供する企業	東京都に拠点を置き、2004年9月に設立された企業です。同社は主にECサイトのアドバイスや構築などを提供しており、ネットショップ構築事業や検索エンジン最適化対策事業などに従事しています。広告・制作、IT、コンサルティング、Web制作、その他IT、経営コンサル、eコマースなどの業界で活動しています。	コンサルティング	経営コンサル
株式会社インビジブルビジョンズ	3011001043752	1	http://www.invisiblevisions.com/jp/toiawase/	http://www.invisiblevisions.com/jp/company/		03-3280-3788	1500013	東京都	渋谷区恵比寿４丁目２３番６－４０５号	東京都渋谷区恵比寿４丁目２３番６－４０５号	サービスおよび接客分野に特化したコンサルティングファーム企業	2002年6月に東京都で設立された、サービスおよび接客分野に特化したコンサルティングファーム企業です。同社は人材・アウトソーシング、教育、コンサルティング、塾・予備校、企業研修、経営コンサルなどの業種で活動しており、主に教育支援事業に従事しています。	コンサルティング	経営コンサル
株式会社スポルツ	3011001056119	2	http://www.sportz.co.jp/contact	http://www.sportz.co.jp	policy@sportz.co.jp	03-6427-4541	1500001	東京都	渋谷区神宮前６丁目２９番４号原宿Ｋｏｍｉｙａビル６階	東京都渋谷区神宮前６丁目２９番４号原宿Ｋｏｍｉｙａビル６階	健康に関する事業・商品開発とマーケティングを支援する企業	1995年7月に設立された東京都に拠点を置く健康に関する事業・商品開発とマーケティングを支援する企業です。同社はマーケティングコンサルティング事業、商品開発アドバイザリー事業、ビジネスコンサルティング事業を展開しており、ITおよびコンサルティング業界での活動に加え、Webアプリ・サービス運営や販促コンサル、経営コンサルなどの幅広いコンサルティング活動も行っています。	コンサルティング	経営コンサル
株式会社ＣＲＯＴＲＡ	3011001059443	6	https://sevenrich-ac.com/contact/form.cgi	https://crotra.com/		03-5766-7837	1500012	東京都	渋谷区広尾５丁目２３番５号長谷部第１ビル１階	東京都渋谷区広尾５丁目２３番５号長谷部第１ビル１階			コンサルティング	経営コンサル
株式会社Ｏｒｃｈｅｓｔｒａ　Ｈｏｌｄｉｎｇｓ	3011001061184	46	https://orchestra-hd.co.jp/contact/	https://orchestra-hd.co.jp/company/access.html		03-5794-3743	1500013	東京都	渋谷区恵比寿４丁目２０番３号	東京都渋谷区恵比寿４丁目２０番３号	「オーケストラホールディングス」グループの戦略設計・実施・経営管理企業	東京都に本社を構える「オーケストラホールディングス」グループの戦略設計・実施・経営管理企業です。2009年6月1日に設立され、グループ企業の経営事業を担当しています。主要業種としては、工事・土木、広告・制作、IT、コンサルティング、Webアプリ・サービス運営、Web制作、その他建設・工事、経営コンサルなどがあります。	コンサルティング	経営コンサル
株式会社ウィザーズプラス	3011001062075	12	http://www.wizardz-plus.jp/contact/index.php	https://nursingcare-plus.jp/about		03-3237-3160	1020073	東京都	千代田区九段北１丁目１３番５号	東京都千代田区九段北１丁目１３番５号	業務改善とコスト削減のアドバイスを提供する企業	2009年8月に東京都で設立されたコンサルティング企業です。同社は業務改善とコスト削減のアドバイスを提供することを専門とし、経営コンサル業界で高い評価を得ています。	コンサルティング	経営コンサル
株式会社ゾイトロープス	3011001067025	2	http://rnac.jp/contact	http://rnac.jp		03-3353-4811	1710021	東京都	豊島区西池袋５丁目２６番１６号ＣＨＩＢＡビル５１１号室	東京都豊島区西池袋５丁目２６番１６号ＣＨＩＢＡビル５１１号室	グローバル進出支援や経営相談を提供している企業	東京都に位置する2009年4月設立の企業で、グローバル進出支援や経営相談を提供しています。主要な事業は海外ビジネスアドバイザリー事業とグループ企業経営事業であり、IT、人材・アウトソーシング、コンサルティング、事務処理代行、受託開発、経営コンサル、その他コンサルの各業界において活動しています。	コンサルティング	経営コンサル
株式会社ニーズコネクト	3011001067719	0	http://neecone.com/index.php?%E3%81%8A%E5%95%8F%E5%90%88%E3%81%9B	http://neecone.com/index.php?FrontPage	kojima@needsconnect.jp	070-5373-5588	1500013	東京都	渋谷区恵比寿２丁目２８番１０号	東京都渋谷区恵比寿２丁目２８番１０号	ビジネスオーナーの集客・ブランディング支援企業	東京都を拠点としたビジネスオーナーの集客・ブランディング支援企業です。同社は、マーケティングコンサルティング事業、セミナー企画・運営事業、研修セミナー事業、人材戦略コンサルティング事業、講義者派遣事業を展開しており、主に人材・アウトソーシング、エンタメ・娯楽、コンサルティング、セミナー、イベント、人材派遣、販促コンサル、組織コンサル、経営コンサルの業界において事業を展開しています。	コンサルティング	経営コンサル
株式会社アクリア	3011001069558	27	https://www.accrea.co.jp/contact/	http://www.accrea.co.jp/company/		03-6300-6703	1600023	東京都	新宿区西新宿１丁目２２番１５号	東京都新宿区西新宿１丁目２２番１５号	株式上場企業や子会社を対象に会計アドバイザリーを提供する企業	東京都を拠点にする株式上場企業や子会社を対象に、2011年6月に設立された会計アドバイザリー企業です。アクリアは士業・コンサルティング業界で活躍し、主に会計・税務アドバイザリー事業を展開しています。その専門知識を活かし、会計士や財務コンサルとして高品質なサービスを提供しています。	コンサルティング	財務コンサル
コーギー・マーケティング株式会社	3011001071910	0	http://www.corgi-marketing.com/contact/	http://www.corgi-marketing.com	info@corgi-marketing.com		1040061	東京都	中央区銀座６丁目１４番８号	東京都中央区銀座６丁目１４番８号	クライアントが上得意客や常連客を獲得するためのコンサルティングを提供する企業	2011年6月に東京都で設立された企業です。同社はクライアントが上得意客や常連客を獲得するためのコンサルティングを提供しており、マーケティングコンサルティング事業、セミナー企画・運営事業、販促企画事業、経営研修事業を展開しています。主な業界は人材・アウトソーシング、コンサルティング、企業研修、セミナー、販促コンサル、経営コンサルです。	コンサルティング	経営コンサル
ベネディ・コンサルティング株式会社	3011001072933	2	http://benediconsulting.jp/contact/	http://benediconsulting.jp/		03-6805-1900	1500002	東京都	渋谷区渋谷１丁目１番３号	東京都渋谷区渋谷１丁目１番３号	M&Aや経営相談などを提供するコンサルティング企業	東京都に位置する2012年3月に設立されたM&Aや経営相談などを提供するコンサルティング企業です。同社は主にコンサルティングおよび経営コンサルの業界において事業活動を展開しています。	コンサルティング	経営コンサル
株式会社いないいないばぁ	3011001096164	2	http://www.i-i-b.jp/contact/	http://www.i-i-b.jp/			1500002	東京都	渋谷区渋谷３丁目６番２号エクラ―ト渋谷ビル５階	東京都渋谷区渋谷３丁目６番２号エクラ―ト渋谷ビル５階	驚きを演出するマーケティングを行う企業	2013年8月に東京都に設立された、驚きを演出するマーケティングを行う企業です。主な事業はWebマーケティング支援事業と販促企画事業で、広告・制作、IT、コンサルティングなどの幅広い業界で活動しています。専門分野は広告制作、CM制作・映像制作、デザイン、販促コンサルなどで、Webマーケコンサルや総合系コンサルも手がけています。	コンサルティング	総合系コンサル
アロン株式会社	3011001097823	13	http://arron.tokyo/contact/	http://arron.tokyo/		0422-90-6189	1800002	東京都	武蔵野市吉祥寺東町４丁目１７番１７号	東京都武蔵野市吉祥寺東町４丁目１７番１７号	アパレル販売業者向けサービス提供企業	東京都に拠点を置くアパレル販売業者向けサービス提供企業です。同社は、販売アドバイザリー事業と店舗マネジメントアウトソーシング事業を展開しており、人材・アウトソーシング、コンサルティング、営業代行・販売代行、業務請負、販促コンサル、経営コンサルの業界で活動しています。	コンサルティング	経営コンサル
株式会社クラダシ	3011001100958	49	http://www.glaucks.co.jp/contact.php	https://corp.kuradashi.jp/	info@kuradashi.jp	03-5333-2966	1410021	東京都	品川区上大崎３丁目２番１号	東京都品川区上大崎３丁目２番１号	食品のロス削減・活用コンサルティング企業	東京都に拠点を置く食品のロス削減・活用コンサルティング企業です。2014年4月に設立され、IT、コンサルティング、経営コンサル、eコマースの業界で活動しています。	コンサルティング	経営コンサル
株式会社ポラリス	3011001102590	8	https://polarisconsul.com/contact	https://polarisconsul.com/company/		03-6264-4653	1040061	東京都	中央区銀座１丁目１６番１号東貨ビル３階	東京都中央区銀座１丁目１６番１号東貨ビル３階	金融機関に対するビジネス支援や事業継続支援を提供する企業	東京都に拠点を置き、金融機関に対するビジネス支援や事業継続支援を提供する企業です。主な事業は、ビジネス承継支援事業と金融機関向けアドバイザリー事業です。株式会社ポラリスは、金融やその他サービス、コンサルティングなどの業界で活動し、財務コンサルや経営コンサル、その他金融関連サービスなどを提供しています。	コンサルティング	財務コンサル
株式会社クオンツ総研ホールディングス	3011001124759	4	https://masouken.com/contact	https://masouken.com/holdings/company			1000005	東京都	千代田区丸の内１丁目８番１号丸の内トラストタワーＮ館１８階	東京都千代田区丸の内１丁目８番１号丸の内トラストタワーＮ館１８階			コンサルティング	経営コンサル
株式会社Ｇｒｏｏｖｅｍｅｎｔ	3011001138750	10	https://groove-ment.com/	https://groove-ment.com/company			1500041	東京都	渋谷区神南１丁目２３－１４	東京都渋谷区神南１丁目２３－１４			コンサルティング	経営コンサル
渋谷ブレンド株式会社	3011001141564	0	https://shibuyablend.com/contact	https://shibuyablend.com/	info@shibuyablend.com		8800806	宮崎県	宮崎市広島１丁目４番２６号	宮崎県宮崎市広島１丁目４番２６号			コンサルティング	総合系コンサル
株式会社アセプト	3011001141911	0	https://accept-inc.jp/contact/index.html	https://accept-inc.jp/index.html		03-6822-7019	1100005	東京都	台東区上野１丁目１１番９号イマスサニービル７階だれでもモバイル内	東京都台東区上野１丁目１１番９号イマスサニービル７階だれでもモバイル内			コンサルティング	総合系コンサル
株式会社日本コンサルタントグループ	3011101016328	99	https://www.niccon.co.jp/contact/	https://www.niccon.co.jp/kigyoujouhou/kaisyagaiyou/	pas@niccon.co.jp	03-5996-7541	1610033	東京都	新宿区下落合３丁目２２番１５号	東京都新宿区下落合３丁目２２番１５号	企業診断からeラーニングまで、総合コンサルティング企業	1956年に設立された総合コンサルティング企業です。東京都に拠点を置いており、企業診断からeラーニングまで、幅広いサービスを提供しています。市場リサーチ事業、営業支援サービス事業、企業内トレーニングアウトソーシング事業、遠隔教育事業などを展開し、人材・アウトソーシング、教育、コンサルティングなどの業界において質の高いサービスを提供しています。	コンサルティング	経営コンサル
株式会社職場活性化センター	3011101027119	0	http://getiso.co.jp/%E3%81%8A%E5%95%8F%E3%81%84%E5%90%88%E3%82%8F%E3%81%9B/	http://getiso.co.jp/	ask@getiso.co.jp	03-3344-3035	1600023	東京都	新宿区西新宿６丁目１２番６－１１０９号	東京都新宿区西新宿６丁目１２番６－１１０９号	企業活性化・経営コンサルティングの専門家企業	東京都を拠点にする企業活性化・経営コンサルティングの専門家企業です。主に人材・アウトソーシング、コンサルティング、業務請負、経営コンサル領域で幅広いサービスを提供しています。	コンサルティング	経営コンサル
株式会社一柳アソシエイツ	3011101030064	5	http://www.ichiryu.org/inquiry	http://www.ichiryu.org/		03-3266-7596	1620824	東京都	新宿区揚場町１番２１号	東京都新宿区揚場町１番２１号	ビジネスアドバイザーとして、経営トラブルや政策に関するアドバイスを提供する企業	東京都を拠点にビジネスアドバイザーとして活動しています。2000年7月に設立され、経営トラブルや政策に関するアドバイスを提供することを主な業務としています。また、販売アドバイザリー事業、営業支援サービス事業、金融機関向けアドバイザリー事業なども展開しています。一柳アソシエイツは人材・アウトソーシング、コンサルティング、企業研修、人材紹介、販促コンサル、経営コンサルなどの幅広い業界で豊富な実績を持っています。	コンサルティング	経営コンサル
株式会社東京コンサルティング	3011101049567	0	http://www.tokyo-consulting.net/postmail/postmail.html	http://www.tokyo-consulting.net/index.html	no1-tenpo@kawa-tokyo.com	03-6908-7837	1600023	東京都	新宿区西新宿７丁目１８番７号	東京都新宿区西新宿７丁目１８番７号	東京で起業に関するコンサルティングとサポートを提供する会社	東京都を拠点にしています。東京で起業に関するコンサルティングとサポートを提供しており、ビジネス承継支援事業、営業支援サービス事業、およびフランチャイズチェーン運営支援事業に従事しています。業種はその他サービスやコンサルティングなどで、経営コンサルやその他のコンサルティングも含まれています。	コンサルティング	経営コンサル
ターゲットメディア株式会社	3011101053107	10	https://www.marke-media.net/form/tmedia_new/inquiry/	https://www.tmedia.co.jp/about/		03-5312-6833	1080014	東京都	港区芝４丁目１番２３号	東京都港区芝４丁目１番２３号	B2Bマーケティング支援やリードジェネレーションプラットフォームを提供する企業	2009年6月に東京都で設立されたB2Bマーケティング支援やリードジェネレーションプラットフォームを提供する企業です。主な事業は、データ管理システム構築事業とマーケティングコンサルティング事業であり、IT、コンサルティング、Webアプリ・サービス運営、販促コンサル、経営コンサルの業界で活動しています。	コンサルティング	経営コンサル
株式会社さくら総合研究所	3011101055763	4	http://www.jpnet.jp/sakura/contact.html	https://www.sakurasoken.com/company	info-c@bc.iij4u.or.jp	03-3235-7234	1620843	東京都	新宿区市谷田町２丁目１９番１号	東京都新宿区市谷田町２丁目１９番１号	ビジネスアドバイザリーやマーケティング、データ解析を提供する企業	1998年12月に東京都で設立されたビジネスアドバイザリー企業です。マーケティングコンサルティング事業、企業内トレーニングアウトソーシング事業、人材戦略コンサルティング事業を提供しており、人材・アウトソーシング、コンサルティング、企業研修、販促コンサル、組織コンサル、経営コンサルなどの業界で活躍しています。	コンサルティング	経営コンサル
株式会社マーケット・リスク・アドバイザリー	3011101059888	1	https://marketrisk.jp/contact/	http://www.marketrisk.co.jp/about#company		03-6830-5777	1600004	東京都	新宿区四谷２丁目４番地１８	東京都新宿区四谷２丁目４番地１８	企業の経営やリスクマネジメントについてアドバイスをしている専門企業	2010年に東京都に設立された専門企業です。同社は、企業の経営やリスクマネジメントに関するアドバイスを提供しています。また、会計・税務アドバイザリー事業とリスクマネジメントコンサルティング事業を展開しており、士業、コンサルティング、会計士、経営コンサルなどの業界で活動しています。	コンサルティング	経営コンサル
株式会社ＰＯＬＡ－ＲＩＳ	3011101063790	1	http://www.pola-ris.co.jp/contact.html	https://www.pola-ris.co.jp/aboutus.html	info@pola-ris.co.jp	048-228-1830	3330802	埼玉県	川口市戸塚東３丁目３７番１４号	埼玉県川口市戸塚東３丁目３７番１４号	ビジネスマッチングや代理営業を提供する企業	埼玉県に拠点を構える企業であり、ビジネスマッチングや代理営業を提供しています。2012年7月に設立され、セールスアウトソーシング事業、Webマーケティング支援事業、ビジネスマッチングサービス事業、電話営業事業などを展開しています。主にITや人材・アウトソーシング、コンサルティングなどの業界で活動しており、Webマーケコンサルや営業代行・販売代行、業務請負など多岐にわたるサービスを提供しています。	コンサルティング	経営コンサル
株式会社スポーツストーリーズ	3011101078558	21	https://sports-stories.co.jp/contact-recruit/	https://sports-stories.co.jp/		03-4500-0698	1020083	東京都	千代田区麹町４丁目８番地１	東京都千代田区麹町４丁目８番地１			コンサルティング	経営コンサル
イーグルマーケティング株式会社	3011101080729	1	http://www.eaglemarketing.co.jp/contact/postmail.html	https://www.eaglemarketing.co.jp/	info@eaglemarketing.co.jp	03-6273-1288	1070052	東京都	港区赤坂３丁目５番５号	東京都港区赤坂３丁目５番５号	事業開始サポートや海外展開支援など、ビジネスコンサルティングを提供する会社	東京都に位置するビジネスコンサルティング会社です。2017年6月6日に設立され、事業開始サポートや海外展開支援などのサービスを提供しています。主な業務は、鞄・バッグ販売業及び海外ビジネスアドバイザリー事業であり、美容・アパレル、コンサルティング、バッグ・装飾品、経営コンサルなどの業界で活動しています。	コンサルティング	経営コンサル
株式会社北野嘉哉事務所	3011301001823	6	http://www.kitanooffice.co.jp/contact2	https://www.kitanooffice.co.jp/		03-3406-5131	1670033	東京都	杉並区清水１丁目２１番１０号	東京都杉並区清水１丁目２１番１０号			コンサルティング	経営コンサル
株式会社サザンクロス	3011301023339	1	http://sc-southerncross.jp/contact/	http://sc-southerncross.jp		090-7174-3998	2510027	神奈川県	藤沢市鵠沼桜が岡１丁目１４番４号	神奈川県藤沢市鵠沼桜が岡１丁目１４番４号	グローバル展開のコンサルティングを行う企業	2017年7月12日に神奈川県に設立された、グローバル展開のコンサルティングを行う企業です。同社は、市場リサーチ事業、海外ビジネスアドバイザリー事業、言語通訳・翻訳サービス事業を展開しており、人材・アウトソーシング、その他サービス、コンサルティング、翻訳・通訳、研究・調査・リサーチ、経営コンサル、その他コンサルといった幅広い業界で活動しています。	コンサルティング	経営コンサル
株式会社フューチャープラント	3011401012877	0	http://www.futureplant.jp/contact/mail_form.php	http://www.futureplant.jp/	info@futureplant.jp	03-6751-6262	1740051	東京都	板橋区小豆沢２丁目２０番１４－２０４号	東京都板橋区小豆沢２丁目２０番１４－２０４号	業務支援や経営コンサルティング、コンテンツ制作を提供する企業	東京都に拠点を置く2007年設立の企業です。同社は人材・アウトソーシング、コンサルティング、業務請負、経営コンサルの業界で事業を展開しており、業務支援や経営コンサルティング、コンテンツ制作を提供しています。	コンサルティング	経営コンサル
株式会社創英コーポレーション	3011401015624	1	http://www.soeicorporation.com/jp/contact-us	http://www.soeicorporation.com/jp/soei-coporation	info@soeicorporation.com	03-5914-3866	1200043	東京都	足立区千住宮元町３０番１６号ダイヤモンドビル北千住１１３	東京都足立区千住宮元町３０番１６号ダイヤモンドビル北千住１１３	カンボジアとミャンマー進出のための企業支援	2006年11月に設立され、東京都を拠点にしています。同社は、カンボジアとミャンマー進出のための企業支援や海外ビジネスアドバイザリー事業、医療機器輸入販売事業を展開しており、主に医療・製薬・福祉、コンサルティング、医療機器、経営コンサルなどの業界において活動しています。株式会社創英コーポレーションは、経験と専門知識に基づいた高品質のサービスを提供し、お客様のビジネス成長をサポートしています。	コンサルティング	経営コンサル
株式会社オーセント	3011601021439	21	https://aucent-inc.com/contact/	https://aucent-inc.com/			1510051	東京都	渋谷区千駄ヶ谷３丁目７番４号アカデミービル３階	東京都渋谷区千駄ヶ谷３丁目７番４号アカデミービル３階	コンサルティング業務を提供している企業	東京都に位置するコンサルティング業務を提供している会社です。2017年1月12日に設立され、主にマーケティングコンサルティング事業と経営コンサルティング事業を展開しています。コンサルティング、販促コンサル、経営コンサルを主な業界としています。	コンサルティング	経営コンサル
ロイヤルバード株式会社	3011801024737	0	http://royalbird.jp/contact	http://royalbird.jp	info@royalbird.jp	03-3507-5692	1000011	東京都	千代田区内幸町１丁目１番１号帝国ホテルタワー１５階	東京都千代田区内幸町１丁目１番１号帝国ホテルタワー１５階	企業が支援する日本企業や海外企業の経済活動や文化交流イベントなどの運営会社	2011年4月に東京都に設立された企業です。同社は主に海外輸出支援事業を展開しており、日本企業や海外企業の経済活動や文化交流イベントなどの運営も行っています。商社、コンサルティング、その他専門商社、経営コンサル、その他コンサルの業種に属しています。	コンサルティング	経営コンサル
株式会社東京エネルギーリサーチ	3012301007785	1	https://sec31.alpha-lt.net/teres.co.jp/contact.php	http://www.teres.co.jp			2150017	神奈川県	川崎市麻生区王禅寺西１丁目７－１６	神奈川県川崎市麻生区王禅寺西１丁目７－１６	商品開発やアンケート調査などを受託するコンサルティング企業	神奈川県に拠点を置くコンサルティング企業です。商品開発やアンケート調査などの業務を受託しており、アンケート調査代行や企業内トレーニングアウトソーシング、商品開発アドバイザリー、講義者派遣など、様々な事業を展開しています。2000年6月に設立され、人材・アウトソーシング、コンサルティング、企業研修、研究・調査・リサーチなどの業界で活動しています。	コンサルティング	経営コンサル
株式会社ティー・ライズ	3012801006411	3	http://www.t-rise.info/contact/index.html	http://www.t-rise.info/index.html		03-6804-5777	2080013	東京都	武蔵村山市大南１丁目１２１番地１７	東京都武蔵村山市大南１丁目１２１番地１７	医薬品の配合剤の開発支援と代行を行う企業	2004年8月に東京都に設立された医薬品の配合剤の開発支援と代行を行う企業です。主な事業は営業支援サービス事業や企業内トレーニングアウトソーシング事業で、人材・アウトソーシング、コンサルティング、企業研修、経営コンサル、その他のコンサル業界に属しています。	コンサルティング	経営コンサル
キャタリストグループ株式会社	3013201012578	1	http://www.catalyst-g.com/contact_us/	https://www.catalyst-g.com/corporate_information/	info@catalyst-g.com	050-3852-6837	1050013	東京都	港区浜松町２丁目２番１５号浜松町ダイヤビル２階	東京都港区浜松町２丁目２番１５号浜松町ダイヤビル２階	スタートアップ向けの戦略コンサルティングを提供する企業	東京都を拠点にスタートアップ向けの戦略コンサルティングを提供する企業です。2006年9月に設立され、販売アドバイザリー事業、マーケティングコンサルティング事業、市場リサーチ事業、研修セミナー事業、ビジネスコンサルティング事業などを展開しています。主な業界は人材・アウトソーシング、その他サービス、コンサルティング、セミナー、販促コンサル、研究・調査・リサーチ、経営コンサルです。	コンサルティング	経営コンサル
株式会社ワイズ	3013201017049	0	http://wise-1.biz/abput/inquiry/	http://wise-1.biz	info@wise-1.biz	03-5726-8073	1580083	東京都	世田谷区奥沢２丁目２７番１６号	東京都世田谷区奥沢２丁目２７番１６号	財務コンサルティング企業	2007年7月に東京都で設立された財務コンサルティング企業です。同社は主にコンサルティング業界で活動し、資金管理支援事業に特化しています。ワイズは財務コンサルとしての専門知識と経験を活かし、お客様に最適な資金管理ソリューションを提案しています。	コンサルティング	財務コンサル
株式会社ベストウェイコンサルティング	3013301018681	3	http://www.bestway.co.jp/inquiry.html	https://www.bestway.co.jp/company/		03-5979-4831	1710033	東京都	豊島区高田３丁目１８番１０号	東京都豊島区高田３丁目１８番１０号	経営戦略支援や教育訓練を提供する企業	東京都に位置する経営戦略支援や教育訓練を提供する企業です。2008年8月に設立され、主な事業は商品開発アドバイザリー、経営管理システム開発・提供、経営研修などです。IT、人材・アウトソーシング、コンサルティング、Webアプリ・サービスの運営、企業研修、受託開発、起業コンサル、経営コンサルなど、幅広い業界においてサービスを提供しています。	コンサルティング	経営コンサル
株式会社企業ドクター	3013301021388	0	https://sec.alpha-mail.jp/co-rescue.com/contact.php	http://www.co-rescue.com		03-5848-8813	1710022	東京都	豊島区南池袋２丁目９番１７－９０３号	東京都豊島区南池袋２丁目９番１７－９０３号	ビジネスや個人の財務に専門的な助言を提供する企業	1990年に設立された東京都に拠点を置く企業であり、ビジネスや個人の財務に専門的な助言を提供しています。同社は、ビジネス承継支援事業、相続アドバイザリー事業、経営研修事業を展開し、人材・アウトソーシング、その他サービス、コンサルティング、企業研修、資産運用コンサル、経営コンサルの業界に所属しています。	コンサルティング	経営コンサル
株式会社アウトソーシング・ジャパン	3013301023558	0	http://o-s-japan.com/contact/	http://o-s-japan.com			1440052	東京都	大田区蒲田３丁目２３番７号松本ビル２Ｆ	東京都大田区蒲田３丁目２３番７号松本ビル２Ｆ	介護・医療サポート企業に特化した運営支援会社	東京都に所在する介護・医療サポート企業に特化した運営支援会社です。2007年1月に設立され、主に企業内トレーニングアウトソーシング事業を展開しています。人材・アウトソーシング、コンサルティング、企業研修、経営コンサルの産業で活動しています。	コンサルティング	経営コンサル
エスコット株式会社	3013301026016	1	https://escot.jp/contacts/	https://escot.jp/about/	dokizono@uppc.jp	03-6823-4726	1700013	東京都	豊島区東池袋５丁目７番３	東京都豊島区東池袋５丁目７番３	Webコンサルティングやアジア進出支援、中古パレットの販売・買取をする企業	東京都を拠点として、Webコンサルティングやアジア進出支援、中古パレットの販売・買取を行っている企業です。2007年5月に設立され、広告・制作、製造、IT、コンサルティング、eコマースなどのさまざまな業界で活動しています。海外ビジネスアドバイザリー事業、ウェブサイトのコンサルティング事業、物流装置販売事業などを通じて、幅広いクライアントのニーズに応えています。	コンサルティング	経営コンサル
株式会社プレミアコンサルティング	3013301026569	3	http://www.premier-g.co.jp/contact.html	http://www.premier-g.co.jp		03-5957-2886	1710014	東京都	豊島区池袋２丁目１番６号群馬銀行池袋ビル２階	東京都豊島区池袋２丁目１番６号群馬銀行池袋ビル２階	店舗経営や新規事業のコンサルタント業と保険事業を営む企業	2005年12月に東京都で設立された企業です。同社は店舗経営や新規事業のコンサルタント業と保険事業を営み、主な業務はフランチャイズチェーン運営支援事業とインターネットポータルサイト運営事業です。IT、コンサルティング、Webアプリ・サービス運営、経営コンサル、その他コンサルなどの分野で活動しています。	コンサルティング	経営コンサル
フードコンサルティング株式会社	3013301027055	0	http://www.food-consulting.jp/contact/index.html	http://www.food-consulting.jp		03-3513-0140	1710031	東京都	豊島区目白２丁目５番２３号	東京都豊島区目白２丁目５番２３号	飲食や宿泊業の経営アドバイスを提供する企業	東京都を拠点に飲食や宿泊業の経営アドバイスを提供する企業です。カスタマーサービス研修事業、セミナー企画・運営事業、フランチャイズチェーン運営支援事業、研修セミナー事業、食品アドバイザリー業務などを展開しており、人材・アウトソーシング、コンサルティング、企業研修、セミナー、飲食コンサル、経営コンサル、その他コンサルなどの業界に携わっています。	コンサルティング	経営コンサル
株式会社グレイス	3013301038531	1	https://grace-japan.co.jp/%E3%81%8A%E5%95%8F%E3%81%84%E5%90%88%E3%82%8F%E3%81%9B	https://www.grace-japan.co.jp/会社概要	nfo@grace-japan.co.jp	03-3971-0755	1710022	東京都	豊島区南池袋４丁目２０番９号サンロードビル１０７	東京都豊島区南池袋４丁目２０番９号サンロードビル１０７	中国向け卸売及び越境EC進出支援や海外進出コンサルティング、市場調査を提供する企業	東京都に拠点を置き、中国向け卸売及び越境EC進出支援や海外進出コンサルティング、市場調査を提供する企業です。また、イベントプランニング事業、販売アドバイザリー事業、海外ビジネスアドバイザリー事業、美容品卸売事業を行っています。2016年3月23日に設立され、エンタメ・娯楽、商社、コンサルティング、イベント、日用品・化粧品商社、販促コンサル、経営コンサル、その他コンサル業界で活動しています。	コンサルティング	経営コンサル
株式会社スプラム	3020001034100	2	https://secure01.red.shared-server.net/www.spram.co.jp/FormMail/ssl/FormMail.html	http://www.spram.co.jp	info@spram.co.jp	03-5537-7775	1040061	東京都	中央区銀座６丁目６番１号	東京都中央区銀座６丁目６番１号	中小企業コンサル企業	東京都を拠点とする中小企業コンサルティング企業です。1997年7月に設立され、主にコンサルティングと経営コンサルの分野で事業を展開しています。	コンサルティング	経営コンサル
Ｇ‐クラウド株式会社	3020001082181	0	https://g-cloud.jp/contact/	http://www.g-cloud.jp/index.html	info@g-cloud.jp	044-951-6988	6110002	京都府	宇治市木幡熊小路３８－９ユニ宇治川マンション５－６０９	京都府宇治市木幡熊小路３８－９ユニ宇治川マンション５－６０９	経営・営業コンサルティングから販売支援まで一貫して提供する企業	2009年4月に設立された京都府を拠点とする企業です。同社は、経営・営業コンサルティングから販売支援まで一貫して提供しており、主な事業としてセールスアウトソーシング事業と営業支援サービス事業を展開しています。人材・アウトソーシング、コンサルティング、営業代行・販売代行、経営コンサル、その他コンサルなどの業界で活動しています。	コンサルティング	経営コンサル
株式会社グローバルオーシャン	3020001121988	0	https://gocean.jp/contact/	http://gocean.jp	info@gocaen.jp	045-263-9107	2310003	神奈川県	横浜市中区北仲通１丁目６ヒタチビル８階	神奈川県横浜市中区北仲通１丁目６ヒタチビル８階	医療関連企業病院運営や人材派遣支援を行う企業	2017年6月21日に神奈川県に設立された医療関連企業です。同社は病院の運営や人材派遣支援を行い、医療職員斡旋事業、健康検診事業、介護職員派遣・斡旋事業、施設運営管理事業、医療従事者派遣事業などを手掛けています。主な業界は医療・製薬・福祉、人材・アウトソーシング、不動産、コンサルティングなどであり、人材紹介、人材派遣、不動産管理、その他医療・福祉、経営コンサルなどのサービスを提供しています。	コンサルティング	経営コンサル
アカウントエージェント株式会社	3020001138000	1	https://a-agent.co.jp/contact/	https://a-agent.co.jp/	info@account-agent.com		1030027	東京都	中央区日本橋２丁目１番１７丹生ビル２階	東京都中央区日本橋２丁目１番１７丹生ビル２階			コンサルティング	財務コンサル
有限会社チアーアップ	3020002077940	2	http://cheerup.co.jp/form/	https://cheerup.co.jp/company/	info@cheerup.co.jp	03-6454-6531	1660012	東京都	杉並区和田３丁目４９番８号ＭＴフラッツ２０２	東京都杉並区和田３丁目４９番８号ＭＴフラッツ２０２	経営や販売支援の専門企業	東京都に所在する経営や販売支援の専門企業です。2006年2月に設立されました。同社は広告・制作、人材・アウトソーシング、コンサルティングなど、多岐にわたる事業を展開しており、メディアコンテンツ制作事業や研修セミナー事業などを通じて、企業の成長をサポートしています。	コンサルティング	経営コンサル
株式会社ジャパン・アカウント・システム	3021001019933	6	http://www.ja-s.co.jp/form003.html	http://www.ja-s.co.jp/kaishagaiyou.html	info@ja-s.co.jp	046-296-3077	2430018	神奈川県	厚木市中町２丁目６番１０号	神奈川県厚木市中町２丁目６番１０号	中小企業サポート企業（経理記帳代行や法人設立などを提供）	1997年に神奈川県で設立された中小企業サポート企業です。同社は経理記帳代行や法人設立などのサービスを提供しており、また資材供給事業、文書作成代行事業、財務・会計業務アウトソーシング事業にも携わっています。主な業界は材料・資源、人材・アウトソーシング、コンサルティング、建築資材、財務コンサル、人材派遣、組織コンサル、経営コンサルです。	コンサルティング	財務コンサル
株式会社島半	3021001022573	10	http://shimahan.co.jp/inquiry.php	https://www.shimahan.co.jp/	Shimahan@isis.ocn.ne.jp	0463-82-2211	2570055	神奈川県	秦野市鈴張町５番３０号	神奈川県秦野市鈴張町５番３０号	ビジネスアドバイザリーやショッピングセンターの管理運営企業	神奈川県に位置するビジネスアドバイザリーやショッピングセンターの管理運営企業です。主な事業にはショッピングセンター運営やセールスアウトソーシング、営業支援サービス、複合商業施設の運営、土地取引、事業用不動産取引、建築資材販売卸業などが含まれています。株式会社島半は1951年4月に設立され、材料・資源、人材・アウトソーシング、不動産、小売・販売・卸売、コンサルティングなどの各業界で活躍しています。	コンサルティング	経営コンサル
株式会社メディック	3021001049856	0	http://www.medicc.jp/#contact	http://www.medicc.jp		03-5990-5898	1600023	東京都	新宿区西新宿３丁目７番１号	東京都新宿区西新宿３丁目７番１号	Webビジネスのアドバイスやメディア運営・開発を行う企業	2013年1月に設立された東京都に拠点を置く企業です。同社は、Webビジネスのアドバイスやメディア運営・開発を行うことを主な業務としています。ウェブアプリケーション開発事業、ネットワークインフラ設置事業、電子メール配信システム開発事業、Webサイト管理代行事業、情報管理ソフトウェア開発事業、サーバー管理・運用事業など、幅広いサービスを提供しています。メディックの主要な業界はIT、コンサルティング、Webアプリ・サービス運営、ITインフラストラクチャー、経営コンサルです。	コンサルティング	経営コンサル
株式会社ウイロウベル	3030001000984	2	https://secure01.blue.shared-server.net/www.willowbell.jp/contact.php	https://www.willowbell.jp/		048-654-5756	3310812	埼玉県	さいたま市北区宮原町３丁目３８１番地１	埼玉県さいたま市北区宮原町３丁目３８１番地１	小規模企業向けに経営管理やISO認証取得の支援、不動産関連のサービスを提供する企業	埼玉県を拠点にし、小規模企業向けに経営管理やISO認証取得の支援、不動産関連のサービスを提供しています。1991年に設立され、ビジネス承継支援事業や相続アドバイザリー事業を展開しています。その他サービス、コンサルティング、資産運用コンサル、経営コンサル、不動産コンサルという産業に属しています。	コンサルティング	経営コンサル
株式会社関会計	3030001024406	21	http://www.sag-net.co.jp/toiawase.html	http://www.sag-net.co.jp/access.html		042-926-8880	3591113	埼玉県	所沢市喜多町５番３号	埼玉県所沢市喜多町５番３号	財務管理や医療経営を支援する会社	埼玉県に拠点を置く財務管理や医療経営を支援する会社です。税務アドバイザリー事業、ビジネス承継支援事業、文書作成代行事業、相続アドバイザリー事業、税務申告書作成事業、医療開業支援業などを提供しており、士業、その他サービス、コンサルティング、税理士、その他サービス、資産運用コンサル、経営コンサルの業界で活動しています。	コンサルティング	経営コンサル
アクト株式会社	3030001058544	1	https://1lejend.com/stepmail/kd.php?no=Evvfmlg	https://www.act-no1.com/companyprofile/	info@act-no1.com	049-256-9421	3560050	埼玉県	ふじみ野市ふじみ野１丁目５番２１号	埼玉県ふじみ野市ふじみ野１丁目５番２１号	営業の実践指導を提供する企業	2007年9月に設立され、埼玉県に拠点を置く営業支援サービス事業を展開する企業です。人材・アウトソーシング、コンサルティング、セミナー、販促コンサル、経営コンサルなどの多岐に渡る業界で実績を積んでいます。アクト株式会社は営業の実践指導を通じて、企業の成長や売上向上に貢献しています。	コンサルティング	経営コンサル
プライムビズ株式会社	3030001091974	1	http://www.primebiz.co.jp/contact	http://www.primebiz.co.jp/company		048-871-9621	3300802	埼玉県	さいたま市大宮区宮町１丁目２１番地１	埼玉県さいたま市大宮区宮町１丁目２１番地１	企業にビジネスアドバイスやシステム開発を提供する会社	2012年4月に設立された埼玉県を拠点とする企業であり、企業に対してビジネスアドバイスやシステム開発を提供しています。主な業務としては、検索エンジン最適化対策事業を展開しており、広告・制作、IT、コンサルティング、Webマーケティングコンサル、Webアプリ・サービス運営、Web制作、その他IT、受託開発、経営コンサルなどの業界で活躍しています。	コンサルティング	経営コンサル
株式会社ファーストコンサルティング	3040001022103	12	http://first-consulting.co.jp/contact.html	http://first-consulting.co.jp/		047-467-7101	2740822	千葉県	船橋市飯山満町３丁目１７７１番地２４	千葉県船橋市飯山満町３丁目１７７１番地２４	体制改善と環境整備に取り組む企業	千葉県を拠点に体制改善と環境整備に取り組む企業です。同社は損害保険エージェント事業、集合住宅賃貸事業、相続アドバイザリー事業、情報システム運用管理事業、および事業用不動産取引事業を展開しています。金融、IT、不動産、コンサルティング、Webアプリ・サービス運営、不動産売買・仲介、保険代理店、資産運用コンサル、経営コンサル、不動産賃貸・仲介など、幅広い業界で活躍しています。	コンサルティング	経営コンサル
株式会社フォートレス	3040001074656	0	http://www.fortress-vty.com/form.html	http://www.fortress-vty.com/outline.html	info@fortress-vty.com	04-7099-0220	2960044	千葉県	鴨川市広場１７０４番地	千葉県鴨川市広場１７０４番地	ビジネスや健康、不動産などのアドバイスを提供する企業	1991年3月1日に設立され、千葉県に本社を構える企業です。同社は、ビジネスや健康、不動産などに関するアドバイスを提供しており、レンタルWebサーバー事業、美容商品販売事業、市場リサーチ事業、ドメイン登録事業、出版事業などを展開しています。フォートレスは、IT、その他サービス、小売・販売・卸売、コンサルティング、メディア・出版、医療コンサル、美容グッズ販売、その他IT、出版、その他サービス、研究・調査・リサーチ、経営コンサル、不動産コンサルの業界に関与しています。	コンサルティング	経営コンサル
株式会社コンパス	3040001085579	0	http://www.compass2014.net/contact/index.html	http://www.compass2014.net/index.html		0120-95-1190	2610026	千葉県	千葉市美浜区幕張西２丁目３番１号	千葉県千葉市美浜区幕張西２丁目３番１号	事業コンサルティング、中古車販売、M&A仲介を手掛ける企業	千葉県を拠点とする事業コンサルティング、中古車販売、M&A仲介を手掛ける企業です。2014年7月に設立され、広告・制作、小売・販売・卸売、コンサルティングなど幅広い業界で活動しています。主な業務には、ダイレクトメール制作事業、テレビ広告制作事業、広告物デザイン制作事業があります。	コンサルティング	経営コンサル
株式会社みと地域総合研究所	3050001005049	0	http://www.mito-soken.co.jp/contents/inquiry.html	http://www.mito-soken.co.jp		029-221-0188	3100031	茨城県	水戸市大工町１丁目２番３号	茨城県水戸市大工町１丁目２番３号	企業が経営相談に応じたり、市場調査を受託したり情報を提供する事業を営んでいる企業	茨城県に拠点を置き、企業が経営相談に応じたり、市場調査を受託したり情報を提供する事業を営んでいます。2005年4月に設立され、マーケティングコンサルティング事業、セミナー企画・運営事業、市場リサーチ事業、研修セミナー事業、投資アドバイザリー事業、経営研修事業を展開しています。主要な業界は、人材・アウトソーシング、サービス、コンサルティング、医療コンサル、企業研修、セミナー、財務コンサル、販促コンサル、資産運用コンサル、組織コンサル、研究・調査・リサーチ、経営コンサルです。	コンサルティング	経営コンサル
株式会社鈴木経営センター	3050001006831	0	http://www.szk-accounting.jp/info.html	http://www.szk-accounting.jp/	kaikei@suzuki.email.ne.jp	029-275-4333	3120033	茨城県	ひたちなか市大字市毛１２５３番地の３	茨城県ひたちなか市大字市毛１２５３番地の３	税務・会計支援企業	茨城県に位置する税務・会計支援企業です。1983年9月に設立され、主な事業は税務アドバイザリー事業、会計ソフトウェア販売事業、税金対策事業、給与処理アウトソーシング事業、財務・会計業務アウトソーシング事業などを展開しています。士業、IT、人材・アウトソーシング、コンサルティングといった多様な業界に向け、税理士や財務コンサル、人材派遣、デジタル系コンテンツ、経営コンサルといったサービスを提供しています。	コンサルティング	財務コンサル
株式会社小林総合研究所	3060001001716	0	https://kobayashi-kaikei.jp/company/inquiry.html	http://www.kobayashi-kaikei.jp/company/jigyou.html		028-660-1181	3210968	栃木県	宇都宮市中今泉４丁目３０番８号	栃木県宇都宮市中今泉４丁目３０番８号	企業経営の助言をする業者	栃木県に拠点を置くコンサルティング会社です。同社は企業経営の助言を専門とし、経営コンサルの分野で高い評価を得ています。お客様のビジネス成果を最大化するため、小林総合研究所は経営上の課題を解決する独自のアプローチを提供しています。	コンサルティング	経営コンサル
株式会社渡辺美智雄経営センター	3060001012110	23	https://michiy.jp/contact/	https://michiy.jp/		0287-36-0055	3292726	栃木県	那須塩原市扇町１番２８号	栃木県那須塩原市扇町１番２８号	企業の経営支援を行うコンサルタントサービスを提供している企業	栃木県に位置する1992年5月に設立された企業です。同社はコンサルタントサービスを提供し、企業の経営支援を行っており、主にコンサルティングと経営コンサルの業界で活躍しています。	コンサルティング	経営コンサル
アクリーコンサルティング株式会社	3070001006680	36	http://acry-c.co.jp/contact.php	https://acry-c.co.jp/company.html	info@acry-c.co.jp	03-6204-2757	1040053	東京都	中央区晴海１丁目８番１２号	東京都中央区晴海１丁目８番１２号	営業支援・ヘッドハンティングなどで人材サポートを提供する企業	1996年1月1日に設立された東京都に拠点を置く企業です。同社は営業支援やヘッドハンティングなどのサービスを通じて、人材サポートを提供しています。マーケティングコンサルティング事業、市場リサーチ事業、営業支援サービス事業などを展開しており、主に人材・アウトソーシング、コンサルティング、研究・調査・リサーチなどの業界において幅広いサービスを提供しています。	コンサルティング	経営コンサル
有限会社アザミ	3070002022512	1	http://www.azaminet.com/contact.html	https://www.azaminet.com/company.html	info@azaminet.com	0277-72-2450	3760101	群馬県	みどり市大間々町大間々１９３７番地の４	群馬県みどり市大間々町大間々１９３７番地の４	情報システムの開発やビジネス戦略をアドバイスする企業	群馬県に位置する情報システムの開発やビジネス戦略をアドバイスする企業です。1998年に設立され、セキュリティアドバイザリー事業、ネットワークインフラ設置事業、ウェブサイトのコンサルティング事業などを展開しています。広告・制作、IT、コンサルティングなどの幅広い業界で、ITコンサル、Web制作、ITインフラストラクチャーの分野で経営コンサルにも積極的に取り組んでいます。	コンサルティング	経営コンサル
一般社団法人日本経営パートナーズ	3080005006569	1	http://jamp.jp/contact_pages/	https://jamp.jp/	t.ishibashi@jamp.jp	054-269-5296	4250091	静岡県	焼津市八楠４丁目２０－１マーヴェラスパレス３０２号室	静岡県焼津市八楠４丁目２０－１マーヴェラスパレス３０２号室	企業再編と事業承継コンサルティングを提供する法人	静岡県に拠点を置き、2013年7月に設立された企業再編と事業承継コンサルティングを提供する法人です。同社は主にビジネス承継支援事業に従事し、その他のサービス、コンサルティング、組織コンサル、経営コンサルの業界にも関与しています。	コンサルティング	経営コンサル
株式会社オオサワ・ビジネス・コンサルティング	3080401013202	1	http://osawabusiness.com/mailform/	http://osawabusiness.com/		053-479-0099	4338121	静岡県	浜松市中央区萩丘３丁目１番３０号	静岡県浜松市中央区萩丘３丁目１番３０号	会社の経営戦略を助言するコンサルタント企業	静岡県に本社を置くコンサルタント企業であり、会社の経営戦略を助言しています。同社の事業には、製造工程管理システム開発事業と経営研修事業が含まれており、広告・制作、IT、人材・アウトソーシング、Webアプリ・サービス運営、企業研修、Web制作、経営コンサルティングの業界で活躍しています。	コンサルティング	経営コンサル
テクノ・フードシステム株式会社	3100001002081	17	http://www.technofood.co.jp/contact/contact.php	https://www.technofood.co.jp/company/		026-244-8540	3810033	長野県	長野市南高田２丁目１１番地１０	長野県長野市南高田２丁目１１番地１０	飲食業のコンサルタントサービスを提供する企業	長野県に拠点を置く飲食業のコンサルタントサービスを提供する企業です。1981年に設立され、給水・排水設備設計事業、店舗設計事業、厨房機器卸売業などの業務を展開しています。主要な業界は建設、工事・土木、機械、生活用品であり、衛生設備工事、厨房機器・用品、商業施設企画・設計、業務厨房機器、経営コンサル、インテリア系デザインにも関与しています。	コンサルティング	経営コンサル
株式会社ハーヴェスタ・クリエーションズ	3100001017666	17	http://www.hv-creations.net/inquiry.html	https://www.hv-creations.net/		0261-85-5555	3980002	長野県	大町市大町２６８３番地１	長野県大町市大町２６８３番地１	飲食店の経営相談や清掃サービスを提供する企業	2009年5月に設立され、長野県に位置する飲食店の経営相談や清掃サービスを提供する企業です。主な事業内容は住宅清掃業とビルクリーニング事業であり、和食、ビル清掃・ハウス清掃、経営コンサルなどの業界に関与しています。	コンサルティング	経営コンサル
セントラルコンサルティング株式会社	3110001016171	14	http://www.central-tax.com/form.html	http://www.central-tax.com/	office@central-tax.com	0256-66-3000	9591232	新潟県	燕市井土巻５丁目２０７番地	新潟県燕市井土巻５丁目２０７番地	企業が経営戦略や従業員の報酬を管理するサポートを提供する企業	新潟県に拠点を置く企業であり、企業が経営戦略や従業員の報酬を管理するサポートを提供しています。同社の主な業務には、セミナー企画・運営事業、給与処理アウトソーシング事業、経営研修事業が含まれています。人材・アウトソーシング、コンサルティング、企業研修、セミナー、人材派遣、経営コンサルの分野で活動を展開しています。	コンサルティング	経営コンサル
グローバル建材株式会社	3110001022467	20	https://glocal-marketing.jp/contact/	https://global-kenzai.jp/		0258-24-2202	9400871	新潟県	長岡市北陽１丁目５３番地５３	新潟県長岡市北陽１丁目５３番地５３	営業やマーケティングのアドバイスを提供する会社	2006年に新潟県で設立された営業やマーケティングのアドバイスを提供する会社です。同社はマーケティングコンサルティング事業、アンケート調査代行事業、販売アドバイザリー事業、市場リサーチ事業、セミナー企画・運営事業、営業支援サービス事業、ウェブサイトのコンサルティング事業、研修セミナー事業、Webマーケティング支援事業を手掛けており、主にIT、人材・アウトソーシング、その他サービスなどの業界で活動しています。	コンサルティング	経営コンサル
株式会社夢現	3110001030651	0	https://www.business-dr-mugen.co.jp/contact/	https://www.business-dr-mugen.co.jp/		025-260-3840	9502042	新潟県	新潟市西区坂井８４５番地２Ｎｏｒｔｈ　Ｆｉｅｌｄ－Ｆ	新潟県新潟市西区坂井８４５番地２Ｎｏｒｔｈ　Ｆｉｅｌｄ－Ｆ	企業の経営や人材育成に関するアドバイスを提供している企業	新潟県に位置する企業であり、企業の経営や人材育成に関するアドバイスを提供しています。2015年に設立され、人材・アウトソーシングおよびコンサルティング業界において、セミナー企画・運営事業、研修セミナー事業、企業内トレーニングアウトソーシング事業、経営研修事業を展開しています。	コンサルティング	経営コンサル
株式会社永田チェーン	3120001006007	8	https://www.nagata-g.co.jp/form/nagata-g/contact	https://www.nagata-g.co.jp/nataga-chain		06-6622-0052	5450023	大阪府	大阪市阿倍野区王子町１丁目５番２０号	大阪府大阪市阿倍野区王子町１丁目５番２０号	売店のコンサルタントおよび直営店を経営する企業		コンサルティング	経営コンサル
株式会社ビジネスアシスト	3120001102193	0	http://www.b-assist.net/contact.html	http://www.b-assist.net		06-6889-2666	5320003	大阪府	大阪市淀川区宮原２丁目１２番１４号	大阪府大阪市淀川区宮原２丁目１２番１４号	会計や経営アドバイスの専門企業	大阪府に拠点を構える会計や経営アドバイスの専門企業です。同社は1997年8月に設立され、財務アドバイザリー事業、文書作成代行事業、人材戦略コンサルティング事業、リスクマネジメントコンサルティング事業などを展開しており、主にコンサルティング業界で活動しています。株式会社ビジネスアシストは、財務コンサル、組織コンサル、経営コンサルなどの分野で幅広いサービスを提供しています。	コンサルティング	経営コンサル
株式会社エムズプランニング	3120001103729	6	http://www.mzplan.co.jp/contact/	http://www.mzplan.co.jp/	info@mzplan.co.jp	06-6351-0026	5300044	大阪府	大阪市北区東天満２丁目６番５号	大阪府大阪市北区東天満２丁目６番５号	フランチャイズビジネスに特化したコンサルティングファーム企業	2003年4月に設立された大阪府に拠点を置くコンサルティングファーム企業です。同社は建設、コンサルティング、商業施設企画・設計、経営コンサルの業界に特化し、フランチャイズビジネスを支援しています。主な事業内容は店舗設計であり、高品質なサービスを提供しています。	コンサルティング	経営コンサル
株式会社マイベルコンサルティング	3120001104495	0	http://www.maibell.com/toiawase/	http://www.maibell.com/kaishaannai/kaisha02.html		078-221-9113	6510086	兵庫県	神戸市中央区磯上通６丁目１番１号磯上公園ビル４Ｆ	兵庫県神戸市中央区磯上通６丁目１番１号磯上公園ビル４Ｆ	M&Aの仲介アドバイザリーを提供する企業	2003年6月に兵庫県に設立された企業であり、M&Aの仲介アドバイザリーを提供しています。また、セミナー企画・運営事業や研修セミナー事業も行っており、人材・アウトソーシング、コンサルティング、セミナー、経営コンサルの業界において活動しています。	コンサルティング	経営コンサル
株式会社喜望大地	3120001105865	7	https://gmmi.jp/contact	https://gmmi.jp/company/	info@gmmi.jp	06-6452-3333	5300001	大阪府	大阪市北区梅田３丁目２番２号ＪＰタワー大阪１２Ｆ	大阪府大阪市北区梅田３丁目２番２号ＪＰタワー大阪１２Ｆ	事業再生コンサルティング企業	大阪府を拠点に事業再生コンサルティング企業として活動しています。主にビジネス承継支援事業を展開し、2005年1月に設立されました。その他サービスやコンサルティング、経営コンサルなどの業界で幅広いサービスを提供しています。	コンサルティング	経営コンサル
株式会社メディカルゲート	3120001111434	1	http://m-gate.co.jp/contact/index.php	http://m-gate.co.jp/	info@m-gate.co.jp	06-6809-6600	5440024	大阪府	大阪市生野区生野西２丁目５番１４号寺田町田中ビル３号室	大阪府大阪市生野区生野西２丁目５番１４号寺田町田中ビル３号室	医療コンサルティング企業（医院経営および医師開業の支援）	大阪府を拠点にする医療コンサルティング企業です。同社は、医院経営および医師開業の支援を主な事業としており、医療施設デザイン事業および医療器具販売事業も展開しています。医療・製薬・福祉、建設、コンサルティング、医療機器、建築デザイン、経営コンサルの業界で幅広い活動を行っています。	コンサルティング	経営コンサル
知的資産経営株式会社	3120001119031	4	http://www.ia-m.co.jp/contact.html	http://www.ia-m.co.jp/company.html		06-6222-5234	5410047	大阪府	大阪市中央区淡路町２丁目６番５号井上ビル	大阪府大阪市中央区淡路町２丁目６番５号井上ビル	中小企業やベンチャー企業を支援するコンサルティング企業	2006年10月に大阪府で設立されたコンサルティング企業です。同社は中小企業やベンチャー企業を支援し、人材戦略コンサルティング事業や金融機関向けアドバイザリー事業を展開しています。産業としては、コンサルティング、財務コンサル、販促コンサル、組織コンサル、経営コンサル、その他コンサルに従事しています。	コンサルティング	経営コンサル
株式会社ソレア	3120001119477	1	http://www.solea.co.jp/?page_id=21	https://www.solea.co.jp/		06-6251-3560	5320011	大阪府	大阪市淀川区西中島１丁目９番１６号新大阪ストロングビル７０１号室	大阪府大阪市淀川区西中島１丁目９番１６号新大阪ストロングビル７０１号室	ライセンス関連ビジネスや商品の宣伝をする企業	2002年8月に大阪府で設立された企業である。同社は広告クリエイティブ事業、マーケティングコンサルティング事業、販促企画事業を展開しており、広告・制作、コンサルティング、総合系コンサル、広告制作、販促コンサルの産業に携わっている。主にライセンス関連ビジネスや商品の宣伝を手掛けており、幅広いクライアントに対応している。	コンサルティング	総合系コンサル
ＮＫグローバル株式会社	3120001120014	2	http://nkglobal.co.jp/wp/?page_id=11	https://nkglobal.co.jp/		06-6657-5522	5570045	大阪府	大阪市西成区玉出西２丁目２０番６３号	大阪府大阪市西成区玉出西２丁目２０番６３号	コンサルティングとデジタルコンテンツ企業	大阪府に拠点を置くコンサルティングとデジタルコンテンツ企業です。同社は2006年12月に設立され、広告・制作、IT、小売・販売・卸売、コンサルティング、Webアプリ・サービス運営、Web制作、デザイン、雑貨販売、輸入雑貨販売、アパレル販売、経営コンサル、eコマースなどの業界で活動しています。主な事業としては、雑貨卸事業、ファッション製品輸出業、Webサイト管理代行事業、デザイン制作事業、ネットショップ構築事業、ファッションアイテムの輸入事業などがあります。	コンサルティング	経営コンサル
コラボレックス株式会社	3120001124683	1	http://www.collaborex01.com/contact/	http://www.collaborex01.com/		06-6625-9400	5400033	大阪府	大阪市中央区石町１丁目１番１号	大阪府大阪市中央区石町１丁目１番１号	中小企業に対して営業支援や財務アドバイスを提供する会社	大阪府に拠点を置き、中小企業に対して営業支援や財務アドバイスを提供する会社です。2007年6月に設立され、販売アドバイザリー事業、マーケティングコンサルティング事業、セミナー企画・運営事業、営業支援サービス事業、研修セミナー事業、経営研修事業などを行っています。主要業種には人材・アウトソーシング、コンサルティング、企業研修、セミナー、販促コンサル、経営コンサルなどがあります。	コンサルティング	経営コンサル
株式会社インサイト	3120001126465	4	http://insweb.jp/contact/	http://insweb.jp/		06-6449-5115	5500003	大阪府	大阪市西区京町堀１丁目８番３１号	大阪府大阪市西区京町堀１丁目８番３１号	売り上げを上げるための研修やグループホームの立ち上げ支援を行う企業	2007年9月に設立された大阪府を拠点とする企業です。同社は売り上げを上げるための研修やグループホームの立ち上げ支援を行い、介護事業のコンサルティングサービスを提供しています。主要業種はコンサルティングであり、経営コンサルやその他コンサルにも取り組んでいます。	コンサルティング	経営コンサル
株式会社オンデック	3120001128528	64	http://www.ondeck.jp/form/	https://www.ondeck.jp/company	info@ondeck.jp	06-4963-2034	5410051	大阪府	大阪市中央区備後町３丁目４番１号	大阪府大阪市中央区備後町３丁目４番１号	中小・小規模企業のM&Aを手掛ける企業	大阪府を拠点に中小・小規模企業のM&Aを手掛ける企業です。2007年12月に設立され、マーケティングコンサルティング事業とビジネス承継支援事業を展開しています。その他サービス、コンサルティング、販促コンサル、経営コンサルなどの業種に属しています。	コンサルティング	経営コンサル
株式会社タナベコンサルティンググループ	3120001133750	55	https://www.tanabekeiei.co.jp/t/contact/consul/	https://www.tanabeconsulting-group.com/about/company	soken@tanabekeiei.co.jp	03-6758-0073	5320003	大阪府	大阪市淀川区宮原３丁目３番４１号	大阪府大阪市淀川区宮原３丁目３番４１号	企業が経営コンサルタントと法人向けセールスプロモーションを提供している企業	大阪府に拠点を置く企業であり、1963年4月1日に設立されました。同社は、経営コンサルタントと法人向けセールスプロモーションを提供しており、主に販促企画事業に従事しています。その他の業務には、コンサルティング、販促コンサル、経営コンサルなどが含まれています。	コンサルティング	経営コンサル
株式会社ＨＩＴＯＭＩＯテクノロジーズ	3120001133767	398	https://icure-tech.co.jp/contact/	https://hitomio.co.jp/		06-6572-5123	5520007	大阪府	大阪市港区弁天１丁目２番１号	大阪府大阪市港区弁天１丁目２番１号	鍼灸整骨院の経営やIT支援を提供する企業	2004年11月1日に設立された大阪府に拠点を置く企業です。同社は鍼灸整骨院の経営やIT支援を提供しており、鍼治療院運営事業や医療職員斡旋事業、整体施術院運営事業、医療開業支援業を中心に展開しています。主に医療・製薬・福祉、生活関連サービス、人材・アウトソーシング、コンサルティングなどの産業に関与しています。	コンサルティング	経営コンサル
株式会社ＺＥＲＯ	3120001138329	0	http://www.corporation-zero.com/contact/	http://www.corporation-zero.com		06-6282-6664	5420082	大阪府	大阪市中央区島之内１丁目１１番１５号ラフォーレ長堀橋３０２	大阪府大阪市中央区島之内１丁目１１番１５号ラフォーレ長堀橋３０２	企業向けのビジネス支援や広告代理を行う会社	大阪府を拠点に企業向けのビジネス支援や広告代理を行っている会社です。2007年8月の設立以来、チラシ・パンフレット作成事業、ウェブサイトのコンサルティング事業、ポスターデザイン制作事業などを提供しています。主な業界は広告・制作、コンサルティング、ITコンサル、広告制作、経営コンサルです。	コンサルティング	経営コンサル
株式会社ハーフウエスト	3120001153641	5	http://www.halfwest.com/contact.html	https://www.halfwest.com/	info@halfwest.com	072-813-9008	5731118	大阪府	枚方市楠葉並木２丁目２２番１号	大阪府枚方市楠葉並木２丁目２２番１号	オンラインビジネスのコンサルティングを専門とする企業	大阪府に拠点を置き、オンラインビジネスのコンサルティングを専門とする企業です。教育用具販売事業や研修セミナー事業を行い、人材・アウトソーシング、教育、コンサルティング、セミナー、各種スクール・教室、経営コンサル、教材の業界において事業展開しています。	コンサルティング	経営コンサル
株式会社アイ・テクノ	3120001167393	0	http://www.aitecno.com/contact/	http://www.aitecno.com		06-6889-4551	5420081	大阪府	大阪市中央区南船場１丁目７番８号ダイアパレス順慶町４０６号	大阪府大阪市中央区南船場１丁目７番８号ダイアパレス順慶町４０６号	補償関連コンサルタントを提供する企業	大阪府を拠点に補償関連コンサルタントを提供する企業です。1973年に設立され、主に補償アドバイザリー事業を展開しています。同社はコンサルティング、財務コンサル、土木コンサル、その他コンサルにおいて優れた知見を持つリーダーです。	コンサルティング	財務コンサル
株式会社クリエイティブブレーン	3120001169282	3	http://www.creativebrain.jp/inquiry/	https://www.creativebrain.jp/		06-6319-9021	5640062	大阪府	吹田市垂水町３丁目２番１号	大阪府吹田市垂水町３丁目２番１号	美容施設のアドバイザー企業	2012年3月に設立された大阪府を拠点とする美容施設のアドバイザー企業です。同社は、ヘアケア製品販売事業、美容機器販売事業、人材採用支援事業など、幅広い業務を展開しています。人材・アウトソーシング、小売・販売・卸売、コンサルティング、美容グッズ販売、その他人材、経営コンサルの産業で活動しています。	コンサルティング	経営コンサル
株式会社グランプラス	3120001171718	0	http://www.grandplace-j.co.jp/%E3%81%8A%E5%95%8F%E3%81%84%E5%90%88%E3%81%9B%E3%83%95%E3%82%A9%E3%83%BC%E3%83%A0/	http://www.grandplace-j.co.jp/会社案内/		06-4799-9114	5300001	大阪府	大阪市北区梅田１丁目１１番４－１１００	大阪府大阪市北区梅田１丁目１１番４－１１００	外食ビジネスのマネジメントやコンサルティングを提供する企業	大阪府に拠点を置く企業であり、外食ビジネスのマネジメントとコンサルティングを提供しています。主な業務はフランチャイズチェーン運営支援事業であり、コンサルティングや経営コンサルに関する他のサービスも提供しています。	コンサルティング	経営コンサル
株式会社タバネル	3120001214113	1	https://tabanel-japan.com/contact/	https://tabanel-japan.com/about/	service@tabanel-japan.com	080-3030-1624	5310073	大阪府	大阪市北区本庄西２丁目７番７号誠和ビル４Ｆ	大阪府大阪市北区本庄西２丁目７番７号誠和ビル４Ｆ	経営コンサルティングとセミナーを提供する企業	大阪府に拠点を置く経営コンサルティングとセミナーを提供する企業です。2018年6月15日に設立され、セミナー企画・運営事業、研修セミナー事業、企業内トレーニングアウトソーシング事業、人材戦略コンサルティング事業を展開しています。主な取り扱い業種は人材・アウトソーシング、コンサルティング、企業研修、セミナー、組織コンサル、経営コンサルです。	コンサルティング	経営コンサル
日本医療総合パートナーズ株式会社	3120001227718	4	https://www.jmtp.co.jp/contact-us	https://jmtp-co.com/			5640052	大阪府	吹田市広芝町８番１２号	大阪府吹田市広芝町８番１２号			コンサルティング	経営コンサル
有限会社エル企画	3120002012598	4	http://www.elkikaku.com/contact.html	https://www.elkikaku.com/		06-6243-2177	5410056	大阪府	大阪市中央区久太郎町３丁目３番８号	大阪府大阪市中央区久太郎町３丁目３番８号	経営戦略や財務コンサルティング、会計システム構築などの専門企業	大阪府に所在する経営戦略や財務コンサルティング、会計システム構築などの専門企業です。1994年4月に設立され、会計システムコンサルティング事業、ビジネス承継支援事業、会計・税務アドバイザリー事業を展開しています。主な産業は士業、その他サービス、コンサルティングであり、専門分野における会計士、財務コンサル、経営コンサルのサービスを提供しています。	コンサルティング	財務コンサル
エコソリューション株式会社	3120901016039	1	https://eco-solu.co.jp/contact/	https://eco-solu.co.jp/		06-6536-6660	5500012	大阪府	大阪市西区立売堀１丁目４－１２立売堀スクエアビル８Ｆ	大阪府大阪市西区立売堀１丁目４－１２立売堀スクエアビル８Ｆ	通信・水道光熱費コンサルティング企業	2007年12月に大阪府で設立された通信・水道光熱費コンサルティング企業です。同社はインターネット接続サービス販売事業、防犯・セキュリティ装置販売事業、通信コンサル業を展開しており、主要な業界は通信・PC、製造、コンサルティング、防犯機器、その他通信、経営コンサルです。	コンサルティング	経営コンサル
ＣＩＯパートナーズ株式会社	3120901031517	12	https://www.cio-partners.co.jp/contact.html	https://www.cio-partners.co.jp/about/company/			5500014	大阪府	大阪市西区北堀江１丁目１９番８号	大阪府大阪市西区北堀江１丁目１９番８号			コンサルティング	経営コンサル
株式会社資産経営	3120903001253	1	http://shisankeiei.com/inquiry	http://shisankeiei.com		06-6393-0900	5600044	大阪府	豊中市刀根山元町４番１６－１０１号	大阪府豊中市刀根山元町４番１６－１０１号	財務相談やライフプラン提案をする企業	2013年1月に設立された大阪府に拠点を置く企業です。同社は財務相談やライフプラン提案を中心に行い、ウェブサイトのコンサルティング事業やライフプランアドバイザリー事業を展開しています。主な業界はコンサルティング、ITコンサル、財務コンサル、その他コンサルです。	コンサルティング	財務コンサル
株式会社マイツ	3130001018785	23	http://www.myts.co.jp/inquiry/	http://www.myts.co.jp/about/outline.html		075-341-6263	6008177	京都府	京都市下京区烏丸通五条下る大坂町３９１番	京都府京都市下京区烏丸通五条下る大坂町３９１番	会計・税務・経営改善支援を提供する京都の企業	1987年11月に設立された京都府を拠点とする会計・税務・経営改善支援を提供する企業です。主にコンサルティングおよび財務コンサルの業界で活動しています。	コンサルティング	財務コンサル
株式会社中村経営講究社	3130001023934	1	http://www.nmw.co.jp/contact/	http://www.nmw.co.jp/	info@nmw.co.jp	075-229-7878	6048161	京都府	京都市中京区烏丸通六角上る饅頭屋町６１７	京都府京都市中京区烏丸通六角上る饅頭屋町６１７	事業の改善や新規立ち上げをサポートする業務を行う企業	1999年9月に京都府に設立された企業です。同社は、事業の改善や新規立ち上げをサポートする業務を行っており、主な業務としては資産管理事業、資金管理支援事業、人材採用支援事業を展開しています。中村経営講究社は、人材・アウトソーシング、コンサルティング、企業研修、財務コンサルなど多岐にわたる業界で活動しています。	コンサルティング	経営コンサル
株式会社テクノリンクス・インターナショナル	3130001026524	0	http://www.technolinks.co.jp/Contact/form.html	http://www.technolinks.co.jp/Info/profile.html	tli@technolinks.co.jp	075-321-5002	6008813	京都府	京都市下京区中堂寺南町１３４京都リサーチパーク１号館	京都府京都市下京区中堂寺南町１３４京都リサーチパーク１号館	企業が経営上のアドバイスや市場調査を行っている企業	2005年11月に京都府に設立された企業です。同社は、企業が経営上のアドバイスや市場調査を行うことを専門としており、市場リサーチ事業、特許調査サービス、海外ビジネスアドバイザリー事業、知的財産保護・活用事業などを提供しています。その他サービス、コンサルティング、コスト削減コンサル、研究・調査・リサーチ、経営コンサルなどの業界で活動しています。	コンサルティング	経営コンサル
アクセルコンサルティング株式会社	3130001045375	4	https://www.accelc.co.jp/contact/	https://accelc.co.jp/	accelc@accelc.co.jp	075-371-3550	6008095	京都府	京都市下京区東洞院通綾小路下る扇酒屋町２８９番地デ・リードビル	京都府京都市下京区東洞院通綾小路下る扇酒屋町２８９番地デ・リードビル	売上・業績を上げる支援を行う企業	2003年に京都府に設立された売上・業績を上げる支援を行う企業です。セミナー企画・運営事業、営業支援サービス事業、研修セミナー事業、企業内トレーニングアウトソーシング事業、人材戦略コンサルティング事業、経営研修事業などを展開しており、人材・アウトソーシング、コンサルティング、企業研修、セミナー、販促コンサル、組織コンサル、経営コンサルなどの業界に活動範囲を持っています。	コンサルティング	経営コンサル
株式会社フロンティア	3130001049475	13	http://www.frt-office.jp/contact.html	https://frt-office.jp/		0774-66-3075	6100334	京都府	京田辺市田辺中央１丁目５－５橋本ビル２階	京都府京田辺市田辺中央１丁目５－５橋本ビル２階	経営コンサルティングや会計業務を行う企業	2012年6月に設立された京都府を拠点とする経営コンサルティングや会計業務を行う企業です。主な業務は税務アドバイザリー事業であり、士業、人材・アウトソーシング、コンサルティングなどの業界で活躍しています。	コンサルティング	経営コンサル
Ｇｒａｙ　Ｉｎｓｔｉｔｕｔｅ　ｏｆ　Ｍａｎａｇｅｍｅｎｔ株式会社	3140001019650	13	http://www.gray-institute.co.jp/contact/form1.html	http://www.gray-institute.co.jp		0797-21-5300	6590084	兵庫県	芦屋市月若町２番１８号	兵庫県芦屋市月若町２番１８号	ビジネス戦略の立案から実装および管理を行う企業	兵庫県を拠点にビジネス戦略の立案から実装および管理を行う企業です。1977年に設立され、人材・アウトソーシング、コンサルティング、企業研修、経営コンサル業界において経営研修事業を展開しています。	コンサルティング	経営コンサル
株式会社ビジネスインフォメーションアンドアドバイザー	3140001025830	6	https://www.bia.co.jp/contact/	https://www.bia.co.jp/office/		06-6372-2345	6520047	兵庫県	神戸市兵庫区下沢通３丁目４番２５号	兵庫県神戸市兵庫区下沢通３丁目４番２５号	経営相談や事業戦略策定などのサポートを提供する企業	兵庫県に拠点を置く企業であり、経営相談や事業戦略策定などのサポートを提供しています。財務監査サービス、許認可手続き代行事業、税金対策事業、給与処理アウトソーシング事業、会計・税務アドバイザリー事業、法人設立手続きサポート事業、社会保険手続き代行サービス事業など、幅広い業務を展開しています。同社は1990年に設立され、士業、人材・アウトソーシング、コンサルティングなどの分野において信頼と実績を築いています。	コンサルティング	経営コンサル
株式会社ＣＦ－Ｓｔａｔｉｏｎ	3140001033486	0	https://www.cf-station.co.jp/contact-1	https://www.cf-station.co.jp/	iromono@cf-station.co.jp	078-570-5623	6510087	兵庫県	神戸市中央区御幸通８丁目１番６号神戸国際会館２２階	兵庫県神戸市中央区御幸通８丁目１番６号神戸国際会館２２階	企業が経営コンサルティングや塗料を販売する企業	兵庫県に位置する企業であり、経営コンサルティングや塗料の販売を行っています。同社は、ビジネス承継支援事業、観光振興事業、そしてペイント販売事業を展開しています。業界は金融、材料・資源、IT、その他サービス、コンサルティング、観光・宿泊・レジャー、コスト削減コンサル、景観地運営、投資、販促コンサル、その他サービス、塗料、経営コンサル、eコマースに関わっています。	コンサルティング	経営コンサル
株式会社スペースワンダイニング	3140001046174	1	http://sp1-d.com/contact	https://sp1-d.com/	info@sp1-d.com	079-421-5501	6750101	兵庫県	加古川市平岡町新在家２丁目２７０番地の９	兵庫県加古川市平岡町新在家２丁目２７０番地の９	飲食店コンサルティング・セミナー専門企業	兵庫県に所在する飲食店コンサルティング・セミナー専門企業です。2010年1月に設立され、人材戦略コンサルティング事業や経営研修事業を展開しています。主要な業界としては、人材・アウトソーシング、コンサルティング、企業研修、組織コンサル、経営コンサルが挙げられます。	コンサルティング	経営コンサル
Ｒｅクリエイト株式会社	3140001065793	12	https://recreateinc.com/contact.html	https://recreateinc.com/co.html	info@recreateinc.com	079-221-8017	6700926	兵庫県	姫路市東駅前町６３番地エスリード姫路１３Ｆ－０１	兵庫県姫路市東駅前町６３番地エスリード姫路１３Ｆ－０１	経営アドバイザリーサービスや経営教育サービスを提供している企業	兵庫県に拠点を置き、経営アドバイザリーサービスや経営教育サービスを提供している企業です。2010年に設立されたこの会社は、研修セミナー事業とWebマーケティング支援事業を展開しています。IT、人材・アウトソーシング、コンサルティング、Webマーケコンサル、企業研修、セミナー、経営コンサルなどの業界で活動しています。	コンサルティング	経営コンサル
ミツキタアドバイザリー株式会社	3140001094470	1	http://www.mitsukita.com/contact	https://www.mitsukita.com/		078-855-8160	6510083	兵庫県	神戸市中央区浜辺通４丁目１番２３号	兵庫県神戸市中央区浜辺通４丁目１番２３号	中小企業向け専門アドバイザーによるコンサルティング企業	兵庫県に拠点を置く中小企業向け専門アドバイザーによるコンサルティング企業です。同社は主に財務アドバイザリー事業を展開し、コンサルティング、財務コンサル、組織コンサル、経営コンサルの分野において幅広いサービスを提供しています。ミツキタアドバイザリーは、中小企業の成長と発展をサポートし、経営の効率化や収益性の向上を実現します。	コンサルティング	経営コンサル
株式会社プラチナホールディングス	3140002022744	2	http://platinaholdings.com/inq/index.html	http://platinaholdings.com/index.html	info@platinaholdings.com	078-334-7808	6590037	兵庫県	芦屋市南浜町２番９号	兵庫県芦屋市南浜町２番９号	投資やコンサルティングを行う事業企業	兵庫県に本社を構え、投資やコンサルティングを行う事業企業です。2002年12月に設立され、主にスタートアップ投資事業を展開しています。金融、コンサルティング、投資、経営コンサル、ベンチャーキャピタルなどの業界で活動しています。	コンサルティング	経営コンサル
株式会社ホロニックコンサルティング	3180001040636	0	https://www.aicgroup.gr.jp/contact/	http://www.aicgroup.gr.jp/index.html	info@aicgroup.gr.jp	052-204-2523	4600002	愛知県	名古屋市中区丸の内２丁目１４番３１号	愛知県名古屋市中区丸の内２丁目１４番３１号	企業の経営改善や事業売却の支援を行うコンサルティング会社	愛知県に拠点を置き、1985年12月に設立されたコンサルティング会社です。同社は、企業の経営改善や事業売却の支援を専門とし、システムインテグレーション事業やシステムアドバイザリー事業を展開しています。主な業界はIT、コンサルティング、Webアプリ・サービス運営、ITコンサル、経営コンサルなどです。	コンサルティング	経営コンサル
株式会社バンブートラスト	3180001047929	1	http://www.bambootrust.co.jp/otoiawase/	https://www.bambootrust.co.jp/	info1@bambootrust.co.jp	052-589-7048	4500002	愛知県	名古屋市中村区名駅４丁目６番２３号	愛知県名古屋市中村区名駅４丁目６番２３号	ビジネスコンサルタントが経営・リスクマネジメントを支援	愛知県に拠点を置く企業であり、ビジネスコンサルタントが経営・リスクマネジメントを支援しています。同社は、資産管理アドバイザリー事業、心理支援サービス事業、リスクマネジメントコンサルティング事業を展開しており、主に医療・製薬・福祉業界、コンサルティング業界、その他医療・福祉関連業界にサービスを提供しています。バンブートラストの主要業務には、資産運用コンサル、経営コンサル、その他コンサルが含まれます。	コンサルティング	経営コンサル
株式会社アタックス・ヒューマン・コンサルティング	3180001056780	0	https://www.attax.co.jp/contactall/contact/	https://www.attax.co.jp/human/company/		03-3518-6363	4500002	愛知県	名古屋市中村区名駅４丁目４番１０号	愛知県名古屋市中村区名駅４丁目４番１０号	税理士と経営コンサルティング会社がコンサルティングを提供する企業	愛知県に拠点を置く税理士と経営コンサルティング会社です。同社は、ビジネス承継支援事業、営業支援サービス事業、および研修セミナー事業を展開しています。人材・アウトソーシング、その他サービス、コンサルティング、セミナー、経営コンサルなどの業界で幅広いサービスを提供しています。	コンサルティング	経営コンサル
アイライフコンサルティングジャパン株式会社	3180001063315	1	http://www.ilife-japan.co.jp/contact/index.html	http://www.ilife-japan.co.jp/		052-569-4851	4650097	愛知県	名古屋市名東区平和が丘５丁目９３番地の１１	愛知県名古屋市名東区平和が丘５丁目９３番地の１１	経営コンサルティング企業	2007年10月に設立された愛知県に拠点を置く経営コンサルティング企業です。同社は、税務アドバイザリー事業、財務アドバイザリー事業、会計・税務アドバイザリー事業、経営コンサルティング事業、財務・会計業務アウトソーシング事業を展開しており、士業、人材・アウトソーシング、コンサルティング、税理士、会計士、財務コンサル、人材派遣、経営コンサルといった幅広い業界において活躍しています。	コンサルティング	財務コンサル
株式会社ブライト	3180001069196	0	https://kabu-bright.com/contact/	https://kabu-bright.com		052-655-6882	4550801	愛知県	名古屋市港区小碓４丁目３４０番地	愛知県名古屋市港区小碓４丁目３４０番地	企業向け経営戦略・不動産コンサルティングとECサイト運営企業	2007年12月に設立された愛知県に拠点を置く企業です。同社は主に企業向け経営戦略・不動産コンサルティングおよびECサイトの運営を事業としています。また、ビジネス承継支援事業、家電製品販売事業、不動産投資販売事業も展開しており、金融、生活用品、IT、その他サービス、コンサルティング、医療コンサル、その他電気製品、投資、その他サービス、経営コンサル、eコマース、不動産コンサルなどの幅広い業界で活動しています。	コンサルティング	経営コンサル
株式会社リアルタイムズ	3180001071631	1	https://realtimes.co.jp/contact_form	https://realtimes.co.jp/		052-453-2240	4530014	愛知県	名古屋市中村区則武２丁目３番２号サン・ナゴヤ則武ビル	愛知県名古屋市中村区則武２丁目３番２号サン・ナゴヤ則武ビル	不動産賃貸の経営相談を行う企業	愛知県に所在する不動産賃貸の経営相談企業であり、2010年8月に設立されました。同社はコンサルティング、組織コンサル、経営コンサルの分野で活動し、不動産賃貸における経営課題の解決を目指します。	コンサルティング	経営コンサル
株式会社アタックス・セールス・アソシエイツ	3180001072919	0	https://attax-sales.jp/contact/	https://www.attax.co.jp/sales/about/company/		052-586-8836	4500002	愛知県	名古屋市中村区名駅４丁目４番１０号	愛知県名古屋市中村区名駅４丁目４番１０号	企業向け営業組織コンサルティングを提供している会社		コンサルティング	経営コンサル
株式会社アポロンリミテッド	3180001090318	11	https://www.apollon-limited.com/contact.php	https://apollon-limited.com/summary.php	info@apollon-limited.com	052-953-6081	4600002	愛知県	名古屋市中区丸の内３丁目２０番１７号	愛知県名古屋市中区丸の内３丁目２０番１７号	専門家チームが幅広いプランを提供する経営コンサルティング企業	1999年8月に愛知県で設立された経営コンサルティング企業です。専門家チームが幅広いプランを提供し、人材・アウトソーシング、コンサルティング、業務請負、資産運用コンサル、経営コンサル、その他コンサルなどの業務を展開しています。主な事業には資産管理事業、資産管理アドバイザリー事業、営業支援サービス事業、保険アドバイザリー事業が含まれています。	コンサルティング	経営コンサル
株式会社アースくん	3180001090953	1	http://www.earth-bridge.jp/earth-bridge/contact.html	http://www.earth-bridge.jp/earth-bridge		052-411-3494	4530856	愛知県	名古屋市中村区並木１丁目２７３番地並木マンション１０１号	愛知県名古屋市中村区並木１丁目２７３番地並木マンション１０１号	企業に対して、経営や雇用、組織、社内IT化、相続問題などに関するコンサルティングサービスを提供している企業	愛知県に拠点を置き、企業向けの経営や雇用、組織、社内IT化、相続問題などに関するコンサルティングサービスを提供している企業です。2010年11月に設立され、営業支援サービス事業、ウェブサイトのコンサルティング事業、相続アドバイザリー事業を展開しています。主な業種はコンサルティング、ITコンサル、資産運用コンサル、組織コンサル、経営コンサルなど幅広く網羅しています。	コンサルティング	経営コンサル
株式会社ティースリーワン	3180001131113	14	http://www.t-3-1.com/contact.html	http://www.t-3-1.com/		052-201-5130	4600003	愛知県	名古屋市中区錦２丁目１２番８号御幸本町ビル３階	愛知県名古屋市中区錦２丁目１２番８号御幸本町ビル３階	再生コンサルティングに特化したホテル企業	愛知県に本社を構え、2018年2月5日に設立された再生コンサルティングに特化したホテル企業です。同社はコンサルティング及び経営コンサルの産業で事業を展開しています。	コンサルティング	経営コンサル
株式会社新和コンサルティング	3210001002871	5	http://sinwagroup.jp/contact/	http://sinwagroup.jp/	info@sinwagroup.jp	0776-27-0502	9188239	福井県	福井市成和１丁目２２３３	福井県福井市成和１丁目２２３３	非営利法人をサポートする企業で、経理業務や医業経営に特化したコンサルティングを提供しています	福井県に拠点を置く非営利法人をサポートする企業です。経理業務や医業経営に特化したコンサルティングを提供し、損害保険エージェント事業、市場リサーチ事業、営業支援サービス事業、生命保険エージェント業、人材戦略コンサルティング事業、補助金申請支援事業を手がけています。2002年4月に設立され、金融、その他サービス、コンサルティング、保険代理店、組織コンサル、研究・調査・リサーチ、経営コンサル、その他コンサルといった幅広い業界にサービスを提供しています。	コンサルティング	経営コンサル
株式会社サクセスブレイン	3220001002961	2	http://www.success.co.jp/contact	https://www.success-brain.or.jp/	info@success.co.jp	076-269-8653	9200364	石川県	金沢市松島２丁目１９１番地コムビル３階	石川県金沢市松島２丁目１９１番地コムビル３階	経営や税務のアドバイスを提供している企業	1993年12月に設立され、石川県に拠点を置く会計・税務アドバイザリー事業や経営コンサルティング事業を展開している企業です。税務のアドバイスを提供することを始め、ビジネス承継支援、トレーニングアウトソーシング、人材戦略コンサルティング、システムインテグレーションなど様々な事業領域で活動しています。士業、IT、人材・アウトソーシング、コンサルティングなど幅広い業界でサービスを提供しています。	コンサルティング	経営コンサル
株式会社経営のポケット	3220001010089	0	http://www.keiei-pocket.co.jp/contact.html	http://www.keiei-pocket.co.jp	keieip@keiei-pocket.co.jp	076-234-3456	9200014	石川県	金沢市諸江町３２番２６号	石川県金沢市諸江町３２番２６号	法律、財務、税務のコンサルティングを主な事業とする会社	石川県に位置する会社であり、法律、財務、税務のコンサルティングを主な事業としています。2006年10月に設立された当社は、会計システムコンサルティング事業、税務アドバイザリー事業、および会計ソフトウェア販売事業を展開しています。当社は士業、IT、コンサルティング、税理士、財務コンサル、デジタル系コンテンツ、経営コンサル、ソフトウェア販売などの業界において活動しています。	コンサルティング	経営コンサル
株式会社コンパス	3230002007595	0	http://suzukaze-group.jp/contact.html	http://suzukaze-group.jp/ma.html	ringo@ishiharakaikei-compass.jp	0765-24-2210	9370068	富山県	魚津市本新町２７番１７号	富山県魚津市本新町２７番１７号	M&Aコンサルティング及び手続きを行う企業	富山県に拠点を置くM&Aコンサルティング及び手続きを行う企業です。コンサルティング業界や経営コンサル分野において、専門的な知識と経験を活かし、顧客のニーズに応えるサービスを提供しています。	コンサルティング	経営コンサル
合同会社リレーションサポート	3230003000715	1	https://www.relationsupport.com/contact	https://www.relationsupport.com/	relationsprt@gmail.com	090-6816-9881	9360035	富山県	滑川市四間町７０３番地	富山県滑川市四間町７０３番地	財務・経理コンサルティング企業	富山県に拠点を置く財務・経理コンサルティング企業です。2015年1月に設立され、セミナー企画・運営事業、会計・税務アドバイザリー事業、経営研修事業を展開しています。主な業界は士業、人材・アウトソーシング、コンサルティング、企業研修であり、専門分野は会計士、セミナー、財務コンサル、経営コンサルです。	コンサルティング	財務コンサル
株式会社アイムサプライ	3240001033559	1	https://www.aimsupply.biz/%E3%81%8A%E5%95%8F%E3%81%84%E5%90%88%E3%82%8F%E3%81%9B%E5%85%88/	https://aimsupply.biz/		0847-51-3247	7293101	広島県	福山市新市町大字戸手９４６番地の３	広島県福山市新市町大字戸手９４６番地の３	企業向けのコンサルティングサービスを提供する企業	広島県に拠点を置き、企業向けのコンサルティングサービスを提供する企業です。2001年に設立され、セミナー企画・運営事業や研修セミナー事業、人材戦略コンサルティング事業、経営研修事業などを展開しています。主要な業種は人材・アウトソーシング、コンサルティング、企業研修、セミナー、組織コンサル、経営コンサルとなっています。	コンサルティング	経営コンサル
株式会社せとうちＤＭＯメンバーズ	3240001050208	0	http://setouchitourism.or.jp/ja/inquiry/	https://setouchitourism.or.jp/ja/service/membership/		082-836-3006	7300011	広島県	広島市中区基町１０番３号	広島県広島市中区基町１０番３号	企業がビジネスをサポートするメンバーシップ事業を運営している企業	広島県に本社を置く企業で、2016年11月14日に設立されました。同社は、IT、人材・アウトソーシング、コンサルティングなどの業界で、企業のビジネスをサポートするメンバーシップ事業を運営しています。また、研修セミナー事業を展開し、Webアプリ・サービス運営や経営コンサルにも積極的に取り組んでいます。	コンサルティング	経営コンサル
有限会社エス・アイ・プラン	3250002012651	0	http://siplan.jp/?page_id=720	https://siplan.jp/		083-258-5452	7596614	山口県	下関市梶栗町３丁目３番５号	山口県下関市梶栗町３丁目３番５号	経営継承やコンサルを行う企業	山口県に拠点を置く経営継承やコンサルティングを行う企業です。同社は資産管理アドバイザリー事業、ビジネス承継支援事業、測量事業に従事しており、主に工事・土木、不動産、コンサルティングの業界で活動しています。土地売買・賃貸、建設・土木設計、資産運用コンサルなどの幅広いサービスを提供しています。	コンサルティング	経営コンサル
株式会社パッション	3260001016850	0	http://withpassion.jp/contact/	https://withpassion.jp/	kojimatano@withpassion.jp	086-428-1030	7100132	岡山県	倉敷市藤戸町天城２４６５－５４	岡山県倉敷市藤戸町天城２４６５－５４	新規法人設立・事業構築・販売促進などを手掛ける企業	岡山県に位置する新規法人設立・事業構築・販売促進などを手掛ける企業です。2007年3月に設立され、広告・制作、エンタメ・娯楽、コンサルティングなどの業界においてイベントプランニング事業、チラシ・パンフレット作成事業、海外ビジネスアドバイザリー事業、カタログ作成事業、法人設立手続きサポート事業などを展開しています。	コンサルティング	経営コンサル
桃太郎企画株式会社	3260001030835	1	http://momotarokikaku.co.jp/contact/	http://momotarokikaku.co.jp/		086-281-1323	7010212	岡山県	岡山市南区内尾３５４番地１４	岡山県岡山市南区内尾３５４番地１４	経営・危機管理コンサルと音楽事業を手がける企業	岡山県を拠点に経営・危機管理コンサルと音楽事業を手がける企業です。2017年5月11日に設立され、芸能人マネジメント事業、CD・レコード製造事業、タレント養成事業、音楽ディスク販売業などを展開しています。広告・制作、生活用品、小売・販売・卸売、コンサルティング、メディア・出版、芸能プロダクション・タレント、CM制作・映像制作、CD・レコード販売、音響・映像機器、マルチメディア・楽器、経営コンサル、その他コンサルなど、多岐にわたる業界で活動しています。	コンサルティング	経営コンサル
有限会社エヌティ・クリエイト	3260002024274	5	http://www.ntcreate.co.jp/contact/	http://www.ntcreate.co.jp	nishida@ntcreate.co.jp	086-238-9786	7100016	岡山県	倉敷市中庄２１６１番地	岡山県倉敷市中庄２１６１番地	企業経営のコンサルや研修などを提供する企業	岡山県に拠点を置き、2005年4月に設立された企業経営のコンサルや研修などを提供する企業です。主な事業としては、マーケティングコンサルティング事業、職業相談事業、営業支援サービス事業を展開しており、人材・アウトソーシング、コンサルティング、企業研修、人材紹介、販促コンサルなどの業界において幅広いサービスを提供しています。	コンサルティング	経営コンサル
株式会社マネジメント研究所	3290001010578	0	http://www.maneken.co.jp/Contact/Ask.html	http://www.maneken.co.jp/index.html	info@maneken.co.jp	092-534-6050	8100001	福岡県	福岡市中央区天神４丁目１番１７号	福岡県福岡市中央区天神４丁目１番１７号	経営コンサルタントがマネジメントシステムやISOを専門とする企業	1985年9月に福岡県で設立され、経営コンサルティング事業を展開しています。同社は、経営コンサルタントがマネジメントシステムやISOを専門とし、コンサルティング、組織コンサル、経営コンサル業界において活動しています。	コンサルティング	経営コンサル
株式会社ティーディーエス	3290001023919	4	http://tdsconsult.co.jp/site/contact	https://www.tds-iso.com/		0120-186-270	8120013	福岡県	福岡市博多区博多駅東２丁目２番２号	福岡県福岡市博多区博多駅東２丁目２番２号	ISO取得など中小企業のコンサルを行う企業	福岡県を拠点に2004年4月に設立された企業です。中小企業向けにISO取得などのコンサルティングサービスを提供しており、主にセキュリティアドバイザリー事業やリスクマネジメントコンサルティング事業を展開しています。コンサルティング業界やITコンサル、経営コンサルなどの分野で活動を行っています。	コンサルティング	経営コンサル
ポラリス・コンサルティング株式会社	3290001026797	5	http://www.polaris-cons.com/contact.html	https://www.polaris-cons.com/company.html	info@polaris-cons.com	092-292-7620	8140001	福岡県	福岡市早良区百道浜２丁目１番２２号福岡ＳＲＰセンタービル７０５Ａ	福岡県福岡市早良区百道浜２丁目１番２２号福岡ＳＲＰセンタービル７０５Ａ	金融・システムコンサル企業	2006年7月に福岡県で設立された金融・システムコンサル企業です。同社は人材・アウトソーシング、コンサルティング、コスト削減コンサル、事務処理代行、財務コンサル、経営コンサルなどの業界で事業を展開しています。	コンサルティング	財務コンサル
株式会社ヒューマナイズ	3290001032052	1	https://www.humanize.jp/contact/	http://www.humanize.jp/		092-473-8310	8120013	福岡県	福岡市博多区博多駅東２丁目１７番５号	福岡県福岡市博多区博多駅東２丁目１７番５号	人材開発・採用コンサル企業	福岡県に拠点を置く人材開発・採用コンサル企業です。1996年に設立され、セミナー企画・運営事業、職業相談事業、職業訓練支援事業、雇用支援事業、研修セミナー事業、人材戦略コンサルティング事業、就職セミナー業、人材採用支援事業などを展開しています。主に人材・アウトソーシング、コンサルティング、セミナー、その他人材、組織コンサル、経営コンサル、職業紹介所の業界で活動しています。	コンサルティング	経営コンサル
クロスフィールズアクト株式会社	3290001032283	2	http://crossfields-act.net/inquiry.html	http://crossfields-act.net/	info@crossfields-act.net	092-401-2217	8120064	福岡県	福岡市東区松田３丁目１５番６号３０７	福岡県福岡市東区松田３丁目１５番６号３０７	起業から経営までのコンサルサービス企業	福岡県に所在する起業から経営までのコンサルサービス企業です。2008年4月に設立され、人材・アウトソーシング、コンサルティング、セミナー、財務コンサル、起業コンサル、組織コンサル、経営コンサルなどの業務を展開しています。セミナー企画・運営事業も重要な事業の一つとして展開しており、幅広い分野での知識・経験を持つ専門家のチームによる高品質なサービスを提供しています。	コンサルティング	経営コンサル
株式会社ウエストウッド・コンサルティング	3290001033273	1	http://www.westwood-c.co.jp/inquiry.html?fid=10095242	http://www.westwood-c.co.jp/		090-8400-3828	8191151	福岡県	糸島市本１７３５番地の２１	福岡県糸島市本１７３５番地の２１	人事・経営マネジメントを手掛ける企業	2005年8月に福岡県に設立された人事・経営マネジメントを手掛ける企業です。主な業務はコンサルティング、組織コンサル、経営コンサルの提供です。	コンサルティング	経営コンサル
株式会社ホテル旅館マネジメント	3290001034552	40	http://www.kk-hrm.co.jp/contact.php?p=t	https://www.kk-hrm.co.jp/	info@kk-hrm.co.jp	092-406-7815	8100073	福岡県	福岡市中央区舞鶴３丁目３番１９号ＫＭビル赤坂５階	福岡県福岡市中央区舞鶴３丁目３番１９号ＫＭビル赤坂５階	ホテル・旅館の経営コンサル・運営代行企業	福岡県に拠点を置くホテル・旅館の経営コンサル・運営代行企業です。2011年4月1日に設立され、市場リサーチ事業やセールスアウトソーシング事業、営業支援サービス事業を展開しています。人材・アウトソーシング、コンサルティング、観光・宿泊・レジャーなどの業界において、コスト削減コンサルや営業代行・販売代行、研究・調査・リサーチ、経営コンサルなどの幅広いサービスを提供しています。	コンサルティング	経営コンサル
株式会社ゆきだま	3290001055961	1	http://www.yukidama.co.jp/blog/	http://www.yukidama.co.jp/		092-292-3931	8120023	福岡県	福岡市博多区奈良屋町７番１６－９０６号	福岡県福岡市博多区奈良屋町７番１６－９０６号	コンサル企業で、経営・IT・教育などを手がける企業	福岡県を拠点に、2011年4月に設立されたコンサル企業です。経営・IT・教育など幅広い領域において活動し、人材・アウトソーシング、コンサルティング、企業研修、セミナー、経営コンサルの業界で事業展開しています。セミナー企画・運営事業や研修セミナー事業を通じて、クライアントの成長と発展をサポートしています。	コンサルティング	経営コンサル
ＭＩＣ株式会社	3290001071918	0	http://mic39.co.jp/#contact	http://mic39.co.jp		090-2515-2415	8112209	福岡県	糟屋郡志免町王子４丁目３番４号	福岡県糟屋郡志免町王子４丁目３番４号	コールセンター構築支援などのコンサルサービスを提供する企業	福岡県を拠点とするコールセンター構築支援などのコンサルサービスを提供する企業です。営業支援サービス事業、システムアドバイザリー事業、通信コンサル業などを展開しており、2015年11月に設立されました。主要業界はコンサルティング、ITコンサル、経営コンサル、その他コンサルです。	コンサルティング	経営コンサル
日本グレッジ株式会社	3290801017186	0	https://gradge.co.jp/contact/	http://gradge.co.jp/index.php?FrontPage		050-5534-5084	8050050	福岡県	北九州市八幡東区春の町３丁目２番１４号	福岡県北九州市八幡東区春の町３丁目２番１４号	企業が販売促進提案やWeb制作を行っている企業	福岡県に所在する企業で、販売促進提案やWeb制作を行っています。2010年6月に設立され、印章製造事業、印章印鑑製造事業、宣伝物印刷事業、広告物デザイン制作事業、名刺作成事業などを展開しています。広告・制作、コンサルティング、Web制作、デザイン、広告制作、紙媒体印刷、経営コンサルの業種に属しています。	コンサルティング	経営コンサル
株式会社メイア	3300001001006	12	https://www.meia.co.jp/contact/44.html	https://www.meia.co.jp/		0952-27-0791	8400015	佐賀県	佐賀市木原２丁目６番５号	佐賀県佐賀市木原２丁目６番５号	コンサルや人材派遣を手がける企業	佐賀県を拠点に活動するコンサルや人材派遣を手がける企業です。1978年に設立され、人材・アウトソーシング、コンサルティング、企業研修、経営コンサルの業界で幅広いサービスを提供しています。経営研修事業を中心に積極的に展開し、お客様の組織力強化と成長をサポートしています。	コンサルティング	経営コンサル
樋渡社中株式会社	3300001009833	7	http://hiwatashishachu.jp/mailform/request.html	http://hiwatashishachu.jp	hiwatashishachu@gmail.com		8430023	佐賀県	武雄市武雄町大字昭和６番地１	佐賀県武雄市武雄町大字昭和６番地１	地域活性化や企業経営戦略などをコンサルする企業	佐賀県を拠点に地域活性化や企業経営戦略などをコンサルティングする企業です。2015年2月に設立され、セミナー企画・運営事業、研修セミナー事業、地域開発事業、ビジネスコンサルティング事業などを行っています。主な業界は人材・アウトソーシング、不動産、コンサルティング、セミナー、販促コンサル、デベロッパー、経営コンサルです。	コンサルティング	経営コンサル
株式会社アイエムシーグローバル	3330001006712	5	https://www.imc-gl.com/contactus	https://www.imc-gl.com/companyprofile	info@imc-gl.com	096-364-3748	8620971	熊本県	熊本市中央区大江４丁目１０番１号	熊本県熊本市中央区大江４丁目１０番１号			コンサルティング	経営コンサル
株式会社バランスネットワーク	3330001017882	5	http://www.bs-net.jp/contact.html	https://bs-net.jp/		096-273-9424	8618006	熊本県	熊本市北区龍田２丁目３５番５号	熊本県熊本市北区龍田２丁目３５番５号	会計・経理サービス企業	熊本県に所在する会計・経理サービス企業です。2011年11月に設立され、補助金申請支援事業や財務・会計業務アウトソーシング事業を展開しています。主に人材・アウトソーシング、その他サービス、コンサルティング、事務処理代行、人材派遣、その他サービス、経営コンサルティングの分野で活動しています。	コンサルティング	経営コンサル
株式会社オリナス	3350001005084	1	http://orinas.co.jp/ask-company.php	http://orinas.co.jp	orinas2000@orinas.co.jp	0985-23-0941	8800822	宮崎県	宮崎市権現町１０１番地３	宮崎県宮崎市権現町１０１番地３	企業の再生やコンサルティングを手がける企業	宮崎県に拠点を置き、企業の再生やコンサルティングを手掛ける企業です。主な事業は、Webマーケティング支援であり、2000年3月に設立されました。主要業界はIT、コンサルティング、Webマーケコンサル、経営コンサルです。	コンサルティング	経営コンサル
株式会社キャリア総研	3360001004960	0	https://www.careersouken.jp/inq	https://careersouken.jp/	info@careersouken.jp	098-860-6555	9000032	沖縄県	那覇市松山１丁目３２番７号	沖縄県那覇市松山１丁目３２番７号	経理や税務分野のアドバイザリーを提供している企業	2002年8月に沖縄県で設立され、経理や税務分野のアドバイザリーを提供しています。同社はセミナー企画・運営事業、財務アドバイザリー事業、保険アドバイザリー事業、研修セミナー事業、財務・会計業務アウトソーシング事業、投資アドバイザリー事業、システムインテグレーション事業を展開しており、金融、IT、人材・アウトソーシング、コンサルティング、Webアプリ・サービス運営、企業研修、セミナー、事務処理代行、財務コンサル、人材派遣、保険代理店、資産運用コンサル、経営コンサルなどの業種に関与しています。	コンサルティング	経営コンサル
株式会社経営支援センター	3360001015231	3	http://www.k-shien.com/contact/	http://www.k-shien.com/	info@k-shien.com	03-5877-2540	9010155	沖縄県	那覇市金城３丁目８－１１ゆいビル３Ｆ	沖縄県那覇市金城３丁目８－１１ゆいビル３Ｆ	企業の経営相談や人材教育の策定を行っている企業	沖縄県に拠点を置く企業です。同社は、企業の経営相談や人材教育の策定を行っており、ビジネス研修セミナー運営事業、組織分析コンサルティング事業、営業支援サービス事業、企業内トレーニングアウトソーシング事業を展開しています。主な業界は、人材・アウトソーシング、コンサルティング、企業研修、組織コンサル、経営コンサル、その他コンサルとなっています。	コンサルティング	経営コンサル
株式会社オンリーワン経営	3370001013366	2	http://www.onlyone-mgt.jp/html/form.html	http://www.onlyone-mgt.jp/	info@onlyone-mgt.jp	022-214-6610	9800021	宮城県	仙台市青葉区中央４丁目８番３－１４０５号	宮城県仙台市青葉区中央４丁目８番３－１４０５号	企業に対して、経営や人事、財務などの助言・支援を提供する専門会社	宮城県を拠点に、企業に対して経営や人事、財務などの助言・支援を提供する専門会社です。ビジネス承継支援事業やシステムインテグレーション事業を展開しており、2004年9月に設立されました。主な業界はIT、その他サービス、コンサルティングであり、Webアプリ・サービス運営、財務コンサル、起業コンサル、組織コンサル、経営コンサルなどのサービスを提供しています。	コンサルティング	経営コンサル
株式会社ＫＳＢ	3370001022045	3	http://www.ksb-sendai.co.jp/contact/	https://ksb-sendai.co.jp/website/about	info@ksb-sendai.co.jp	022-281-9163	9800802	宮城県	仙台市青葉区二日町８番６号二日町島田ビル６階	宮城県仙台市青葉区二日町８番６号二日町島田ビル６階	企業がマネジメントやファイナンスのアドバイスを提供している企業	2012年6月に宮城県で設立された企業であり、企業のマネジメントやファイナンスのアドバイスを提供しています。彼らの事業は、マーケティングコンサルティング事業、セールスアウトソーシング事業、セミナー企画・運営事業、資産管理アドバイザリー事業、研修セミナー事業などの分野において展開しています。人材・アウトソーシング、コンサルティング、営業代行・販売代行、セミナー、販促コンサル、資産運用コンサル、経営コンサルなど、多岐にわたる業界で活動を行っています。	コンサルティング	経営コンサル
株式会社ＳＧＣ	3370001041375	1	http://sgc.sengoku-corp.com/contact/	http://sgc.sengoku-corp.com/	sgc@sengoku-group.com	022-397-7301	9800822	宮城県	仙台市青葉区立町４－１６	宮城県仙台市青葉区立町４－１６	事業戦略アドバイザー、飲食店経営、リサイクル事業を営む企業	宮城県を拠点に事業戦略アドバイザー、飲食店経営、およびリサイクル事業を営む企業です。2017年5月1日に設立され、主に建設、機械、飲食・外食、製造、コンサルティング、リフォームなどの業種においてツール販売事業を展開しています。また、作業関連用品やカフェに関連する事業や経営コンサルティングも幅広く手掛けています。	コンサルティング	経営コンサル
株式会社会津ゼネラルホールディングス	3380001019627	148	http://aizugeneral.co.jp/contact/	https://www.aizugeneral.co.jp/aboutus		0242-24-2400	9650059	福島県	会津若松市インター西９８番地	福島県会津若松市インター西９８番地	関連会社の人事、企画、運営管理を担う企業	福島県に拠点を置く関連会社の人事、企画、運営管理を担う企業です。1955年10月に設立され、生活関連サービス、自動車・輸送、コンサルティング、ジム・フィットネス、自動車整備、経営コンサルなどの業界に携わっています。経営コンサルティング事業やグループ企業経営事業を通じて、幅広いサービスを提供しています。	コンサルティング	経営コンサル
タグボート株式会社	3400001009154	29	http://tugboat-consultant.com/#sec06	http://tugboat-consultant.com/		0172-55-0200	0360213	青森県	平川市新屋町道ノ下３５番地２	青森県平川市新屋町道ノ下３５番地２	温浴施設経営のコンサルティングを専門とする企業	青森県を拠点に温浴施設経営のコンサルティングを専門とする企業です。2014年6月に設立され、温泉リゾート事業、米穀販売事業、食材加工販売業を展開しています。飲食・外食、生活関連サービス、食品、小売・販売・卸売、コンサルティング、観光・宿泊・レジャー、国内旅行、温泉施設、ブライダル、その他小売・販売、その他食品、経営コンサル、その他外食、ホテル・旅館といった幅広い業界で活動しています。	コンサルティング	経営コンサル
株式会社あきぎんリサーチ＆コンサルティング	3410001010895	1	http://www.akigin-r-c.co.jp/contact/	https://www.akigin-r-c.co.jp/		018-863-1221	0100951	秋田県	秋田市山王３丁目２番１号	秋田県秋田市山王３丁目２番１号	地域や経営についてコンサルティングを提供する企業	秋田県を拠点に地域や経営についてコンサルティングを提供している企業です。同社は2015年6月に設立され、主に市場リサーチ事業や地方創生事業に取り組んでいます。その他サービス、不動産、コンサルティング、デベロッパー、研究・調査・リサーチ、経営コンサル、その他コンサルの業界で活動しています。	コンサルティング	経営コンサル
株式会社経営活性化センター	3430001032244	0	http://sapporoweb.com/kkc/inquiry.html	http://sapporoweb.com/kkc/	kkc@marble.ocn.ne.jp	011-211-6675	0010020	北海道	札幌市北区北二十条西３丁目２－５－Ａ８０１	北海道札幌市北区北二十条西３丁目２－５－Ａ８０１	経営サポートを提供する企業	北海道に位置する経営サポートを提供する企業です。主にコンサルティングや経営コンサルの業務に従事しており、幅広いサービスを通じてクライアントの経営活動の活性化を支援しています。	コンサルティング	経営コンサル
株式会社ＩＰＪ	3430001032608	25	https://www.ipjltd.co.jp/contact	https://www.ipjltd.co.jp/		03-3527-3067	0600061	北海道	札幌市中央区南一条西１０丁目４番地	北海道札幌市中央区南一条西１０丁目４番地	財務アドバイザリーと経営トレーニングを提供する企業	2006年に北海道で設立された企業であり、財務アドバイザリーと経営トレーニングを提供しています。同社はセミナー企画・運営事業、ビジネス承継支援事業、研修セミナー事業、経営研修事業を展開しており、人材・アウトソーシング、教育、コンサルティングなどの業界で活動しています。株式会社ＩＰＪは、その幅広いサービスと経験豊富なスタッフを活かし、顧客の経営戦略の強化や、ビジネスの成長をサポートしています。	コンサルティング	財務コンサル
ＳｉｌｖｅｒＲｏｃｋ株式会社	3430001037185	1	https://www.yumereal.jp/contact/	http://www.yumereal.jp	customer@yumereal.jp	03-6260-9954	1500012	東京都	渋谷区広尾１丁目７番２０号	東京都渋谷区広尾１丁目７番２０号	企業がビジネスモデルや映像制作などの計画を立てる企業	2007年12月に設立された東京都に拠点を置く企業です。同社は建設、広告・制作、エンタメ・娯楽、コンサルティング、Web制作、財務コンサルなどの業界で活動しており、広告クリエイティブ事業、イベントプランニング事業、店舗空間デザイン事業、ビジネスコンサルティング事業などを展開しています。ＳｉｌｖｅｒＲｏｃｋ株式会社は企業のビジネスモデルや映像制作などの計画を立てることに特化しており、幅広いサービスを提供しています。	コンサルティング	経営コンサル
株式会社西山マネジメントオフィス	3430001075177	9	https://nishiyama-management-office.com/contact	https://nishiyama-management-office.com/		011-615-5757	0640954	北海道	札幌市中央区宮の森四条６丁目２番１５号	北海道札幌市中央区宮の森四条６丁目２番１５号	資金管理や融資プラン、設立や不動産購入の支援を提供する企業	北海道を拠点に、資金管理や融資プラン、設立や不動産購入の支援を提供する企業です。2017年10月17日に設立され、主な業務は文書作成代行事業と資金管理支援事業です。コンサルティング、財務コンサル、起業コンサル、経営コンサルなどのエキスパートが揃っており、幅広いニーズにお応えします。	コンサルティング	財務コンサル
有限会社中庭情報サービス	3470002008041	1	https://www.nakaniwa.com/contact/	https://www.nakaniwa.com/	web-info@nakaniwa.com	087-815-2870	7610303	香川県	高松市六条町１３７５番地１	香川県高松市六条町１３７５番地１	IT経営支援企業	香川県に位置するIT経営支援企業です。同社は商品開発事業とWebマーケティング支援事業に従事しており、主にIT、その他サービス、コンサルティング、Webマーケコンサル、経営コンサルの業界で活動しています。	コンサルティング	経営コンサル
株式会社キャップスアソシエーション	4010001014845	5	https://www.caps-association.co.jp/contact/	https://www.caps-association.co.jp/	info@caps-inc.jp	03-5770-1751	1510051	東京都	渋谷区千駄ヶ谷１丁目２０番１２号	東京都渋谷区千駄ヶ谷１丁目２０番１２号	ブランドやコミュニケーション戦略を策定する企業	東京都に本社を構えるブランドやコミュニケーション戦略を策定する企業です。1986年に設立された同社は、広告・制作、IT、コンサルティング、コンテンツ制作など、幅広い業界で活動しています。メディアコンテンツ制作事業、ブランド戦略策定事業、ビデオプロダクション事業、検索エンジン最適化対策事業などを展開し、販促コンサルや経営コンサルなども提供しています。	コンサルティング	経営コンサル
日産グローバル株式会社	4010001025702	2	https://www.nissan-global.co.jp/contact/	https://www.nissan-global.co.jp		03-3669-3671	1120002	東京都	文京区小石川５丁目１８番５聖徳ビル	東京都文京区小石川５丁目１８番５聖徳ビル	起業支援サービスを提供する企業	東京都に本社を置く、起業支援サービスを提供する企業です。1939年2月に設立され、コンサルティングや経営コンサルといった業界で活動しています。	コンサルティング	経営コンサル
株式会社アイブイシー	4010001035412	2	http://ivc-inc.jp/contact/	http://ivc-inc.jp/company/	info@ivc-inc.jp	03-6226-2268	1040061	東京都	中央区銀座１丁目２３番２号	東京都中央区銀座１丁目２３番２号	事業の戦略策定支援に加え、寺社グッズ販売や食堂の運営を手がける企業	東京都に本店を置く企業であります。同社は、事業の戦略策定支援に加え、寺社グッズ販売や食堂の運営を手がけております。1995年8月に設立され、生活用品、飲食・外食、食品、エンタメ・娯楽、小売・販売・卸売、コンサルティング、日用品、雑貨販売、グッズ制作・グッズ販売、経営コンサル、その他外食、パンの各業界において幅広い活動を展開いたしております。	コンサルティング	経営コンサル
大和インベスター・リレーションズ株式会社	4010001049239	46	https://www.daiwair.co.jp/inquiry/c-other.php	https://www.daiwair.co.jp/company/profile.html		03-5555-4111	1040031	東京都	中央区京橋１丁目２番１号	東京都中央区京橋１丁目２番１号	上場企業の情報開示支援やIRコンサルティング事業を行う企業	1996年9月に設立された東京都に拠点を置く企業です。同社は上場企業の情報開示支援やIRコンサルティング事業を手掛けており、市場リサーチ事業や投資アドバイザリー事業にも取り組んでいます。その他サービス、コンサルティング、資産運用コンサル、研究・調査・リサーチ、経営コンサルなどの業界に属しています。	コンサルティング	経営コンサル
株式会社ジェイプラン	4010001057010	0	http://www.jplan-inc.co.jp/contact/#form	http://www.jplan-inc.co.jp/	info@jplan-inc.co.jp	03-5302-5210	3300855	埼玉県	さいたま市大宮区上小町１２７８番地５	埼玉県さいたま市大宮区上小町１２７８番地５	自転車や美容関連の事業を展開する会社が、店舗プロデュースも手がけている	埼玉県に拠点を置き、自転車や美容関連の事業を展開しています。同社は1991年に設立され、ヘアスタイルサービス事業、自転車販売卸売事業、フランチャイズチェーン事業などを手がけています。生活関連サービス、美容・アパレル、自動車・輸送、その他サービス、コンサルティングなどの業種に属し、美容院、二輪車、その他団体、美容サロン、経営コンサルに関連しています。	コンサルティング	経営コンサル
ＷｅａｌｔｈＰａｒｋ株式会社	4010001060360	73	https://www.rjc.co.jp/contact/	https://wealth-park.com/ja/		03-5488-6263	1500011	東京都	渋谷区東３丁目１４番１５号МОビル２階	東京都渋谷区東３丁目１４番１５号МОビル２階	マーケティング調査、不動産管理、経営コンサルティングを提供する企業	東京都を拠点にマーケティング調査、不動産管理、経営コンサルティングを提供する企業です。同社は、市場リサーチ事業、データ解析事業、海外ビジネスアドバイザリー事業、インタビュー調査サービス事業を展開しています。1967年に設立され、IT、その他サービス、不動産、コンサルティングなどの業界において幅広いサービスを提供しております。	コンサルティング	経営コンサル
株式会社ビジネスリンク	4010001066309	2	https://ppbl.co.jp/bl/contact.php	https://ppbl.co.jp/bl/		03-3252-6120	1100016	東京都	台東区台東１丁目２番１－２８０３号	東京都台東区台東１丁目２番１－２８０３号	経営のアドバイスや事務用品の販売を行う企業	1999年10月に設立された東京都に拠点を置く企業です。同社は経営のアドバイスや事務用品の販売を中心に行っており、ビジネス用電話機販売事業、セキュリティシステム設置工事事業、オフィス機器・OA機器販売事業、オフィス用品販売事業、防災アドバイザリー事業などを展開しています。主な業界は製造、小売・販売・卸売、コンサルティングであり、防犯機器やオフィス用品販売、経営コンサルなどを提供しています。	コンサルティング	経営コンサル
株式会社ＩＣＭＧ	4010001068684	32	https://reg31.smp.ne.jp/regist/is?SMPFORM=nds-nesio-3b66584ab773bb4facbf87073260274e	https://www.icmg.co.jp		03-6858-3211	1000005	東京都	千代田区丸の内２丁目１番１号	東京都千代田区丸の内２丁目１番１号	経営支援・人材教育を提供する会社	2000年4月に設立され、東京都に本社を構える経営支援・人材教育を提供する会社です。主な事業は人材・アウトソーシング、コンサルティング、企業研修、経営コンサルティングなど幅広いサービスを提供しています。	コンサルティング	経営コンサル
株式会社パブリックトラスト	4010001071102	1	http://www.publictrust.co.jp/contact/	http://www.publictrust.co.jp		03-5843-8702	1030027	東京都	中央区日本橋３丁目２番１４号	東京都中央区日本橋３丁目２番１４号			コンサルティング	経営コンサル
アグリアシストジャパン株式会社	4010001072406	0	https://www.a-a-j.co.jp/contact.html	https://www.a-a-j.co.jp/	info@a-a-j.co.jp	03-6231-1520	1030003	東京都	中央区日本橋横山町１番４号	東京都中央区日本橋横山町１番４号	農業コンサルタント及び農業施設の設計・建設を行う企業	東京都に拠点を置き、農業コンサルタント及び農業施設の設計・建設を行う企業です。同社は健康食品生産事業、青果物卸売事業、土壌改良資材販売事業、野菜栽培事業、農業支援事業、ヘルスフード卸売事業など幅広い業務を展開しています。主要な業界は材料・資源、食品、商社、コンサルティング、農産物食品商社、健康食品、水産、肥料・農薬、農産物、経営コンサル、その他コンサルです。	コンサルティング	経営コンサル
メビレーション株式会社	4010001074138	12	http://www.mebiration.co.jp/contact/	https://www.mebiration.co.jp/	info@mebiration.co.jp	03-5282-3908	1010054	東京都	千代田区神田錦町２丁目５番地９	東京都千代田区神田錦町２丁目５番地９	人材の育成や経営に関するアドバイスを提供する企業	東京都に本社を構える、人材の育成や経営に関するアドバイスを提供する企業です。2001年5月に設立され、カスタマーサービス研修事業や営業支援サービス事業を展開しています。主な業界は人材・アウトソーシング、コンサルティング、企業研修、経営コンサルなど幅広い領域にわたります。	コンサルティング	経営コンサル
株式会社ケアマックス	4010001076811	7	http://www.caremax.jp/contact/index.html	https://www.caremax.jp/company.html		03-5298-5815	1010047	東京都	千代田区内神田２丁目５番１号	東京都千代田区内神田２丁目５番１号	医療・介護に関わるコンサルティングを提供する企業	東京都に拠点を置く1995年9月に設立された医療・介護に関わるコンサルティングを提供する企業です。主な業務は研修セミナー事業であり、人材・アウトソーシング、コンサルティング、セミナー、経営コンサルの業界で活動しています。	コンサルティング	経営コンサル
株式会社ワールド・リンク・ジャパン	4010001083304	1	http://www.wlj.jp/contact.html	http://www.wlj.jp/company.html		03-5275-2271	1020092	東京都	千代田区隼町２番１２号	東京都千代田区隼町２番１２号	ベトナム進出企業支援及び投資ファンド運営企業	東京都に本社を置くベトナム進出企業支援及び投資ファンド運営企業です。2003年6月に設立され、教育支援事業、海外ビジネスアドバイザリー事業、農業支援事業を展開しています。業界は教育、コンサルティング、塾・予備校、資産運用コンサル、経営コンサル、その他コンサルに属しています。	コンサルティング	経営コンサル
株式会社職能振興事業団	4010001090176	0	http://shokunou-j.com/inquiry/	http://shokunou-j.com	info@shokunou-j.com	03-3239-8815	1020073	東京都	千代田区九段北１丁目２番２号	東京都千代田区九段北１丁目２番２号	中小企業向けの経営アドバイスを提供している企業	東京都を拠点に中小企業向けの経営アドバイスを提供している企業で、1972年12月に設立されました。同社は教育支援事業、イベントプランニング事業、ビジネス承継支援事業、イベント企画・運営事業、人材戦略コンサルティング事業、資金管理支援事業、補助金申請支援事業などを展開しており、エンタメ・娯楽、その他サービス、教育、コンサルティング、塾・予備校、財務コンサル、イベント、その他サービス、組織コンサル、経営コンサルなどの業界で活動しています。	コンサルティング	経営コンサル
株式会社クリーツ	4010001092593	2	https://x162.secure.ne.jp/~x162022/form.html	http://www.creats.jp/	privacy@creats.jp	050-5527-6325	1040061	東京都	中央区銀座６丁目１３番１６号銀座ＷａｌｌビルＵＣＦ５階	東京都中央区銀座６丁目１３番１６号銀座ＷａｌｌビルＵＣＦ５階	商品企画や販促戦略の立案を行う企業	東京都に拠点を置く商品企画や販促戦略の立案を行う企業です。2000年5月に設立され、エンタメ・娯楽、不動産、コンサルティング、イベント、デベロッパー、経営コンサル、その他コンサルの業界で幅広い活動を展開しています。主な業務にはイベントプランニング事業、地方創生事業、イベント企画・運営事業、商品開発アドバイザリー事業があります。	コンサルティング	経営コンサル
株式会社翌檜	4010001093369	35	http://www.asu-naro.co.jp/form_inquiry/	https://asu-naro.co.jp/company/	contact@asu-naro.co.jp	03-5688-1201	1000014	東京都	千代田区永田町２丁目１３番５号	東京都千代田区永田町２丁目１３番５号	新ビジネスや戦略についてアドバイスをする企業	東京都に位置する1993年12月に設立された企業であり、新ビジネスや戦略についてアドバイスをする専門のコンサルティング企業です。主な事業として、財務アドバイザリー事業と商品開発アドバイザリー事業を展開しており、コンサルティング、財務コンサル、経営コンサル、その他コンサルの分野でのサービスを提供しています。	コンサルティング	経営コンサル
株式会社パートナーズ・ホールディングス	4010001098500	12	https://partners-inc.co.jp/contact/	https://partners-inc.co.jp/about/group.html#groupPH		03-3510-1033	1040031	東京都	中央区京橋１丁目３番１号八重洲口大栄ビル１２階	東京都中央区京橋１丁目３番１号八重洲口大栄ビル１２階	パートナーグループのビジネス戦略を策定し、計画している企業	東京都に本社を置くパートナーグループのビジネス戦略を策定し、計画している企業です。2006年に設立され、会計・税務アドバイザリー事業、経営コンサルティング事業、グループ企業経営事業を展開しています。士業、コンサルティング、会計士、経営コンサルの業界において、幅広いサービスを提供しています。	コンサルティング	経営コンサル
株式会社マネジメントベース	4010001102105	8	https://mbase.sakura.ne.jp/c/mail_form/contact.html	https://www.m-base.co.jp/company/		03-5357-1224	1020072	東京都	千代田区飯田橋３丁目４－４第５田中ビル９階	東京都千代田区飯田橋３丁目４－４第５田中ビル９階	組織や人材におけるコンサルティングを提供する会社	2006年に設立され、東京都を拠点に組織や人材におけるコンサルティングを提供しています。同社は、イベントプランニング事業、組織分析コンサルティング事業、データ解析事業、研修セミナー事業など、多岐にわたるサービスを提供しており、活発なIT、人材・アウトソーシング、エンタメ・娯楽、コンサルティング、セミナーなどの業界で活動しています。	コンサルティング	経営コンサル
コンセージュジャパン株式会社	4010001106056	2	https://consege.co.jp/contact/	https://consege.co.jp/		03-6452-2508	1500022	東京都	渋谷区恵比寿南２丁目１８－６メゾン・ド・グリシーヌ３０２号室	東京都渋谷区恵比寿南２丁目１８－６メゾン・ド・グリシーヌ３０２号室	医療関連業界のコンサルティングに特化した企業	東京都に拠点を置き、医療関連業界のコンサルティングに特化した企業です。主な事業としては、カスタマーサービス研修事業および企業内トレーニングアウトソーシング事業を展開しています。人材・アウトソーシング、コンサルティング、企業研修、経営コンサルという幅広い業界で実績を持ち、お客様のニーズに合わせたソリューションを提供しています。	コンサルティング	経営コンサル
東京中央経営株式会社	4010001106139	13	https://www.tokyo-cm.co.jp/contact/	https://www.tokyo-cm.co.jp/company/	info@tokyo-cm.co.jp	03-6202-2333	1030027	東京都	中央区日本橋１丁目２－１０東洋ビル７階	東京都中央区日本橋１丁目２－１０東洋ビル７階	小中企業の資金調達支援企業	2007年1月に設立された東京都に拠点を構える小中企業の資金調達支援企業です。同社はセミナー企画・運営事業、研修セミナー事業、補助金申請支援事業、経営研修事業を行っており、人材・アウトソーシング、その他サービス、コンサルティング、企業研修、セミナー、その他サービス、経営コンサルの業界で活動しています。	コンサルティング	経営コンサル
株式会社ＩＧＰＩグループ	4010001108192	42	https://www.igpi.co.jp/contact	https://www.igpi.co.jp/company/	info_igpi@igpi.co.jp	03-4562-1101	1050001	東京都	港区虎ノ門１丁目２３番１号虎ノ門ヒルズ森タワー１１階	東京都港区虎ノ門１丁目２３番１号虎ノ門ヒルズ森タワー１１階	ビジネス成長支援や経営相談に特化した企業	2007年4月1日に東京都で設立されたITおよび経営コンサルティングを特化した会社です。主にビジネス成長支援や経営相談を提供し、データ解析事業にも取り組んでいます。その他のIT関連サービスも提供しており、幅広いお客様に経営コンサルティングを提案しています。	コンサルティング	経営コンサル
株式会社スマップス	4010001113093	2	http://smaps-co.jp/contact	https://smaps-co.jp/	info@smaps-co.jp	0748-46-4440	5211311	滋賀県	近江八幡市安土町下豊浦４６７１番地	滋賀県近江八幡市安土町下豊浦４６７１番地	女性向け起業・独立開業支援事業企業	滋賀県に拠点を置く、女性向け起業・独立開業支援事業企業です。2007年10月に設立され、主に研修セミナー事業を展開しています。人材・アウトソーシング、コンサルティング、企業研修、セミナー、経営コンサルの業界で活動しています。	コンサルティング	経営コンサル
株式会社アーク・イノベーション	4010001114579	3	http://www.ark-i.com/contact.html	https://www.ark-i.com/		03-5224-6750	1000005	東京都	千代田区丸の内２丁目４番１号丸の内ビルディング	東京都千代田区丸の内２丁目４番１号丸の内ビルディング	企業の経営に助言することで支援する企業	2007年11月に東京都に設立された企業で、金融、その他サービス、コンサルティング、研究・調査・リサーチ、経営コンサル、ベンチャーキャピタルの業界で活動しています。同社は、企業の経営に助言することで支援し、スタートアップ投資事業や市場リサーチ事業を展開しています。	コンサルティング	経営コンサル
株式会社グローバル・パートナーズ・コンサルティング	4010001116930	17	https://www.g-pc.co.jp/contact/	https://www.g-pc.co.jp/company	info@g-pc.co.jp	03-5275-1060	1020085	東京都	千代田区六番町２番地８番町Ｍビル３Ｆ	東京都千代田区六番町２番地８番町Ｍビル３Ｆ	企業の財務や経営にアドバイスをするコンサルティング企業	東京都に位置する企業で、2008年4月に設立されました。同社は、企業の財務や経営にアドバイスをするコンサルティング企業で、主な業務として財務監査サービス、税務アドバイザリー事業、財務アドバイザリー事業、海外ビジネスアドバイザリー事業などを提供しています。グローバル・パートナーズ・コンサルティングは、士業、コンサルティング、税理士、監査法人、財務コンサル、経営コンサル、その他コンサルの業界で活動しています。	コンサルティング	財務コンサル
株式会社日本ターンアラウンドパートナーズ	4010001118951	1	https://www.kk-jtp.jp/contact/	https://www.kk-jtp.jp/	tanaka@kk-jtp.jp	03-6206-6280	1000014	東京都	千代田区永田町２丁目１７番１７号	東京都千代田区永田町２丁目１７番１７号	再建支援企業	東京都に拠点を置く再建支援企業であり、2008年7月に設立されました。同社はビジネス承継支援事業、営業支援サービス事業、経営コンサルティング事業を展開しています。主にその他サービスとコンサルティングの分野で活動し、経営コンサルやその他コンサルにも精通しています。	コンサルティング	経営コンサル
株式会社オプティアス	4010001120511	3	http://optius.jp/form_contact/	http://optius.jp/	info@optius.jp	03-3275-0117	1040031	東京都	中央区京橋２丁目１番１号	東京都中央区京橋２丁目１番１号	中小企業のM&Aコンサルティング専門企業	2008年10月に東京都に設立され、中小企業のM&Aコンサルティング専門企業として事業を展開しています。主な業務はコンサルティング、販促コンサル、経営コンサルであり、幅広い経験と専門知識を活かしてクライアントの成長と資産増加をサポートしています。	コンサルティング	経営コンサル
株式会社ケイ・プランニング	4010001120627	0	http://www.k-pla.co.jp/inquiry/	http://www.k-pla.co.jp		03-6206-8452	1010035	東京都	千代田区神田紺屋町２８番地	東京都千代田区神田紺屋町２８番地	企業が総合コンサルティングや産業バッテリー用品の卸売りを行う企業	東京都に位置する企業であり、総合コンサルティングや産業バッテリー用品の卸売りを行っています。2003年7月に設立され、資材供給事業、再生可能エネルギー用電池販売事業、営業支援サービス事業、投資アドバイザリー事業を展開しています。その業務領域は材料・資源、製造、エネルギー、コンサルティング、建築資材、再生可能エネルギー、電池、資産運用コンサル、経営コンサルなど多岐にわたります。	コンサルティング	経営コンサル
株式会社アルファ・マーケティング・ブレインズ	4010001122821	25	http://www.alpha-marketing.jp/inquiry	http://www.alpha-marketing.jp/	info@alpha-marketing.jp	03-6268-9715	1020074	東京都	千代田区九段南３丁目８番１１号飛栄九段ビル４階	東京都千代田区九段南３丁目８番１１号飛栄九段ビル４階	調査と助言を提供する企業	2009年2月2日に東京都に設立された企業であり、調査と助言を提供することを事業としています。同社は、イベントプランニング事業、データ管理システム構築事業、マーケティングコンサルティング事業、イベント企画・運営事業を展開しており、IT、エンタメ・娯楽、その他サービス、コンサルティングなどの多岐にわたる業界で活動しています。株式会社アルファ・マーケティング・ブレインズは、経営コンサルや販促コンサル、研究・調査・リサーチなどを通じて、顧客のビジネスの成長と成功をサポートしています。	コンサルティング	経営コンサル
株式会社ビジネス・パートナーズ	4010001124149	42	http://www.biz-p.co.jp/contact/index.html	http://www.biz-p.co.jp/company/index.html		03-6910-5208	1070062	東京都	港区南青山１丁目２６番１号	東京都港区南青山１丁目２６番１号	コスト削減やマーケティングの支援を提供している企業	2004年2月に東京都で設立された企業であり、コスト削減やマーケティングの支援を提供しています。主な事業はマーケティングコンサルティング、市場リサーチ、Webマーケティング支援、システムインテグレーションです。IT、その他サービス、コンサルティング、Webマーケコンサル、Webアプリ・サービス運営、ITインフラストラクチャー、販促コンサル、研究・調査・リサーチ、経営コンサルなどの業界で活動しています。	コンサルティング	経営コンサル
ＰｗＣサステナビリティ合同会社	4010001129032	0	https://www.pwc.com/gx/en/content/pwc/global/forms/contactUs.en_gx.html?parentPagePath=/content/pwc/gx/en&style=			03-6212-6820	1000004	東京都	千代田区大手町１丁目１番１号大手町パークビルディング	東京都千代田区大手町１丁目１番１号大手町パークビルディング	ファイナンシャル・コンサルティング企業	東京都を拠点とするファイナンシャル・コンサルティング企業です。同社は、主に海外ビジネスアドバイザリー事業に従事しており、コンサルティング、財務コンサル、その他コンサル業界に所属しています。	コンサルティング	財務コンサル
株式会社産業創成アドバイザリー	4010001129222	8	http://www.sangyososei.com/jpn/contact/index.html	https://www.sangyososei.com/jpn/company/index.html	facts@sangyososei.com	03-3549-8808	1040061	東京都	中央区銀座８丁目１７番５号	東京都中央区銀座８丁目１７番５号	M&Aや資金調達についてのコンサルティングを提供する企業	東京都に本社を置き、2009年12月に設立された企業です。同社はM&Aや資金調達についてのコンサルティングを提供しており、主に資産管理アドバイザリー事業を展開しています。コンサルティング、資産運用コンサル、経営コンサルといった業界において活躍しています。	コンサルティング	経営コンサル
株式会社通販総研	4010001129288	2	https://tsuhan-soken.com/contactform/	http://www.tsuhan-soken.com/		03-5579-9001	1040031	東京都	中央区京橋２丁目１１番３号服部ビル６０３号室	東京都中央区京橋２丁目１１番３号服部ビル６０３号室	通販サポート企業、健康/化粧/産地品に特化企業	東京都に拠点を置く通販サポート企業であり、健康、化粧、産地品に特化した企業です。2010年1月に設立された同社は、イベントプランニング事業、販売アドバイザリー事業、セミナー企画・運営事業、イベント企画・運営事業、研修セミナー事業、企業内トレーニングアウトソーシング事業を展開しています。主な業界は人材・アウトソーシング、エンタメ・娯楽、コンサルティング、企業研修、セミナー、イベント、販促コンサル、経営コンサルです。	コンサルティング	経営コンサル
株式会社アイファス	4010001133273	1	http://aifas.co.jp/contact-2-2/	http://aifas.co.jp/	info@aifas.co.jp	03-6205-3030	1050001	東京都	港区虎ノ門１丁目３番１号東京虎ノ門グローバルスクエア５階軽井沢蒸留酒製造株式会社内	東京都港区虎ノ門１丁目３番１号東京虎ノ門グローバルスクエア５階軽井沢蒸留酒製造株式会社内	健康や消費品など、多岐にわたる業界においてM&Aアドバイスを行う企業	東京都に位置する2009年5月に設立された企業であり、健康や消費品など、多岐にわたる業界においてM&Aアドバイスを行っています。主な業務はビジネスリサーチ事業であり、その他サービス、コンサルティング、研究・調査・リサーチ、経営コンサルの産業に関与しています。	コンサルティング	経営コンサル
株式会社グラッズ	4010001134775	4	https://www.glads-jp.com/contactus.html	http://www.glads-jp.com/index.html		03-5537-8101	1040061	東京都	中央区銀座７丁目４番１４号	東京都中央区銀座７丁目４番１４号	ビジネスコンサルティングと広告代理を行う企業	1997年5月に設立された東京都を拠点にするビジネスコンサルティングと広告代理を行う企業です。主な業界はIT、コンサルティング、経営コンサル、eコマースです。	コンサルティング	経営コンサル
知財務株式会社	4010001134949	1	http://www.chizaim.com/contact.html	http://www.chizaim.com/index.html		03-5829-8036	1010032	東京都	千代田区岩本町３丁目３番１３号	東京都千代田区岩本町３丁目３番１３号	企業がマーケティングや新規事業の開発を支援するサービスを提供している	2006年9月に東京都で設立されたマーケティングコンサルティング会社です。企業がマーケティングや新規事業の開発を支援するサービスを提供しており、人材・アウトソーシング、コンサルティング、企業研修、販促コンサル、経営コンサルの分野で活動しています。	コンサルティング	経営コンサル
株式会社フィナンテック	4010001139411	15	https://www.finantec-net.com/profile/contact.php	https://www.finantec-net.com/contact/	info@finantec-net.com	03-4500-6880	1030026	東京都	中央区日本橋兜町１３番１号	東京都中央区日本橋兜町１３番１号	IRコンサルティングなどを提供する企業	東京都に拠点を置く1998年に設立された企業であり、IRコンサルティングなどのサービスを提供しています。主にコンサルティング、資産運用コンサル、経営コンサルの業界で活動しています。	コンサルティング	経営コンサル
ＩＦＡ　ＪＡＰＡＮ株式会社	4010001139683	0	http://www.ifa-japan.co.jp/contact/	https://www.ifa-japan.co.jp/contact/		03-5803-2500	1130033	東京都	文京区本郷１丁目２５番５号見学ビル３Ｆ	東京都文京区本郷１丁目２５番５号見学ビル３Ｆ	金融関連のコンサルティング企業	東京都に拠点を置く金融関連のコンサルティング企業であり、2001年2月に設立されました。主な事業は投資アドバイザリーであり、コンサルティング、資産運用コンサル、経営コンサルなどの業務に従事しています。	コンサルティング	経営コンサル
株式会社旅館マネジメントサポート	4010001141516	4	http://www.ryokan-ms.co.jp/contact.html	http://www.ryokan-ms.co.jp/	info@ryokan-ms.co.jp	03-6272-6686	1020074	東京都	千代田区九段南３丁目２番１５号	東京都千代田区九段南３丁目２番１５号	旅館やホテルを再生し、経営改善を行う企業	東京都に所在する旅館やホテルの再生と経営改善を行う企業です。2005年1月に設立され、主にコンサルティング、財務コンサル、組織コンサル、経営コンサルの分野で活動しています。旅館業界において、高い専門知識と経験を持つ同社は、お客様の事業の成長と発展をサポートしています。	コンサルティング	経営コンサル
株式会社プロキューブジャパン	4010001142522	15	http://www.procubejapan.co.jp/contact/index.html	http://www.procubejapan.co.jp	info@procubejapan.co.jp	03-6269-9617	1000006	東京都	千代田区有楽町１丁目７番１号	東京都千代田区有楽町１丁目７番１号	企業の会計コンサルティングや財務監査を支援する会社	東京都を拠点に、企業の会計コンサルティングや財務監査を支援する会社です。2005年4月に設立され、会計・税務アドバイザリー事業を展開しています。士業、コンサルティング、会計士、財務コンサル、経営コンサルの業界で活動しています。	コンサルティング	財務コンサル
株式会社リブ・コンサルティング	4010001148263	301	https://www.libcon.co.jp/contact/	https://www.libcon.co.jp/company/		03-6281-9596	1030027	東京都	中央区日本橋２丁目７番１号東京日本橋タワー	東京都中央区日本橋２丁目７番１号東京日本橋タワー	営業・マーケティング戦略を提供する企業	2012年7月1日に東京都に設立され、営業・マーケティング戦略を提供する企業です。主な事業としてマーケティングコンサルティング事業と企業内トレーニングアウトソーシング事業を展開しており、人材・アウトソーシング、コンサルティング、企業研修、販促コンサル、組織コンサル、経営コンサルなどの幅広い業界で活動しています。	コンサルティング	経営コンサル
クロス・コンサルティング株式会社	4010001153668	1	https://croscon.co.jp/contact01/	https://croscon.co.jp/	info@croscon.co.jp	03-5878-0976	1030027	東京都	中央区日本橋３丁目２－１４日本橋ＫＮビル４Ｆ	東京都中央区日本橋３丁目２－１４日本橋ＫＮビル４Ｆ	大口契約獲得を支援するコンサルティング企業	東京都に位置する大口契約獲得を支援するコンサルティング企業です。2013年5月に設立され、営業支援サービス事業を営んでいます。主な業界はコンサルティング、経営コンサル、その他コンサルとなっております。	コンサルティング	経営コンサル
株式会社Ｓ．Ｏ．Ｗ．ホールディングス	4010001156803	10	https://www.sow-hd.com/%E3%81%8A%E5%95%8F%E5%90%88%E3%81%9B.html?view=contact	https://www.sow-hd.com/		03-6880-2041	1030023	東京都	中央区日本橋本町４丁目４番２号	東京都中央区日本橋本町４丁目４番２号	子会社の経営管理や関連業務を行う企業	東京都に所在する会社であり、子会社の経営管理や関連業務を行っています。2013年11月に設立され、コンサルティング業や経営コンサルの事業を展開しています。グループ企業の経営事業にも取り組んでいます。	コンサルティング	経営コンサル
株式会社日本ＢＩＧネットワーク	4010001160771	4	http://ja-big.co.jp/contact	https://ja-big.co.jp/company-profile	info@ja-big.co.jp	03-6214-2455	1010047	東京都	千代田区内神田２丁目４番２号一広グローバルビル９Ｆ	東京都千代田区内神田２丁目４番２号一広グローバルビル９Ｆ	企業が経営戦略や財務管理に関するアドバイスや、会計に関する教育を提供している企業	東京都に拠点を置く企業で、企業が経営戦略や財務管理に関するアドバイスや、会計に関する教育を提供しています。2014年5月に設立されたこの会社は、会計・税務アドバイザリー事業や経営研修事業を展開しています。士業、人材・アウトソーシング、コンサルティング、企業研修、会計士、財務コンサル、経営コンサルの業界において活動しています。	コンサルティング	経営コンサル
株式会社ＯＡＫ	4010001161051	0	http://oak47.jp/contact.php	http://oak47.jp/	info@oak47.jp	03-4405-8985	1040051	東京都	中央区佃１丁目１１番３号	東京都中央区佃１丁目１１番３号	ビジネスに必要な全てのステップを支援するコンサルティング会社	東京都を拠点にビジネスに必要な全てのステップを支援するコンサルティング会社です。同社は2014年6月に設立され、教育支援事業、企業内トレーニングアウトソーシング事業、補助金申請支援事業を展開しています。主要な業界は人材・アウトソーシング、その他サービス、教育、コンサルティング、塾・予備校、企業研修、その他サービス、経営コンサルです。	コンサルティング	経営コンサル
株式会社プロネットワークス	4010001170481	0	http://espoir-hd.jp/contact.html	http://espoir-hd.jp/index.html		03-5280-8281	1010047	東京都	千代田区内神田１丁目１８番１１号	東京都千代田区内神田１丁目１８番１１号	経営コンサルティングに加え、サロンとネイリスト・アイリストの養成講座を提供する企業	1992年2月に設立された東京都を拠点にする企業です。同社は、経営コンサルティング業務に加えて、サロンとネイリスト・アイリストの養成講座を提供しています。主な業務はネイルサービス業、フランチャイズチェーン運営支援事業、および雇用支援事業であり、飲食・外食、美容・アパレル、人材・アウトソーシング、教育、コンサルティングなど、幅広い業界で活動しています。	コンサルティング	経営コンサル
株式会社インフィニティライフ	4010001174879	7	https://infinitylife.co.jp/#contact	https://infinitylife.co.jp/	info@infinitylife.co.jp	03-4455-3805	1600023	東京都	新宿区西新宿６丁目１１番３号Ｄタワー西新宿１０階	東京都新宿区西新宿６丁目１１番３号Ｄタワー西新宿１０階	「Meyou」というフリーマーケットサイトを運営している企業	2016年4月5日に設立された企業であり、東京都を拠点にしています。同社は「Meyou」というフリーマーケットサイトを運営しており、主な事業内容はネットショップ構築と個別指導塾の運営です。IT、不動産、教育、コンサルティング、Webアプリ・サービス運営、塾・予備校、経営コンサル、eコマース、不動産賃貸・仲介など、幅広い業種に携わっています。	コンサルティング	経営コンサル
未来予報株式会社	4010001178649	5	http://miraiyoho.com/contact	https://miraiyoho.com/company	info@miraiyoho.com	050-3184-2679	1620837	東京都	新宿区納戸町３２番地３号ザ・フィガロ市ヶ谷２０１号室	東京都新宿区納戸町３２番地３号ザ・フィガロ市ヶ谷２０１号室	日本におけるSXSW公式コンサルティング企業	2016年10月3日に東京都で設立された日本におけるSXSW公式コンサルティング企業です。同社はマーケティングコンサルティング事業と市場リサーチ事業を展開し、その他サービス、コンサルティング、販促コンサル、研究・調査・リサーチ、経営コンサルの業界で活動しています。	コンサルティング	経営コンサル
Ｂ２ＮＥＸＴ株式会社	4010001214899	15	https://b2next.co.jp/contact/	https://b2next.co.jp/company/profile/			1040061	東京都	中央区銀座６丁目６番１号	東京都中央区銀座６丁目６番１号			コンサルティング	総合系コンサル
ＳＫ＆Ｃｏ．株式会社	4010001227471	2	https://sk-and-co.jp/contact	https://sk-and-co.jp/company-profile			1040061	東京都	中央区銀座６丁目１３－１６	東京都中央区銀座６丁目１３－１６			コンサルティング	経営コンサル
プロティビティ合同会社	4010003016402	148	https://www.protiviti.com/US-en/contact-us	https://www.protiviti.com/jp-jp/privacy-policy	tokyo@protiviti.jp	03-5219-6600	1000004	東京都	千代田区大手町２丁目６番４号ＴＯＫＹＯＴＯＲＣＨ常盤橋タワー	東京都千代田区大手町２丁目６番４号ＴＯＫＹＯＴＯＲＣＨ常盤橋タワー	グローバルな内部監査や経理財務に特化したコンサルティングサービス企業	2003年1月17日に東京都に設立された、グローバルな内部監査や経理財務に特化したコンサルティングサービス企業です。同社は財務監査サービス、データ解析事業、財務アドバイザリー事業、海外ビジネスアドバイザリー事業、技術者派遣事業などを提供しています。主な業界はIT、人材・アウトソーシング、コンサルティング、総合系コンサル、監査法人、財務コンサル、その他IT、人材派遣、その他コンサルです。	コンサルティング	総合系コンサル
バリューフォース合同会社	4010003018927	1	http://valueforce.co.jp/contact/	https://valueforce.co.jp/company/		03-6759-8296	1500034	東京都	渋谷区代官山町８－７Ｄａｉｗａ代官山ビル	東京都渋谷区代官山町８－７Ｄａｉｗａ代官山ビル	小企業コンサルティング企業	東京都を拠点にし、2013年10月に設立された小企業コンサルティング企業です。同社は主にシステムインテグレーション事業と金融機関向けアドバイザリー事業を展開しており、IT、コンサルティング、Webアプリ・サービス運営、経営コンサル、その他コンサルなどの業界で活動しています。	コンサルティング	経営コンサル
株式会社ＧｅｎＡｉ	4010003035501	18	https://genai.co.jp/contact/	https://genai.co.jp/company/			1500001	東京都	渋谷区神宮前３丁目２５番地１４号エスラ原宿ビル７階	東京都渋谷区神宮前３丁目２５番地１４号エスラ原宿ビル７階			コンサルティング	経営コンサル
株式会社アオイ	4010101000002	7	https://ssl.alpha-prm.jp/ao-i.co.jp/contact.html	http://www.ao-i.co.jp/index.html		042-676-6111	1920373	東京都	八王子市上柚木３１４番地の１	東京都八王子市上柚木３１４番地の１	クリーニング店の売上改善の支援を行うコンサルティング企業	東京都に拠点を置く機械関連の経営コンサルティング企業です。1974年に設立され、主にクリーニング店の売上改善の支援を行っており、また乾燥装置の販売も行っています。アオイは機械業界やコンサルティング業界での幅広い知識と経験を活かし、お客様のビジネスの効率化と成長をサポートしています。	コンサルティング	経営コンサル
沖コンサルティングソリューションズ株式会社	4010401006087	26	https://www.oki.com/cgi-bin/inquiryForm.cgi?p=k152	http://www.okiconsulting.com/		03-5635-8294	1080023	東京都	港区芝浦４丁目１０番１６号	東京都港区芝浦４丁目１０番１６号	業務効率化やセキュリティ対策のコンサルティングを提供する企業	2002年4月に東京都にて設立された、業務効率化やセキュリティ対策のコンサルティングを提供する企業です。セキュリティアドバイザリー事業、市場リサーチ事業、金融機関向けアドバイザリー事業を主な業務としています。その他サービス、コンサルティング、総合系コンサル、ITコンサル、研究・調査・リサーチ、その他コンサルといった幅広い業界で活動しています。	コンサルティング	総合系コンサル
株式会社松岡総合研究所	4010401028008	1	http://www.fmnet.co.jp/contact/index.htm	http://mrii.co.jp/about/	toshi@fmnet.co.jp	03-3456-1522	1080014	東京都	港区芝５丁目１３番１３号	東京都港区芝５丁目１３番１３号	マーケティングの専門的サポートを提供する企業	1991年に東京都で設立されたマーケティングの専門的サポートを提供する企業です。同社はマーケティングコンサルティング事業、セミナー企画・運営事業、市場リサーチ事業、営業支援サービス事業を展開しています。主要な業界は人材・アウトソーシング、その他サービス、コンサルティングであり、お客様にコスト削減コンサル、セミナー、販促コンサル、研究・調査・リサーチ、経営コンサルなどの幅広いサービスを提供しています。	コンサルティング	経営コンサル
株式会社青山パートナーズコンサルティング	4010401045259	2	https://www.aoyamapartners.net/contact/	https://www.aoyamapartners.net/		03-5786-1717	1070062	東京都	港区南青山２丁目３１番８号	東京都港区南青山２丁目３１番８号	企業に経営のアドバイスや支援を提供するコンサルタント企業	1999年8月に設立され、東京都を拠点に、企業に経営のアドバイスや支援を提供するコンサルタント企業です。主な業務は、コンサルティングおよび経営コンサルの提供です。	コンサルティング	経営コンサル
株式会社ニレ・アップス	4010401056017	13	http://www.nap-i.com/jp/contact	http://www.nap-i.com	info@nap-i.com	03-6804-1103	1500013	東京都	渋谷区恵比寿２丁目３６番１３号	東京都渋谷区恵比寿２丁目３６番１３号	グローバル展開を支援するビジネスコンサルタント	東京都に拠点を置くグローバル展開を支援するビジネスコンサルタントです。1999年2月に設立され、通関手続き業務、セールスアウトソーシング事業、海外ビジネスアドバイザリー事業を展開しています。商社、人材・アウトソーシング、コンサルティング、営業代行・販売代行、輸出入業務代行、その他コンサル、経営コンサルなど、幅広い業界に対してサービスを提供しています。	コンサルティング	経営コンサル
株式会社アサップ	4010401057485	0	http://asap-g.com/contact/	https://asap-g.com/		03-6772-2048	1070061	東京都	港区北青山１丁目３番１号	東京都港区北青山１丁目３番１号	飲食店の開発・支援・立ち上げをサポートする企業	東京都に拠点を置く飲食店の開発・支援・立ち上げをサポートする企業です。2005年4月に設立され、主に営業支援サービス事業を展開しており、コンサルティングや経営コンサルなどの業界においても積極的に関与しています。	コンサルティング	経営コンサル
株式会社オープンマインド	4010401066528	1	http://www.openmind.co.jp/form.html	http://www.openmind.co.jp			2530052	神奈川県	茅ヶ崎市幸町９番２２号	神奈川県茅ヶ崎市幸町９番２２号	出版や組織などのプロデュースを手がける企業	2006年12月に神奈川県に設立された企業であり、出版や組織などのプロデュースを手がけています。主な事業としては、セミナー企画・運営事業、研修セミナー事業、ビジネスコンサルティング事業を展開しています。産業分野としては、人材・アウトソーシング、コンサルティング、セミナー、組織コンサル、経営コンサルをカバーしています。	コンサルティング	経営コンサル
株式会社ピーティーエス・ジャパン	4010401070785	70	https://www.ptsconsulting.co.jp/ct.html	https://www.ptsjapan.co.jp/		050-5533-0900	1080075	東京都	港区港南２丁目１２番２３号明産高浜ビル６階	東京都港区港南２丁目１２番２３号明産高浜ビル６階	ITに関するコンサルティングやプロジェクト管理などを手掛ける企業	1997年10月1日に設立され、東京都に拠点を置くITに関するコンサルティングやプロジェクト管理などを手掛ける企業です。同社は、人材・アウトソーシング、コンサルティング、広告運用コンサル、総合系コンサル、人材紹介、人材派遣、経営コンサルなどの幅広い業界に対応しています。	コンサルティング	総合系コンサル
株式会社エビとも	4010401076171	0	https://www.ebitomo.co.jp/inquiry/	https://www.ebitomo.co.jp/access/	ken-ebihara@ebitomo.co.jp	03-6421-3830	1080014	東京都	港区芝４丁目７番６号芝ビルディング７０４	東京都港区芝４丁目７番６号芝ビルディング７０４	ビジネス開発、システム開発、Webサイト運営などを行う企業	東京都に拠点を置く企業であり、ビジネス開発、システム開発、Webサイト運営などの業務を行っています。同社は2007年6月に設立され、マーケティングコンサルティング事業、インターネットメディア運営事業、Webマーケティング支援事業、検索エンジン最適化対策事業など、ITやコンサルティング、Web関連の幅広い業界における受託開発や経営コンサルにも力を入れています。	コンサルティング	経営コンサル
エクスプローラーコンサルティング株式会社	4010401079851	4	https://wx11.wadax.ne.jp/~exp-consulting-jp/contact/top.html	https://www.exp-consulting.jp/corporate/top.html	info@exp-consulting.jp	03-5403-6449	1050022	東京都	港区海岸１丁目２番３号汐留芝離宮ビルディング２１階	東京都港区海岸１丁目２番３号汐留芝離宮ビルディング２１階	「TQSM学習」を提供する企業	2006年7月10日に東京都に設立された「TQSM学習」を提供する企業です。主な業務は営業支援サービス事業であり、コンサルティング、経営コンサル、その他コンサル業界に所属しています。	コンサルティング	経営コンサル
株式会社ネクスティブ	4010401086897	6	http://nextive.jp/contact/	http://nextive.jp/		03-5419-7134	1080014	東京都	港区芝５丁目１番７号	東京都港区芝５丁目１番７号	財務・経理関連コンサルティング企業	2008年4月に設立された東京都を拠点にする財務・経理関連コンサルティング企業です。同社は主に給与処理アウトソーシング事業を展開しており、金融、人材・アウトソーシング、コンサルティング、保険、財務コンサル、人材派遣、組織コンサルの業界で活動しています。	コンサルティング	財務コンサル
株式会社青山財産ネットワークス	4010401087540	295	http://www.azn.co.jp/contactus/	https://corp.azn.co.jp/			1070052	東京都	港区赤坂８丁目４番１４号	東京都港区赤坂８丁目４番１４号	多くの会計事務所と連携し、個人や法人の総合的な財産コンサルを提供する企業	1991年9月に東京都で設立された企業です。同社は多くの会計事務所と連携し、個人や法人の総合的な財産コンサルを提供しています。主な業務は人材・アウトソーシング、コンサルティング、セミナー、財務コンサル、経営コンサル、不動産コンサルなどです。	コンサルティング	財務コンサル
株式会社Ａ－ｐｒｏ	4010401088175	3	https://a-pro.cc/contact/	https://a-pro.cc/company/	info@a-pro.cc	03-5776-4842	1050001	東京都	港区虎ノ門３丁目１８番１６号虎ノ門三丁目ＭＩビル３階	東京都港区虎ノ門３丁目１８番１６号虎ノ門三丁目ＭＩビル３階	販売促進やブランディングを専門に手掛ける企業	2010年6月に東京都で設立された販売促進やブランディングを専門に手掛ける企業です。同社はサイン・グラフィックデザイン事業、イベントプランニング事業、市場リサーチ事業、店舗空間デザイン事業、看板・サイン製造業、内装施工事業、商品開発事業、販促企画事業などを展開しています。主要な業界は建設、広告・制作、エンタメ・娯楽、その他サービス、コンサルティング、デザイン、イベント、販促コンサル、看板広告、店舗デザイン、その他サービス、研究・調査・リサーチ、経営コンサルなどです。	コンサルティング	経営コンサル
株式会社若宮	4010401088951	31	https://www.jsteam.jp/contact	https://www.jsteam.jp/wakamiya/	hgsou@JSTeam.jp	03-3645-3122	1360075	東京都	江東区新砂１丁目６番２７号	東京都江東区新砂１丁目６番２７号	ＪＳＴグループを統括する企業	東京都に位置する企業であり、ＪＳＴグループを統括しています。2010年7月に設立された本社は、コンサルティングおよび財務コンサル業を主な事業としています。グループ企業の経営事業を通じ、顧客への付加価値を提供しています。	コンサルティング	財務コンサル
株式会社コンステレーションズ	4010401093951	11	https://constellations.co.jp/contact/	https://constellations.co.jp/profile/		03-6809-1315	1050021	東京都	港区東新橋２丁目９番６号	東京都港区東新橋２丁目９番６号	宿泊施設の運営アドバイザー企業	東京都を拠点に宿泊施設の運営アドバイザー企業として2011年5月に設立されました。同社は営業支援サービス事業とリスクマネジメントコンサルティング事業に従事し、コンサルティング、経営コンサル、その他コンサルの業界で活動しています。	コンサルティング	経営コンサル
株式会社ｇ－ｗｉｃ	4010401094173	37	https://g-wic.jp/contact	http://g-wic.jp/index.php	info@g-wic.jp	03-4530-8452	1500002	東京都	渋谷区渋谷２丁目９番９号ＳＡＮＷＡ青山Ｂｌｄｇ５階	東京都渋谷区渋谷２丁目９番９号ＳＡＮＷＡ青山Ｂｌｄｇ５階	女性が営業支援を提供する企業	2011年6月に設立された東京都に拠点を持つ企業であり、女性が営業支援を提供しています。同社はセールスアウトソーシング事業、文書作成代行事業、営業支援サービス事業を展開しており、人材・アウトソーシング、コンサルティング、営業代行・販売代行、経営コンサル、その他コンサル業を含む幅広い業界において活動しています。	コンサルティング	経営コンサル
株式会社西口敦事務所	4010401095576	2	http://a-nishi.com/a/contact/	https://www.a-nishiguchi.com/	nishiguchi@a-nishi.com		1060031	東京都	港区西麻布３丁目１７番３１－４０２号	東京都港区西麻布３丁目１７番３１－４０２号	経営コンサルティングとトレーニングにより、企業の戦略立案とスキルアップを支援する企業	東京都に本社を置く経営コンサルティングとトレーニングを提供する企業であり、企業の戦略立案とスキルアップを支援しています。ビジネス研修セミナー運営事業、マーケティングコンサルティング事業、営業支援サービス事業、企業内トレーニングアウトソーシング事業、金融機関向けアドバイザリー事業など、幅広い業務を展開しています。2011年9月に設立され、人材・アウトソーシング、コンサルティング、企業研修、販促コンサル、経営コンサルなどの業界で活動しています。	コンサルティング	経営コンサル
ブレイン・アンド・キャピタル・ホールディングス株式会社	4010401098389	15	https://www.brainandcapital.com/contact/	https://www.brainandcapital.com/	info@brainandcapital.com	03-5561-6220	1070052	東京都	港区赤坂１丁目１２番３２号	東京都港区赤坂１丁目１２番３２号	国内企業の再生に向けた総合的なサポートを提供する企業	東京都に拠点を置く企業であり、2012年2月に設立されました。同社はコンサルティング業界において、国内企業の再生に向けた総合的なサポートを提供しています。主な業務は経営コンサルティングに焦点を当て、幅広いサービスを提供しています。	コンサルティング	経営コンサル
株式会社ジョイントサポーターズ	4010401098661	0	http://www.joint-supporters.co.jp/company3.html	http://www.joint-supporters.co.jp/index.html		03-6868-4106	1070062	東京都	港区南青山２丁目２番１５号	東京都港区南青山２丁目２番１５号	金融機関や上場企業に向けたジョイントベンチャーのパートナー紹介サービスを提供する企業	東京都を拠点に金融機関や上場企業に向けたジョイントベンチャーのパートナー紹介サービスを提供する企業です。同社の主な事業には、人材戦略コンサルティング事業、金融機関向けアドバイザリー事業、およびビジネスマッチングサービス事業があります。また、人材・アウトソーシング、コンサルティング、人材紹介、その他人材、組織コンサル、経営コンサル、その他コンサルの業界に属しています。	コンサルティング	経営コンサル
株式会社シー・エヌ・ディ	4010401099610	2	https://www.cnd-pmc.com/contact	https://www.cnd-pmc.com/	info@cnd.co.jp	03-6432-2317	1580093	東京都	世田谷区上野毛４丁目３３番１１号上野毛ハウス１３号室	東京都世田谷区上野毛４丁目３３番１１号上野毛ハウス１３号室	マーケティングやビジネス研修を提供する企業	1991年3月に東京都に設立されたマーケティングコンサルティング事業を行う企業です。主にマーケティングやビジネス研修を提供し、人材・アウトソーシング、コンサルティング、企業研修、販促コンサル、経営コンサルなどの業種に関わっています。	コンサルティング	経営コンサル
ビーコン・アソシエイツ株式会社	4010401100939	2	https://www.beaconassociates.jp/contact-us	http://www.beaconassociates.jp	info@beaconassociates.jp	03-6869-7088	1070062	東京都	港区南青山５丁目１７番２号	東京都港区南青山５丁目１７番２号	コンサルティングとスマホアクセサリー卸売の企業	2012年7月に東京都を拠点に設立されたコンサルティングとスマホアクセサリー卸売の企業です。同社は市場リサーチ事業、雑貨卸事業、海外ビジネスアドバイザリー事業、Webマーケティング支援事業、および法人設立手続きサポート事業を展開しており、主にIT、商社、その他サービス、コンサルティングなどの業界で幅広いサービスを提供しています。	コンサルティング	経営コンサル
株式会社ジャパンイノベーションコンサルティング	4010401104799	1	http://jig-net.co.jp/contact/	http://jig-net.co.jp		03-6450-3285	1410022	東京都	品川区東五反田４丁目４番４号	東京都品川区東五反田４丁目４番４号	経営コンサルティング業務に加えてマーケティング支援を提供する企業	2014年に設立された東京都を拠点とする経営コンサルティング企業です。同社は経営コンサルティング業務に加えてマーケティング支援を提供し、教育教材制作事業、マーケティングコンサルティング事業、教材制作事業、経営研修事業などを行っています。主要な業界は人材・アウトソーシング、教育、コンサルティング、企業研修、販促コンサル、経営コンサル、教材です。	コンサルティング	経営コンサル
株式会社ＴＰＣ	4010401110715	1	http://kk-tpc.com/#about	https://kk-tpc.com/	info@kk-tpc.com	03-1234-5678	1060046	東京都	港区元麻布３丁目２番１９号	東京都港区元麻布３丁目２番１９号	ゴルフ場運営のコンサルティング企業	東京都に拠点を置くゴルフ場運営のコンサルティング企業です。主にコンサルティングおよび経営コンサルサービスを提供しており、クライアントのゴルフ場運営に関する課題解決を支援しています。経験豊富なコンサルタントチームが、最適なソリューションを提供することで、クライアントの事業成功をサポートします。	コンサルティング	経営コンサル
株式会社エンライト	4010401111416	1	https://www.enlight-inc.co.jp/%E3%81%8A%E5%95%8F%E3%81%84%E5%90%88%E3%82%8F%E3%81%9B/	https://www.enlight-inc.co.jp/会社概要/	mito@enlight-inc.co.jp	03-6434-5941	1580081	東京都	世田谷区深沢２丁目１番２号	東京都世田谷区深沢２丁目１番２号	ビジネスコンテンツを提供する企業	東京都に所在するビジネスコンテンツを提供する企業です。2014年4月に設立され、コンサルティング、販促コンサル、経営コンサルの業界で活動しています。	コンサルティング	経営コンサル
株式会社ＧＡ　ＩＮＣ	4010401121910	4	http://www.gainc.jp/contact.html	http://www.gainc.jp/about-us.html	inquiry@gainc.jp	03-5786-0286	1020084	東京都	千代田区二番町５番地６	東京都千代田区二番町５番地６	戦略的なマイルストーンを考慮し、経営戦略についてコンサルティングを提供する企業	2008年7月に東京都で設立された企業であり、戦略的なマイルストーンを考慮し、経営戦略についてコンサルティングを提供しています。主な業務はブランド戦略策定事業であり、コンサルティング、財務コンサル、販促コンサル、経営コンサルなどの分野で活動しています。	コンサルティング	経営コンサル
株式会社ＧｏＦｌｙ	4010401157764	1	https://corp.gofly.jp/#contact	https://corp.gofly.jp/company			1070062	東京都	港区南青山５丁目１７番２号	東京都港区南青山５丁目１７番２号			コンサルティング	経営コンサル
株式会社ＷＥＩＮ　ＰＡＲＴＮＥＲＳ	4010401158044	0	https://docs.google.com/forms/d/e/1FAIpQLSd9LD44eBeBFSJ4iP0KB2ySsDlJUY6ObG7hqkziKkGo7k-Ydg/viewform	https://wein.co.jp/			1050014	東京都	港区芝２丁目２番１２号５階	東京都港区芝２丁目２番１２号５階			コンサルティング	経営コンサル
キャップジェミニ株式会社	4010402035069	1322	https://www.capgemini.com/contact-us/	https://www.capgemini.com/jp-jp/about-us/		03-6870-5298	1050001	東京都	港区虎ノ門１丁目２３番１号虎ノ門ヒルズ森タワー２２階	東京都港区虎ノ門１丁目２３番１号虎ノ門ヒルズ森タワー２２階	金融分野のコンサルティングを提供する企業	東京都を拠点とする、金融分野のコンサルティングを提供する企業です。2012年10月に設立され、金融機関向けアドバイザリー事業に従事しています。主な業界はコンサルティング、経営コンサル、その他コンサルです。	コンサルティング	経営コンサル
ＡＢＣ株式会社	4010403010640	3	http://ags-vn.com/ja/inquiry	http://ags-vn.com/ja/office/880.html		03-5283-8123	1050013	東京都	港区浜松町２丁目２－１５浜松町ダイヤビル２Ｆ	東京都港区浜松町２丁目２－１５浜松町ダイヤビル２Ｆ	ベトナム進出を支援する日系企業向けコンサルタント	東京都に位置する2013年6月に設立されたベトナム進出を支援する日系企業向けのコンサルタントです。同社はマーケティングコンサルティング事業と海外ビジネスアドバイザリー事業を展開しており、コンサルティング、販促コンサル、経営コンサルなどの業界で活動しています。	コンサルティング	経営コンサル
ブースト・コンサルティング合同会社	4010403011795	0	https://boost-c.com/contact/	http://boost-c.com/			1500043	東京都	渋谷区道玄坂２丁目１５番１号	東京都渋谷区道玄坂２丁目１５番１号	マーケティングアドバイザリー企業	東京都を拠点とするマーケティングアドバイザリー企業です。同社は主にマーケティングコンサルティング事業を行っており、コンサルティング、販促コンサル、および経営コンサルの分野での豊富な知識と経験を持つ専門家チームによるサービスを提供しています。	コンサルティング	経営コンサル
ファーベル株式会社	4010501011846	0	http://www.farbell.co.jp/inquiry/	http://www.farbell.co.jp/		03-3874-9063	1100011	東京都	台東区三ノ輪１丁目１２番９号	東京都台東区三ノ輪１丁目１２番９号	海外に工場を設置し、運営をサポートするコンサルティング企業	東京都に拠点を置くコンサルティング企業であり、海外に工場を設置し、運営をサポートしています。同社は照明器具製造事業やジュエリー輸入事業を手掛けており、1983年6月に設立されました。主要な業界は生活用品、美容・アパレル、商社、バッグ・装飾品、日用品・化粧品商社、経営コンサル、照明器具です。	コンサルティング	経営コンサル
コダワリ・ビジネス・コンサルティング株式会社	4010601037205	25	https://www.codawari.co.jp/contact/	https://codawari.co.jp/		03-5843-9070	1310031	東京都	墨田区墨田１丁目１５番１５号	東京都墨田区墨田１丁目１５番１５号	ITや人事のアドバイスを提供しているコンサルティング企業	東京都に拠点を置くコンサルティング企業です。2009年に設立され、ITや人事のアドバイスを提供しています。主な事業は市場リサーチ事業、企業内トレーニングアウトソーシング事業、Webマーケティング支援事業、人材戦略コンサルティング事業、ビジネスコンサルティング事業などです。金融、IT、人材・アウトソーシング、その他サービス、コンサルティング、Webマーケコンサル、総合系コンサル、企業研修、ITコンサル、投資、組織コンサル、研究・調査・リサーチ、経営コンサルなど、幅広い業界において活動しています。	コンサルティング	総合系コンサル
合同会社オフィスコア	4010603004319	0	https://www.office-core.com/contact	https://www.office-core.com/company-overview			1300004	東京都	墨田区本所４丁目１３番１号	東京都墨田区本所４丁目１３番１号	ビジネスセミナー＆コンサルティング企業（経営・人材育成をサポート）	東京都を拠点とするビジネスセミナー＆コンサルティング企業であり、経営・人材育成をサポートしています。2008年3月に設立された当社は、マーケティングコンサルティング事業、セミナー企画・運営事業、営業支援サービス事業、研修セミナー事業、人材戦略コンサルティング事業、経営研修事業を展開しています。当社は人材・アウトソーシング、コンサルティング、企業研修、セミナーなどの業界で幅広い経験と実績を持ち、販促コンサルや組織コンサル、経営コンサルなどのサービスも提供しています。	コンサルティング	経営コンサル
株式会社Ｅｘｐｏｎｅｎｔｉａｌ　Ｄｅｓｉｇｎ	4010701015861	15	http://www.idi-jp.com/inquiry/	http://www.idi-jp.com			1070062	東京都	港区南青山３丁目８番１４号	東京都港区南青山３丁目８番１４号	エネルギー分野のビジネス戦略アドバイザー企業	東京都に拠点を置くエネルギー分野のビジネス戦略アドバイザー企業です。2003年に設立され、その主な業務には市場リサーチ事業、海外ビジネスアドバイザリー事業、環境アドバイザリー事業が含まれます。業界はその他サービス、コンサルティング、環境コンサル、研究・調査・リサーチ、経営コンサル、その他コンサルに属しています。	コンサルティング	経営コンサル
株式会社グローバルステージ	4010701019177	2	http://global-stage.net/contact.html	http://www.global-stage.net/		03-5422-8138	1410022	東京都	品川区東五反田２丁目１０番１－４４０７号	東京都品川区東五反田２丁目１０番１－４４０７号	事業の成長支援を行う企業	2003年6月に東京都に設立された事業の成長支援を行う企業です。同社は、マーケティングコンサルティング事業、セールスアウトソーシング事業、人材採用支援事業などを展開しており、主に人材・アウトソーシング、コンサルティング、営業代行・販売代行、販促コンサル、その他人材、経営コンサルの業界で活動しています。	コンサルティング	経営コンサル
株式会社アクト	4010701022321	7	http://www.act-consul.net/mail.html	http://www.act-consul.net		03-6303-9776	1410031	東京都	品川区西五反田２丁目４番２号	東京都品川区西五反田２丁目４番２号	企業に対し、将来の目標や新規事業の支援をするコンサルティング企業	東京都に所在するコンサルティング企業です。2009年6月に設立され、建設業、IT業、コンサルティング業など幅広い業界で活動しています。同社は、企業の将来の目標や新規事業の支援を行うとともに、店舗デザイン企画事業、人材戦略コンサルティング事業、システムインテグレーション事業などを展開しています。	コンサルティング	経営コンサル
株式会社エム・ディ・シー	4010701025258	4	https://www.mdc-group.co.jp/contact_branding/	https://www.mdc-group.co.jp/group/	info@mdc-group.co.jp	03-5793-9966	1410021	東京都	品川区上大崎２丁目１５番１９号３Ｆ	東京都品川区上大崎２丁目１５番１９号３Ｆ	企業ブランディング事業を提供する、Web制作と印刷事業を展開する企業	2004年9月1日に東京都で設立された企業です。同社は、企業ブランディング事業を提供し、Web制作と印刷事業も展開しています。主な業務は、ブランド戦略策定、チラシ・パンフレット作成、宣伝物印刷、冊子印刷、広告物デザイン制作、ロゴ制作、検索エンジン最適化対策などの領域において活動しており、広告・制作、IT、コンサルティング、デザインなどの多岐にわたる業界にサービスを提供しています。	コンサルティング	経営コンサル
株式会社アミューズエージェンシー	4010701025893	4	http://www.amuseagency.com/contact/contact.html	https://www.amuseagency.com/		03-5312-7659	1600022	東京都	新宿区新宿２丁目１５番２６号第三玉屋ビル９階	東京都新宿区新宿２丁目１５番２６号第三玉屋ビル９階	専門コンサルティングとWebコンサルティングを提供する企業	東京都を拠点とし、専門コンサルティングとWebコンサルティングを提供する企業です。同社の主な業務には、イベントプランニング事業、芸能人マネジメント事業、ウェブサイトのコンサルティング事業、検索エンジン最適化対策事業が含まれています。同社はIT、エンタメ・娯楽、コンサルティング、メディア・出版、Webマーケコンサル、芸能プロダクション・タレント、ITコンサル、その他IT、イベント、経営コンサルなどの業界で活動しています。	コンサルティング	経営コンサル
朝日ビジネスサービス株式会社	4010901008764	0	http://www.asahi-bs.com/otoiawase	https://www.asahi-bs.com/company		03-6689-4982	1580096	東京都	世田谷区玉川台２丁目３番２０－６０２号	東京都世田谷区玉川台２丁目３番２０－６０２号	戦略・成長・再生コンサルティングを提供する企業	東京都を拠点とし、1987年11月に設立された戦略・成長・再生コンサルティングを提供する企業です。主にコンサルティング業務に従事しており、経営コンサルや不動産コンサルを専門としています。	コンサルティング	経営コンサル
株式会社グローリー	4010901023978	1	http://theglory1.com/contact.html	http://theglory1.com/index.html	yamaguchi@mail.aucseller.net	090-8558-0582	1560054	東京都	世田谷区桜丘２丁目１３番１３号	東京都世田谷区桜丘２丁目１３番１３号	経営者や起業家に向けたコンサルティングサービスを提供する企業	東京都に拠点を置く経営者や起業家に向けたコンサルティングサービスを提供する企業です。2009年2月に設立され、人材・アウトソーシング、コンサルティング、セミナー、経営コンサルの業界で活動しています。主な事業内容はセミナー企画・運営事業や研修セミナー事業です。	コンサルティング	経営コンサル
ツクリビト株式会社	4010901025966	3	http://biztool.jp/form/quickcode/form/contact	https://www.biztool.jp/	info@biztool.jp	03-5727-3877	1570066	東京都	世田谷区成城２丁目３４番１３号	東京都世田谷区成城２丁目３４番１３号	ブランド戦略やマーケティングツールなどを手がける企業	2006年1月に東京都で設立された企業です。同社は、ブランド戦略やマーケティングツールなどを手がけることを主な事業としています。販売アドバイザリー事業、マーケティングコンサルティング事業、営業支援サービス事業、および出版事業を展開し、コンサルティング、メディア・出版、販促コンサル、経営コンサルなどの業界に活動の幅を広げています。	コンサルティング	経営コンサル
株式会社如水	4010901031816	2	https://innovest.jp/inquiry/	https://innovest.jp/profile/			6008813	京都府	京都市下京区中堂寺南町１３４番地ＡＳＴＥＭビル８階	京都府京都市下京区中堂寺南町１３４番地ＡＳＴＥＭビル８階	高収益を出すテック企業	京都府に拠点を置く高収益を出すテック企業です。同社は主にコンサルティングおよび経営コンサルの業務を展開しています。経験豊富な専門家チームによる的確なアドバイスと革新的なテクノロジーの活用により、顧客のビジネス成果の最大化をサポートしています。	コンサルティング	経営コンサル
協和会計情報開発株式会社	4011001036020	0	http://accs5.co.jp/wordpress/%e3%81%8a%e5%95%8f%e3%81%84%e5%90%88%e3%81%9b/	http://accs5.co.jp/wordpress		03-3796-4377	1510051	東京都	渋谷区千駄ヶ谷４丁目２９番１２号	東京都渋谷区千駄ヶ谷４丁目２９番１２号	会計システム開発と経営コンサルティング企業	東京都に位置する会計システム開発と経営コンサルティング企業です。1952年12月に設立され、IT、コンサルティング、Webアプリ・サービス運営、経営コンサルの業界で活動しています。主要な業務は会計ソフトウェア開発事業です。	コンサルティング	経営コンサル
株式会社創コーポレーション	4011001042423	32	http://www.soh-corporation.co.jp/contact/	https://www.soh-corporation.co.jp/about/company/		03-5793-8482	1500022	東京都	渋谷区恵比寿南１丁目８番４号	東京都渋谷区恵比寿南１丁目８番４号	イタリアンレストランやバーを運営する企業	1999年8月2日に設立された、東京都を拠点とするイタリアンレストランやバーを運営する企業です。主な事業は、求職者向け情報サービス事業、求職者向け情報提供サイト運営事業、およびイタリアンレストラン経営事業です。飲食・外食、生活関連サービス、人材・アウトソーシング、コンサルティング、ブライダルなどの多岐にわたる業界で活動し、居酒屋や洋食レストランの運営なども行っています。	コンサルティング	経営コンサル
クロスメディア・コミュニケーションズ株式会社	4011001051820	3	https://crossmedia.co.jp/inquiry	https://crossmedia.co.jp/company		0422-72-0381	1800003	東京都	武蔵野市吉祥寺南町２丁目２６番１８号ピネスプラザⅢ１０５号室	東京都武蔵野市吉祥寺南町２丁目２６番１８号ピネスプラザⅢ１０５号室	企業のコミュニケーション責任者を支援する企業	東京都を拠点とする企業です。1999年に設立されたこの企業は、企業のコミュニケーション責任者を支援することを目的としています。セミナー企画・運営事業、研修セミナー事業、Webマーケティング支援事業などを提供しており、IT、人材・アウトソーシング、コンサルティング、Webマーケコンサル、企業研修、セミナー、経営コンサルの業界で活動しています。	コンサルティング	経営コンサル
株式会社財経総合研究所	4011001052694	1	http://www.zaikei-research.co.jp/contact/	http://www.zaikei-research.co.jp/about/	otoiawase@zaikei-research.co.jp	03-5350-7441	1510053	東京都	渋谷区代々木１丁目２２番１号	東京都渋谷区代々木１丁目２２番１号	経営支援企業	東京都に拠点を置く経営支援企業です。会計システムコンサルティング事業、フランチャイズチェーン運営支援事業、保険アドバイザリー事業、会計・税務アドバイザリー事業など、幅広い業務を展開しています。1999年に設立され、士業、人材・アウトソーシング、コンサルティングなどの業界で、会計士、財務コンサル、業務請負、資産運用コンサルなどのサービスを提供しています。	コンサルティング	財務コンサル
株式会社イーデザイン	4011001052975	25	http://www.edesing.co.jp/freeform/freeform.html	http://www.edesing.co.jp/	mail@edesing.co.jp	03-6416-0786	1500021	東京都	渋谷区恵比寿西１丁目１３番６号	東京都渋谷区恵比寿西１丁目１３番６号	居酒屋やスペイン料理店の経営サポート専門企業	東京都を拠点に、居酒屋やスペイン料理店の経営サポートを専門とする企業です。1997年7月に設立され、主な業務としては、スペイン風料理店の運営事業やイタリアンレストランの経営事業を展開しており、飲食・外食、コンサルティング、居酒屋・飲み屋、経営コンサル、その他外食業界において幅広いサービスを提供しています。	コンサルティング	経営コンサル
ビー・ビー・コミュニケーションズ株式会社	4011001056002	0	https://www.bbcom.jp/contact/	https://www.bbcom.jp/company		03-6825-1000	1500001	東京都	渋谷区神宮前５丁目５２番２号	東京都渋谷区神宮前５丁目５２番２号	OA機器メーカーや販売業者に戦略支援を提供するコンサルティング企業	東京都に拠点を置くコンサルティング企業です。2002年に設立され、主にOA機器メーカーや販売業者に戦略支援を提供する営業支援サービス事業を展開しています。主要な業界はIT、コンサルティング、ITインフラストラクチャー、経営コンサル、その他コンサルです。	コンサルティング	経営コンサル
ＪｏｙＢｉｚコンサルティング株式会社	4011001072478	1	https://www.joy-biz.com/contact/	https://www.joy-biz.com		03-6427-5395	1690075	東京都	新宿区高田馬場１丁目２８番１８号	東京都新宿区高田馬場１丁目２８番１８号	事業のアドバイスをする企業	東京都に拠点を置く事業のアドバイスをする企業です。2009年2月に設立され、主に人材戦略コンサルティング事業を展開しています。コンサルティング、組織コンサル、経営コンサルなどの業界で活動しています。	コンサルティング	経営コンサル
株式会社ガイア・プロジェクト	4011001072668	12	http://gaiaproject.jp/contact/	http://gaiaproject.jp/gaia_project	info@gaiaproject.jp	0248-75-2207	9620839	福島県	須賀川市大町４４２番地３	福島県須賀川市大町４４２番地３	ビジネスアドバイザリー企業	福島県に拠点を置くビジネスアドバイザリー企業です。2012年2月に設立され、その他サービス、コンサルティング、財務コンサル、経営コンサルの業界で活動しています。主な事業としては、ビジネス承継支援事業や資金管理支援事業を展開しています。	コンサルティング	経営コンサル
インサイトフォース株式会社	4011001073410	2	https://www.insightforce.jp/contact	http://insightforce.jp	info@insightforce.jp	03-5459-7377	1500035	東京都	渋谷区鉢山町１１番１－４１１号室	東京都渋谷区鉢山町１１番１－４１１号室	ブランド強化のためのコンサルティング会社	東京都を拠点にするブランド強化のためのコンサルティング会社です。2010年10月に設立され、人材・アウトソーシング、コンサルティング、セミナー、経営コンサルの業界で活動しています。研修セミナー事業に力を入れており、クライアントのブランド強化に向けた戦略と実行をサポートしています。	コンサルティング	経営コンサル
株式会社ＵＳＰジャパン	4011001073773	8	https://www.usp.co.jp/contact/	https://www.usp.co.jp/company/info/	Unique@usp.co.jp	03-3235-0029	1020093	東京都	千代田区平河町１丁目４番３号	東京都千代田区平河町１丁目４番３号	外国人観光客向けのビジネス支援やコンサルティングを提供する企業	東京都を拠点に外国人観光客向けのビジネス支援やコンサルティングを提供する企業です。2012年5月に設立され、販売アドバイザリー事業、営業支援サービス事業、観光振興事業、訪日外国人向け事業などを展開しています。主な業種はコンサルティング、観光・宿泊・レジャー、景観地運営、販促コンサル、経営コンサル、その他コンサルです。	コンサルティング	経営コンサル
ＭＡＮコンサルティング株式会社	4011001090554	2	http://www.manconsul.com/contact	https://www.manconsul.com/company/outline.html	info@manconsul.com	03-6416-5899	1500022	東京都	渋谷区恵比寿南２丁目２１－２恵比寿サウスヒル４０１号室	東京都渋谷区恵比寿南２丁目２１－２恵比寿サウスヒル４０１号室	金融商品取引やマネープランアドバイスを提供する企業	東京都に拠点を置き、金融商品取引やマネープランアドバイスを提供する企業です。同社は財務アドバイザリー事業、ビジネス承継支援事業、投資アドバイザリー事業を展開しており、その他サービス、コンサルティング、財務コンサル、資産運用コンサル、経営コンサルの業界でビジネスを展開しています。ＭＡＮコンサルティング株式会社は、クライアントのニーズに合わせた高品質なサービスを提供することで、信頼と実績を積み重ねています。	コンサルティング	経営コンサル
株式会社Ｆｒｏｎｔｉｅｒｆｏｒｔ	4011001096122	0	http://factoringjapan.jp/contact/	http://factoringjapan.jp/		03-4326-8925	1700013	東京都	豊島区東池袋１丁目１７番１１号パークハイツ池袋１１０５	東京都豊島区東池袋１丁目１７番１１号パークハイツ池袋１１０５	ファクタリングやコンサルティングを提供する企業売掛金の買収を行う企業	東京都に所在するファクタリングやコンサルティングを提供する企業であり、売掛金の買収を行っています。2013年7月に設立され、主に資金管理支援事業を展開しています。主な業種はコンサルティング、財務コンサル、経営コンサルです。	コンサルティング	経営コンサル
Ｆｕｔｕｒｅ　Ｓｃｉｅｎｃｅ　Ｒｅｓｅａｒｃｈ株式会社	4011001098102	0	http://f-s-r.jp/?id=contact	http://f-s-r.jp	info@f-s-r.jp		1050004	東京都	港区新橋４丁目１４番１号	東京都港区新橋４丁目１４番１号	経営の支援やマネジメントなどを提供する企業	2013年12月に東京都で設立された金融やその他のサービス業界における経営支援やマネジメントなどを提供する企業です。同社の主な事業は、スタートアップ投資事業と市場リサーチ事業です。また、Ｆｕｔｕｒｅ　Ｓｃｉｅｎｃｅ　Ｒｅｓｅａｒｃｈ株式会社は経営コンサルティングやベンチャーキャピタルなどの分野でも活躍しています。	コンサルティング	経営コンサル
株式会社シーズオファー	4011001100461	1	http://www.csoffer.co.jp/contact	https://www.csoffer.co.jp/	info@csoffer.co.jp	03-6804-8390	1510066	東京都	渋谷区西原３丁目２０番５号	東京都渋谷区西原３丁目２０番５号	経営コンサルタントやシェアサロンの管理をするビジネス企業	2014年6月に東京都で設立されたビジネス企業です。同社は美容・アパレル、IT、コンサルティング、Webアプリ・サービス運営、エステ、経営コンサルなどの業界で経営コンサルタントやシェアサロンの管理を行っています。	コンサルティング	経営コンサル
リードコンサルティング株式会社	4011001100817	1	http://leadconsulting.jp/inquiry/index.html	https://www.leadconsulting.jp/aboutus/	info@leadconsulting.jp	03-4360-5559	1500043	東京都	渋谷区道玄坂１丁目１２番１号渋谷マークシティウェスト	東京都渋谷区道玄坂１丁目１２番１号渋谷マークシティウェスト	ウェブマーケティング関連のコンサルティングやツールを提供する企業	東京都に位置するウェブマーケティング関連のコンサルティングやツールを提供する企業です。2009年に設立され、販売アドバイザリー事業、セミナー企画・運営事業、Webマーケティング支援事業、検索エンジン最適化対策事業、遠隔教育事業等、幅広い業務を展開しています。主な業界は、IT、人材・アウトソーシング、教育、コンサルティング、Webマーケコンサルなどです。	コンサルティング	経営コンサル
店舗ナンバーワン株式会社	4011001103729	1	http://www.tenpo-no1.tokyo/contact.html	http://www.tenpo-no1.tokyo/		03-6447-1011	2430303	神奈川県	愛甲郡愛川町中津７２８８番地脇島ビル２０２	神奈川県愛甲郡愛川町中津７２８８番地脇島ビル２０２	飲食店のプロデュースやコンサルティングを提供する会社	東京都を拠点として、飲食店のプロデュースやコンサルティングを提供している会社です。2015年1月に設立された当社は、主に建設、コンサルティング、店舗デザイン、経営コンサルの業界で活躍しています。特化した店舗デザイン企画事業を通じて、お客様のビジネスを最大限にサポートしています。	コンサルティング	経営コンサル
株式会社ジパング	4011001106574	0	https://www.jipang-ltd.com/contact/	https://www.jipang-ltd.com/会社概要/		03-6316-3602	1500033	東京都	渋谷区猿楽町７－１２	東京都渋谷区猿楽町７－１２	経営コンサルティングや職業紹介、女性の社会進出を支援する事業を展開する企業	東京都に拠点を構え、経営コンサルティングや職業紹介、女性の社会進出を支援する事業を展開しています。2000年4月に設立され、医師紹介サービス、薬剤師人材紹介事業、看護師派遣事業、人材戦略コンサルティング事業などを提供しています。主に人材・アウトソーシング、コンサルティング、人材紹介、人材派遣、組織コンサル、経営コンサルの業界に関与しています。	コンサルティング	経営コンサル
株式会社Ｄサクセッションパートナーズ	4011001120443	2	https://www.d-scpt.com/%E3%81%8A%E5%95%8F%E3%81%84%E5%90%88%E3%82%8F%E3%81%9B/	https://www.d-scpt.com/company/		03-6845-9570	1510063	東京都	渋谷区富ヶ谷１丁目３５番２３号	東京都渋谷区富ヶ谷１丁目３５番２３号	中小企業の事業承継を支援する経営コンサルティング企業	東京都を拠点にする中小企業の事業承継を支援する経営コンサルティング企業です。2018年2月5日に設立され、セミナー企画・運営事業、ビジネス承継支援事業、フランチャイズチェーン運営支援事業、研修セミナー事業、経営研修事業を提供しています。主に人材・アウトソーシング、その他サービス、コンサルティング、企業研修、セミナー、起業コンサル、経営コンサルなどの業界で活動しています。	コンサルティング	経営コンサル
株式会社ａｋｏ	4011001140920	2	https://akoinc.jp/	https://akoinc.jp/	akio.kusuhashi@ako-inc.com	080-2988-0468	1070052	東京都	港区赤坂４丁目１－１ＳＨＩＭＡ赤坂ビル８０３	東京都港区赤坂４丁目１－１ＳＨＩＭＡ赤坂ビル８０３			コンサルティング	総合系コンサル
株式会社東京コンサルティングファーム	4011101039897	14	https://kuno-cpa.co.jp/contact-form/	https://kuno-cpa.co.jp/		03-5369-2930	1600022	東京都	新宿区新宿２丁目５番３号	東京都新宿区新宿２丁目５番３号	国際化支援を提供するコンサルタント企業	2006年3月3日に東京都で設立された国際化支援を提供するコンサルタント企業です。同社は財務監査サービス、海外ビジネスアドバイザリー事業、言語サポートサービス事業、人材戦略コンサルティング事業などを提供しており、主要業種は人材・アウトソーシング、コンサルティング、監査法人、翻訳・通訳、組織コンサル、経営コンサル、その他コンサルです。	コンサルティング	経営コンサル
クオリア・コンサルティング株式会社	4011101041457	3	https://qualia-consulting.jp/contact/	https://qualia-consulting.jp/company/		03-5326-8830	1600023	東京都	新宿区西新宿３丁目７番１号	東京都新宿区西新宿３丁目７番１号	飲食、美容、小売業に特化し、経費、広告、人材に関するコンサルティングを提供する企業	東京都に位置する飲食、美容、小売業に特化したコンサルティング会社です。2006年5月に設立され、経費、広告、人材に関するコンサルティングを提供しています。また、営業支援ソフトウェアの開発事業と人材戦略コンサルティング事業も展開しています。専門分野はIT、コンサルティング、Webアプリ・サービス運営、組織コンサル、経営コンサルです。	コンサルティング	経営コンサル
株式会社ＴＳＫプランニング	4011101042190	4	http://www.tsk-p.co.jp/contact/	http://www.tsk-p.co.jp/	info@tsk-p.co.jp	03-5269-2541	1600022	東京都	新宿区新宿１丁目７番１号	東京都新宿区新宿１丁目７番１号	中小企業の再建を支援するコンサルティング企業	東京都を拠点に中小企業の再建を支援するコンサルティング企業です。1995年に設立され、人材・アウトソーシング、コンサルティング、企業研修、セミナー、経営コンサルの業界で活動しています。主な事業は研修セミナーであり、企業の成長と発展に向けた身近なサポートを提供しています。	コンサルティング	経営コンサル
株式会社プラスセンス	4011101053171	1	http://www.plus-sns.com/contact.html	http://www.plus-sns.com		03-6276-2951	3210969	栃木県	宇都宮市宮みらい２番２６号８０２号室	栃木県宇都宮市宮みらい２番２６号８０２号室			コンサルティング	経営コンサル
アンエクスペクテッドコミュニケーションズ株式会社	4011101053403	0	http://www.un-exp.com/contact/entry.php	http://www.un-exp.com/	info@un-exp.com	050-3736-0070	1600022	東京都	新宿区新宿３丁目１２番４号新宿Ｎタウンプラザ３０９号	東京都新宿区新宿３丁目１２番４号新宿Ｎタウンプラザ３０９号	会員証やポイントカードなどを開発・運営する企業	2009年7月に東京都で設立されたIT企業であり、会員証やポイントカードの開発・運営を行っています。また、同社はSNSアプリ開発事業も展開しており、IT、コンサルティング、Webアプリ・サービス運営、経営コンサルの業界において幅広いサービスを提供しています。	コンサルティング	経営コンサル
モバイオ株式会社	4011101055795	1	https://www.mobio.co.jp/contact	http://www.mobio.co.jp/			2200012	神奈川県	横浜市西区みなとみらい３丁目７番１号	神奈川県横浜市西区みなとみらい３丁目７番１号			コンサルティング	経営コンサル
株式会社ファンクショナル・アプローチ研究所	4011101055903	2	https://www.fa-ken.jp/entry/?ec=1215106789&amp;fl=fa	https://www.fa-ken.jp/about/	toiawase@fa-ken.jp	03-6272-9593	1020073	東京都	千代田区九段北１丁目１４番１６号ＰＩＬＥＫＵＤＡＮ	東京都千代田区九段北１丁目１４番１６号ＰＩＬＥＫＵＤＡＮ	事業や人に向けたアドバイス専門の会社	東京都に位置する事業や人に向けたアドバイス専門の会社であり、2010年3月に設立されました。同社は広告・制作、IT、人材・アウトソーシング、教育、コンサルティング、eコマースなどの業界において、ビジネス研修セミナー運営事業、職業相談事業、メールマガジン配信サービス、人材戦略コンサルティング事業などを展開しています。	コンサルティング	経営コンサル
株式会社Ａｉｒｅ	4011101063022	3	http://aireinc.net/contact/	http://aireinc.net/company/	info@aire-inc.com	03-6280-7894	1620825	東京都	新宿区神楽坂３丁目６神楽坂ＮＳビル２階	東京都新宿区神楽坂３丁目６神楽坂ＮＳビル２階	資金調達のコンサルティングを提供する企業	2010年4月に東京都に設立されたコンサルティング企業です。主に資金調達のコンサルティングを提供しており、コンサルティングおよび経営コンサルの業界で活動しています。	コンサルティング	経営コンサル
マナサー株式会社	4011101065530	0	http://manacir.co.jp/contact/index.html	http://manacir.co.jp		070-9110-4475	1810001	東京都	三鷹市井の頭３丁目３－２３	東京都三鷹市井の頭３丁目３－２３	コンサルティングに従事する企業	東京都に拠点を置くコンサルティングに従事する企業です。同社は主に営業支援サービス事業に取り組んでおり、コンサルティング、経営コンサル、その他コンサルの業界において活動しています。	コンサルティング	経営コンサル
株式会社ザッピーリンク	4011101069746	1	https://zappylink.co.jp/contact/	https://zappylink.co.jp/	info@zappylink.co.jp	03-5937-1825	1690075	東京都	新宿区高田馬場１丁目３１番１６号－７階	東京都新宿区高田馬場１丁目３１番１６号－７階	SEO対策やWebマーケティングのサポートを提供している会社	2014年4月に東京都で設立され、SEO対策やWebマーケティングのサポートを提供している会社です。主な事業はWebマーケティング支援事業および検索エンジン最適化対策事業であり、ITやコンサルティング、Webマーケコンサル、その他IT、経営コンサルなどの業界において活動しています。	コンサルティング	経営コンサル
株式会社Ｋｉｉｔｏｓ	4011101081858	0	http://kiitos-ltd.com/	http://kiitos-ltd.com	info@kiitos-ltd.com	080-3359-3693	1410031	東京都	品川区西五反田８丁目１０番４－２１０号	東京都品川区西五反田８丁目１０番４－２１０号	主に経営支援や資金調達に関するコンサルティングを行う企業	2017年9月29日に東京都で設立された企業です。主に経営支援や資金調達に関するコンサルティングを行い、財務アドバイザリー事業や文書作成代行事業を展開しています。業界はコンサルティング、財務コンサル、経営コンサルに属しています。	コンサルティング	経営コンサル
ＲｅＬＩＦＥ株式会社	4011101095593	0	https://relife-japan.net/contact/	https://relife-japan.net/			1600022	東京都	新宿区新宿６丁目１１－９－１０１	東京都新宿区新宿６丁目１１－９－１０１			コンサルティング	総合系コンサル
株式会社セルプランニング	4011201015765	3	http://www.cellplanning.jp/lib/postmail/postmail.html	http://www.cellplanning.jp/company.html		03-4540-1441	1650027	東京都	中野区野方２丁目５０番９号	東京都中野区野方２丁目５０番９号	美容や子育て業界に特化した経営コンサルティング企業	東京都に所在する美容や子育て業界に特化した経営コンサルティング企業です。1999年5月に設立され、美容室・サロン経営コンサルティング業、美容関連セミナー事業、経営研修事業を展開しています。主に人材・アウトソーシング、コンサルティング、企業研修、セミナー、経営コンサルの業界にて活動しています。	コンサルティング	経営コンサル
株式会社フューチャーネクスト	4011301008223	1	http://futurenext.co.jp/inquiry.html	http://futurenext.co.jp/company.html		03-3313-4681	1680063	東京都	杉並区和泉４丁目４６番３１号	東京都杉並区和泉４丁目４６番３１号	戦略・組織・人材に特化したコンサルティング企業	東京都を拠点に戦略・組織・人材に特化したコンサルティング企業です。2002年12月に設立され、物流アドバイザリー事業、営業支援サービス事業、人材戦略コンサルティング事業、ビジネスコンサルティング事業などを展開しています。主にコンサルティング業界で活動し、組織コンサル、経営コンサル、その他コンサルを主要な業種としています。	コンサルティング	経営コンサル
株式会社エーテン	4011301017471	1	http://www.a10.jp/contact.htm	http://www.a10.jp/index.html	info@a10.jp	03-6681-1105	1660002	東京都	杉並区高円寺北２丁目３９番７号	東京都杉並区高円寺北２丁目３９番７号	ビジネス支援企業	東京都に本社を置くビジネス支援企業です。1998年に設立され、人材・アウトソーシング、コンサルティング、企業研修、経営コンサルなどのサービスを提供しています。	コンサルティング	経営コンサル
株式会社マネジメントエージェント	4011401015664	7	http://www.m-agent.jp/otoiawase.html	https://m-agent.jp/		03-6206-4232	1730016	東京都	板橋区中板橋２４番２－８０６号	東京都板橋区中板橋２４番２－８０６号	管理業務や経営コンサルティングを提供する企業	東京都に拠点を構え、管理業務や経営コンサルティングを提供する企業です。営業支援サービス事業や財務・会計業務アウトソーシング事業を行い、人材・アウトソーシング、コンサルティング、事務処理代行、人材派遣、経営コンサルなどの業界において活動しています。	コンサルティング	経営コンサル
株式会社業務の質評価センター	4011501009979	0	http://www.xenoship.com/form	http://hyouka-kaizen.com/	tokyo@xenoship.com	03-5815-8540	1670051	東京都	杉並区荻窪３丁目４７番１５号第３野村ビル４０１号室	東京都杉並区荻窪３丁目４７番１５号第３野村ビル４０１号室	ISO認証のコンサルティング企業	2003年9月に東京都で設立されたISO認証のコンサルティング企業です。同社は人材・アウトソーシング、コンサルティング、企業研修、財務コンサルの業界で活動しています。	コンサルティング	財務コンサル
株式会社スマートアプリケーション	4011501014946	14	http://www.smartapplications.co.jp/inq/index.php	https://www.smartapplications.co.jp/aboutus/company.html	info@smartapplications.co.jp	03-6454-3601	1140022	東京都	北区王子本町１丁目１４番１２号	東京都北区王子本町１丁目１４番１２号	パチンコ店のアドバイザリーやシステム制作を手掛ける企業	東京都に拠点を置く企業で、パチンコ店のアドバイザリーやシステム制作を手掛けています。2009年7月に設立され、経営管理システム開発・提供事業、セキュリティシステムソフトウェア開発事業、防犯・セキュリティ装置販売事業、ネットワークアプリケーション開発事業を展開しています。産業分野は製造、IT、コンサルティング、Webアプリ・サービス運営、防犯機器、経営コンサルにわたります。	コンサルティング	経営コンサル
株式会社Ｌｕｍａ	4011701015001	0	http://mentor-capital.jp/contact/	https://mentor-capital.jp/		03-6670-1996	1500031	東京都	渋谷区桜丘町２３番１７号シティコート桜丘４０８	東京都渋谷区桜丘町２３番１７号シティコート桜丘４０８	ファクタリングやコンサルティングを手掛ける企業	東京都を拠点に活動するファクタリングやコンサルティングを手掛ける企業です。2009年9月に設立され、主にコンサルティングと経営コンサルの業界で活動しています。	コンサルティング	経営コンサル
株式会社ユーエス・コンサルティング	4011801027094	1	https://us-consulting.co.jp/contact/	https://us-consulting.co.jp/	info@the104.net		1200041	東京都	足立区千住元町２番２号	東京都足立区千住元町２番２号	経営、マーケティング、Webサイト制作などのコンサルティングを提供する企業	2013年1月に東京都に設立され、経営、マーケティング、Webサイト制作などのコンサルティングを提供する企業です。主な事業はマーケティングコンサルティング事業、セールスアウトソーシング事業、モバイルアプリケーション開発事業などで、広告・制作、IT、人材・アウトソーシング、営業代行・販売代行、Web制作、販促コンサル、スマホアプリ、経営コンサルなどのさまざまな業界に幅広く展開しています。	コンサルティング	経営コンサル
株式会社ＣＣＲ	4012301010029	0	http://osa-style.com/contact	http://osa-style.com/	contact@osa-style.com	042-810-1023	0361312	青森県	弘前市大字高屋字安田６５９番地１９	青森県弘前市大字高屋字安田６５９番地１９	ウェブやメールで転売ビジネスの情報を提供している企業	青森県を拠点にウェブやメールで転売ビジネスの情報を提供している企業です。主な業務はメールマガジン配信サービスであり、広告・制作、IT、コンサルティング、Webアプリ・サービス運営、その他広告・制作、経営コンサルの業界で事業展開しています。	コンサルティング	経営コンサル
株式会社創コンサルティング	4012401021875	0	http://www.sotech.co.jp/contact	http://www.sotech.co.jp/		03-4455-3811	4091501	山梨県	北杜市大泉町西井出１７４３番地	山梨県北杜市大泉町西井出１７４３番地	CSRコンサルティング企業	山梨県に所在するCSRコンサルティング企業です。同社は、1996年1月に設立され、教育支援事業、海外ビジネスアドバイザリー事業、環境アドバイザリー事業を主要な業務として展開しています。教育、コンサルティング、環境コンサル、塾・予備校、経営コンサルなどの複数の産業に関与しています。	コンサルティング	経営コンサル
株式会社ｉ‐ｓｈｉｆｔ	4012701012905	16	https://marketing-full-support.co.jp/contact/	https://marketing-full-support.co.jp/	sendo.tatuya08025526@24-coaching.com	03-6277-1314	1500001	東京都	渋谷区神宮前５丁目５１番６号	東京都渋谷区神宮前５丁目５１番６号	顧客獲得やマーケティングに特化したコンサルティング企業	2014年12月に東京都で設立された顧客獲得やマーケティングに特化したコンサルティング企業です。同社は、イベントプランニング事業、マーケティングコンサルティング事業、イベント企画・運営事業、研修セミナー事業を展開しており、人材・アウトソーシング、エンタメ・娯楽、コンサルティング、セミナー、イベント、販促コンサル、経営コンサルの業界において活動しています。	コンサルティング	経営コンサル
株式会社フォレストリ	4013101004939	0	http://www.forestlee.co.jp/inquiry/	http://www.forestlee.co.jp/		042-521-6625	1900023	東京都	立川市柴崎町２丁目３番１７号	東京都立川市柴崎町２丁目３番１７号	国際展開を促進する企業または中国市場への進出を支援する企業	2000年10月に東京都に設立された企業であり、国際展開を促進する企業または中国市場への進出を支援する企業です。同社の事業は展示会プランニング事業、海外ビジネスアドバイザリー事業、展示会企画・運営事業、商取引事業に関わっており、広告・制作、商社、エンタメ・娯楽、コンサルティング、展示会・販促イベント、総合商社、イベント、日用品・化粧品商社、経営コンサル、その他コンサルのインダストリーに属しています。	コンサルティング	経営コンサル
株式会社ジェック	4013301005118	64	http://www.jecc-net.co.jp/form-toiawase	https://www.jecc-net.co.jp/company		03-3986-6365	1700013	東京都	豊島区東池袋３丁目１番１号	東京都豊島区東池袋３丁目１番１号	MBOや企業研修のコンサルティングを提供する企業	東京都に拠点を置く、MBOや企業研修のコンサルティングを提供する企業です。同社は1966年9月に設立され、ビジネス雑誌出版事業、デジタル書籍販売事業、研修セミナー事業、企業内トレーニングアウトソーシング事業、講義者派遣事業を展開しています。ジェックは人材・アウトソーシング、小売・販売・卸売、コンサルティング、メディア・出版、企業研修、書籍・メディア販売、セミナー、出版、人材派遣、経営コンサルの業界において活動しています。	コンサルティング	経営コンサル
株式会社第一会計コンサルタント	4013301006677	1	https://www.dkc-g.co.jp/inquiry.php	https://www.dkc-g.co.jp/		03-5992-4981	1710014	東京都	豊島区池袋２丁目４６番３号	東京都豊島区池袋２丁目４６番３号	経営コンサルタントや財務・会計関連の業務を提供する企業	東京都を拠点に、1985年に設立された経営コンサルタントや財務・会計関連の業務を提供する企業です。主な事業は税務アウトソーシング事業と会計・税務アドバイザリー事業であり、士業、人材・アウトソーシング、コンサルティングなどの業界において、税理士、会計士、事務処理代行、業務請負、人材派遣、経営コンサルなどのサービスを提供しています。	コンサルティング	経営コンサル
株式会社タスク	4013301017939	70	https://www.takara-print.co.jp/task-inquiries	https://www.ipo-house.co.jp/company/		03-5953-6603	1710033	東京都	豊島区高田３丁目１３番２号	東京都豊島区高田３丁目１３番２号	IPOや上場済み企業向けにコンサルティングを提供している企業	1995年11月に設立された東京都を拠点とする企業です。同社はIPOや上場済み企業向けにコンサルティングを提供しており、財務監査サービス、セミナー企画・運営事業、研修セミナー事業などの業務を行っています。人材・アウトソーシング、コンサルティング、監査法人、セミナー、経営コンサルなどの業界で活動しています。	コンサルティング	経営コンサル
フューチャーブリッジパートナーズ株式会社	4013301027178	1	https://www.futurebridge.jp/?page_id=44	https://www.futurebridge.jp	info@futurebridge.jp	03-6869-1536	1020073	東京都	千代田区九段北１丁目３番９号	東京都千代田区九段北１丁目３番９号	経営コンサルティングに特化した会社ビジネスモデル提案、IR支援なども行っている企業	2009年3月に東京都で設立された経営コンサルティングに特化した会社です。主な事業内容は、企業ビジネスモデルの提案やIR支援などの他に、企業内トレーニングアウトソーシング事業も行っています。業界は人材・アウトソーシング、コンサルティング、企業研修、経営コンサルです。	コンサルティング	経営コンサル
セールスポイント株式会社	4013301034471	0	http://sales-g.com/contact/index.html	http://sales-g.com		03-5778-3936	1070062	東京都	港区南青山５丁目４番５１号	東京都港区南青山５丁目４番５１号			コンサルティング	経営コンサル
株式会社ＧＲＯＷＴＨ	4013401005884	0	https://grow-th.co.jp/contact	https://grow-th.co.jp	info@grow-th.co.jp	042-310-2556	2060003	東京都	多摩市東寺方１丁目２番地９今井ビル３Ｆ	東京都多摩市東寺方１丁目２番地９今井ビル３Ｆ	中小企業の持続的な成長を支援するコンサルティング企業	2009年9月に東京都で設立された中小企業の持続的な成長を支援するコンサルティング企業です。同社は、財務アドバイザリー事業、研修セミナー事業、人材戦略コンサルティング事業を展開し、人材・アウトソーシング、コンサルティング、セミナー、財務コンサル、組織コンサルの業界で活動しています。	コンサルティング	財務コンサル
株式会社プロフェッショナルネットワーク	4020001024364	8	https://www.pronet-jp.com/contact.html	https://www.pronet-jp.com/company.html		045-313-4833	2210835	神奈川県	横浜市神奈川区鶴屋町２丁目２３番地５銀洋第２ビル２階２０２号室	神奈川県横浜市神奈川区鶴屋町２丁目２３番地５銀洋第２ビル２階２０２号室	企業に対して経営や人材に関するアドバイスや問題解決を提供する企業	1996年4月に設立された神奈川県を拠点とする企業で、企業に対して経営や人材に関するアドバイスや問題解決を提供しています。同社は教育支援事業、マーケティングコンサルティング事業、販売アドバイザリー事業、企業内トレーニングアウトソーシング事業、人材戦略コンサルティング事業、および会計・税務アドバイザリー事業を展開しています。主要な業界は士業、人材・アウトソーシング、教育、コンサルティング、塾・予備校、企業研修、会計士、人材紹介、販促コンサル、組織コンサル、および製造業コンサルです。	コンサルティング	経営コンサル
株式会社コンサルティングオフィス	4020001029834	6	http://consultingoffice1990.web.fc2.com/contact.html	http://consultingoffice1990.web.fc2.com/kaisya.htm		045-813-8434	2450009	神奈川県	横浜市泉区新橋町１４６３番地の１	神奈川県横浜市泉区新橋町１４６３番地の１	企業の経営と管理を支援するコンサルティングサービスを提供する企業	神奈川県に位置する1990年4月に設立された企業であり、企業の経営と管理を支援するコンサルティングサービスを提供しています。その主な業務は、エンタメ・娯楽、コンサルティング、イベント、経営コンサルに関連したイベントプランニング事業と経営コンサルティング事業です。	コンサルティング	経営コンサル
株式会社イーキューブ	4020001044791	2	http://www.eqb.co.jp/contact/	https://eqb.co.jp/company/	info@eqb.jp	0120-888-940	2310023	神奈川県	横浜市中区山下町７４番地１	神奈川県横浜市中区山下町７４番地１	オンライン経営・集客のコンサルティング会社	神奈川県に本社を構えるオンライン経営・集客のコンサルティング会社です。同社は2004年4月に設立され、マーケティングコンサルティング事業、販売アドバイザリー事業、営業支援サービス事業、Webマーケティング支援事業などを展開しています。IT、コンサルティング、Webマーケコンサル、販促コンサル、経営コンサルなどの業界で幅広いサービスを提供しています。	コンサルティング	経営コンサル
株式会社リテラシー	4020001046111	1	https://literajapan.com/contact	http://literajapan.com/	secre@literajapan.com	045-973-2669	9601801	福島県	相馬郡飯舘村草野字大師堂１１３番地１	福島県相馬郡飯舘村草野字大師堂１１３番地１	健康や環境などのリスクに対処する企業	福島県に拠点を置く健康や環境などのリスクに対処する企業です。2006年3月に設立され、健康講座運営事業や経営研修事業を展開しています。人材・アウトソーシング、教育、コンサルティング、企業研修、各種スクール・教室、経営コンサルなどの業界において活動しています。	コンサルティング	経営コンサル
株式会社Ｍａａａｐ	4020001052860	1	http://www.s-nets.co.jp/ask/ask01.php	http://maaap.info/		03-5321-6436	1600023	東京都	新宿区西新宿６丁目１６番１２号	東京都新宿区西新宿６丁目１６番１２号			コンサルティング	経営コンサル
マイスター・コンサルタンツ株式会社	4020001057059	0	http://www.m-a-n.biz/contact.html	http://www.m-a-n.biz/index.html		03-6264-0927	1040061	東京都	中央区銀座４丁目１３番１４号銀座メイフラワービル５階	東京都中央区銀座４丁目１３番１４号銀座メイフラワービル５階	中小企業に特化した経営コンサルティング会社	1997年4月に東京都で設立された経営コンサルティング会社です。中小企業に特化したサービスを提供しており、セミナー企画・運営事業や経営研修事業を展開しています。主要な業種は人材・アウトソーシング、コンサルティング、企業研修、セミナー、経営コンサルです。	コンサルティング	経営コンサル
株式会社ＤＢＭコンサルティング	4020001063222	1	http://www.dbmc.jp/contact/index.php	http://www.dbmc.jp/aboutus/index.html		045-222-3138	2310023	神奈川県	横浜市中区山下町２４番地８	神奈川県横浜市中区山下町２４番地８	歯科医院の経営に関するコンサルティングやセミナーを提供する企業	神奈川県に拠点を置く企業です。同社は主に歯科医院の経営に関するコンサルティングやセミナーを提供しています。1999年10月に設立され、セミナー企画・運営事業、営業支援サービス事業、文章編集サービス事業、研修セミナー事業、医療開業支援業などの業務を展開しています。	コンサルティング	経営コンサル
株式会社スーパーソニック	4020001078864	0	https://supersonic-web.com/fbm/contactform/	https://supersonic-web.com		044-753-0812	2110041	神奈川県	川崎市中原区下小田中５丁目１６番９号	神奈川県川崎市中原区下小田中５丁目１６番９号	飲食店の改善や新規出店のマーケティングを担当する企業	神奈川県に本社を構えるマーケティングコンサルティング企業です。主に飲食店の改善や新規出店のマーケティングを担当しており、コンサルティング、販促コンサル、経営コンサルの分野で業務展開しています。2000年8月に設立されました。	コンサルティング	経営コンサル
株式会社ＨＯＷ	4020001081868	3	http://www.how-in.com/index.php?pg=inquiry	http://www.how-in.com/		044-332-9898	2130002	神奈川県	川崎市高津区二子３丁目２３番２０号	神奈川県川崎市高津区二子３丁目２３番２０号	商業施設の店舗を支援する企業フランチャイズ店も運営企業	神奈川県に拠点を置き、商業施設の店舗を支援する企業フランチャイズ店も運営しています。2009年に設立された当社は、雑貨卸事業、営業支援サービス事業、雑貨販売事業、ショッピングセンター開発事業、フランチャイズチェーン事業を手がけており、建設、飲食・外食、生活用品、その他サービスなどの幅広い業界で活動しています。	コンサルティング	経営コンサル
株式会社ＢＰデザイナーズ	4020001087015	0	https://bp-designers.com/contact	https://www.bp-designers.com		03-6635-6025	2720021	千葉県	市川市八幡３丁目１９番１５号	千葉県市川市八幡３丁目１９番１５号	BPECソフトウェアを提供する企業	千葉県に拠点を置くBPECソフトウェアを提供する企業です。2002年6月に設立され、主にソフトウェア流通事業やシステムインテグレーション事業に従事しています。IT、コンサルティング、Webアプリ・サービス運営、経営コンサル、ソフトウェア販売などの業界で活動しています。	コンサルティング	経営コンサル
ビズ・エキスパート株式会社	4021001008472	1	http://b-ex.biz/contact.html	http://b-ex.biz/	info@b-ex.biz	0467-28-6670	2530025	神奈川県	茅ヶ崎市松が丘１丁目８番２１号４０５号室	神奈川県茅ヶ崎市松が丘１丁目８番２１号４０５号室	企業に対してマーケティングや営業の支援を提供するコンサルティングファーム		コンサルティング	経営コンサル
株式会社ダブリュスター	4021001008555	1	https://cranky-wstar.ssl-lolipop.jp/wstar/inquiry.html	http://wstar.co.jp/index.html	info@wstar.co.jp	090-9306-1102	2510043	神奈川県	藤沢市辻堂元町６丁目１２－５９	神奈川県藤沢市辻堂元町６丁目１２－５９	幅広い事業を展開する企業営業コンサルティングや飲食店運営、人材派遣、Webサイト制作などを取り扱ってます	神奈川県に位置する企業で、幅広い事業を展開しています。営業支援サービスや飲食店運営、人材派遣、Webサイト制作などを取り扱い、2007年7月に設立されました。主に飲食・外食、コンサルティング、経営コンサル、その他コンサル、洋食・レストランの業界に関与しています。	コンサルティング	経営コンサル
株式会社ＲｏｃｋＨｉｌｌ	4021001044121	1	http://www.rockhill.jp/contact/		info@rockhill.jp	046-827-6029	2380103	神奈川県	三浦市南下浦町金田９７４番地４	神奈川県三浦市南下浦町金田９７４番地４	飲食業をターゲットにしたマーケティングとプロモーションを行う企業	神奈川県に拠点を置き、飲食業をターゲットにしたマーケティングとプロモーションを行う企業です。広告クリエイティブ事業、ブランド戦略策定事業、Webサイト管理代行事業、Webマーケティング支援事業、ビデオプロダクション事業、販促企画事業を展開し、2009年5月に設立されました。主な事業分野は広告・制作、IT、コンサルティング、Webマーケコンサル、Webアプリ・サービス運営、Web制作、デザイン、広告制作、販促コンサル、経営コンサルです。	コンサルティング	経営コンサル
株式会社ＲＥＢＲＡＮＤＩＮＧ	4021001064210	0	https://www.rebranding.tokyo/	https://www.rebranding.tokyo		050-5327-7606	2490005	神奈川県	逗子市桜山５丁目３９番１４号	神奈川県逗子市桜山５丁目３９番１４号	ビジネス戦略やPRのアドバイスを専門に提供する企業	神奈川県に位置する企業であり、ビジネス戦略やPRのアドバイスを専門に提供しています。2018年2月23日に設立され、金融、不動産、コンサルティング、広告運用コンサル、投資、販促コンサル、デベロッパー、経営コンサルの業界に従事しています。同社の主な業務にはブランド戦略策定事業、不動産投資販売事業、不動産再開発事業があります。	コンサルティング	経営コンサル
株式会社アイピーオー	4030001009653	0	https://iponet.jp/contact	http://www.iponet.jp/index.html		048-859-7317	3690307	埼玉県	児玉郡上里町大字嘉美８３３－６	埼玉県児玉郡上里町大字嘉美８３３－６	企業の経営支援などを提供するコンサルティング企業	2002年4月に埼玉県に設立されたコンサルティング企業です。食品、人材・アウトソーシング、農産物などの幅広い業界において、企業の経営支援などのサービスを提供しています。主な事業として営業支援サービス事業、農産物加工製造事業、農作物栽培事業を展開しており、経営コンサルティングや人材紹介・派遣なども行っています。	コンサルティング	経営コンサル
株式会社礼ホールディングス	4030001015552	2	https://rproject.co.jp/inquiry/index.html	https://rproject.co.jp/index.php		03-6433-9477	3740112	群馬県	邑楽郡板倉町朝日野１丁目１７番地の３吉田住宅－１０１	群馬県邑楽郡板倉町朝日野１丁目１７番地の３吉田住宅－１０１	店舗開業や経営アドバイスを専門に提供する企業	栃木県に所在する2009年2月に設立された企業で、店舗開業や経営アドバイスを専門に提供しています。主な事業は、販売アドバイザリー事業と店舗デザイン企画事業であり、建設、コンサルティング、販促コンサル、店舗デザイン、経営コンサルの業界で活動しています。	コンサルティング	経営コンサル
株式会社ＭＯＴＯＭＵＲＡ	4030001045129	154	https://motomura-corp.co.jp/form/contact/	https://motomura-corp.co.jp/		048-456-0421	3510001	埼玉県	朝霞市大字上内間木７１３番地の１	埼玉県朝霞市大字上内間木７１３番地の１	物流加工や製本などを行う企業で、経営計画書作成もサポートしている企業	埼玉県を拠点に物流加工や製本などを行う企業であり、経営計画書作成もサポートしています。1971年に設立され、書籍装丁製造事業と物流加工事業を展開しています。主な業界は、交通・運輸・物流、人材・アウトソーシング、コンサルティング、メディア・出版、倉庫などです。	コンサルティング	経営コンサル
株式会社グルメパートナーズ	4030001050459	0	http://www.gourmet-partners.com/#contact	http://www.gourmet-partners.com/	info@g-p.co.jp	03-5341-4495	1600022	東京都	新宿区新宿１丁目３４－１３	東京都新宿区新宿１丁目３４－１３	飲食店を顧客に、販路拡大やマーケティング支援などを提供する会社	東京都に拠点を置く飲食店向けの販路拡大やマーケティング支援を提供する企業です。販売アドバイザリー事業や人材採用支援事業を展開し、2011年1月1日に設立されました。主に人材・アウトソーシング、コンサルティング、販促コンサル、その他人材、経営コンサル業界に属しています。	コンサルティング	経営コンサル
ＣｍｄｗｉｔｈＵＳ株式会社	4030001092195	0	http://jyoseikin-navi.com/#cta	http://jyoseikin-navi.com	info@withusgroup.com	049-236-1885	3501122	埼玉県	川越市脇田町１７番地５ＭＴＫ脇田町ビル５階	埼玉県川越市脇田町１７番地５ＭＴＫ脇田町ビル５階	起業家を支援し、助成金申請をサポートする企業	埼玉県に位置する起業家支援企業であり、助成金申請のサポートを提供しています。2010年4月に設立され、補助金申請支援事業を展開し、その他サービス、コンサルティング、財務コンサル、経営コンサルなどの業種に所属しています。	コンサルティング	財務コンサル
株式会社小野経営サポート	4030001112432	1	http://www.onokei.com/contact/	http://www.onokei.com/index.html	onocon0613@gmail.com	03-5201-3644	3310822	埼玉県	さいたま市北区奈良町５６番地２０	埼玉県さいたま市北区奈良町５６番地２０	経営に関するコンサルティングを提供する会社販売戦略、新規事業、内部規則などを扱う企業	埼玉県に拠点を置く会社であり、経営に関するコンサルティングを提供しています。その業務は、販売戦略や新規事業、内部規則など様々な企業の課題に取り組んでいます。また、雑誌出版事業や研修セミナー事業、企業内トレーニングアウトソーシング事業、人材採用支援事業なども展開しています。株式会社小野経営サポートは2016年1月19日に設立され、人材・アウトソーシング、コンサルティング、メディア・出版などの産業に属しています。	コンサルティング	経営コンサル
大蓉ホールディングス株式会社	4030001112457	3	http://www.taiyouhd.co.jp/contact/form/index.html	http://www.taiyouhd.co.jp/		048-299-7708	3320001	埼玉県	川口市朝日２丁目６番１２号	埼玉県川口市朝日２丁目６番１２号	子会社の育成や資産・株式の管理を行う企業	2016年1月21日に設立された埼玉県を拠点とする企業であり、子会社の育成や資産・株式の管理を行っています。主な業務はグループ企業の経営事業であり、コンサルティングや経営コンサルを行っています。	コンサルティング	経営コンサル
株式会社エリア・パブリック・コンサルティング	4030001153179	1	https://www.area-public.com/contact	https://www.area-public.com/			3530004	埼玉県	志木市本町５丁目２３－２４第３本吉ビル４階４３６号	埼玉県志木市本町５丁目２３－２４第３本吉ビル４階４３６号			コンサルティング	経営コンサル
有限会社イエローストーン	4030002065654	1	https://ws.formzu.net/fgen/S48267696/	http://www.yellowstone.jp/		048-482-2221	3520014	埼玉県	新座市栄４丁目３番２２号コーポ都民農園３０５号室	埼玉県新座市栄４丁目３番２２号コーポ都民農園３０５号室	財務・総務・経理に関するコンサルティングを提供する企業	2002年7月に埼玉県で設立された企業であり、財務・総務・経理に関するコンサルティングを提供しています。また、子ども用衣料品販売事業や財務・会計業務アウトソーシング事業も展開しており、人材・アウトソーシング、小売・販売・卸売、コンサルティング、人材派遣、キッズアパレル販売、経営コンサルといった多岐にわたる業界で活動しています。	コンサルティング	経営コンサル
株式会社シミズ経営	4040001041457	0	http://www.sk-web.co.jp/inquiry/	https://sk-web.tkcnf.com/office		04-7157-6710	2700128	千葉県	流山市おおたかの森西１丁目２４番地の２６	千葉県流山市おおたかの森西１丁目２４番地の２６	税金申告や起業支援をしている企業	1983年3月に千葉県に設立された企業です。同社は税金申告や起業支援を専門としており、会計システムコンサルティング事業、文書作成代行事業、会計・税務アドバイザリー事業、税務申告書作成事業を展開しています。主に士業、コンサルティング業界において、税理士、会計士、財務コンサルや組織コンサル、経営コンサルのサービスを提供しています。	コンサルティング	経営コンサル
日清物産株式会社	4040001047017	1	http://nisshinbussan.com/%e3%81%8a%e5%95%8f%e3%81%84%e5%90%88%e3%81%9b/	http://nisshinbussan.com	x4833159@nifty.com	043-483-3159	2850813	千葉県	佐倉市石川５７７番地の７	千葉県佐倉市石川５７７番地の７	中小企業診断士受験対策塾も手がける経営コンサルティング企業	千葉県に拠点を持つ経営コンサルティング企業です。同社は中小企業診断士受験対策塾も手がける一方、主な事業は資格取得サポートです。日清物産株式会社は工事・土木、教育、コンサルティングなどの分野で幅広いサービスを提供しています。	コンサルティング	経営コンサル
株式会社ハッピーハート	4040001076593	1	http://www.happy-h.biz/contact/index.html	http://www.happy-h.biz/company/index.html		03-5860-9747	1500011	東京都	渋谷区東２丁目９番６号エスコートノヴェル広尾１０５	東京都渋谷区東２丁目９番６号エスコートノヴェル広尾１０５	コールセンターや職業紹介に特化したコンサルティング企業	東京都を拠点にコールセンターや職業紹介に特化したコンサルティング企業です。2010年9月に設立され、営業支援サービス事業、職業相談事業、人材戦略コンサルティング事業を展開しています。主な業界は人材・アウトソーシング、コンサルティングであり、人材、組織コンサル、経営コンサルなどにも関わっています。	コンサルティング	経営コンサル
株式会社ＣＢＳ	4040001076742	5	http://www.web-cbs.com/contact.html	http://www.web-cbs.com/index.html		047-342-8289	2710047	千葉県	松戸市西馬橋幸町２番地	千葉県松戸市西馬橋幸町２番地	コンサルティングと食品の通販を行う企業	千葉県に拠点を置く企業であり、コンサルティングと食品の通販を行うことを主な事業としています。また、同社は照明設備販売事業にも従事しており、生活用品、コンサルティング、経営コンサル、照明器具の業界において活動しています。	コンサルティング	経営コンサル
有限会社ビッグアップル	4040002043650	5	https://big-apple.info/inquiry/	https://big-apple.info/company/		050-5578-8050	9800021	宮城県	仙台市青葉区中央４丁目１番２６号	宮城県仙台市青葉区中央４丁目１番２６号	旅館・ホテルのコンサルタント事業やふるさと納税のサポートなどを提供する企業	宮城県を拠点に旅館・ホテルのコンサルタント事業やふるさと納税のサポートなどを提供する企業です。商品開発事業とプレファブ建築物販売事業を主要な業務としており、1998年12月に設立されました。工事・土木、広告・制作、その他サービス、コンサルティング、Web制作、販促コンサル、その他建設・工事、その他リース、その他サービス、経営コンサルといった多岐にわたる業界で活動しています。	コンサルティング	経営コンサル
有限会社文殊コンサルティング	4040002095898	0	http://www.monju.biz/query.html	http://www.monju.biz/index.html	info@monju.biz	04-7107-8976	2770835	千葉県	柏市松ケ崎２５７番地の７	千葉県柏市松ケ崎２５７番地の７	中小企業向け経営コンサルティング会社	2005年5月に千葉県に設立された中小企業向け経営コンサルティング会社です。同社は主に研修セミナー事業と経営研修事業を展開しており、人材・アウトソーシング、コンサルティング、企業研修、セミナー、経営コンサルの業界で活動しています。	コンサルティング	経営コンサル
株式会社ロードフロンティア	4050001019989	1	https://road-frontier.com/contact	https://road-frontier.com/	secretary@road-frontier.com	03-3526-2414	1010023	東京都	千代田区神田松永町７番地ヤマリビル	東京都千代田区神田松永町７番地ヤマリビル	ビジネススクールやセミナーなどを運営経営コンサルティングを提供する企業	2011年4月に東京都に設立された企業であり、ビジネススクールやセミナーの運営、経営コンサルティングを提供しています。主な事業はブランド戦略策定、ビジネス研修セミナーの運営、講義者派遣、経営学校の運営などで、人材・アウトソーシング、教育、コンサルティングなど様々な業界での経験と実績を持っています。	コンサルティング	経営コンサル
株式会社アシスト関東	4060001000337	3	http://www.kkassist.com/inquiry.html	https://kkassist.com/		028-661-8849	3210973	栃木県	宇都宮市岩曽町１３７７番地５２	栃木県宇都宮市岩曽町１３７７番地５２	企業の経営計画策定やアドバイス、財務リソースの共有などを行っている企業	栃木県に位置する企業で、企業の経営計画策定やアドバイス、財務リソースの共有などを行っています。同社は、資産管理事業、ビジネス承継支援事業、経営研修事業に従事しており、その業務は人材・アウトソーシング、その他サービス、コンサルティング、企業研修、起業コンサル、資産運用コンサル、経営コンサルなどの業種に分類されます。	コンサルティング	経営コンサル
株式会社ＹＡＭＡＺＡＫＩ	4070001003330	74	https://yrbs.co.jp/page/contact.html	https://yrbs.co.jp/		027-234-2748	3710017	群馬県	前橋市日吉町４丁目３８番地の１９	群馬県前橋市日吉町４丁目３８番地の１９	美容カウンセリングや化粧品の販売を行う企業	群馬県を拠点に美容カウンセリングや化粧品の販売を行っている企業です。また、健康機器卸売業やセミナー企画・運営事業、営業支援サービス事業、ヘアケア製品卸売事業、美容室・サロン経営コンサルティング業、美容品卸売事業、経営研修事業など、幅広い事業領域を持っています。1983年に設立され、主に医療・製薬・福祉、人材・アウトソーシング、商社、コンサルティングなどの関連産業で活動しています。	コンサルティング	経営コンサル
株式会社ＫＵ総合研究所	4070001011572	2	http://www.kusouken.com/contact.html	http://www.kusouken.com		027-226-1316	3710804	群馬県	前橋市六供町４丁目２３番地１	群馬県前橋市六供町４丁目２３番地１	事業再生や医療介護支援を提供する企業	2009年7月に群馬県で設立された企業であり、事業再生や医療介護支援を提供しています。当社は介護事業のコンサルティングサービスや地域開発事業を展開し、不動産、コンサルティング、デベロッパー、経営コンサル、その他コンサルなどの業種に取り組んでいます。	コンサルティング	経営コンサル
株式会社Ｋｉｄｏ	4070001028344	0	http://www.kido-s.co.jp/contact.html	http://www.kido-s.co.jp/index.html		027-226-5882	3710244	群馬県	前橋市鼻毛石町１９８番地１	群馬県前橋市鼻毛石町１９８番地１	中韓を中心とする海外ビジネスコンサルタント	群馬県に本社を置き、中韓を中心とする海外ビジネスコンサルタントとして活動しています。同社は2013年5月に設立され、中国語翻訳・通訳サービス事業、自転車セールス事業、海外ビジネスアドバイザリー事業、韓国語通訳・翻訳事業を展開しています。主な業界は建設、美容・アパレル、人材・アウトソーシング、小売・販売・卸売、コンサルティング、アパレルメーカー、翻訳・通訳、起業コンサル、経営コンサル、その他コンサル、インテリア系デザインなどです。	コンサルティング	経営コンサル
株式会社ＭＡＮＡ	4070001030184	1	http://mana-gunma.com/contact/	http://mana-gunma.com/about/		027-329-6415	3700801	群馬県	高崎市上並榎町１２６０番地５	群馬県高崎市上並榎町１２６０番地５	起業や経営に関する支援を提供する企業	群馬県を拠点に、起業や経営に関する支援を提供している企業です。2015年10月に設立され、財務アドバイザリー事業、営業支援サービス事業、住宅融資相談事業、補助金申請支援事業など、幅広い業務を展開しています。金融、サービス、コンサルティング、不動産コンサル、財務コンサル、経営コンサル、ならびにその他金融関連サービスを含むさまざまな業界において展開しています。	コンサルティング	経営コンサル
株式会社ミックス	4080001005103	236	https://www.mics-i.co.jp/inquiry.php	https://www.mics-i.co.jp/corporate/outline.html		054-254-0301	4200859	静岡県	静岡市葵区栄町４番地の１０静岡栄町ビル	静岡県静岡市葵区栄町４番地の１０静岡栄町ビル	医療福祉機関の経営改善支援や医療事務関連業務を手掛ける企業	静岡県に拠点を置き、1978年に設立された企業です。同社は、医療福祉機関の経営改善支援や医療事務関連業務を専門としており、医療職員斡旋事業、医療アウトソーシング事業、企業内トレーニングアウトソーシング事業などを展開しています。主要業務は人材派遣や業務請負、経営コンサルティングなどの人材・アウトソーシング、コンサルティング、企業研修に関わる領域です。	コンサルティング	経営コンサル
株式会社エンビプロ・ホールディングス	4080101012395	70	https://www.envipro.jp/inquiry/	https://www.envipro.jp/company/group/		0544-21-3160	4180111	静岡県	富士宮市山宮３５０７番地の１９	静岡県富士宮市山宮３５０７番地の１９	リサイクル事業を展開するグループ企業を統括する企業	静岡県に拠点を置き、リサイクル事業を展開するグループ企業を統括する企業です。同社はスクラップリサイクル事業、建築資材リサイクル事業、金属再資源化事業、ごみ収集・処理事業、グループ企業経営事業、輸出自動車販売事業を主な業務としています。2010年に設立され、医療・製薬・福祉、商社、その他サービス、小売・販売・卸売、コンサルティング、新車販売、障害者福祉、リサイクル、自動車用品販売、廃棄物処分、その他専門商社、中古車販売、経営コンサルの各業界にて活動しています。	コンサルティング	経営コンサル
株式会社坂本＆パートナー	4080401006337	0	http://www.business-p.co.jp/form/business-partner/contact	https://www.net-bp.co.jp/		053-437-7117	4338118	静岡県	浜松市中央区高丘西２丁目９番２７号	静岡県浜松市中央区高丘西２丁目９番２７号	海外進出の解決策を提供する企業	静岡県に拠点を置く企業であり、海外進出の解決策を提供することを専門としています。同社は海外ビジネスアドバイザリー事業、研修セミナー事業、医療開業支援業といった業務を展開しており、主に人材・アウトソーシング、コンサルティング、企業研修、セミナー、経営コンサル、その他コンサルの業界に従事しています。	コンサルティング	経営コンサル
株式会社クリエイト	4090001000573	7	https://www.no1-create.jp/contact/	https://no1-create.jp/company/		055-228-3060	4000046	山梨県	甲府市下石田２丁目１０番６号	山梨県甲府市下石田２丁目１０番６号	企業向けコンサルティング企業(メーカーや卸売業などへ)企業	1991年7月に山梨県に設立された企業向けコンサルティング企業です。メーカーや卸売業など、様々な企業に対して営業支援サービス事業を展開しており、コンサルティング、総合系コンサル、その他コンサルの業界で活動しています。	コンサルティング	総合系コンサル
株式会社丸冨士	4100001003351	20	http://maru-fuji.biz/inquiry/	https://maru-fuji.biz/		026-223-3888	3800918	長野県	長野市アークス８－２０	長野県長野市アークス８－２０	ベーカリーとスイーツ・ショップのスタートアップ支援会社	長野県に拠点を置くベーカリーとスイーツ・ショップのスタートアップ支援会社です。1961年2月に設立され、砂糖販売卸売事業、小麦粉の卸売り業、食用油卸売事業、厨房機器卸売業、食品加工機器卸売事業、機械保全・メンテナンス事業などを行っています。主要な業界は機械、生活用品、食品、IT、商社、コンサルティング、製粉・食用油、調味料、その他機械専門商社、機械修理、厨房機器・用品、食品機械、経営コンサル、eコマース、食品専門商社です。	コンサルティング	経営コンサル
株式会社いながき	4100001022252	0	http://cafeouen.com/inquiry/	https://cafeouen.com/takafumi-inagaki/kaisya/		0265-24-0787	3950803	長野県	飯田市鼎下山６８８番地	長野県飯田市鼎下山６８８番地	カフェコンサルティング企業	長野県に拠点を置くカフェコンサルティング企業です。2012年4月に設立され、主にカスタマーサービス研修事業と経営研修事業を行っています。同社は、人材・アウトソーシング、コンサルティング、企業研修、経営コンサルの業界で活躍しています。	コンサルティング	経営コンサル
有限会社ウエーブインターナショナル	4100002034692	0	http://www.wave-i.jp/contact.htm	http://www.wave-i.jp/	kazu987@smile.ocn.ne.jp	0265-71-3570	3994601	長野県	上伊那郡箕輪町大字中箕輪８０００番地９	長野県上伊那郡箕輪町大字中箕輪８０００番地９	グローバル企業の経営コンサルタント	長野県に拠点を置くグローバル企業の経営コンサルタントです。同社は、2000年7月に設立され、海外ビジネスアドバイザリー事業、英語翻訳事業、言語通訳・翻訳サービス事業を展開しています。また、人材・アウトソーシング、コンサルティング、翻訳・通訳、経営コンサル、その他コンサルの業界で活動しています。	コンサルティング	経営コンサル
ケイワ総合マネジメント株式会社	4110001018992	0	http://www.souzoku-keiwa.com/form/keiwa/page3	http://www.souzoku-keiwa.com		025-543-3870	9420081	新潟県	上越市五智１丁目９番１５号	新潟県上越市五智１丁目９番１５号	相続税や事業承継に関する支援を提供する企業	新潟県に拠点を置き、相続税や事業承継に関する支援を提供する企業です。税務アドバイザリー事業、ビジネス承継支援事業、税金対策事業、相続アドバイザリー事業、税務申告書作成事業、遺言作成支援事業などのサービスを提供しています。主に士業、その他サービス、コンサルティング業界において、税理士、資産運用コンサル、経営コンサルなどの領域で活動しています。	コンサルティング	経営コンサル
株式会社日建	4120001010692	7	http://nikken-osaka.com/content/contact	https://nikken-osaka.com/content/company	info@nikken-osaka.com	06-6606-7200	5460032	大阪府	大阪市東住吉区東田辺３丁目２６番２６号	大阪府大阪市東住吉区東田辺３丁目２６番２６号	大阪府内のクリニック開業をサポートする企業	1986年に設立された大阪府内のクリニック開業をサポートする企業です。主な事業としては、医療機器貸し出し・賃貸事業、医療施設建築事業、医療器具販売事業を展開しています。医療・製薬・福祉、コンサルティング、医療機器、医療施設、経営コンサルの業界で活動しています。	コンサルティング	経営コンサル
株式会社アシスト	4120001022671	4	http://assist-g.com/contact/index.html	http://assist-g.com/index.html	info@assist-g.com	06-6442-8800	5300001	大阪府	大阪市北区梅田１丁目２番２号	大阪府大阪市北区梅田１丁目２番２号	企業に向けて、シンガポール進出に関するコンサルティングを提供する企業	1985年8月に設立され、大阪府に本社を構える企業です。企業に向けて、シンガポール進出に関するコンサルティングを提供しており、市場リサーチ事業、海外ビジネスアドバイザリー事業、税務アウトソーシング事業を展開しています。士業や企業コンサルティングなどの幅広い業界にて、高品質なサービスを提供しております。	コンサルティング	経営コンサル
株式会社トータルプランニング	4120001024503	70	http://www.total-p.co.jp/contact/index.html	https://total-p.co.jp/company/		06-6776-0500	5430072	大阪府	大阪市天王寺区生玉前町１番１３号	大阪府大阪市天王寺区生玉前町１番１３号	ホテルのコンサルティング、運営委託、不動産売買を手がける企業	1988年11月に設立された大阪府を拠点にするホテルのコンサルティング、運営委託、不動産売買を手がける企業です。同社はホテルマネジメント事業とホテル経営支援事業に従事しており、コンサルティング、観光・宿泊・レジャー、経営コンサル、ホテル・旅館の業界で活動しています。	コンサルティング	経営コンサル
株式会社リンク	4120001025815	2	https://aikokyaku.com/inquiries	https://aikokyaku.com		06-6262-8000	5430044	大阪府	大阪市天王寺区国分町１２番１３号	大阪府大阪市天王寺区国分町１２番１３号			コンサルティング	経営コンサル
カオス株式会社	4120001062131	0	https://www.chaos-kk.co.jp/contact/	https://www.chaos-kk.co.jp/		06-6311-6000	5300054	大阪府	大阪市北区南森町１丁目４番１９号	大阪府大阪市北区南森町１丁目４番１９号	税理士法人カオスと提携して、ビジネスの税務アドバイスや経営コンサルティングを提供する企業	大阪府に拠点を置く企業であり、税理士法人カオスとの提携を通じて、ビジネスの税務アドバイスや経営コンサルティングを提供しています。税務アドバイザリー事業、財務アドバイザリー事業、相続アドバイザリー事業、財務・会計業務アウトソーシング事業など、多岐に渡るサービスを展開しています。1988年に設立され、主に士業、人材・アウトソーシング、コンサルティング業界で活動しています。	コンサルティング	経営コンサル
コアメッド株式会社	4120001079010	33	http://www.coremed.co.jp/contact/	http://www.coremed.co.jp/		06-6221-1352	5410041	大阪府	大阪市中央区北浜２丁目１番２１号	大阪府大阪市中央区北浜２丁目１番２１号	医薬品の事業戦略策定や開発支援を行うコンサルティング企業	1998年3月に設立された大阪府を拠点にする医薬品の事業戦略策定や開発支援を行うコンサルティング企業です。主にコンサルティングと経営コンサルの業界で活動しています。	コンサルティング	経営コンサル
パワーザイム株式会社	4120001108801	3	http://powerzaimu.com/contact/	http://powerzaimu.com/	powerzaimu@zeirishi-mirai.net	06-6244-2400	5410056	大阪府	大阪市中央区久太郎町３丁目６番８号	大阪府大阪市中央区久太郎町３丁目６番８号	中小企業の経営者向けにセミナーなどを提供する企業「ビジネス計数塾」企業	2004年9月に設立された、大阪府を拠点にする企業です。同社は、中小企業の経営者向けにセミナーや研修を提供する「ビジネス計数塾」企業であり、セミナー企画・運営事業、会計・税務アドバイザリー事業、経営研修事業を展開しています。パワーザイム株式会社は、士業、人材・アウトソーシング、コンサルティング、企業研修などの業界で活躍し、多岐にわたる経営コンサルティングサービスを提供しています。	コンサルティング	財務コンサル
株式会社にちほホールディングス	4120001111739	29	http://www.nichihott.com/contact.html	http://www.nichihott.com/	information@nichihott.com	06-6223-0062	5410046	大阪府	大阪市中央区平野町４丁目５番７号	大阪府大阪市中央区平野町４丁目５番７号	経営支援や省エネビジネス、コンサルティングを行う企業	大阪府に位置する1974年4月に設立された企業です。同社は経営支援や省エネビジネス、コンサルティングを主に行っており、マーケティングコンサルティング事業、営業支援サービス事業、環境アドバイザリー事業などに取り組んでいます。主な業界はコンサルティングであり、環境コンサル、販促コンサル、経営コンサル、その他コンサルなどを提供しています。	コンサルティング	経営コンサル
ストアオペレーションサービス株式会社	4120001113586	0	http://www.storemanagement.co.jp/form.html	http://www.storemanagement.co.jp/company.html	info@storemanagement.co.jp	06-4799-9837	5300001	大阪府	大阪市北区梅田１丁目１１番４－１１００号	大阪府大阪市北区梅田１丁目１１番４－１１００号	人材開発やビジネス助言などを提供する企業	2002年に大阪府に設立された企業であり、人材開発やビジネス助言などを提供しています。同社はセミナー企画・運営事業、店舗マネジメントアウトソーシング事業、労働者派遣サービス事業、心理支援サービス事業、経営研修事業などを行っており、医療・製薬・福祉、人材・アウトソーシング、コンサルティング、営業代行・販売代行、企業研修、セミナー、人材派遣、その他医療・福祉、経営コンサルなどの多岐にわたる業界で活動しています。	コンサルティング	経営コンサル
バリューマネジメント株式会社	4120001116861	297	https://www.vmc.co.jp/contact/	https://www.vmc.co.jp/company/	info@vmc.co.jp	06-6371-2700	5300001	大阪府	大阪市北区梅田２丁目２番２号ヒルトンプラザウエストオフィスタワー１９階	大阪府大阪市北区梅田２丁目２番２号ヒルトンプラザウエストオフィスタワー１９階	歴史的建物を活用した事業再生助言を専門とする企業	2005年2月14日に設立された大阪府を拠点とする企業です。同社は歴史的建物を活用した事業再生助言を専門とし、宿泊施設マネジメント事業やホテル経営支援事業に取り組んでいます。生活関連サービス、コンサルティング、観光・宿泊・レジャー、ブライダル、経営コンサル、ホテル・旅館などの業界で活躍しています。	コンサルティング	経営コンサル
メディカルサービス株式会社	4120001119526	68	http://www.medical-service.jp/inquiry.html	https://www.medical-service.jp/company.html	info@medical-service.jp	072-710-1976	5300013	大阪府	大阪市北区茶屋町３番１号	大阪府大阪市北区茶屋町３番１号	医療クリニックや調剤薬局の開業・運営支援、子育て支援を行う企業	2006年11月に設立された大阪府に拠点を置く企業です。同社は、医療クリニックや調剤薬局の開業・運営支援、子育て支援を行っており、市場リサーチ事業、ビジネス承継支援事業、薬局開業支援事業などを展開しています。また、その他サービス、小売・販売・卸売、コンサルティング、医薬品販売、起業コンサル、研究・調査・リサーチ、経営コンサルなどの業界に関わっています。	コンサルティング	経営コンサル
株式会社アイビック	4120001122769	10	http://ibcweb.jp/inquiry/index.html	https://ibcweb.co.jp/company/index.html		06-6536-0100	5500012	大阪府	大阪市西区立売堀１丁目７番１８号国際通信社ビル	大阪府大阪市西区立売堀１丁目７番１８号国際通信社ビル	グローバル志向の企業・学校を支援する企業	2007年4月に大阪府で設立されたグローバル志向の企業・学校を支援する企業です。主な事業は広告クリエイティブ事業、教育支援事業、海外ビジネスアドバイザリー事業、日本語翻訳サービスを展開しており、広告・制作、人材・アウトソーシング、教育、コンサルティングなど多岐にわたる産業に関わっています。株式会社アイビックは幅広いサービスを通じて、クライアントの成功に貢献しています。	コンサルティング	経営コンサル
株式会社キャリアンヌ	4120001125557	1	https://carrianne.co.jp/contact	https://carrianne.co.jp/office	info@carrianne.jp	06-6125-5581	5310076	大阪府	大阪市北区大淀中２丁目１－１小川ビル４階ヨリドコワーキン内	大阪府大阪市北区大淀中２丁目１－１小川ビル４階ヨリドコワーキン内	ブランド戦略のコンサルティングを提供する企業	2007年8月に大阪府に設立された企業であり、広告・制作、コンサルティング、デザイン、販促コンサル、経営コンサルの業界で事業を展開しています。ブランド戦略のコンサルティングを提供し、販売アドバイザリー事業を行っております。	コンサルティング	経営コンサル
ＵＮＩＩＤＥＯ株式会社	4120001130210	25	https://info.uniideo.com/brand/contact/	https://uniideo.com/company/outline/	info@notio-inc.com	03-6712-7958	1530042	東京都	目黒区青葉台１丁目２０番４号	東京都目黒区青葉台１丁目２０番４号	中小企業のブランド戦略を支援する会社	東京都に拠点を置く中小企業のブランド戦略を支援する会社です。2008年4月1日に設立され、ブランド戦略策定事業、マーケティングコンサルティング事業、市場リサーチ事業、企業内トレーニングアウトソーシング事業、クリーニング代行事業を展開しています。主に人材・アウトソーシング、その他サービス、コンサルティング、企業研修、販促コンサル、組織コンサル、研究・調査・リサーチ、経営コンサルの業界に属しています。	コンサルティング	経営コンサル
エタニティ株式会社	4120001132561	2	http://www.msc-eternity.com/inquiry.htm	http://www.msc-eternity.com/enterprise.htm	info@msc-eternity.com	06-6946-7340	5400013	大阪府	大阪市中央区内久宝寺町４丁目４番１号ＭＳＣビル	大阪府大阪市中央区内久宝寺町４丁目４番１号ＭＳＣビル	企業が経営上の問題を解決したり、広告制作や宣伝を行う業界	大阪府に拠点を置く企業です。同社は広告・制作、機械、不動産、コンサルティングなどの業界で広告クリエイティブ事業やアミューズメント機器製作事業を展開しています。エタニティ株式会社は、企業の経営上の問題を解決し、広告制作や宣伝を行うことにより、クライアントのビジネスをサポートしています。	コンサルティング	経営コンサル
株式会社アイレック	4120001133551	0	https://www.t-irec.com/%E3%81%8A%E5%95%8F%E3%81%84%E5%90%88%E3%82%8F%E3%81%9B/		info@t-irec.com	06-6486-3171	5460013	大阪府	大阪市東住吉区湯里４丁目２番９号	大阪府大阪市東住吉区湯里４丁目２番９号	都市開発や商業地の振興をサポート・アドバイスする企業	2001年11月に設立された大阪府に拠点を置く企業です。同社は都市開発や商業地の振興をサポート・アドバイスすることを主な業務としており、マーケティングコンサルティング事業や研修セミナー事業を展開しています。さらに、人材・アウトソーシング、コンサルティング、セミナー、販促コンサル、経営コンサルなど多岐にわたる業界において活動しています。	コンサルティング	経営コンサル
株式会社アルゴコンサルティング	4120001133675	1	http://www.argoconsulting.co.jp/contuctus	http://www.argoconsulting.co.jp/		06-6226-5660	5410041	大阪府	大阪市中央区北浜２丁目５番２３号	大阪府大阪市中央区北浜２丁目５番２３号			コンサルティング	経営コンサル
株式会社バリューシンク	4120001136356	1	https://sec26.alpha-lt.net/valuethink.co.jp/index.html	https://valuethink-co-jp.secure-web.jp/about/index.html	info_mail@valuethink.co.jp	06-6940-7160	5300012	大阪府	大阪市北区芝田１丁目４番１７号	大阪府大阪市北区芝田１丁目４番１７号	経営コンサルティングや企業研修などを提供している企業	2009年2月に設立された大阪府を拠点に、経営コンサルティングや企業研修などを提供している企業です。主な事業としては、セミナー企画・運営事業、企業内トレーニングアウトソーシング事業、そして経営研修事業を展開しています。主要業種は人材・アウトソーシング、コンサルティング、企業研修、セミナー、経営コンサルです。	コンサルティング	経営コンサル
ビズキューブ・コンサルティング株式会社	4120001143889	104	https://bizcube.co.jp/contact/	https://bizcube.co.jp/corporate/	privacy.biz@bc-hd.com	06-4704-2288	5410056	大阪府	大阪市中央区久太郎町３丁目３番９号	大阪府大阪市中央区久太郎町３丁目３番９号	店舗ビジネスに特化したコンサルティング企業	2001年8月23日に設立された大阪府を拠点とする店舗ビジネスに特化したコンサルティング企業です。同社は営業支援サービス事業、保険アドバイザリー事業、ペイメントサービス事業、言語通訳・翻訳サービス事業を展開しています。金融、人材・アウトソーシング、コンサルティング、クレジット・決済代行、翻訳・通訳、資産運用コンサル、経営コンサル、その他コンサルという幅広い産業にサービスを提供しています。	コンサルティング	経営コンサル
株式会社メンバーズネット	4120001166543	1	http://www.members-net.com/contact.html	http://www.members-net.com/		06-6940-3755	5400029	大阪府	大阪市中央区本町橋２番２６号	大阪府大阪市中央区本町橋２番２６号	資金調達やコスト削減に関するコンサルティングを提供する企業	2012年10月に大阪府で設立された企業であり、医療器具販売事業を展開しています。また、医療・製薬・福祉、金融、コンサルティング、医療機器、保険、経営コンサルの業界において、資金調達やコスト削減に関するコンサルティングサービスを提供しています。	コンサルティング	経営コンサル
株式会社ピカ塾	4120001166790	2	https://pikajuku.webnode.jp/contact-us/	https://pikajuku.webnode.jp/	pikajuku@gmail.com	06-6325-6249	5330033	大阪府	大阪市東淀川区東中島１丁目１７番５号	大阪府大阪市東淀川区東中島１丁目１７番５号	企業経営に関するコンサルティングを提供している企業	大阪府に拠点を置く企業で、企業経営に関するコンサルティングを提供しています。また、言語通訳・翻訳サービス事業も展開しており、2011年10月に設立されました。主な業界は人材・アウトソーシング、コンサルティング、翻訳・通訳、経営コンサルです。	コンサルティング	経営コンサル
株式会社モデリング	4120001168457	1	http://modeling-3c.com/contact	http://modeling-3c.com	info@modeling-3c.com	06-6121-2641	5410056	大阪府	大阪市中央区久太郎町１丁目６番２７号	大阪府大阪市中央区久太郎町１丁目６番２７号	エステサロン専門の経営アドバイザーを提供する企業	2012年1月に大阪府に設立された企業です。エステサロン専門の経営アドバイザーを提供することを主な事業としています。広告クリエイティブ事業、研修セミナー事業、企業内トレーニングアウトソーシング事業、人材戦略コンサルティング事業などを展開しており、広告・制作、人材・アウトソーシング、コンサルティング、企業研修、セミナーなど様々な業務を提供しています。	コンサルティング	経営コンサル
Ｃ３マーケティング株式会社	4120001175461	1	http://c3marketing.co.jp/contact/	http://c3marketing.co.jp/			5310071	大阪府	大阪市北区中津６丁目４番３－９０１号	大阪府大阪市北区中津６丁目４番３－９０１号	ビジネス支援を主力に多様なコンサルティングサービスを提供する企業	大阪府に拠点を置き、ビジネス支援を主力に多様なコンサルティングサービスを提供している企業です。同社の主な業務は海外ビジネスアドバイザリー事業であり、コンサルティングや経営コンサルをはじめとする幅広い分野でのサービスを提供しています。	コンサルティング	経営コンサル
オクマン株式会社	4120001180866	0	http://okuman.jp/contact/	http://www.okuman.jp		06-6940-0533	5400035	大阪府	大阪市中央区釣鐘町１丁目６－２橋本ビル４０７号室	大阪府大阪市中央区釣鐘町１丁目６－２橋本ビル４０７号室	不動産取引と管理、Web事業などを行う企業	大阪府に拠点を置き、不動産取引と管理、Web事業などを行っている企業です。2013年12月に設立され、広告・制作、不動産、コンサルティングなどの業界で活動しています。主な業務には、不動産投資物件仲介事業、マンション運営管理事業、時間貸し駐車場運営事業などがあります。	コンサルティング	経営コンサル
株式会社Ｖｅｌｉｅｆ	4120001188868	0	http://velief.net/contact/	http://velief.net/		06-6556-6291	5560011	大阪府	大阪市浪速区難波中３丁目５番１２号	大阪府大阪市浪速区難波中３丁目５番１２号	金融計画を提供する企業	大阪府に所在し、金融計画を提供する企業です。2015年2月に設立され、士業、金融、広告・制作、生活関連サービスなど、多岐にわたる業界で活動しています。写真集制作事業、税務アドバイザリー事業、美容機器流通卸売事業など、幅広いジャンルの事業を展開しており、顧客のニーズに応じたサービスを提供しています。	コンサルティング	経営コンサル
株式会社ｕｌｕコンサルタンツ	4120001189239	4	http://www.ulu-consultants.co.jp/contact/	http://www.ulu-consultants.co.jp/	info@ulu-consultants.co.jp	06-6282-7538	5410046	大阪府	大阪市中央区平野町４丁目８番５号	大阪府大阪市中央区平野町４丁目８番５号	事業承継や戦略策定を支援するコンサルティング会社	2015年3月に設立された大阪府を拠点とするコンサルティング会社です。同社は、事業承継や戦略策定を支援することを主な業務としており、人事制度アドバイザリー事業、ビジネス承継支援事業、企業内トレーニングアウトソーシング事業、経営コンサルティング事業を展開しています。ｕｌｕコンサルタンツは、人材・アウトソーシング、コンサルティング、企業研修、組織コンサル、経営コンサルなどの分野で幅広いサービスを提供しています。	コンサルティング	経営コンサル
スリードット株式会社	4120001212355	4	https://three-dots.co.jp/contact/	https://three-dots.co.jp/	info@three-dots.co.jp	06-6459-7783	5500001	大阪府	大阪市西区土佐堀１丁目６－２０新栄ビル	大阪府大阪市西区土佐堀１丁目６－２０新栄ビル	WEB制作やSEOなどのビジネス相談を提供する企業	大阪府に拠点を置く企業であり、WEB制作やSEOなどのビジネス相談を提供しています。広告クリエイティブ事業、Webマーケティング支援事業、検索エンジン最適化対策事業を展開しており、2018年4月5日に設立されました。スリードット株式会社は、広告・制作、IT、コンサルティング、Webマーケコンサル、Web制作、広告制作、その他IT、経営コンサルの業界で活動しています。	コンサルティング	経営コンサル
有限会社コモンズ	4120002068490	3	http://www.common-sense.co.jp/contact/contact.php	https://common-sense.co.jp/	info@common-sense.co.jp	06-7220-4259	5500002	大阪府	大阪市西区江戸堀１丁目１９番３号江戸堀ビル	大阪府大阪市西区江戸堀１丁目１９番３号江戸堀ビル	健康関連サービスの企画・運営をしている企業	2006年3月に大阪府にて設立されました。同社は健康関連サービスの企画・運営を専門としており、イベントプランニング事業、文化教室運営事業、店舗デザイン企画事業、研修セミナー事業、就職セミナー業など、さまざまな事業を展開しています。建設、人材・アウトソーシング、エンタメ・娯楽、教育、コンサルティング、セミナー、イベント、店舗デザイン、各種スクール・教室、組織コンサル、経営コンサルなど、幅広い業界において事業を展開しています。	コンサルティング	経営コンサル
株式会社ホッカイ	4120101020641	25	https://www.hokkai.co.jp/inquiry/	https://www.hokkai.co.jp/company/hokkai_head/		072-438-1381	5900105	大阪府	堺市南区竹城台４丁１０番４号	大阪府堺市南区竹城台４丁１０番４号	ミラー製造・販売グループを統括する企業	大阪府に拠点を置くミラー製造・販売グループを統括する企業です。2003年3月の設立以来、主に財務・会計業務アウトソーシング事業を展開しており、人材・アウトソーシング、コンサルティング、人材派遣、経営コンサルの産業に従事しています。	コンサルティング	経営コンサル
株式会社リーフジャパン	4120101029609	3	http://www.leafjapan.com/contact.html	http://www.leafjapan.com/aboutus.html	info@leafjapan.com	06-6210-5056	5590014	大阪府	大阪市住之江区北島２丁目１０番１０号	大阪府大阪市住之江区北島２丁目１０番１０号	タイに進出する企業に対し、現地視察や法人設立支援、工場用地の紹介などを提供するコンサルタント企業	2010年2月に大阪府に設立されたコンサルタント企業です。同社は海外進出を目指す企業に対し、タイでの現地視察や法人設立支援、工場用地の紹介などのサービスを提供しています。また、海外ビジネスアドバイザリー事業や研修セミナー事業も展開し、人材・アウトソーシング、コンサルティング、セミナー、組織コンサル、経営コンサルなどの幅広い業界に対してサービスを提供しています。	コンサルティング	経営コンサル
株式会社プリメールアセットマネジメント	4120101029682	1	http://prm-s.com/contact/	http://prm-s.com		072-223-1577	5900074	大阪府	堺市堺区北花田口町３丁１番１５号	大阪府堺市堺区北花田口町３丁１番１５号	財務・経理部門のアウトソーシングサービスを提供する企業	2010年11月に大阪府で設立された企業です。同社は、財務・経理部門のアウトソーシングサービスを提供しており、また会議室のレンタル事業も行っています。主な業界は不動産、コンサルティング、財務コンサル、レンタルスペースです。	コンサルティング	財務コンサル
株式会社さつき経営サポートセンター	4120901017903	1	https://satsuki-keiei.com/contact/	https://satsuki-keiei.com/	contact@satsuki-keiei.com	06-6318-5801	5640053	大阪府	吹田市江の木町１７番１号コンパーノビル	大阪府吹田市江の木町１７番１号コンパーノビル	税務・経営コンサルティング企業	大阪府に拠点を構える税務・経営コンサルティング企業です。同社は、職業相談事業、税金対策事業、会計・税務アドバイザリー事業、補助金申請支援事業、およびペイメントサービス事業を展開しています。士業、金融、人材・アウトソーシング、その他サービス、コンサルティングなどの幅広い業界に対応し、税理士、会計士、その他人材、その他サービス、経営コンサルを提供しています。	コンサルティング	経営コンサル
株式会社日本経営ホールディングス	4120901024998	0	https://form.k3r.jp/nkgr/nkgrinquiry	https://nkgr.co.jp/company/access/		06-6868-1158	5610872	大阪府	豊中市寺内２丁目１３番３号	大阪府豊中市寺内２丁目１３番３号	医療機関や福祉施設向けのコンサルティングを専門とする企業	1967年4月に設立された大阪府を拠点とする企業であり、医療機関や福祉施設向けのコンサルティングを専門としています。同社は医療技術製品販売事業、財務アドバイザリー事業、介護事業のコンサルティングサービスを提供しています。主要業種は医療・製薬・福祉、コンサルティング、医療機器、財務コンサル、経営コンサルなどです。	コンサルティング	経営コンサル
株式会社フューチャーワークス	4120901028322	4	http://futureworks-inc.jp/contact.html	http://futureworks-inc.jp/		06-6374-5281	5620043	大阪府	箕面市桜井１丁目５番１３号	大阪府箕面市桜井１丁目５番１３号	企業が、インドネシアやタイでの海外進出を支援してます	2008年2月に設立され、東京都に位置しています。同社は、主に人材・アウトソーシング、コンサルティング、データ入力・事務作業代行などの業界で、許認可手続き代行事業、海外ビジネスアドバイザリー事業、法人設立手続きサポート事業を提供しております。また、インドネシアやタイなどでの海外進出を支援しています。	コンサルティング	経営コンサル
株式会社ＮＥＸＴ　ＳＴＡＧＥ	4130001034179	75	http://nextstage-group.com/contact/	https://nextstage-group.com/company/profile/		06-6622-0333	5450052	大阪府	大阪市阿倍野区阿倍野筋１丁目１番４３号あべのハルカス３３階	大阪府大阪市阿倍野区阿倍野筋１丁目１番４３号あべのハルカス３３階	現場の品質監査業務を行う企業	2006年8月に設立された大阪府に拠点を置く企業です。同社は現場の品質監査業務を行いながら、建設プロジェクトマネジメント事業を展開しています。主に工事・土木、コンサルティング、財務コンサルなどの建設・工事に関連する業界で活動しています。	コンサルティング	財務コンサル
株式会社クリエ神戸	4140001007282	3	https://www.creakobe.net/blank-y4fef	https://www.creakobe.net/	info@creakobe.com	078-366-0615	6500011	兵庫県	神戸市中央区下山手通６丁目１番４号	兵庫県神戸市中央区下山手通６丁目１番４号	経営コンサルタント＆インテリア小物販売企業	兵庫県に拠点を置く経営コンサルタント＆インテリア小物販売企業です。1998年1月に設立され、鞄・バッグ販売業、石鹸製造・販売事業、キーリング販売事業、インナーウェア販売事業、タオル製品販売事業を行っています。主要業界は生活用品、美容・アパレル、小売・販売・卸売、コンサルティング、バッグ・装飾品、日用品、雑貨販売、アパレル販売、経営コンサルです。	コンサルティング	経営コンサル
株式会社ビジネス総合研究所	4140001010369	0	https://www.business-soken.co.jp/contact.php	https://www.business-soken.co.jp/		078-241-3031	6510085	兵庫県	神戸市中央区八幡通４丁目１番２７－６０４号	兵庫県神戸市中央区八幡通４丁目１番２７－６０４号	経営コンサルティング企業は、企業の組織戦略や事業戦略を支援している企業	1982年11月に設立された兵庫県を拠点とする経営コンサルティング企業です。人事制度アドバイザリー事業、海外ビジネスアドバイザリー事業、企業内トレーニングアウトソーシング事業、経営コンサルティング事業を通じて、企業の組織戦略や事業戦略の支援を行っています。株式会社ビジネス総合研究所の業界は人材・アウトソーシング、コンサルティング、企業研修、財務コンサル、組織コンサル、経営コンサル、その他コンサルとなっています。	コンサルティング	経営コンサル
株式会社ブレインワークス	4140001010682	14	https://www.bwg.co.jp/contact/service/	https://www.bwg.co.jp/bw/company/	info@bwg.co.jp	078-325-3303	6500021	兵庫県	神戸市中央区三宮町１丁目４番９号	兵庫県神戸市中央区三宮町１丁目４番９号	中小企業に経営支援を提供する企業	兵庫県を拠点に中小企業に経営支援を提供する企業です。1993年に設立され、マーケティングコンサルティング事業、海外ビジネスアドバイザリー事業、ビデオプロダクション事業を展開しています。業界は主にコンサルティングであり、販促コンサル、経営コンサルなど幅広いサービスを提供しています。	コンサルティング	経営コンサル
株式会社経営開発センター	4140001058656	1	http://www.kei-kai.com/inquiry/#.WffuibVUuM8	https://www.kei-kai.com/	info@kei-kai.com	079-285-0850	6700964	兵庫県	姫路市豊沢町１３５番地	兵庫県姫路市豊沢町１３５番地	医療・介護・福祉を支援する企業が、施設の経営支援を行う企業	兵庫県に所在する医療・介護・福祉を支援する企業が、施設の経営支援を行う企業です。1986年1月に設立され、コンサルティング業務と経営コンサル業務を主な事業としています。	コンサルティング	経営コンサル
株式会社ＫＩＰ	4140001067335	0	http://kip2011.com/mailform/mailform.html	http://kip2011.com		078-371-1678	6500017	兵庫県	神戸市中央区楠町２丁目２番６号	兵庫県神戸市中央区楠町２丁目２番６号	企業の経営全般にわたる支援を行うコンサルティング企業	兵庫県に位置する企業の経営全般にわたる支援を行うコンサルティング企業です。広告クリエイティブ事業、販売アドバイザリー事業、マーケティングコンサルティング事業、Webサイト管理代行事業、人材戦略コンサルティング事業を展開しています。2011年11月に設立され、広告・制作、IT、コンサルティング、総合系コンサル、Webアプリ・サービス運営、デザイン、広告制作、販促コンサル、組織コンサルの各業界で活動しています。	コンサルティング	総合系コンサル
株式会社ゼロプラス	4140001094965	47	http://www.zeroplus-consul.co.jp/contact/index.html	https://www.zeroplus-consul.co.jp/info/		072-764-5340	6640858	兵庫県	伊丹市西台１丁目５番７号２階	兵庫県伊丹市西台１丁目５番７号２階	経営コンサルティングとウェブサイト作成を提供する企業	2014年7月に設立され、兵庫県に拠点を置く経営コンサルティングとウェブサイト作成を提供する企業です。同社は広告・制作、コンサルティング、デザイン、製造業コンサル、経営コンサルの業界に従事しています。	コンサルティング	経営コンサル
株式会社オプティマイズ	4140001106992	0	http://www.optize.jp/%E3%81%8A%E5%95%8F%E5%90%88%E3%81%9B/	https://www.optize.jp/company/		078-742-7666	5380043	大阪府	大阪市鶴見区今津南２丁目２番４号	大阪府大阪市鶴見区今津南２丁目２番４号	経営コンサルティング企業は、異業種交流や事業組織の構築を支援している企業	2017年7月25日に設立された大阪府に拠点を置く経営コンサルティング企業です。同社は異業種交流や事業組織の構築を支援しており、広告・制作、IT、コンサルティング、Webマーケコンサル、デザイン、その他IT、販促コンサル、経営コンサルなどの業界で活動しています。主な業務にはマーケティングコンサルティング事業、Webマーケティング支援事業、検索エンジン最適化対策事業があります。	コンサルティング	経営コンサル
有限会社タスク	4140002026447	3	https://task-kobe.com/contact/	https://task-kobe.com/company/		078-242-6745	6510083	兵庫県	神戸市中央区浜辺通３丁目１番３１号クローバーハイツ三宮９０４	兵庫県神戸市中央区浜辺通３丁目１番３１号クローバーハイツ三宮９０４	起業家や新規事業を支援し、人材の採用・派遣なども行う企業	2005年9月に兵庫県を拠点に設立され、起業家や新規事業を支援し、人材の採用・派遣なども行う企業です。同社は、衛生管理サービス事業や衛生アドバイザリー事業を主に展開し、飲食・外食、人材・アウトソーシング、エンタメ・娯楽、給食、人材紹介、イベントなどの幅広い業界においてサービスを提供しています。また、経営コンサルティングなどのコンサルタント業も行っています。	コンサルティング	経営コンサル
有限会社アクセル	4140002055487	1	http://axcel.co.jp/contact/	https://www.axcel.co.jp/	info@axcel.co.jp	03-6868-3388	1510053	東京都	渋谷区代々木１丁目２５番５号	東京都渋谷区代々木１丁目２５番５号			コンサルティング	経営コンサル
株式会社５Ｄｏｏｒｓ’	4180001054957	13	http://www.5doors.jp/contact.html	http://www.5doors.jp/	post@5doors.jp	0568-94-7871	4870005	愛知県	春日井市押沢台７丁目１０番地９	愛知県春日井市押沢台７丁目１０番地９	企業向け経営アドバイスと資格試験準備サポート会社	愛知県に所在する企業向け経営アドバイスと資格試験準備サポート会社である。2004年11月に設立されたこの会社は、資格取得サポート事業、マーケティングコンサルティング事業、営業支援サービス事業、高齢者向け施設運営事業を展開しており、主に医療・製薬・福祉、教育、コンサルティングの業界で活動している。	コンサルティング	経営コンサル
株式会社コスモコンサルティング	4180001065913	1	http://www.cosmo-consul.com/contact/index.html	https://www.cosmo-consul.com/company/	ask@cosmo-consul.com	052-833-6924	4680069	愛知県	名古屋市天白区表山３丁目１５番地の６サニーヒル表山９－２０６	愛知県名古屋市天白区表山３丁目１５番地の６サニーヒル表山９－２０６	企業の経営改革を支援するIT戦略コンサルティング企業	愛知県に拠点を置くIT戦略コンサルティング企業です。2008年6月に設立され、企業の経営改革を支援することを主な業務としています。Webマーケティング支援事業、人材戦略コンサルティング事業、システムインテグレーション事業などを展開し、IT業界やコンサルティング業界において幅広いサービスを提供しています。	コンサルティング	経営コンサル
株式会社リード総合研究所	4180001066481	0	https://lead-kanri.com/contact/	http://www.kk-lead.co.jp/outline/index.html		052-350-5750	4600013	愛知県	名古屋市中区上前津２丁目１３番１９号	愛知県名古屋市中区上前津２丁目１３番１９号	事業改善を支援する企業	愛知県に位置する2008年設立の事業改善を支援する企業です。主にコンサルティングおよび経営コンサルの業務を展開しています。	コンサルティング	経営コンサル
株式会社マニフェスト	4180001072901	59	http://manifest.co.jp/#contact	https://manifest.co.jp/company/		052-253-8977	4600002	愛知県	名古屋市中区丸の内３丁目１８番１号	愛知県名古屋市中区丸の内３丁目１８番１号	営業の相談・支援を行う会社	愛知県に位置する営業の相談・支援を行う会社です。2008年3月13日に設立され、主な事業はマーケティングコンサルティング、海外ビジネスアドバイザリー、人材派遣などのサービス提供です。人材・アウトソーシング、コンサルティング、販促コンサルなど多岐にわたる業界で活動しています。	コンサルティング	経営コンサル
株式会社アンカー	4180001081365	0	https://www.ryukyujima.net/inquiry/?ShopCode=076769	http://www.ryukyujima.net/shop_info.php?ShopCode=076769&amp;KindCode=200&amp;AreaCode2=&amp;M=Company_info		050-3636-2270	9011511	沖縄県	南城市知念字久手堅４０５番地１	沖縄県南城市知念字久手堅４０５番地１	沖縄で観光と飲食事業を営む企業	2002年3月に沖縄県で設立された、観光と飲食事業を営む企業です。主に沖縄の魅力を活かした観光施設の運営や地域の特産品を使用した飲食店の経営を行っています。また、コンサルティングや経営コンサル業務も行っており、地域の発展に貢献しています。	コンサルティング	経営コンサル
株式会社ネクストステージビジネスコンサルティング	4180001089284	1	http://ns-bc.com/contact1.html	http://ns-bc.com/	k_suzuki@ns-bc.com	050-5491-5745	4510045	愛知県	名古屋市西区名駅１丁目１番１７号	愛知県名古屋市西区名駅１丁目１番１７号	ビジネスアドバイザリー企業 - 経営と接客業務のサポート	愛知県に拠点を構えるビジネスアドバイザリー企業です。同社は経営と接客業務のサポートを提供しており、主要な業務として営業支援サービス事業に従事しています。その経験に基づき、コンサルティング、経営コンサル、その他コンサルの分野でも幅広く活動しています。	コンサルティング	経営コンサル
株式会社ワンネス・コンサルティング	4180001102617	1	http://www.oneness-consulting.com/inquiry/	http://www.oneness-consulting.com/service/	info@oneness-consulting.com	052-990-1362	4600008	愛知県	名古屋市中区栄２丁目２番１号	愛知県名古屋市中区栄２丁目２番１号	経営コンサルティングや人材育成セミナーを提供する企業	2011年9月に愛知県に設立された経営コンサルティングや人材育成セミナーを提供する企業です。同社は組織分析コンサルティング事業、営業支援サービス事業、研修セミナー事業、企業内トレーニングアウトソーシング事業、講義者派遣事業などを展開しており、主に人材・アウトソーシング、コンサルティング、企業研修、セミナー、人材派遣、組織コンサル、経営コンサルなどの業界に従事しています。	コンサルティング	経営コンサル
株式会社ビューティープロ	4180001104951	2	http://www.beautypro.co.jp/75contact/	https://www.biyoushi-narou.com/company/	info@beautypro.co.jp	045-624-9093	2220033	神奈川県	横浜市港北区新横浜３丁目１７番２０号ヒューマンハイム新横浜	神奈川県横浜市港北区新横浜３丁目１７番２０号ヒューマンハイム新横浜	美容室の経営支援やセミナーを提供する企業	2012年3月に神奈川県に設立された企業です。同社は美容室の経営支援やセミナーを提供しており、ダイレクトメール制作事業、セミナー企画・運営事業、美容室・サロン経営コンサルティング業、広告物デザイン制作事業、求職者向け情報提供サイト運営事業、求人情報誌出版事業、経営研修事業などの業務を展開しています。同社の業界は広告・制作、IT、人材・アウトソーシング、コンサルティング、Webアプリ・サービス運営、企業研修など多岐にわたります。	コンサルティング	経営コンサル
有限会社オフィスケイ	4180002011701	0	https://www.zenbuomakase.com/blank-vahld	https://www.zenbuomakase.com			4680015	愛知県	名古屋市天白区原３丁目３０１番地	愛知県名古屋市天白区原３丁目３０１番地	ビジネスコンサルティングと美容製品の卸売を行う企業	1986年9月に設立された愛知県を拠点とする企業です。同社はビジネスコンサルティングと美容製品の卸売を主要な事業として展開しており、美容機器の流通卸売事業や美容品の卸売事業に従事しています。広告・制作、商社、小売・販売・卸売、コンサルティング、Web制作、デザイン、美容グッズ販売、日用品・化粧品商社、経営コンサルなどさまざまな業界で幅広い経験を持つ会社です。	コンサルティング	経営コンサル
有限会社アプレスキー	4180002021072	6	http://form1.fc2.com/form/?id=281103	http://www.freestyle.co.jp/		052-807-1022	4680004	愛知県	名古屋市天白区梅が丘３丁目１０１番地	愛知県名古屋市天白区梅が丘３丁目１０１番地	スキー場やウォータージャンプ場の運営や企画を行う会社	1992年に愛知県に設立され、スキー場やウォータージャンプ場の運営や企画を行う会社です。エンタメ・娯楽、コンサルティング、観光・宿泊・レジャーなどの産業においてイベントプランニング事業、ビジネスコンサルティング事業、スキーリゾート運営事業を展開しています。有限会社アプレスキーは、レジャー施設やイベント、経営コンサルにおいて総合的なサービスを提供しています。	コンサルティング	経営コンサル
ＮＢＲ合同会社	4180003015560	1	http://nbrllc.jp/about/%E3%81%8A%E5%95%8F%E3%81%84%E5%90%88%E3%82%8F%E3%81%9B/	https://nbrllc.jp/会社概要/		052-581-2588	4620825	愛知県	名古屋市北区大曽根３丁目１０番４号	愛知県名古屋市北区大曽根３丁目１０番４号	中小企業の再生支援を行うコンサルティング企業	愛知県に拠点を置く中小企業の再生支援を行うコンサルティング企業であり、営業支援サービス事業を展開しています。2014年5月に設立され、主にコンサルティング、経営コンサル、その他コンサル業界で活動しています。	コンサルティング	経営コンサル
株式会社ハクヨプロデュースシステム	4180301010429	5	http://www.hakuyo-ps.co.jp/contactform/	https://www.hakuyo-ps.co.jp/company/produce/		0533-89-0077	4420888	愛知県	豊川市千歳通４丁目１８番地	愛知県豊川市千歳通４丁目１８番地	商業施設を生産する企業	愛知県に本社を置く商業施設を生産する企業です。1993年に設立され、市場リサーチ事業、イベントプロデュース事業、商業施設デザイン事業、ショッピングセンター開発事業、経営管理システム開発・提供事業、テナント獲得事業などを展開しています。建設、工事・土木、IT、人材・アウトソーシング、エンタメ・娯楽など幅広い業界で活躍し、企業研修、研究・調査・リサーチ、インテリア系デザインなどのサービスも提供しています。	コンサルティング	総合系コンサル
株式会社コネクトライズ	4190001019579	0	http://t-effect.jp/?page_id=14	http://t-effect.jp/		03-6904-1131	3540015	埼玉県	富士見市東みずほ台１丁目５番地１	埼玉県富士見市東みずほ台１丁目５番地１	資金調達のコンサルを提供する企業	2011年11月に東京都に設立された資金調達のコンサルを提供する企業です。同社は営業支援サービス事業と金融機関向けアドバイザリー事業を展開しており、コンサルティング、経営コンサル、その他コンサルの業界で活動しています。	コンサルティング	経営コンサル
株式会社ロジセンス	4190001021733	4	https://logisense.co.jp/contact/inquiry	https://logisense.co.jp/	info@logisense.co.jp	0596-65-7545	5160007	三重県	伊勢市小木町１２８番地１	三重県伊勢市小木町１２８番地１	コンサル企業で、経営戦略や人材教育などを支援企業	三重県に拠点を構えるコンサル企業です。同社は、経営戦略や人材教育などの支援を通じて、企業の成長をサポートしています。ブランド戦略策定事業、ウェブサイトのコンサルティング事業、Webマーケティング支援事業、人材戦略コンサルティング事業を提供するなど、ITやコンサルティングに特化したさまざまなサービスを展開しています。	コンサルティング	経営コンサル
株式会社ＣＭＣ	4200001003358	9	http://www.cmc.ne.jp/recruit/ask.php	http://www.cmc.ne.jp/index.htm		058-215-7007	5016133	岐阜県	岐阜市日置江１丁目５８番地	岐阜県岐阜市日置江１丁目５８番地	経営コンサルタント企業が、企業経営のアドバイスを提供企業	1991年に岐阜県で設立された経営コンサルタント企業です。企業経営のアドバイスを提供するだけでなく、企業向けシステム開発事業、税務アドバイザリー事業、資産管理アドバイザリー事業、保険アドバイザリー事業、相続アドバイザリー事業、ライフプランアドバイザリー事業など幅広い業務を展開しています。株式会社ＣＭＣは士業、IT、コンサルティングなどの多岐にわたる産業において、税理士、Webアプリ・サービス運営、受託開発、資産運用コンサル、経営コンサル、その他コンサルとして活躍しています。	コンサルティング	経営コンサル
ティエラーク株式会社	4200001028826	3	http://tielark.com/contact/index.html	http://tielark.com/index.html		052-684-4099	4600002	愛知県	名古屋市中区丸の内２丁目１７番１３号ＮＫ丸の内ビル８Ｆ	愛知県名古屋市中区丸の内２丁目１７番１３号ＮＫ丸の内ビル８Ｆ	店舗コンサルティング企業が販促アプリを活用企業	愛知県に拠点を置く店舗コンサルティング企業であり、販促アプリを活用した企業です。2012年11月に設立され、主な事業は税務アドバイザリー、保険アドバイザリー、相続アドバイザリー、および通信コンサル業です。士業、金融、通信・PC、コンサルティング、税理士、その他通信、保険代理店、資産運用コンサル、経営コンサルなどの業界で活動しています。	コンサルティング	経営コンサル
株式会社インサイドアウト	4200001032200	0	http://office-insideout.biz/contact/	http://office-insideout.biz/about		090-9911-7274	5096134	岐阜県	瑞浪市松ヶ瀬町２丁目２８番地の８	岐阜県瑞浪市松ヶ瀬町２丁目２８番地の８	企業が事業承継コンサル、研修、セミナーを提供企業	2011年1月に岐阜県で設立された企業です。同社は、企業の事業承継コンサル、研修、セミナーを提供することを専門としています。営業支援サービス事業、研修セミナー事業、経営研修事業を展開し、人材・アウトソーシング、コンサルティング、企業研修、セミナー、経営コンサル、その他コンサルなどの業種に携わっています。	コンサルティング	経営コンサル
株式会社とわコンサルティング	4200001032415	1	https://www.towa-account-group.com/%E4%BC%9A%E7%A4%BE%E6%A6%82%E8%A6%81-%E3%81%8A%E5%95%8F%E5%90%88%E3%81%9B/	https://www.towa-account-group.com/		058-214-3972	5008869	岐阜県	岐阜市元宮町２丁目１９番地	岐阜県岐阜市元宮町２丁目１９番地	企業の経営を支援するコンサルタント企業	2016年1月4日に岐阜県で設立された企業です。同社はコンサルタント企業であり、主に企業の経営を支援しています。業界はコンサルティングおよび経営コンサルです。	コンサルティング	経営コンサル
株式会社木村経営ブレーン	4220001002366	3	https://www.kkb-jp.com/inquiry/	https://www.kkb-jp.com/	info@kkb-jp.com	076-260-1666	9200027	石川県	金沢市駅西新町３丁目４番３３号	石川県金沢市駅西新町３丁目４番３３号	財務・相続・医療・M&Aを専門とする企業	1982年6月に石川県に設立されたコンサルティング企業です。同社は財務・相続・医療・M&Aを専門とし、文書作成代行事業や医療開業支援業を提供しています。木村経営ブレーンは、財務コンサルや経営コンサルを主要な業務としています。	コンサルティング	経営コンサル
株式会社アックス	4220001010204	0	http://www.axe-kanazawa.jp/inquiry/index.html	https://axe-kanazawa.jp/	axe@citrus.ocn.ne.jp	076-233-7776	9200965	石川県	金沢市笠舞１丁目２１番１０号	石川県金沢市笠舞１丁目２１番１０号	企業が経営コンサル、起業支援などを行う企業		コンサルティング	経営コンサル
株式会社マスタック経営コンサルタント	4230001006960	0	http://www.mastac-g.jp/contact.htm	http://www.mastac-g.jp/company_mastac_keiei.html	mail@mastac-g.jp	076-441-7282	9300846	富山県	富山市奥井町２２番６号	富山県富山市奥井町２２番６号	コンサル企業で、経営向上を支援する企業	富山県に所在するコンサル企業です。2009年12月に設立され、人材・アウトソーシング、教育、コンサルティングなどの事業を展開しています。同社は資格取得サポート事業や企業内トレーニングアウトソーシング事業を通じて、経営向上を支援しています。	コンサルティング	経営コンサル
株式会社フォーシーズンズ	4230001011333	21	http://www.f-s-z.jp/contact.html	http://www.f-s-z.jp/		0766-63-5039	9391104	富山県	高岡市戸出町３丁目２３番７７号	富山県高岡市戸出町３丁目２３番７７号	「8番らーめん」を運営・経営支援する企業	富山県に拠点を置く、「8番らーめん」を運営・経営支援する企業です。同社は、ラーメン店舗運営事業、販売管理ソフトウェア開発事業、商品開発アドバイザリー事業、営業活動支援システム開発事業、フランチャイズチェーン事業を展開しています。1987年に設立され、飲食・外食、IT、その他サービス、コンサルティング、Webアプリ・サービス運営、飲食コンサル、販促コンサル、その他団体、受託開発、中華・ラーメン、経営コンサル、その他コンサル、その他外食の業界で活動を行っています。	コンサルティング	経営コンサル
株式会社ユアーズブレーン	4240001016496	30	https://www.yb-satellite.co.jp/inquiry.html	https://www.yb-satellite.co.jp/company.html		082-243-7331	7300042	広島県	広島市中区国泰寺町１丁目３番２９号ＭＲＲデルタビル３階	広島県広島市中区国泰寺町１丁目３番２９号ＭＲＲデルタビル３階	経営コンサル、税理業務を企業・病院に提供する企業	広島県に本社を置く経営コンサルティング及び税理業務を提供する会社であり、1982年に設立されました。同社は会計・税務アドバイザリー事業を主要業務とし、株式会社ユアーズブレーンは士業、コンサルティング、医療コンサルティング、会計士、財務コンサルティング、経営コンサルティングの産業に属しております。	コンサルティング	経営コンサル
ビズリンク・アドバイザリー株式会社	4240001017949	11	https://www.biz-link.co.jp/form/contact/	https://www.biz-link.co.jp/company/		082-241-1222	7300031	広島県	広島市中区紙屋町１丁目１番１７号広島ミッドタウンビル３階	広島県広島市中区紙屋町１丁目１番１７号広島ミッドタウンビル３階	企業の経営・財務をアドバイスする企業	広島県に拠点を置く企業であり、企業の経営・財務をアドバイスすることを専門としています。同社の主な業務は、資金管理支援事業であり、コンサルティング、財務コンサル、組織コンサル、経営コンサルなどを提供しています。ビズリンク・アドバイザリーは、顧客の成長と発展をサポートするため、高度な専門知識と経験豊富なチームと共に努力しています。	コンサルティング	経営コンサル
有限会社品質経営	4240002023120	1	http://qmcc.jp/form1.html	http://qmcc.jp/index.html	hinshitu@ms3.megaegg.ne.jp	082-231-1471	7300836	広島県	広島市中区江波栄町１１番２４号	広島県広島市中区江波栄町１１番２４号	製造業向け経営コンサルティング企業	広島県に位置する製造業向け経営コンサルティング企業であり、1997年10月に設立されました。同社は主に商品開発アドバイザリー事業を展開しており、コンサルティング、経営コンサル、その他コンサルなどの業界で活動しています。	コンサルティング	経営コンサル
株式会社アネスト経営	4250001007726	2	http://www.bizup.co.jp/form/00siryo_02/	http://www.bizup.jp/member/anest		083-263-3151	7510875	山口県	下関市秋根本町２丁目１０番１４号スカイビル３Ｆ	山口県下関市秋根本町２丁目１０番１４号スカイビル３Ｆ	経理・会計コンサルティング企業	山口県に拠点を置く経理・会計コンサルティング企業であり、2009年7月に設立されました。同社は、会計システムコンサルティング事業、相続アドバイザリー事業、会計・税務アドバイザリー事業、財務・会計業務アウトソーシング事業、システムインテグレーション事業、遺言作成支援事業などを展開しており、士業、IT、人材・アウトソーシング、その他サービス、コンサルティング、Webアプリ・サービス運営などの業界にサービスを提供しています。	コンサルティング	財務コンサル
株式会社日報ステーション	4250001008567	2	http://nippo-st.com/support.html	https://www.nippo-st.com/company/	info@visiform.jp	083-976-4124	7540029	山口県	山口市小郡維新町１番２	山口県山口市小郡維新町１番２	小規模企業のコンサルタント企業	山口県を拠点に活動する小規模企業のコンサルタント企業であり、2011年3月に設立されました。同社はセミナー企画・運営事業、研修セミナー事業、商品開発アドバイザリー事業を展開しており、人材・アウトソーシング、コンサルティング、企業研修、セミナー、販促コンサル、経営コンサルなどの業界において幅広いサービスを提供しています。	コンサルティング	経営コンサル
株式会社タスクエリート	4250001011042	0	https://taskelite.wixsite.com/index/blank-2	https://taskelite.wixsite.com/index/blank-3		0833-71-2435	7430031	山口県	光市虹ケ丘５丁目１０番２２号	山口県光市虹ケ丘５丁目１０番２２号	営業の戦略策定、活動代行、教育イベント運営などを行う企業	2010年10月に山口県で設立された企業です。広告・制作、IT、人材・アウトソーシング、エンタメ・娯楽、コンサルティングなど複数の業界で活動しており、営業戦略の策定や活動代行、教育イベントの運営などを行っています。また、チラシ配布代行事業やイベントプランニング事業、Webマーケティング支援事業など様々なサービスも提供しています。	コンサルティング	経営コンサル
株式会社Ｘｉｓｔ	4260001026403	7	http://xist.co.jp/inquiry	http://xist.co.jp/	info@xist.jp	0120-119-419	7100813	岡山県	倉敷市寿町３－２寿プラザ２０２号室	岡山県倉敷市寿町３－２寿プラザ２０２号室	個別指導塾のコンサルティングを専門とする企業	岡山県に拠点を置く個別指導塾のコンサルティングを専門とする企業です。教育支援事業、コンピュータプログラム学習支援事業、個別指導塾運営事業を展開しており、2013年10月に設立されました。ＸｉｓｔはIT、教育、コンサルティング、塾・予備校、IT系教育、受託開発、経営コンサルを手がけています。	コンサルティング	経営コンサル
第一技術情報株式会社	4290001026152	0	http://www.daiichi-gijutsu-joho.com/postmail/contact.html	http://www.daiichi-gijutsu-joho.com/index.html	dgj@daiichi-gijutsu-joho.com	092-717-7700	8100044	福岡県	福岡市中央区六本松４丁目１１番２５号	福岡県福岡市中央区六本松４丁目１１番２５号	建設企業の移転・継承・合併を支援する企業	福岡県を拠点に、建設企業の移転・継承・合併を支援する企業です。同社は、その他サービス業や経営コンサル業界に位置づけられ、ビジネス承継支援事業を担当しています。第一技術情報株式会社は、高品質なコンサルティングサービスを提供し、建設企業の円滑な事業承継をサポートしています。	コンサルティング	経営コンサル
株式会社マイコンセプト	4290001026953	0	https://www.secure-cloud.jp/sf/1392596101iUiSiaIs	http://www.ishindenshin.jp	info@ishindenshin.jp	092-801-7643	8140143	福岡県	福岡市城南区南片江１丁目１８番８号	福岡県福岡市城南区南片江１丁目１８番８号	MC人間学を活用した経営コンサルティングを提供する企業	福岡県を拠点にMC人間学を活用した経営コンサルティングを提供している企業です。主にマーケティングコンサルティングの事業に携わり、2006年に設立されました。主な業界は人材・アウトソーシング、コンサルティング、企業研修、販促コンサル、組織コンサル、経営コンサルです。	コンサルティング	経営コンサル
株式会社ａｐマネジメント	4290001028529	4	http://ap-mng.com/contact	http://ap-mng.com/	info@ap-mng.com	092-737-3331	8100041	福岡県	福岡市中央区大名１丁目９番３０号	福岡県福岡市中央区大名１丁目９番３０号	医療機関や中小企業の経営支援を専門とする企業	2007年2月に福岡県に設立された、医療機関や中小企業の経営支援を専門とする企業です。同社は営業支援サービス事業、ビジネスコンサルティング事業、医療開業支援業を展開し、コンサルティング、経営コンサル、その他コンサル、不動産コンサルという業界で活動しています。	コンサルティング	経営コンサル
株式会社ビザイン	4290001030294	1	http://www.bizign-g.com/contact/	https://www.bizign.jp/company	contact@bizign.jp	0120-287-387	1800002	東京都	武蔵野市吉祥寺東町１丁目１２番１２号	東京都武蔵野市吉祥寺東町１丁目１２番１２号	M&Aや経営コンサルティングのサポートを提供する企業	東京都に位置するコンサルティング企業です。同社はM&Aや経営コンサルティングのサポートを提供しており、主に経営コンサル業界で活動しています。	コンサルティング	経営コンサル
株式会社Ｍｅｒｃｕｒｙ	4290001031169	2	http://www.mercuryltd.co.jp/form/	http://www.mercuryltd.co.jp	info@mercuryltd.co.jp	092-737-9881	8100021	福岡県	福岡市中央区今泉２丁目４番５１号	福岡県福岡市中央区今泉２丁目４番５１号	商業施設開発のコンサルティングを専門とする企業	福岡県に位置する商業施設開発のコンサルティングを専門とする企業であります。同社は、2008年1月に設立され、市場リサーチ事業、営業支援サービス事業、賃貸物件管理事業、ショッピングセンター開発事業、テナント獲得事業、商業施設運営管理事業を展開しております。主に建設、その他サービス、不動産、小売・販売・卸売、コンサルティングなどの分野で活動を行っており、百貨店、不動産管理、商業施設企画・設計、研究・調査・リサーチ、経営コンサルなどが含まれます。	コンサルティング	経営コンサル
株式会社プロセスプラス	4290001031441	2	http://www.processplus.jp/contact	http://www.processplus.jp/		092-403-7796	8100041	福岡県	福岡市中央区大名２丁目１１番１９号	福岡県福岡市中央区大名２丁目１１番１９号	商業施設コンサル企業	福岡県に拠点を置く商業施設コンサル企業です。同社は2007年4月に設立され、マーケティングコンサルティング事業、営業支援サービス事業、店舗空間デザイン事業、店舗デザイン企画事業、店舗設計事業を展開しています。主に建設、工事・土木、コンサルティング、飲食コンサル、販促コンサル、店舗デザイン、建設・土木設計、商業施設企画・設計、経営コンサル、その他コンサル、インテリア系デザインの業界で活動しています。	コンサルティング	経営コンサル
福岡総合コンサルティング株式会社	4290001060738	0	https://www.fgc2012.com/contact	https://www.fgc2012.com/		092-477-8215	8120011	福岡県	福岡市博多区博多駅前３丁目７番３５号	福岡県福岡市博多区博多駅前３丁目７番３５号	企業が経営や人材育成に関するコンサルティングを行う企業	福岡県に位置し、企業が経営や人材育成に関するコンサルティングを行う企業です。2012年10月に設立され、人事制度アドバイザリー事業、カスタマーサービス研修事業、ビジネス承継支援事業を提供しています。主な業種は、人材・アウトソーシング、その他サービス、コンサルティング、企業研修、組織コンサル、経営コンサル、その他コンサル、不動産コンサルです。	コンサルティング	経営コンサル
ＫＵＭ株式会社	4290001069721	16	http://kum.co.jp/contact/	https://kum.co.jp/company		092-753-6385	8120013	福岡県	福岡市博多区博多駅東２丁目４番１７号第六岡部ビル７階	福岡県福岡市博多区博多駅東２丁目４番１７号第六岡部ビル７階	企業を現地で改善する会社	福岡県に拠点を置き、企業を現地で改善する会社です。2015年7月に設立され、主な事業はシステムマネジメント事業、経営管理システム開発・提供事業、システムインテグレーション事業、基幹システム運用支援事業です。主にIT、その他サービス、コンサルティング、総合系コンサル、Webアプリ・サービス運営、ITコンサル、その他サービスの分野で活動しています。	コンサルティング	総合系コンサル
株式会社ローカルベンチャーグループ	4290001084951	3	https://localventure.co.jp/contact	http://localventure.co.jp/			8100001	福岡県	福岡市中央区天神１丁目１－１アクロス福岡１階	福岡県福岡市中央区天神１丁目１－１アクロス福岡１階			コンサルティング	経営コンサル
株式会社ＮＩＫＯＭＩＸ	4290801024330	0	http://nikomix.co.jp/#contact	https://capital.nikomix.vn/	contact@nikomix.co.jp	093-330-4568	8240005	福岡県	行橋市中央３丁目４番７号	福岡県行橋市中央３丁目４番７号	海外進出コンサル企業	2018年2月2日に福岡県で設立された海外進出コンサル企業です。同社はマーケティングコンサルティング事業、市場リサーチ事業、海外ビジネスアドバイザリー事業を展開しており、その他サービス、コンサルティング、販促コンサル、研究・調査・リサーチ、経営コンサルなどの業界で活動しています。	コンサルティング	経営コンサル
有限会社ジェイ・ブイ・シー	4290802003135	0	http://www.oedo.ne.jp/	http://www.oedo.ne.jp/		093-592-0044	8020004	福岡県	北九州市小倉北区鍛冶町１丁目３番２号	福岡県北九州市小倉北区鍛冶町１丁目３番２号	ホテルや寿司屋などに経営コンサルティングを提供する企業	福岡県に位置し、1999年11月に設立された企業です。同社は、ホテルや寿司屋などの事業に対して経営コンサルティングを提供しており、ビジネス承継支援事業を主に展開しています。その他のサービス、コンサルティング、起業コンサル、経営コンサルという業界で活動しています。	コンサルティング	経営コンサル
株式会社ＭＴＧ	4320001011803	1	https://mtg-japan.jimdo.com/%E3%81%8A%E5%95%8F%E3%81%84%E5%90%88%E3%82%8F%E3%81%9B%E5%85%88/	https://mtg-japan.jimdo.com/		0977-23-5177	8740836	大分県	別府市東荘園１丁目６番２号	大分県別府市東荘園１丁目６番２号	補助金・助成金の申請やクレジット決済システムの導入支援を提供する企業	大分県を拠点に、補助金・助成金の申請やクレジット決済システムの導入支援を提供する企業です。主な業務は補助金申請支援事業とシステムインテグレーション事業で、IT、その他サービス、小売・販売・卸売、コンサルティング、Webアプリ・サービス運営、中古車販売、経営コンサルなどの多岐にわたる業界において活動しています。	コンサルティング	経営コンサル
株式会社オーエイ財務経理	4330001007065	21	http://www.intelligate.jp/contact/	http://www.intelligate.jp/about/		096-334-6667	8610000	熊本県	熊本市東区画図町重富８５８番地	熊本県熊本市東区画図町重富８５８番地	起業や資産運用の支援を行う企業	熊本県を拠点に起業や資産運用の支援を行う企業です。同社は保険アドバイザリー事業、人材戦略コンサルティング事業、財務・会計業務アウトソーシング事業、法人設立手続きサポート事業を展開しており、人材・アウトソーシング、コンサルティング、人材派遣、起業コンサル、資産運用コンサル、組織コンサル、経営コンサルといった業界で幅広いサービスを提供しています。	コンサルティング	経営コンサル
有限会社酪農リストラクチャーサポート	4330002021494	0	http://www.rakuno-rs.jp/mail.html	http://www.rakuno-rs.jp	hoso8@courante.plala.or.jp	0968-57-4128	8610556	熊本県	山鹿市平山３４９６－３	熊本県山鹿市平山３４９６－３	酪農業を顧客としたビジネスコンサルタント	熊本県に位置する酪農業を顧客としたビジネスコンサルタントです。同社は、人材・アウトソーシング、コンサルティング、企業研修、経営コンサルの業界に従事しており、主な業務は経営研修事業です。	コンサルティング	経営コンサル
株式会社エーアイエー	4340001013806	13	http://www.b-post.com/aia_hp/mail.html	http://www.b-post.com/aia_hp	aia@b-post.com	0994-43-3737	8930005	鹿児島県	鹿屋市共栄町８番６号	鹿児島県鹿屋市共栄町８番６号	中小企業向けの経営コンサルティングを提供する企業	1975年4月に設立され、鹿児島県を拠点に、中小企業向けの経営コンサルティングを提供しています。また、許認可手続き代行事業を行い、人材・アウトソーシング、コンサルティング、データ入力・事務作業代行、経営コンサルの業界で活動しています。	コンサルティング	経営コンサル
株式会社テイクオーバー	4350001012732	2	http://take-over.co.jp/script/mailform/info/	http://take-over.co.jp/profile.html		0985-89-5088	8800051	宮崎県	宮崎市江平西２丁目１番４４号フレクション宮崎２０１号	宮崎県宮崎市江平西２丁目１番４４号フレクション宮崎２０１号	冠婚葬祭の相談を承る企業	宮崎県を拠点に冠婚葬祭の相談を承る企業です。2014年4月に設立され、広告クリエイティブ事業やシステムインテグレーション事業を展開しています。主要な業界は、工事・土木、広告・制作、生活関連サービス、IT、人材・アウトソーシング、その他サービス、コンサルティング、Webアプリ・サービス運営、企業研修、ブライダル、Web制作、広告制作、その他建設・工事、葬儀、経営コンサルです。	コンサルティング	経営コンサル
株式会社オフィス・インテグラル	4370001007474	24	http://www.gwin.co.jp/contact/	http://www.gwin.co.jp/group/int/		022-301-9803	9810902	宮城県	仙台市青葉区北根３丁目２６番７号	宮城県仙台市青葉区北根３丁目２６番７号	コンサルティングやリース業務を行う企業	宮城県に拠点を置くコンサルティングやリース業務を行う企業です。自動車リース事業や財務・会計業務アウトソーシング事業を主に展開しており、1996年4月に設立されました。人材・アウトソーシング、自動車・輸送、コンサルティング、レンタカー・リース、事務処理代行、業務請負、人材派遣、経営コンサルの業界で事業を展開しています。	コンサルティング	経営コンサル
株式会社三澤経営センター	4370001010503	2	http://www.misawa-cpa.co.jp/contact.html	http://www.misawa-cpa.co.jp/index.html		022-262-4554	9800821	宮城県	仙台市青葉区春日町７番３２号パセオ２階	宮城県仙台市青葉区春日町７番３２号パセオ２階	医療機関開業支援や経営改善の支援を提供する企業	宮城県に拠点を置き、医療機関開業支援や経営改善の支援を提供する企業です。同社は株式会社三澤経営センター、相続アドバイザリー事業、会計・税務アドバイザリー事業、医療開業支援業の3つの主要な業務を展開しています。1982年に設立され、士業、コンサルティング、医療コンサル、会計士、資産運用コンサル、組織コンサル、経営コンサルなどの業界において幅広い経験を持っています。	コンサルティング	経営コンサル
株式会社阿部綜合経営事務所	4370001013662	8	https://www.setsuritsu-support.net/mail.html	https://www.setsuritsu-support.net/		022-258-9570	9830023	宮城県	仙台市宮城野区福田町４丁目１０番２２号	宮城県仙台市宮城野区福田町４丁目１０番２２号	「仙台@企業設立サポート.net」を運営する企業	宮城県に本社を置き、「仙台@企業設立サポート.net」を運営する企業です。1985年4月に設立され、許認可手続き代行事業、法人設立手続きサポート事業、社会保険手続き代行サービス事業を展開しています。業界はIT、人材・アウトソーシング、コンサルティングなど多岐にわたり、Webアプリ・サービス運営、データ入力・事務作業代行、事務処理代行、業務請負、人材派遣、起業コンサル、経営コンサルなどのサービスを提供しています。	コンサルティング	経営コンサル
株式会社マネージリテラシー	4370001040640	8	http://mngl.jp/contact/	https://mngl.jp/		022-724-7913	9800803	宮城県	仙台市青葉区国分町３丁目１番１１号定禅寺通スクエアビル６階	宮城県仙台市青葉区国分町３丁目１番１１号定禅寺通スクエアビル６階	介護サービスに関するビジネスコンサルティングや求人ウェブサイトを運営する企業	2016年12月13日に宮城県に設立された企業です。同社は介護サービスに関するビジネスコンサルティングや求人ウェブサイトを運営しており、チラシ・パンフレット作成事業、介護事業のコンサルティングサービス、文書作成代行事業、求職者向け情報提供サイト運営事業などの業務を展開しています。主要な業種はIT、人材・アウトソーシング、コンサルティング、Webアプリ・サービス運営、求人媒体運営・求人情報誌出版、人材紹介、人材派遣、経営コンサルなどです。	コンサルティング	経営コンサル
株式会社Ｅ５	4370001046588	3	http://www.e-five.jp/contact	https://www.e-five.jp/		03-6661-9482	1030007	東京都	中央区日本橋浜町３丁目３９番１号ルート浜町４Ｆ	東京都中央区日本橋浜町３丁目３９番１号ルート浜町４Ｆ			コンサルティング	経営コンサル
有限会社アイルコーポレーション	4370002009544	11	http://k-taxadvisor.com/contact.html	https://k-taxadvisor.com/	postmaster@k-taxadvisor.com	022-771-1425	9813112	宮城県	仙台市泉区八乙女１丁目７番１１号アイル八乙女ビル	宮城県仙台市泉区八乙女１丁目７番１１号アイル八乙女ビル	起業や医療関連の起業、事業運営に支援を提供する企業	宮城県に位置する企業であり、起業や医療関連の起業、事業運営に支援を提供しています。同社の主な事業は、会計システムコンサルティング事業、税務アドバイザリー事業、給与処理アウトソーシング事業、会計・税務アドバイザリー事業、財務・会計業務アウトソーシング事業、システムインテグレーション事業、税務申告書作成事業、医療開業支援業です。同社は士業、IT、人材・アウトソーシング、コンサルティングなどの業界にサービスを提供しています。	コンサルティング	経営コンサル
郡山総合経営センター株式会社	4380001005031	7	http://www.keitoku-office.com/contact.html	https://www.koriyama-taxoffice.com/		024-951-1922	9630221	福島県	郡山市字亀田西６６番地３	福島県郡山市字亀田西６６番地３	新規開業や医療経営のコンサルティングを行う企業また、パソコン導入の支援も行っている企業	福島県に拠点を置き、新規開業や医療経営のコンサルティングを行う企業です。また、パソコン導入の支援も行っており、税務アドバイザリー事業、税金対策事業、相続アドバイザリー事業、システムインテグレーション事業、税務申告書作成事業、医療開業支援業などを展開しています。士業、IT、人材・アウトソーシング、コンサルティングなど、多岐にわたる業界で幅広いサービスを提供しています。	コンサルティング	経営コンサル
東北生活支援センター株式会社	4400001004336	1	https://iwate-pro.jp/tlsc-co/office-toiawase.html	https://www.tlsc-co.jp/	tlsc@quartz.ocn.ne.jp	019-681-0166	0200866	岩手県	盛岡市本宮１丁目１５番１４号	岩手県盛岡市本宮１丁目１５番１４号	生活問題から企業再生までアドバイスするコンサルティング企業	2007年に岩手県で設立されたコンサルティング企業です。同社は生活問題から企業再生まで幅広いアドバイスを行い、不動産鑑定事業、ビジネス承継支援事業、年金コンサル業、保険アドバイザリー事業、資金管理支援事業、補助金申請支援事業などを展開しています。業界はその他サービス、不動産、コンサルティングなどの範囲において幅広く事業展開を行っており、コスト削減コンサル、財務コンサル、販促コンサル、資産運用コンサル、経営コンサル、不動産コンサルなど多様な面でのサービス提供を行っております。	コンサルティング	経営コンサル
株式会社興和総合研究所	4430001028448	2	http://www.kouwasouken.com/contact.html	http://www.kouwasouken.com/company.html	info@kouwasouken.com	011-633-3132	0640820	北海道	札幌市中央区大通西２６丁目２番１０号－７０６	北海道札幌市中央区大通西２６丁目２番１０号－７０６	企業の経営戦略や人事戦略、M&Aなどのアドバイスをする専門家の集団	2003年2月に北海道に設立された専門家の集団です。彼らは企業の経営戦略や人事戦略、M&Aなどのさまざまなアドバイスを提供しており、人事制度アドバイザリー事業、ビジネス承継支援事業、会計・税務アドバイザリー事業などを展開しています。株式会社興和総合研究所は、士業、人材・アウトソーシング、コンサルティング、企業研修、会計士、財務コンサル、組織コンサル、経営コンサルなどの業界で活躍しています。	コンサルティング	経営コンサル
アイリスク研究所株式会社	4430001039148	1	https://www.bestirisk.com/contact	https://www.bestirisk.com/		011-211-1656	0050802	北海道	札幌市南区川沿二条６丁目３番３３号	北海道札幌市南区川沿二条６丁目３番３３号	ビジネスの財務や営業面を支援するコンサルティング企業	2008年9月に北海道で設立されたコンサルティング企業です。同社はビジネスの財務や営業面を支援することを専門としており、セミナー企画・運営事業、営業支援サービス事業、保険アドバイザリー事業、研修セミナー事業、人材戦略コンサルティング事業、リスクマネジメントコンサルティング事業などを展開しています。アイリスク研究所は人材・アウトソーシング、コンサルティング、総合系コンサル、セミナー、資産運用コンサル、組織コンサル、その他コンサルの産業において活動しています。	コンサルティング	総合系コンサル
ネクステージ株式会社	4430001072231	4	https://goo.gl/forms/YRsqPvDOwoS14aDG3	http://www.nextage-hkd.co.jp/	info@nextage-hkd.co.jp	090-2874-9674	0030002	北海道	札幌市白石区東札幌二条６丁目５番１号	北海道札幌市白石区東札幌二条６丁目５番１号			コンサルティング	経営コンサル
有限会社石井経営事務所	4430002034313	0	https://www.imo141.jp/%E3%81%8A%E5%95%8F%E5%90%88%E3%82%8F%E3%81%9B/	https://www.imo141.jp	imo141@me.com	011-885-1236	0040876	北海道	札幌市清田区平岡六条３丁目１７番８号	北海道札幌市清田区平岡六条３丁目１７番８号	住宅建設企業向け経営コンサルタント	北海道に拠点を置く住宅建設企業向け経営コンサルタントです。同社は営業支援サービス事業、会計・税務アドバイザリー事業、経営コンサルティング事業を提供しており、士業やコンサルティング業界でその信頼性が認められています。その他にも会計士、販促コンサル、土木コンサルなど、幅広いコンサルティングサービスを提供しています。	コンサルティング	経営コンサル
ＨＲエデュケーション株式会社	4430003007482	9	http://www.hr-education.net/contact.html	https://www.hre-sapporo.com/	info@hr-education.net	011-676-5756	0600042	北海道	札幌市中央区大通西１７丁目２－３１アルファ大通西１７ビル３０１号	北海道札幌市中央区大通西１７丁目２－３１アルファ大通西１７ビル３０１号	福祉やWeb制作を手がける企業	北海道に位置し、福祉やWeb制作を手がける企業です。2016年4月11日に設立され、広告・制作、生活用品、IT、小売・販売・卸売、コンサルティングなどの多岐にわたる業界で活動しています。主な業務としては、雑貨商品開発事業、雑貨卸事業、介護事業のコンサルティングサービスを提供しています。	コンサルティング	経営コンサル
西日本ビジネスエージェント株式会社	4470001011945	0	https://businessagent.jp/contact/	https://www.businessagent.jp/	fc-agent@mb.pikara.ne.jp	092-717-1111	7618072	香川県	高松市三条町６２９番地１－１０５	香川県高松市三条町６２９番地１－１０５	企業が経営アドバイスを提供している企業	2010年4月に設立された香川県に拠点を置く企業です。同社はコンサルティング業界で活躍しており、経営アドバイスを提供しています。また、企業の広報プランニング事業にも取り組んでいます。	コンサルティング	経営コンサル
株式会社アンサー	5010001000282	1	http://hide-z06.sakura.ne.jp/ANS/inquiry.html	https://hide-z06.sakura.ne.jp/ANS/inquiry.html		03-3815-6163	1130033	東京都	文京区本郷１丁目３３番３号	東京都文京区本郷１丁目３３番３号	多岐にわたるアドバイザリーサービスを提供する企業	東京都に拠点を置く多岐にわたるアドバイザリーサービスを提供する企業です。同社の業務には、データ管理システム構築事業、ネットワークインフラ設置事業、ウェブサイトのコンサルティング事業、Webサイト管理代行事業、Webマーケティング支援事業、ネットショップ構築事業、検索エンジン最適化対策事業などが含まれます。同社はIT、コンサルティング、Webマーケコンサル、総合系コンサル、Webアプリ・サービス運営、ITコンサル、その他IT、ITインフラストラクチャー、受託開発、eコマースの業界で展開しています。	コンサルティング	総合系コンサル
株式会社ＡＧＳコンサルティング	5010001011775	776	https://go.agsc.co.jp/form_0101_form_free_inquiry	https://www.agsc.co.jp/about/location/		03-6803-6710	1000004	東京都	千代田区大手町１丁目９番５号大手町フィナンシャルシティノースタワー	東京都千代田区大手町１丁目９番５号大手町フィナンシャルシティノースタワー	企業の引き継ぎや再生を支援する事業を行う企業	東京都に拠点を置く、1970年10月に設立された企業です。同社は、企業の引き継ぎや再生を支援する事業を行っており、稅務アドバイザリー事業、財務アドバイザリー事業、ビジネス承継支援事業、税務申告書作成事業などを提供しています。同社は士業、その他のサービス、コンサルティング業界に属しており、税理士、財務コンサル、経営コンサルなどのさまざまなサービスを提供しています。	コンサルティング	経営コンサル
インテックスインコーポレイテッド株式会社	5010001037127	0	https://www.intecs-jec.com/contact/	http://www.intecs-jec.com/INT-Resume.htm	info@intecs-jec.com	03-3523-7011	1040032	東京都	中央区八丁堀４丁目１２番２０号	東京都中央区八丁堀４丁目１２番２０号	経営に関するアドバイスやリスク管理を提供するコンサルティング企業	東京都に本社を置く経営に関するアドバイスやリスク管理を提供するコンサルティング企業です。1989年6月に設立され、主な事業は会計・税務アドバイザリーです。士業、コンサルティング、会計士、経営コンサルの業界で活躍しています。	コンサルティング	経営コンサル
株式会社組織開発プランニングセンター	5010001048669	17	https://shr01.homesite.jp/o-d-c.jp/inquiry/index.html	https://www.o-d-c.co.jp/		03-3546-0371	1040061	東京都	中央区銀座７丁目１７番１８号	東京都中央区銀座７丁目１７番１８号	経営コンサルティングと人材育成を提供する企業	東京都に拠点を置く経営コンサルティングと人材育成を提供する企業です。1973年5月に設立され、主に企業内トレーニングアウトソーシング事業と人材戦略コンサルティング事業を展開しています。人材・アウトソーシング、コンサルティング、企業研修、組織コンサル、経営コンサルの業界において活動しています。	コンサルティング	経営コンサル
株式会社ミナト国際コンサルティング	5010001058420	2	https://www.minato-consulting.com/contact/	https://www.minato-consulting.com	info@minato-consulting.com	03-3551-5240	1040043	東京都	中央区湊３丁目１５番９号	東京都中央区湊３丁目１５番９号	ロシアCIS地域への進出支援や会計アドバイザリーを提供する企業	2009年7月に東京都に設立された企業であり、ロシアCIS地域への進出支援や会計アドバイザリーを提供しています。同社は海外ビジネスアドバイザリー事業、会計・税務アドバイザリー事業、クレジットチェック事業などを展開し、士業、金融、コンサルティング、クレジット・決済代行などの業界において、会計士、財務コンサル、起業コンサル、経営コンサルなどの幅広いサービスを提供しています。	コンサルティング	財務コンサル
ウェーブロックホールディングス株式会社	5010001061812	49	https://ssl.swcms.net/wavelock-holdingsPublic/ja/inquiry.html	https://www.wavelock-holdings.com/ja/company/group.html		03-6830-6000	1040044	東京都	中央区明石町８番１号	東京都中央区明石町８番１号	複合素材の製造販売を手がける企業群の親会社	東京都に拠点を置き、複合素材の製造販売を手がける企業群の親会社です。その主な業務は、経営コンサルティング事業とグループ企業経営事業です。1964年に設立され、主にコンサルティングや経営コンサル業界で活動しています。	コンサルティング	経営コンサル
株式会社ボーダレスカンパニー	5010001066324	1	http://www.borderless.co.jp/about/about_03.htm	https://www.borderless.co.jp/about/about_01.htm	info@borderless.co.jp	03-5802-7386	1120003	東京都	文京区春日２丁目７番３－４０２号	東京都文京区春日２丁目７番３－４０２号	ビジネスコンサルティング及びアニメ制作会社	1991年2月に東京都で設立されたビジネスコンサルティング及びアニメ制作会社です。同社の主要な事業はイベントプランニング事業、芸能人マネジメント事業、イベント企画・運営事業、タレント養成事業、鋳造業務事業になります。広告・制作、製造、人材・アウトソーシング、エンタメ・娯楽、コンサルティング、メディア・出版、芸能プロダクション・タレント、企業研修、金属加工、イベント、映画・アニメーション、経営コンサルの業界にて活動しています。	コンサルティング	経営コンサル
株式会社ジェーエヌエル	5010001067850	2	https://www.jnl.co.jp/contact/	https://www.jnl.co.jp/about/outline/index.html	info@jnl.co.jp	03-3297-3551	1040033	東京都	中央区新川１丁目２２番１７号	東京都中央区新川１丁目２２番１７号	「実践プロジェクト」を活用し、経営コンサルティングを提供している企業	2000年3月1日に東京都で設立された経営コンサルティング企業です。同社は「実践プロジェクト」を活用し、研修セミナー事業や金融機関向けアドバイザリー事業、経営研修事業などを展開しています。人材・アウトソーシング、コンサルティング、企業研修、セミナー、経営コンサルなどの業界で幅広いサービスを提供しています。	コンサルティング	経営コンサル
アップ経営コンサルタント株式会社	5010001071142	0	http://upkei.jp/information/otoiawase.html	http://upkei.jp/	info@upkei.jp	03-5651-0702	1030007	東京都	中央区日本橋浜町２丁目６１番６号	東京都中央区日本橋浜町２丁目６１番６号	管理職を対象とした教育プログラムを提供する企業	東京都を拠点に活動する企業です。会社は2000年10月に設立され、管理職を対象とした教育プログラムを提供しています。また、企業内トレーニングアウトソーシング事業を展開し、人材・アウトソーシング、コンサルティング、メディア・出版、企業研修などの業界において活動しています。	コンサルティング	経営コンサル
ＫＰＭＧヘルスケアジャパン株式会社	5010001071539	28	https://home.kpmg.com/xx/en/home/misc/contact.html	https://home.kpmg.com/jp/ja/home/about/hcj.html	jp-fmhcinfo@jp.kpmg.com	03-3548-5470	1000004	東京都	千代田区大手町１丁目９番５号	東京都千代田区大手町１丁目９番５号	KPMGグループ傘下の経営コンサルティング企業	東京都に拠点を置くKPMGグループ傘下の経営コンサルティング企業である。2000年2月に設立され、主にコンサルティング、財務コンサル、経営コンサルなどの業務を行っている。	コンサルティング	経営コンサル
株式会社ビジネス・アーキテクト	5010001079425	0	http://www.business-architect.co.jp/contact/index.php	https://www.business-architect.co.jp/about_us.html		03-6403-4744	1040061	東京都	中央区銀座６丁目１４番８号	東京都中央区銀座６丁目１４番８号	企業が経営上の問題を解決し、ITサービスを提供し、アウトソーシングを行う企業	東京都に拠点を置く企業であり、2000年12月に設立されました。同社は、企業が経営上の問題を解決し、ITサービスを提供し、アウトソーシングを行うことを専門としています。主にコンサルティングと経営コンサルの業界で活動しています。	コンサルティング	経営コンサル
株式会社アフター	5010001079887	1	https://aftersupport.com/contact/	https://aftersupport.com/		0297-65-3171	3010001	茨城県	龍ケ崎市久保台２丁目１１番地１３	茨城県龍ケ崎市久保台２丁目１１番地１３			コンサルティング	経営コンサル
株式会社ホスピタルマネジメント研究所	5010001082924	1	http://hmo.jp/inquiry	http://hmo.jp		04-2941-2705	3580007	埼玉県	入間市黒須１丁目１０番４１号	埼玉県入間市黒須１丁目１０番４１号	医療機関や施設の管理コンサルタント業企業	2003年5月に設立された埼玉県を拠点とする医療機関や施設の管理コンサルタント業企業です。同社は、財務監査サービスを提供しており、コンサルティング、監査法人、経営コンサルの業界において活動しています。	コンサルティング	経営コンサル
株式会社ココブリーズ	5010001086561	1	http://www.cocobreeze.co.jp/inquiry/index.html	http://www.cocobreeze.co.jp/company/company_profile/index.html		03-5640-8511	1030003	東京都	中央区日本橋横山町１番４号	東京都中央区日本橋横山町１番４号	スタートアップや小規模企業向けにビジネスコンサルティングを提供する企業	2004年2月に東京都で設立された企業です。スタートアップや小規模企業向けにビジネスコンサルティングを提供しており、人事制度アドバイザリー事業、セールスアウトソーシング事業、ビジネス承継支援事業、営業支援サービス事業、人材戦略コンサルティング事業を展開しています。主な業界は人材・アウトソーシング、その他サービス、コンサルティングであり、起業コンサル、組織コンサル、経営コンサルなども提供しています。	コンサルティング	経営コンサル
エンデバー・パートナーズ株式会社	5010001086702	2	http://www.endeavor-partners.com/form.htm	http://www.endeavor-partners.com/index.html		03-5220-1265	1000005	東京都	千代田区丸の内１丁目１番３号	東京都千代田区丸の内１丁目１番３号	ビジネスコンサルティング企業、業務提携を支援企業	2004年2月に東京都で設立されたビジネスコンサルティング企業です。同社は、スタートアップ投資事業と海外ビジネスアドバイザリー事業を通じて、金融、コンサルティング、投資、経営コンサルなどの業界で活動しています。また、エンデバー・パートナーズ株式会社は、業務提携を支援する企業としても知られています。	コンサルティング	経営コンサル
株式会社サービスデザイン研究所	5010001090431	0	http://sdi.ecnet.jp/contact	https://y-sdi.com/		0422-38-6733	1810012	東京都	三鷹市上連雀１丁目１１番２０号	東京都三鷹市上連雀１丁目１１番２０号	研修による経営支援や企業調査を手掛ける企業	東京都に位置する企業であり、研修による経営支援や企業調査を手掛けることが主な業務です。2004年11月に設立され、人材・アウトソーシング、その他サービス、コンサルティング、企業研修、研究・調査・リサーチ、経営コンサルなどの業界で活動しています。また、ビジネスリサーチ事業と企業内トレーニングアウトソーシング事業を展開しています。	コンサルティング	経営コンサル
株式会社ビジョンサーチ社	5010001097856	0	https://vsearch.co.jp/inquiry	https://vsearch.co.jp/company		03-5472-7035	1050004	東京都	港区新橋３丁目９－１０天翔新橋ビル	東京都港区新橋３丁目９－１０天翔新橋ビル	パチンコ産業のコンサルティングおよび業界紙出版に携わる企業	2002年8月に設立された東京都を拠点とする企業です。同社は、パチンコ産業のコンサルティングおよび業界紙出版に携わっており、マーケティングコンサルティング事業、市場リサーチ事業、店舗デザイン企画事業を展開しています。主な業界としては建設、その他サービス、コンサルティング、販促コンサル、店舗デザイン、研究・調査・リサーチ、経営コンサルが挙げられます。	コンサルティング	経営コンサル
株式会社トラスティルグループ	5010001098177	5	http://trustill-gr.co.jp/contact/	https://trustill-gr.co.jp/		03-6661-0480	1040031	東京都	中央区京橋２丁目２番１号京橋エドグランサウス４階	東京都中央区京橋２丁目２番１号京橋エドグランサウス４階	ITから経営までトータルに支援するコンサルティング企業	東京都を拠点に、ITから経営までトータルに支援するコンサルティング企業です。2006年3月に設立され、主な事業としては財務アドバイザリー事業やシステムマネジメント事業を展開しています。コンサルティング、ITコンサル、財務コンサル、経営コンサルの業務に従事しています。	コンサルティング	経営コンサル
ウィズ株式会社	5010001098623	3	http://www.with-corp.com/contact-us/	https://with-corp.com/corp	info@with-corp.com	03-6909-3558	1020084	東京都	千代田区二番町９－３	東京都千代田区二番町９－３	企業のマーケティングを支援する企業	東京都を拠点にしている企業であり、企業のマーケティングを支援する事業を展開しています。その主な業務は、販売アドバイザリー事業とWebマーケティング支援事業です。IT、コンサルティング、Webマーケコンサル、販促コンサル、経営コンサルといった幅広い業界においてソリューションを提供しています。	コンサルティング	経営コンサル
株式会社ネクスト・アカウンタンシー	5010001106906	1	http://www.nxainc.jp/contactus.html	https://www.nxainc.jp/		03-6226-4545	1040045	東京都	中央区築地２丁目７番１２号	東京都中央区築地２丁目７番１２号	経理や人事管理に関する助言を提供する企業	東京都を拠点に経理や人事管理に関する助言を提供する企業です。2007年2月に設立され、営業支援サービス事業、文章編集サービス事業、給与処理アウトソーシング事業、税務申告書作成事業、経営研修事業を展開しています。主に士業、人材・アウトソーシング、コンサルティングなどの業界で活動しており、人材派遣や経営コンサルなどの様々な分野でお客様のニーズに対応しています。	コンサルティング	経営コンサル
株式会社フォーサイツコンサルティング	5010001106947	1	http://www.4sights.co.jp/company/inquiry.html	http://www.4sights.co.jp/index.html		03-3221-3951	1020072	東京都	千代田区飯田橋２丁目７番４号	東京都千代田区飯田橋２丁目７番４号	経営に関するコンサルティング、セミナー開催、書籍販売を手掛ける企業	東京都を拠点に、経営に関するコンサルティング、セミナー開催、書籍販売を手掛ける企業です。2006年9月に設立され、セミナー企画・運営事業、研修セミナー事業、出版事業、リスクマネジメントコンサルティング事業を展開しています。主要な業界は人材・アウトソーシング、コンサルティング、メディア・出版、セミナー、出版、経営コンサル、その他コンサルです。	コンサルティング	経営コンサル
ＶＴＣコンサルティング株式会社	5010001108118	1	http://www.vtc.co.jp/contact/	http://www.vtc.co.jp/outline/	info@vtc.co.jp	03-5524-0888	1050022	東京都	港区海岸１丁目４番２２号	東京都港区海岸１丁目４番２２号	企業経営のコンサルティングを提供する事業再生・企業再生企業	２００７年４月に設立された東京都を拠点とする企業経営のコンサルティング会社です。同社は、事業再生や企業再生を提供するほか、セミナー企画・運営事業、ビジネス承継支援事業、研修セミナー事業なども展開しています。主に人材・アウトソーシング、その他サービス、コンサルティング、セミナー、経営コンサルの分野で活動しています。	コンサルティング	経営コンサル
株式会社えいえん堂	5010001114041	2	http://www.a-en.jp/contact/index.html	https://www.a-en.jp/		03-5579-9121	1040031	東京都	中央区京橋１丁目１４番９号	東京都中央区京橋１丁目１４番９号	経営コンサルティング企業	東京都に位置し、経営コンサルティング企業として2007年12月に設立されました。同社は税務アドバイザリー事業、財務アドバイザリー事業、および会計・税務アドバイザリー事業を運営しており、士業、コンサルティング、税理士、会計士、財務コンサル、起業コンサル、経営コンサル、その他コンサル、不動産コンサルの産業に従事しています。	コンサルティング	財務コンサル
ロングブラックパートナーズ株式会社	5010001114826	118	http://www.longblack.co.jp/inquiry.html	https://www.longblack.co.jp/about-us/		03-6674-2314	1060041	東京都	港区麻布台１丁目７番２号	東京都港区麻布台１丁目７番２号	財務アドバイザリーとM&Aコンサルティングを提供する企業	2008年1月に東京都で設立された企業で、財務アドバイザリーとM&Aコンサルティングを提供しています。同社は海外ビジネスアドバイザリー事業、会計・税務アドバイザリー事業、投資アドバイザリー事業を展開し、士業、金融、コンサルティング業界において活動しています。ロングブラックパートナーズ株式会社は、会計士、投資、財務コンサル、資産運用コンサル、経営コンサルなど、多岐にわたる専門的なコンサルティングサービスを提供しています。	コンサルティング	財務コンサル
株式会社アークビジネスサーチ	5010001114925	3	http://www.ark.asia/contact/	https://ark.asia/		03-3518-9966	1010052	東京都	千代田区神田小川町１丁目１１番地８	東京都千代田区神田小川町１丁目１１番地８	タイ市場におけるマーケティングやコンサルティングを提供する企業	2008年1月に設立された東京都を拠点にする企業であり、タイ市場におけるマーケティングやコンサルティングを提供しています。主な事業はマーケティングコンサルティング事業、市場リサーチ事業、海外ビジネスアドバイザリー事業、顧客情報管理システム開発事業、クレジットチェック事業などです。金融、広告・制作、IT、人材・アウトソーシングなど幅広い業界にサービスを提供しています。	コンサルティング	経営コンサル
クレアコンサルティング株式会社	5010001115675	1	http://www.cleaconsulting.co.jp/otoiawase.html	http://www.cleaconsulting.co.jp/		03-3551-3575	1040033	東京都	中央区新川２丁目２２番５号	東京都中央区新川２丁目２２番５号	M&Aや事業承継、経営財務に対する支援を提供する企業	2008年2月に設立された東京都に拠点を置く企業です。同社はM&Aや事業承継、経営財務に対する支援を専門とし、ビジネス承継支援事業や会計・税務アドバイザリー事業を展開しています。士業、その他サービス、コンサルティング、会計士、財務コンサル、その他サービス、経営コンサルの業界に所属しています。	コンサルティング	経営コンサル
株式会社エクネイクスラボラトリー	5010001115774	19	http://ecneics.jp/contact/	http://ecneics.jp/company/	elb-info@ecneics.jp	03-6230-9300	1040061	東京都	中央区銀座８丁目１２番１０号	東京都中央区銀座８丁目１２番１０号	企業のマーケティングに特化した業務コンサルティングを提供する企業	2006年5月に東京都で設立された企業です。同社は企業のマーケティングに特化した業務コンサルティングを提供しており、マーケティングコンサルティング事業、販売アドバイザリー事業、営業支援サービス事業、商品開発アドバイザリー事業、会計・税務アドバイザリー事業、食品アドバイザリー業務、通信コンサル業などを展開しています。株式会社エクネイクスラボラトリーは、士業、コンサルティング、会計士、飲食コンサル、販促コンサル、経営コンサル等の業界で活躍しています。	コンサルティング	経営コンサル
株式会社スパイスアップ	5010001115972	0	https://www.spice-up.jp/contact/	http://www.spice-up.jp/		03-6226-6013	1040061	東京都	中央区銀座３丁目１１番５号	東京都中央区銀座３丁目１１番５号	企業の経営や営業に関するコンサルティングを提供する支援企業	2008年3月に東京都に設立された支援企業です。同社は、企業の経営や営業に関するコンサルティングを提供しています。また、ビジネス雑誌出版事業、研修セミナー事業、経営研修事業なども展開しており、人材・アウトソーシング、コンサルティング、メディア・出版、企業研修、セミナー、出版、経営コンサルなどの業界をカバーしています。	コンサルティング	経営コンサル
株式会社企	5010001117481	7	https://kuwadate.com/contact/	https://kuwadate.com/	info@kuwadate.com		1070051	東京都	港区元赤坂１丁目７番１０号	東京都港区元赤坂１丁目７番１０号	経営コンサルタントや新システムの企画・設計を行う企業	東京都を拠点に、経営コンサルタントや新システムの企画・設計を行う企業です。2008年5月に設立され、その他サービス、コンサルティング、研究・調査・リサーチ、経営コンサルという業界で活動しています。	コンサルティング	経営コンサル
株式会社ＡＢＩ	5010001117936	422	http://www.abi-inc.co.jp/contact/index.php	https://abi-inc.co.jp/company/		03-3275-3151	1030022	東京都	中央区日本橋室町４丁目１番６号クアトロ室町ビル９Ｆ	東京都中央区日本橋室町４丁目１番６号クアトロ室町ビル９Ｆ	プロジェクト管理を担当する企業	東京都を拠点にプロジェクト管理を担当する企業です。2006年1月1日に設立され、技術者派遣事業や金融機関用システム開発事業を展開しています。ＡＢＩはIT、人材・アウトソーシング、コンサルティング、Webアプリ・サービス運営など幅広い業務に従事し、経営コンサルティングや各種受託開発業務も行っています。	コンサルティング	経営コンサル
株式会社トリプルウィンコンサルティング	5010001123991	1	http://www.itm-asp.com/form/?422	http://www.triple-win.jp/index.html		03-5219-1391	1000004	東京都	千代田区大手町１丁目５番１号	東京都千代田区大手町１丁目５番１号	経営のアドバイスを提供する企業	東京都に拠点を置く経営のアドバイスを提供する企業です。同社は2009年4月に設立され、主に社会保険手続き代行サービス事業、給与処理アウトソーシング事業、企業内トレーニングアウトソーシング事業、人材戦略コンサルティング事業、経営研修事業に従事しています。その業界における専門知識と経験を活かし、人材・アウトソーシング、コンサルティング、企業研修、事務処理代行、人材派遣、組織コンサル、経営コンサルの分野で幅広く事業展開しています。	コンサルティング	経営コンサル
株式会社Ｃｒコンシェルジュ	5010001126037	1	http://www.cr-concierge.co.jp/postform/form.php	http://www.cr-concierge.co.jp	aq-info@cr-concierge.co.jp	03-5833-5458	1010025	東京都	千代田区神田佐久間町３丁目１６番５号全美ビル２階	東京都千代田区神田佐久間町３丁目１６番５号全美ビル２階	経費削減コンサルティング企業	東京都に拠点を置く経費削減コンサルティング企業です。2009年に設立された当社は、ネットワークインフラ設置事業、情報入力アウトソーシング事業、Webマーケティング支援事業、照明設備販売事業、システムインテグレーション事業を展開しており、生活用品、IT、人材・アウトソーシング、コンサルティング、Webマーケコンサル、Webアプリ・サービス運営、データ入力・事務作業代行、ITインフラストラクチャー、受託開発、経営コンサル、照明器具の幅広い業界において活動しています。	コンサルティング	経営コンサル
株式会社オンデマンドコミュニケーションズ	5010001126730	0	http://www.od-c.com/contact/	http://www.od-c.com/		03-3248-1606	1950055	東京都	町田市三輪緑山２丁目３０番６	東京都町田市三輪緑山２丁目３０番６	ブライダル事業や事業立案支援などのコンサルティングを行う企業	東京都に位置する企業で、ブライダル事業や事業立案支援などのコンサルティングを行っています。2009年に設立され、営業支援サービス事業、人材戦略コンサルティング事業、通信コンサル業を展開しています。広告・制作、生活関連サービス、人材・アウトソーシング、コンサルティングなど、幅広い業界で活動しています。	コンサルティング	総合系コンサル
株式会社クエスト	5010001127398	0	http://quest-inc.biz/%E3%81%8A%E5%95%8F%E3%81%84%E5%90%88%E3%81%9B/	http://quest-inc.biz/		03-5215-6960	1420042	東京都	品川区豊町１丁目５－２	東京都品川区豊町１丁目５－２	新規事業開発コンサルティングと食品販売、映像制作を手掛ける企業	東京都を拠点に、新規事業開発コンサルティングと食品販売、映像制作を手掛ける企業です。2009年9月に設立され、広告・制作、食品、IT、商社などの業界で活動しています。ウェブマーケティング支援、ビデオプロダクション、肉類販売、魚介類卸売などの事業を展開し、販促企画や経営コンサルティングも提供しています。	コンサルティング	経営コンサル
株式会社パルトネール	5010001129097	1	https://partenairejapan.co.jp/contact_us/	https://partenairejapan.co.jp/	asano@partenairejapan.co.jp	03-3668-9888	1030004	東京都	中央区東日本橋３丁目６番１６－１１０３号	東京都中央区東日本橋３丁目６番１６－１１０３号	人事や組織に関するコンサルティングを提供する企業	2009年12月に設立された東京都に拠点を置く企業であり、人事や組織に関するコンサルティングを提供しています。同社は、教育支援事業、営業支援サービス事業、人材戦略コンサルティング事業を手がけており、人材・アウトソーシング、教育、コンサルティングなどの幅広い業界に対応しています。	コンサルティング	経営コンサル
株式会社シンプル	5010001135517	14	http://www.simple-corp.jp/inquiry/	http://www.simple-corp.jp/	info@simple-corp.jp	0277-46-7738	3760034	群馬県	桐生市東１丁目３番２９号	群馬県桐生市東１丁目３番２９号	ビジネスコンサルティング企業、研修やイベントも提供	2010年に群馬県で設立されたビジネスコンサルティング企業です。主にマーケティングコンサルティング事業やセミナー企画・運営事業、研修セミナー事業を提供しています。その他、人材・アウトソーシング、販促コンサル、経営コンサル、不動産コンサルといった幅広い業種での活動も行っています。	コンサルティング	経営コンサル
株式会社プラウド	5010001135863	1	http://proud-japan.co.jp/contents/inquiry/	http://proud-japan.co.jp		03-5204-2271	1040031	東京都	中央区京橋１丁目３番２号モリイチビルディング６階	東京都中央区京橋１丁目３番２号モリイチビルディング６階	企業向け教育・コンサルティング企業	2004年12月に東京都で設立された企業向け教育・コンサルティング企業です。主な事業はセミナー企画・運営事業、営業支援サービス事業、研修セミナー事業です。主要な業界は人材・アウトソーシング、コンサルティング、企業研修、セミナー、人材紹介、経営コンサル、その他コンサルです。	コンサルティング	経営コンサル
株式会社シェアマインド	5010001136283	12	https://www.sharemind.co.jp/contact/	https://www.sharemind.co.jp/about-us		03-5977-3701	1020083	東京都	千代田区麹町１丁目３番地ダイアン麹町ビル５階	東京都千代田区麹町１丁目３番地ダイアン麹町ビル５階	企業のデータベースマーケティングなどのマネジメントを担当する会社	1991年に東京都に設立された企業のデータベースマーケティング管理やマネジメントを専門とする会社です。主な事業はデータ管理システムの構築とマーケティングコンサルティングです。IT、コンサルティング、Webアプリ・サービス運営、販促コンサル、経営コンサルなどの業界でご活躍しています。	コンサルティング	経営コンサル
株式会社ロシェル	5010001136804	0	https://www.rochelle.co.jp/contact.html	http://www.rochelle.co.jp/index.html		03-5829-8412	1010025	東京都	千代田区神田佐久間町２丁目１番地	東京都千代田区神田佐久間町２丁目１番地	中小企業の事業承継を支援する企業	東京都に拠点を置く中小企業の事業承継を支援する企業です。1984年4月に設立され、人材・アウトソーシング業界を中心にセミナー企画・運営事業、ビジネス承継支援事業、研修セミナー事業などを展開しています。その他サービスや経営コンサルティングなど、幅広い業種・業態に対応しています。	コンサルティング	経営コンサル
株式会社Ｃ　Ｆｉｖｅ　Ｍａｎａｇｅｍｅｎｔ	5010001137744	0	http://www.cfive.jp/contact/index.html	http://www.cfive.jp/index.html		03-5148-1677	1040045	東京都	中央区築地３丁目１番１０号	東京都中央区築地３丁目１番１０号	企業の経営改善や再建を支援するコンサルティング企業	東京都を拠点にするコンサルティング企業であり、企業の経営改善や再建を支援しています。その主な業務は海外ビジネスアドバイザリー事業で、2011年1月に設立されました。主にコンサルティング、経営コンサル、その他コンサルの業界で活動しています。	コンサルティング	経営コンサル
マイルストーンターンアラウンドマネジメント株式会社	5010001139121	4	http://www.milestone-tm.co.jp/contact/	http://www.milestone-tm.co.jp		03-6860-3510	1020083	東京都	千代田区麹町４丁目５番地２０	東京都千代田区麹町４丁目５番地２０	中小企業にサービスを提供する会社	2005年2月に東京都に設立された金融、コンサルティング、およびベンチャーキャピタルの企業です。同社は中小企業に対してスタートアップ投資事業、マーケティングコンサルティング事業、および財務アドバイザリー事業を提供しています。	コンサルティング	財務コンサル
株式会社アライアンス・トーン	5010001139856	0	https://www.alliancetone.co.jp/#contact	https://www.alliancetone.co.jp/		03-5579-9639	1040032	東京都	中央区八丁堀３丁目１番３号	東京都中央区八丁堀３丁目１番３号	経営コンサルティング企業	2008年6月に東京都で設立された経営コンサルティング企業です。主に、コンサルティング、資産運用コンサル、経営コンサルの業務を行っています。	コンサルティング	経営コンサル
株式会社資源・食糧問題研究所	5010001142785	1	http://www.nrri.co.jp/contact	http://www.nrri.co.jp/	info@nrri.co.jp	0287-62-7622	3250058	栃木県	那須塩原市錦町３番１３号	栃木県那須塩原市錦町３番１３号	資源や食糧に関する情報提供を行う企業	2011年11月に設立された栃木県を拠点とする企業であり、資源や食糧に関する情報提供を行っています。同社はコンサルティング、経営コンサル、その他コンサルの業界で商品開発アドバイザリー事業を展開しています。	コンサルティング	経営コンサル
株式会社ラック	5010001142884	0	http://www.josei-kin.net/company/contact.html	http://www.josei-kin.net	info@josei-kin.net	03-5733-0535	1040041	東京都	中央区新富１丁目３番地９号アマイビル	東京都中央区新富１丁目３番地９号アマイビル	補助金や助成金の応募支援を行う企業	東京都に拠点を置く補助金や助成金の応募支援を行う企業です。主な事業としては、セミナー企画・運営事業、研修セミナー事業、補助金申請支援事業を展開しています。人材・アウトソーシング、その他サービス、コンサルティング、セミナー、経営コンサルに関する業界で活動しており、お客様のニーズに合わせたトータルなサービスを提供しています。	コンサルティング	経営コンサル
株式会社儀式マーケティング機構	5010001145417	0	http://gishiki-marketing.jp/wp/?page_id=19	https://gishiki-marketing.jp/	info@gishiki-marketing.jp	03-5209-5551	1010047	東京都	千代田区内神田２丁目１１番６号	東京都千代田区内神田２丁目１１番６号	冠婚葬祭関連企業に対して、集客相談やトレーニングを提供している事業者	東京都に拠点を置き、冠婚葬祭関連企業に対して集客相談やトレーニングを提供しています。2012年3月に設立され、贈答品流通卸売事業、営業支援サービス事業、企業内トレーニングアウトソーシング事業を展開しています。人材・アウトソーシング、小売・販売・卸売、コンサルティング、企業研修、お土産・ギフト、経営コンサル、その他コンサルの業界で活動しています。	コンサルティング	経営コンサル
株式会社ナレッジトラスト	5010001149475	2	http://knowledgetrust.jp/contact/	http://knowledgetrust.jp		047-369-7608	1040033	東京都	中央区新川２丁目７番７号	東京都中央区新川２丁目７番７号			コンサルティング	経営コンサル
株式会社ユメタス	5010001149938	1	http://www.yumetas.com/contact.html	http://www.yumetas.com		03-6869-9471	1040061	東京都	中央区銀座７丁目１３番６号	東京都中央区銀座７丁目１３番６号	セミナーとコンサルティングを提供する企業	2012年10月に東京都で設立されたセミナーやコンサルティングを提供する企業です。同社は営業支援サービス事業、会計・税務アドバイザリー事業、経営研修事業などを展開しており、士業、人材・アウトソーシング、コンサルティング、企業研修、会計士、経営コンサルなどの多岐にわたる業界で活動しています。	コンサルティング	経営コンサル
株式会社わよみ	5010001151019	0	http://wayomi.com/contact	https://wayomi.com/			1940022	東京都	町田市森野１丁目３６－２セレステ町田１Ｆ	東京都町田市森野１丁目３６－２セレステ町田１Ｆ	顧客満足向上支援や社内コミュニケーション強化の専門企業	2013年1月に東京都で設立された研修セミナー事業および人材戦略コンサルティング事業を行う専門企業です。主な事業内容は顧客満足向上支援や社内コミュニケーション強化であり、人材・アウトソーシング、コンサルティング、企業研修、セミナー、組織コンサル、経営コンサルの業界に関与しています。	コンサルティング	経営コンサル
株式会社しのびうむ	5010001151142	1	https://www.shinobi-um.com/contact	https://www.shinobi-um.com/about	info@shinobi-um.com	03-4455-3475	1040061	東京都	中央区銀座７丁目１３番６号サガミビル２階	東京都中央区銀座７丁目１３番６号サガミビル２階	企業の経営・M&A・事業承継に関するコンサルティングを提供する会社	2013年に東京都で設立された企業の経営・M&A・事業承継に関するコンサルティングを提供する会社です。その事業領域はビジネスリサーチ事業にも及び、その他サービス、コンサルティング、研究・調査・リサーチ、経営コンサルという幅広い業界に展開しています。	コンサルティング	経営コンサル
アップスマート株式会社	5010001153568	3	https://appsmart.co.jp/#contact	https://appsmart.co.jp/		03-3221-3633	1020083	東京都	千代田区麹町３丁目７番地４号秩父屋ビル８階	東京都千代田区麹町３丁目７番地４号秩父屋ビル８階	業務の効率化や経営戦略のコンサルティングを提供している企業	東京都に拠点を置き、業務の効率化や経営戦略のコンサルティングを提供している企業です。マーケティングコンサルティング事業、Webマーケティング支援事業、システムインテグレーション事業、ビジネスコンサルティング事業、システムアドバイザリー事業など、ITやコンサルティングに関する幅広い業務を展開しています。アップスマート株式会社は、IT、コンサルティング、Webマーケコンサル、Webアプリ・サービス運営、ITコンサル、販促コンサル、経営コンサルなどの分野で活躍しています。	コンサルティング	経営コンサル
ヒルトップマネジメント株式会社	5010001155060	0	https://secure02.red.shared-server.net/www.hilltop-mgt.co.jp/?page_id=273	http://hilltop-mgt.co.jp/?page_id=730	info@hilltop-mgt.co.jp		1010062	東京都	千代田区神田駿河台１丁目７番地	東京都千代田区神田駿河台１丁目７番地	ビジネスアドバイザリー企業がマネジメント指導や人材育成など幅広くサポート	東京都に位置し、ビジネスアドバイザリー企業として、マネジメント指導や人材育成など幅広くサポートを提供しています。2013年に設立され、セミナー企画・運営事業、研修セミナー事業、健康製品販売事業などを展開しています。主に人材・アウトソーシング、小売・販売・卸売、コンサルティング、企業研修、その他小売・販売、セミナー、経営コンサルの業界で活動しています。	コンサルティング	経営コンサル
インターアジアジャパン株式会社	5010001156587	1	http://www.inter-asia.co.jp/contact.html	https://inter-asia.co.jp/company.html		03-6264-4986	1010047	東京都	千代田区内神田３丁目２２番７号	東京都千代田区内神田３丁目２２番７号	アジア向けのグローバル展開を支援する企業	2013年10月に東京都で設立された、アジア向けのグローバル展開を支援する企業です。同社は、海外ビジネスアドバイザリー事業や人材採用支援事業を展開しており、主に人材・アウトソーシング、コンサルティング業界において活動しています。その他、人材、組織コンサルティング、経営コンサルティングなどのサービスも提供しています。	コンサルティング	経営コンサル
マンション総合コンサルティング株式会社	5010001159342	1	https://www.msc-4.com/contact	https://www.msc-4.com/aboutus	info@msc-4.com	03-6280-4499	2790023	千葉県	浦安市高洲６丁目１－８－１００３	千葉県浦安市高洲６丁目１－８－１００３	マンション管理に関連したアドバイザリーやトレーニングを提供する企業	2014年3月に設立された千葉県に拠点を置く企業です。同社はマンション管理に関連したアドバイザリーやトレーニングを提供しており、セミナー企画・運営事業や経営研修事業を展開しています。人材・アウトソーシング、コンサルティング、企業研修、セミナー、経営コンサルの業界で活動しています。	コンサルティング	経営コンサル
株式会社ＦＢマネジメント	5010001160589	8	http://fbmg.co.jp/contact/	http://fbmg.co.jp/		03-3668-8711	1040032	東京都	中央区八丁堀２丁目３－９Ｈ１Ｏ八丁堀３１６	東京都中央区八丁堀２丁目３－９Ｈ１Ｏ八丁堀３１６	家族経営のビジネスに特化したコンサルティング企業	東京都を拠点に家族経営のビジネスに特化したコンサルティング企業です。2014年に設立され、主にビジネス承継支援事業を展開しています。その他のサービスや経営コンサルティングにも幅広く携わっています。	コンサルティング	経営コンサル
アイディール・リーダーズ株式会社	5010001166917	14	http://ideal-leaders.co.jp/#footer-widgets	https://evort.jp/ideal-leaders	info@ideal-leaders.co.jp		1000005	東京都	千代田区丸の内２丁目２番１号	東京都千代田区丸の内２丁目２番１号			コンサルティング	経営コンサル
株式会社経営承継支援	5010001167337	72	http://jms-support.jp/contact	https://jms-support.jp/outline/	info@jms-support.jp	03-6279-0457	1000013	東京都	千代田区霞が関３丁目２番１号	東京都千代田区霞が関３丁目２番１号	中小企業向けM&Aや事業継承コンサルティングを提供する企業	2015年4月に東京都に設立された企業であり、中小企業向けのM&Aや事業継承コンサルティングを提供しています。主な業務は営業支援サービス事業であり、コンサルティング業界においては経営コンサルやその他コンサルに分類されています。	コンサルティング	経営コンサル
株式会社ＭＴＡ	5010001169275	1	https://mtac.jp/contact-page/	https://mtac.jp/	info@mtaco.jp	03-4405-8157	1040061	東京都	中央区銀座７丁目１３番６号	東京都中央区銀座７丁目１３番６号	新規顧客開拓や販路拡大のコンサルティングを提供する企業	東京都に所在する新規顧客開拓や販路拡大のコンサルティングを提供する企業です。2015年7月に設立され、マーケティングコンサルティング事業、海外ビジネスアドバイザリー事業、営業支援サービス事業、販促企画事業を展開しています。主な業界はコンサルティング、販促コンサル、製造業コンサル、経営コンサル、その他コンサルです。	コンサルティング	経営コンサル
株式会社ＭＩＲＡＩ	5010001172881	0	http://mirai-01.jp/contact1/	http://mirai-01.jp	info@mirai-01.jp	03-4405-9285	1340083	東京都	江戸川区中葛西２丁目１４番７号ヴァンテ葛西１０６	東京都江戸川区中葛西２丁目１４番７号ヴァンテ葛西１０６	経営支援・Webコンサルティング企業	2016年1月14日に神奈川県で設立された経営支援・Webコンサルティング企業です。同社はマーケティングコンサルティング事業、Webマーケティング支援事業、補助金申請支援事業、システムインテグレーション事業など、さまざまなサービスを提供しており、主にITおよびその他サービス、コンサルティング分野で活動しています。株式会社ＭＩＲＡＩは、Webアプリ・サービス運営やITインフラストラクチャー、販促コンサルなどの業務にも取り組んでおり、幅広い経営コンサルティングサービスを提供しています。	コンサルティング	経営コンサル
株式会社スナジャパン	5010001173211	2	http://sunajapan.com/%E3%81%8A%E5%95%8F%E5%90%88%E3%81%9B/	http://sunajapan.com/		03-6661-7401	1030025	東京都	中央区日本橋茅場町２丁目１４番７号日本橋テイユービル４階	東京都中央区日本橋茅場町２丁目１４番７号日本橋テイユービル４階	企業の経営相談に応じ、助言を行っている企業	東京都に位置する企業であり、企業の経営相談に応じ助言を行っております。当社の主な事業は、中国語翻訳・通訳サービス事業、障がい者雇用促進事業、研修セミナー事業、韓国語通訳・翻訳事業、英語翻訳事業、および言語通訳・翻訳サービス事業です。2016年1月27日に設立され、主に医療・製薬・福祉、広告・制作、人材・アウトソーシング、コンサルティング、障害者福祉、企業研修、CM制作・映像制作、セミナー、翻訳・通訳、経営コンサルの業界において活動しております。	コンサルティング	経営コンサル
アルト経営パートナー株式会社	5010001174721	1	http://altopartner.co.jp/%E3%81%8A%E5%95%8F%E3%81%84%E5%90%88%E3%82%8F%E3%81%9B/	http://altopartner.co.jp/会社概要/		03-5812-4482	1100005	東京都	台東区上野６丁目１番６号１００５号室	東京都台東区上野６丁目１番６号１００５号室	女性向け事業承継や経営セミナー、コンサルを提供する企業	東京都に本社を構え、女性向け事業承継や経営セミナー、コンサルを提供している企業です。2016年4月6日に設立され、セミナー企画・運営事業、ビジネス承継支援事業、研修セミナー事業を展開しています。主要業界は人材・アウトソーシング、その他サービス、コンサルティング、セミナー、その他サービス、経営コンサルです。	コンサルティング	経営コンサル
みらいチャレンジ株式会社	5010001174878	0	http://mirai-challenge.com/contact/	http://mirai-challenge.com/		03-6263-0447	1040031	東京都	中央区京橋１丁目６番１３号金葉ビル６階	東京都中央区京橋１丁目６番１３号金葉ビル６階	企業の課題や問題を支援する企業	2016年4月15日に東京都に設立された企業です。同社は、資材供給事業、マーケティングコンサルティング事業、営業支援サービス事業を通じて、企業の課題や問題を支援しています。主な業界は、材料・資源、コンサルティング、建築資材、販促コンサル、経営コンサル、その他コンサルです。	コンサルティング	経営コンサル
株式会社エムプラウド	5010001180190	1	http://www.m-proud.co.jp/636235791	http://www.m-proud.co.jp/		03-6403-0817	1040061	東京都	中央区銀座６丁目１４番８号	東京都中央区銀座６丁目１４番８号	企業が経営コンサルティングとセミナーを企画・運営している企業	2016年12月14日に東京都で設立された企業です。同社は、経営コンサルティングとセミナーを企画・運営することを主な事業としており、セミナー企画・運営事業、講義者派遣事業、ビジネスマッチングサービス事業を展開しています。人材・アウトソーシング、コンサルティング、セミナー、人材紹介、人材派遣、その他人材、経営コンサルの業界で活動しています。	コンサルティング	経営コンサル
有限会社日本アイ・オー・シー	5010002040699	1	http://j-ioc.sakura.ne.jp/old-site/info.html	http://j-ioc.sakura.ne.jp/old-site/		03-5623-0188	1030027	東京都	中央区日本橋２丁目２－３	東京都中央区日本橋２丁目２－３	企業が提供するコンサルティングサービス企業	東京都を拠点に、2003年12月に設立されたコンサルティングサービス企業です。同社は、セミナー企画・運営事業、営業支援サービス事業、研修セミナー事業、講義者派遣事業を展開しており、人材・アウトソーシング、コンサルティング、企業研修、セミナー、人材派遣、経営コンサル、その他コンサルの業界で活動しています。	コンサルティング	経営コンサル
有限会社津上工作室	5010002042084	2	http://www.tsugami-workshop.jp/contact.html	http://www.tsugami-workshop.jp		03-3272-0706	3530004	埼玉県	志木市本町５丁目１７番６６号７０９号室	埼玉県志木市本町５丁目１７番６６号７０９号室	企業の経営支援や意見表明、講演イベントを実施している会社	東京都に拠点を置く企業の経営支援や意見表明、講演イベントを実施している会社です。主にコンサルティング、経営コンサル、その他コンサルの営業支援サービス事業を展開しています。	コンサルティング	経営コンサル
有限会社トラスト	5010002053651	7	http://www.tokyo-trust.jp/contact/index.html	http://www.tokyo-trust.jp/		03-5201-3722	1030027	東京都	中央区日本橋３丁目２番１４号日本橋ＫＮビル４階	東京都中央区日本橋３丁目２番１４号日本橋ＫＮビル４階	女性起業家の視点を活かしたWebマーケティング支援を提供する企業	1997年5月に設立され、東京都を拠点とする企業です。同社は、女性起業家の視点を活かしたWebマーケティング支援を提供しており、セールスアウトソーシング事業、研修セミナー事業、Webマーケティング支援事業、販促企画事業など、幅広い業務を展開しています。主にIT、人材・アウトソーシング、コンサルティング、Webマーケコンサル、営業代行・販売代行、セミナー、業務請負、販促コンサル、経営コンサルといった産業分野に関与しています。	コンサルティング	経営コンサル
株式会社サリックス	5010003022911	9	http://www.salix.co.jp/contact.html	https://www.salix.co.jp/about/salix/		048-858-6111	1120006	東京都	文京区小日向２丁目１番１７号	東京都文京区小日向２丁目１番１７号			コンサルティング	経営コンサル
株式会社ブレーンアンドマイスター	5010101009686	0	http://www.brain-meister.co.jp/html/inquiry.html	http://brain-meister.co.jp/	info@brain-meister.co.jp	042-682-2152	1920364	東京都	八王子市南大沢５丁目３番地２－５０２	東京都八王子市南大沢５丁目３番地２－５０２	宿泊施設の運営支援と維持管理を提供する会社	2001年5月に東京都にて設立された宿泊施設の運営支援と維持管理を提供する会社です。同社は清掃業務サービス事業、住宅清掃業、施設運営管理事業、ホテルスタッフ派遣事業、およびホテルマネジメント事業を行っています。主要な業界は生活関連サービス、人材・アウトソーシング、不動産、コンサルティング、観光・宿泊・レジャーのほか、人材派遣、不動産管理、ビル清掃・ハウス清掃、経営コンサル、その他コンサル、ホテル・旅館業を含みます。	コンサルティング	経営コンサル
株式会社アイ・ピー・エル	5010401000782	0	http://www.i-pl.co.jp/sub5.html	http://www.i-pl.co.jp/		03-3582-8848	1060041	東京都	港区麻布台３丁目５番５号ライオンズマンション４１０	東京都港区麻布台３丁目５番５号ライオンズマンション４１０	営業コンサルティングに特化し、部品メーカー向けのサービスを提供する企業	東京都に位置し、営業コンサルティングに特化した企業です。1971年3月に設立され、部品メーカー向けの営業支援サービス事業を提供しています。主要な業界はコンサルティング、経営コンサル、その他コンサルです。	コンサルティング	経営コンサル
株式会社グラス・ルーツ	5010401008751	7	https://www.grassroots.co.jp/contact/mailcourse/template.html	https://www.grassroots.co.jp/company/profile/	contact@grassroots.co.jp	03-6665-8358	1050014	東京都	港区芝１丁目４－３ＳＡＮＫＩ芝金杉橋ビル８Ｆ	東京都港区芝１丁目４－３ＳＡＮＫＩ芝金杉橋ビル８Ｆ	業務改善コンサルティングやコンテンツの制作を提供する企業	東京都に本社を置く1984年11月に設立された企業で、業務改善コンサルティングやコンテンツの制作を提供しています。主な事業はセミナー企画・運営事業、研修セミナー事業、企業内トレーニングアウトソーシング事業です。人材・アウトソーシング、コンサルティング、企業研修、セミナー、経営コンサルの業界で活躍しています。	コンサルティング	経営コンサル
株式会社ツィンタワーオブアメリカンデベロップメント	5010401017950	4	https://sec.alpha-mail.jp/ttadinc.jp/contact/	http://www.ttadinc.jp/index.html		03-3401-1414	1510051	東京都	渋谷区千駄ヶ谷３丁目５２番１号クロスサイドビル６階	東京都渋谷区千駄ヶ谷３丁目５２番１号クロスサイドビル６階	企業のビジネス戦略を支援する企業	東京都に位置する企業で、企業のビジネス戦略を支援しています。同社は、ウェブアプリケーション開発事業、マーケティングコンサルティング事業、イベント企画・運営事業を展開しています。1988年に設立され、広告・制作、IT、エンタメ・娯楽、コンサルティング、展示会・販促イベント、Webアプリ・サービス運営、Web制作、イベント、販促コンサル、経営コンサルの業界で活躍しています。	コンサルティング	経営コンサル
株式会社きらぼしコンサルティング	5010401019773	28	https://reg34.smp.ne.jp/regist/is?SMPFORM=tcl-lcobl-de0f357a87b61b6c13b5396dcf1f624e	https://www.kiraboshi-consul.co.jp/company/	info@kiraboshi-consul.co.jp	03-6447-5886	1070062	東京都	港区南青山３丁目１０番４３号	東京都港区南青山３丁目１０番４３号	経営情報や法律・税務・財務相談などを提供する企業サービス	東京都を拠点に、経営情報や法律・税務・財務相談などを提供する企業サービスを提供しています。税務アドバイザリー事業、セミナー企画・運営事業、財務アドバイザリー事業、ビジネス承継支援事業、研修セミナー事業、経営研修事業を行い、士業、人材・アウトソーシング、その他サービス、コンサルティング、税理士、企業研修、セミナー、財務コンサル、その他サービス、経営コンサルなどの業界に所属しています。1984年に設立されました。	コンサルティング	経営コンサル
株式会社ＮＩコンサルティング	5010401044466	56	https://www.ni-consul.co.jp/contact/inquiry.html	http://www.ni-consul.co.jp/about/office.html	info@ni-consul.co.jp	03-5781-5525	1080075	東京都	港区港南２丁目１６番１号	東京都港区港南２丁目１６番１号	中小企業に経営支援をしている企業	1991年3月1日に東京都で設立され、中小企業に対して経営支援を行っています。同社はセミナー企画・運営事業、営業支援サービス事業、研修セミナー事業、企業内トレーニングアウトソーシング事業を展開しており、主に人材・アウトソーシング、コンサルティング、企業研修、セミナー、経営コンサルなどの業界において活動しています。	コンサルティング	経営コンサル
株式会社ナショナルトラスト	5010401052592	5	http://nationaltrust.co.jp/contact	https://nationaltrust.co.jp/company		03-5410-6001	1060032	東京都	港区六本木６丁目１５番１号六本木ヒルズけやき坂テラス５Ｆ	東京都港区六本木６丁目１５番１号六本木ヒルズけやき坂テラス５Ｆ	医療施設を買収する企業	1998年11月に東京都に設立されたコンサルティング企業であり、経営コンサルを専門としています。同社は、医療施設の買収を行うことによって、業界内でのリーディングカンパニーを目指しています。	コンサルティング	経営コンサル
キャストグローバルコンサルティング株式会社	5010401056379	3	http://cast-group.biz/contactus/	https://castglobalgroup.com/locations/		03-5405-7860	1050002	東京都	港区愛宕２丁目５番１号	東京都港区愛宕２丁目５番１号	国内・海外の法務・財務分野でアドバイザリーを提供するコンサルタント企業	2000年2月に東京都に設立されたコンサルタント企業です。国内・海外の法務・財務分野でアドバイザリーを提供し、財務アドバイザリー事業、人材戦略コンサルティング事業、投資アドバイザリー事業を展開しています。主な業種はコンサルティング、財務コンサル、資産運用コンサル、組織コンサルです。	コンサルティング	財務コンサル
コンサルビューション株式会社	5010401058251	2	https://www.conbut.co.jp/inquiry/	https://www.conbut.co.jp/		03-3502-2961	1050001	東京都	港区虎ノ門１丁目２番１６号	東京都港区虎ノ門１丁目２番１６号	海外展開やマネジメント支援を提供する企業	2005年7月に設立された東京都を拠点にする企業であり、海外展開やマネジメント支援を提供しています。同社はマーケティングコンサルティング事業と海外ビジネスアドバイザリー事業を主力としており、人材・アウトソーシング、コンサルティング、企業研修、販促コンサル、経営コンサル、その他コンサルの複数の業界を展開しています。	コンサルティング	経営コンサル
株式会社プルータス・コンサルティング	5010401070264	72	http://www.plutuscon.jp/mails/	https://www.plutuscon.jp/orgas		03-3591-8123	1000013	東京都	千代田区霞が関３丁目２番５号霞が関ビルディング３５階	東京都千代田区霞が関３丁目２番５号霞が関ビルディング３５階	株や新しい株の権利を診断・評価する企業	2004年3月に東京都に設立されたコンサルティングおよび財務アドバイザリー事業を展開している企業です。同社は株や新しい株の権利を診断・評価し、財務コンサルに特化したサービスを提供しています。プルータス・コンサルティングはコンサルティング業界や財務コンサル市場で確固たる地位を築いています。	コンサルティング	財務コンサル
株式会社クロスインデックス	5010401075833	1	http://www.crossindex.jp/inquiry.html	http://www.crossindex.jp/	info@crossindex.jp	03-5848-2031	1080014	東京都	港区芝５丁目２７番３号３階ＭＢＣ	東京都港区芝５丁目２７番３号３階ＭＢＣ	海外展開支援・翻訳サービス企業	1999年8月に東京都で設立された海外展開支援・翻訳サービス企業です。同社は音声文字起こしサービス事業、海外ビジネスアドバイザリー事業、フランス語通訳翻訳事業、英語翻訳事業を主な業務としており、人材・アウトソーシング、コンサルティング、人材紹介、業務請負、翻訳・通訳、人材派遣、テープ起こし、経営コンサル、その他コンサル分野において幅広いサービスを提供しています。	コンサルティング	経営コンサル
アンカー・アドバイザーズ株式会社	5010401076666	0	http://anchor-g.com/contact.html	http://anchor-g.com/index.html		03-5408-4311	1050001	東京都	港区虎ノ門５丁目１１番１号	東京都港区虎ノ門５丁目１１番１号	経営コンサルティング事業を展開し、主にM&A支援に特化した企業	東京都に拠点を置く経営コンサルティング企業です。2011年2月に設立され、金融、コンサルティング、財務コンサル、経営コンサル、ベンチャーキャピタルの業界で活動しています。同社は、特にM&A支援に特化した経営コンサルティング事業を展開し、またスタートアップ投資事業や財務アドバイザリー事業にも注力しています。	コンサルティング	経営コンサル
株式会社アールワン・プロフェッショナル	5010401077160	1	http://r1-pro.jp/contact	http://r1-pro.jp/		050-3786-1325	2770871	千葉県	柏市若柴１７８番地４柏の葉キャンパス１４８街区２ショップ＆オフィス棟６階ＫＯＩＬ	千葉県柏市若柴１７８番地４柏の葉キャンパス１４８街区２ショップ＆オフィス棟６階ＫＯＩＬ	飲食店開業支援やコンサルティングを提供する企業	2006年5月に千葉県で設立された飲食店開業支援やコンサルティングを提供する企業です。彼らはコンサルティングと経営コンサルの業界で活動しています。	コンサルティング	経営コンサル
株式会社アクセスグループ・ホールディングス	5010401081443	19	https://www.access-t.co.jp/cgi-bin/form/index.cgi/contact/index	https://www.access-t.co.jp/company/outline.html		03-5413-3001	1070062	東京都	港区南青山１丁目１番１号	東京都港区南青山１丁目１番１号	アクセスグループの子企業	東京都に本社を置くアクセスグループの子企業です。1990年4月に設立されたこの会社は、広告・制作、コンサルティング、展示会・販促イベント、組織コンサル、経営コンサルなど、グループ企業経営事業を展開しています。	コンサルティング	経営コンサル
麻布自動車株式会社	5010401088042	0	http://azabu-motors.com/inquiry.html	http://azabu-motors.com/index.html		03-5414-2118	1060045	東京都	港区麻布十番２丁目６番２号	東京都港区麻布十番２丁目６番２号	経営アドバイザリーやビジネス立ち上げ支援、ホテル事業などを手がける企業	2010年5月に東京都で設立された総合企業です。経営アドバイザリーやビジネス立ち上げ支援、ホテル事業などを手がけており、人材・アウトソーシング、小売・販売・卸売、コンサルティング、観光・宿泊・レジャーなど様々な業界で幅広い事業展開を行っています。主な業務には外国製車両販売事業、研修セミナー事業、輸入車販売事業、リゾートホテル経営事業があります。	コンサルティング	経営コンサル
グローバル・リーチ株式会社	5010401088496	1	http://www.gr-kk.com/consulting/contactus	https://www.gr-kk.com/aboutus.html		03-6804-3100	1070061	東京都	港区北青山１丁目３番１号アールキューブ青山３階	東京都港区北青山１丁目３番１号アールキューブ青山３階	海外進出や企業買収に関するアドバイスを提供する企業	東京都に拠点を置き、2010年6月に設立された企業です。同社は海外進出や企業買収に関するアドバイスを提供する海外ビジネスアドバイザリー事業に従事しています。コンサルティング、経営コンサル、その他コンサルの業界で活動しています。	コンサルティング	経営コンサル
株式会社ポエガ	5010401089503	0	https://poega.jp/contact/	http://poega.jp/	info@poega.jp	03-3505-8348	1040061	東京都	中央区銀座１丁目２２番１１号銀座大竹ビジデンス２Ｆ	東京都中央区銀座１丁目２２番１１号銀座大竹ビジデンス２Ｆ	ウェブデザイン・マーケティング・コンサルティングを提供する企業	東京都を拠点にウェブデザイン・マーケティング・コンサルティングを提供する企業です。2007年2月に設立され、ブランド戦略策定事業、マーケティングコンサルティング事業、心理支援サービス事業、デザイン制作事業、企業内システム販売事業など幅広い業務を展開しています。主な取引業界は医療・製薬・福祉、広告・制作、IT、コンサルティングなどであり、Webアプリ・サービス運営、Web制作、デザイン、販促コンサル、受託開発なども提供しています。	コンサルティング	経営コンサル
ＭＯＣＡＬ株式会社	5010401090634	48	http://mocal.co.jp/form.html	http://mocal.co.jp	info@mocal.co.jp	03-6272-4425	1010062	東京都	千代田区神田駿河台４丁目３番１２階	東京都千代田区神田駿河台４丁目３番１２階	歯科医院の事務作業を代行する「Mr.歯科事務長」などを提供する企業	2010年11月に設立された東京都を拠点とする企業です。同社は、歯科医院の事務作業を代行する「Mr.歯科事務長」などのサービスを提供しており、さらに研修セミナー事業も展開しています。人材・アウトソーシング、コンサルティング、セミナー、人材派遣、経営コンサルの産業に参入しています。	コンサルティング	経営コンサル
ＭＵＢ株式会社	5010401091120	2	https://mub.co.jp/contact-mub/	http://mub.jp/		03-6447-0968	1060032	東京都	港区六本木３丁目５番２１号エフ六本木３０４	東京都港区六本木３丁目５番２１号エフ六本木３０４	オンライン販売やビジネス支援サービスを提供する企業	東京都を拠点にオンライン販売やビジネス支援サービスを提供する企業です。販売アドバイザリー事業、検索エンジン最適化対策事業、販促企画事業を行い、2008年7月に設立されました。主にIT、コンサルティング、その他IT、販促コンサル、経営コンサル、eコマースなどの業界で活動しています。	コンサルティング	経営コンサル
株式会社和田マネイジメント	5010401091681	0	https://www.wada.co.jp/toiawase/	https://www.wada.co.jp		042-401-3280	2060824	東京都	稲城市若葉台１丁目４９番地の２	東京都稲城市若葉台１丁目４９番地の２	中小企業に向けた経営支援・情報提供サービス企業	1990年に設立された東京都に拠点を置く中小企業に向けた経営支援・情報提供サービス企業です。同社はコンサルティングおよび経営コンサルの業界に従事しており、幅広い専門知識と豊富な経験を活かし、クライアントとのパートナーシップを築きながら戦略的なアドバイスを提供しています。	コンサルティング	経営コンサル
株式会社スペシャルワン	5010401093570	0	http://specialone.co.jp/	http://specialone.co.jp/	offer@specialone.co.jp		1010044	東京都	千代田区鍛冶町１丁目９番１５号	東京都千代田区鍛冶町１丁目９番１５号	日本進出を手助けする海外ブランド企業	2015年8月に東京都で設立された海外ブランド企業であり、日本進出を手助けしています。同社は海外ビジネスアドバイザリー事業、食器類卸売事業、雑貨製造委託事業、販売促進用品製作事業、雑貨輸入事業、食器器具販売事業を展開しており、生活用品、エンタメ・娯楽、コンサルティング、キッチン用品、グッズ制作・グッズ販売、経営コンサル、その他コンサルなどの業界に関わっています。	コンサルティング	経営コンサル
株式会社エコクリエイティブ	5010401098818	2	http://ecocreative.co.jp/contact/	https://ecocreative.co.jp/about/company.html	info@ecocreative.co.jp	03-4455-3038	1070052	東京都	港区赤坂８丁目５番６号ＩＰＩＡＳＡｏｙａｍａ１０３	東京都港区赤坂８丁目５番６号ＩＰＩＡＳＡｏｙａｍａ１０３	リサイクル事業や拡大支援などを提供するコンサルティング企業	2009年4月に東京都に設立されたコンサルティング企業です。同社はリサイクル事業や拡大支援などを提供しており、営業支援サービス事業や環境アドバイザリー事業を展開しています。主な業界はコンサルティング、環境コンサル、経営コンサル、その他コンサルです。	コンサルティング	経営コンサル
グローバルスカイ株式会社	5010401100376	3	https://www.globalskygroup.com/contact	https://www.globalskygroup.com/		03-3436-2800	1500013	東京都	渋谷区恵比寿４丁目２０番３号	東京都渋谷区恵比寿４丁目２０番３号	グローバルスカイ・グループの運営管理企業	2012年6月に東京都で設立された経営コンサルティング事業を展開する企業です。グローバルスカイ・グループの運営管理企業として、コンサルティング業界や経営コンサルにおいて幅広い経験と専門知識を持つスキルフルな専門家チームが、顧客の経営課題に対し的確な解決策を提案しています。	コンサルティング	経営コンサル
株式会社アンビシャス	5010401103791	1	http://team-amb.com/wordpress/?page_id=15	http://team-amb.com/		03-3556-3335	1020082	東京都	千代田区一番町１０番地８一番町ウェストビル５階	東京都千代田区一番町１０番地８一番町ウェストビル５階	日本企業の台湾進出支援を提供する企業	2013年1月に設立された東京都に本社を置く会社で、日本企業の台湾進出を支援しています。同社の主な事業は、中国語翻訳・通訳サービス、海外ビジネスアドバイザリー、相続アドバイザリー、および会議室レンタルです。広告・制作、人材・アウトソーシング、不動産、コンサルティング、Web制作、翻訳・通訳、レンタルスペース、資産運用コンサル、経営コンサル、その他コンサル、不動産コンサルの業界で活動しています。	コンサルティング	経営コンサル
株式会社ＦＳプランニング	5010401104889	0	http://fs-planning.jp/contact/	http://fs-planning.jp/	fsplanning@vectorinc.co.jp	03-6268-8547	1060031	東京都	港区西麻布２丁目１５番３号	東京都港区西麻布２丁目１５番３号	海外食品ブランドの輸入や飲食店の経営を行う企業	東京都に拠点を置き、2013年03月27日に設立された飲食・外食業界で活躍する企業です。同社は海外食品ブランドの輸入や飲食店の経営を行い、主にバー・パブの運営事業を展開しています。また、コンサルティング業や居酒屋・飲み屋、カフェの運営事業も行っており、経営コンサルティングサービスも提供しています。	コンサルティング	経営コンサル
株式会社リンクソートコンサルティング	5010401110540	2	http://www.linkthought.co.jp/contact/index.html	http://www.linkthought.co.jp/		03-6453-6330	1080014	東京都	港区芝５丁目１３－１６三田文銭堂ビル３階	東京都港区芝５丁目１３－１６三田文銭堂ビル３階	財務・経営のアドバイスを提供する企業	2014年2月に東京都で設立されたコンサルティング企業です。同社は、財務・経営のアドバイスを提供し、営業支援サービス事業や資金管理支援事業を展開しています。主にコンサルティング、財務コンサル、経営コンサルなどの業種で活動し、クライアントの成功に貢献しています。	コンサルティング	経営コンサル
株式会社スターパートナーズ	5010401111951	7	http://care-sp.net/contactus/	https://care-sp.net/outline/	info@care-sp.net	0120-99-4306	1410031	東京都	品川区西五反田１丁目２６番２号五反田サンハイツビル２階	東京都品川区西五反田１丁目２６番２号五反田サンハイツビル２階	介護業界に特化した経営コンサルティング企業	東京都に拠点を置く介護業界に特化した経営コンサルティング企業です。同社はマーケティングコンサルティング事業、セミナー企画・運営事業、人材採用支援事業を展開しています。人材・アウトソーシング、コンサルティング、企業研修、セミナー、販促コンサル、その他人材、経営コンサルなどの業界で幅広いサービスを提供しています。	コンサルティング	経営コンサル
株式会社ｂｉｚｏｏ	5010401112735	0	https://bizoo.co.jp/#tf-contact	https://bizoo.co.jp/	info@bizoo.co.jp		1020074	東京都	千代田区九段南１丁目５番６号りそな九段ビル５Ｆ	東京都千代田区九段南１丁目５番６号りそな九段ビル５Ｆ	M&Aコンサルティング会社、相談と適合診断企業	東京都に本社を構えるM&Aコンサルティング会社です。2014年6月に設立され、主な事業は相談と適合診断企業です。業界においては、コンサルティングと経営コンサルの分野で知られています。	コンサルティング	経営コンサル
国際商務株式会社	5010401117908	1	http://www.jibc.co.jp/contact.html	http://www.jibc.co.jp/	info@jibc.co.jp	03-5464-8673	1070061	東京都	港区北青山３丁目６番７号	東京都港区北青山３丁目６番７号	“商品の生産から販売まで一貫して行う企業や、顧客にビジネスサポートを提供する企業”企業	東京都に拠点を置く企業であり、商品の生産から販売まで一貫して行っております。主な事業として美容商品販売事業、健康食品生産事業、赤ちゃん向け用品販売事業、化粧品受託製造事業、空気浄化機器販売事業を展開しております。2015年4月に設立された当社は、機械、生活用品、製造、食品、小売・販売・卸売、コンサルティング、その他電気製品、健康食品、日用品、美容グッズ販売、受託製造、化粧品製造、化粧品販売、製造業コンサル、経営コンサルといった多岐にわたる業界において幅広く活動しております。	コンサルティング	経営コンサル
株式会社エイジング・サポート	5010401119202	0	http://ageing-support.net/contact/	https://ageing-support.net/company/	ageingspa@ageing-support.com	03-6903-0465	1150045	東京都	北区赤羽１丁目７－９	東京都北区赤羽１丁目７－９	シニア向けビジネスコンサルティング企業	東京都に拠点を置くシニア向けビジネスコンサルティング企業です。2015年7月に設立され、主な事業として研修セミナー、介護教育、福祉施設の建築設計、経営研修などを展開しています。医療・製薬・福祉、人材・アウトソーシング、教育、コンサルティングなど多岐にわたる業界で活動し、障害者福祉や企業研修なども提供しています。	コンサルティング	経営コンサル
株式会社バランスマネジメント	5010401121059	0	http://balance-m.co.jp/contact/	http://balance-m.co.jp		03-6441-0032	1060032	東京都	港区六本木５丁目１８番１９号	東京都港区六本木５丁目１８番１９号	飲食店向けソフト＆経営コンサル企業	東京都を拠点にする飲食店向けソフト＆経営コンサル企業です。2015年10月に設立され、在庫管理事業、財務アドバイザリー事業、営業活動支援システム開発事業、財務・会計業務アウトソーシング事業を展開しています。主にIT、人材・アウトソーシング、コンサルティング、Webアプリ・サービス運営、財務コンサル、人材派遣、経営コンサルの業界に従事しています。	コンサルティング	経営コンサル
未来貯金株式会社	5010401131859	1	http://mr-c.jp/contact.html	https://www.mr-c.jp/		03-4400-2959	1080014	東京都	港区芝５丁目２９番２０号	東京都港区芝５丁目２９番２０号	企業が確定拠出年金制度に関する講演・セミナーを実施	2017年6月8日に設立された東京都に本社を構える企業です。同社は、金融、人材・アウトソーシング、エンタメ・娯楽、コンサルティング、セミナー、財務コンサル、イベント、その他金融関連サービスの業界で年金コンサル業および研修セミナー事業を展開しています。また、企業が確定拠出年金制度に関する講演・セミナーも実施しています。	コンサルティング	財務コンサル
Ｒｅｉｖａｌｕｅ株式会社	5010401134548	9	https://reivalue.co.jp/contact/	https://reivalue.co.jp/company/information/	info_reivalue@googlegroups.com	03-4405-4631	1050011	東京都	港区芝公園１丁目８番２０号	東京都港区芝公園１丁目８番２０号	エネルギー企業のアドバイザーおよび民泊管理サービス提供企業	2017年10月25日に東京都に設立されたエネルギー企業のアドバイザーおよび民泊管理サービス提供企業です。同社は主に訪日外国人向け事業に従事し、人材・アウトソーシング、コンサルティング、業務請負、翻訳・通訳、経営コンサルの業界で活動しています。	コンサルティング	経営コンサル
パーソルイノベーション株式会社	5010401143020	229	https://techplay.jp/contact/	https://www.persol-innovation.co.jp/about-us	support@lotsful.jp	03-3375-2220	1070062	東京都	港区南青山１丁目１５番５号	東京都港区南青山１丁目１５番５号	新規事業や子会社の経営企画と管理を行う企業	2018年12月28日に設立され、東京都に拠点を置く企業です。新規事業や子会社の経営企画と管理を行うことを主な業務としており、人材・アウトソーシング、コンサルティング、人材派遣、経営コンサルの産業に関与しています。グループ企業経営事業を通じて、組織の成長と発展に貢献しています。	コンサルティング	経営コンサル
株式会社青山ファミリーオフィスサービス	5010401157887	1	https://afos.co.jp/contact	https://afos.co.jp/company		03-6439-5800	1070052	東京都	港区赤坂８丁目４番１４号	東京都港区赤坂８丁目４番１４号			コンサルティング	経営コンサル
株式会社Ｇｌｏｔｕｓ	5010401159990	0	https://www.glotus.jp/	https://www.glotus.jp/	info@glotus.jp	03-6277-8066	1070052	東京都	港区赤坂８丁目５番２８号	東京都港区赤坂８丁目５番２８号			コンサルティング	経営コンサル
プラップコンサルティング株式会社	5010401162532	7	https://www.prapcon.co.jp/contact/	https://www.prapcon.co.jp/about_us/profile/		03-4580-9113	1070052	東京都	港区赤坂９丁目７番２号ミッドタウン・イースト	東京都港区赤坂９丁目７番２号ミッドタウン・イースト			コンサルティング	総合系コンサル
ヘキサフィールズ株式会社	5010401162557	1	https://hexa-fields.com/contact/	https://hexa-fields.com/			1050013	東京都	港区浜松町２丁目２－１５	東京都港区浜松町２丁目２－１５			コンサルティング	財務コンサル
那由他保険テクノロジーズ株式会社	5010401186572	3	https://nayuta-hoken.co.jp/contact	https://nayuta-hoken.co.jp/		050-1725-4773	1070052	東京都	港区赤坂６丁目４番１８号	東京都港区赤坂６丁目４番１８号			コンサルティング	経営コンサル
有限会社青木国際アドバイザリー	5010402028765	0	http://www.aokiadvisory.jp/contact/index.html	http://www.aokiadvisory.jp/	mail@aokiadvisory.jp	03-5793-5405	1080074	東京都	港区高輪３丁目９番８－６０１号	東京都港区高輪３丁目９番８－６０１号	企業のM&Aコンサルティングに特化	2004年10月に東京都で設立され、企業のM&Aコンサルティングに特化したコンサルティング企業です。同社は経営コンサルティングにも力を入れており、幅広い業界に対して的確なアドバイスを提供しています。	コンサルティング	経営コンサル
ジーフィールド株式会社	5010501022215	0	http://g-field.net/contact.html	http://www.g-field.net		03-3835-8137	1100016	東京都	台東区台東４丁目５番１２号	東京都台東区台東４丁目５番１２号	経営戦略のアドバイスや新規事業のサポートをしている会社	東京都に拠点を置くIT、コンサルティング、販促コンサルなどの業界で活動している会社です。同社は主にマーケティングコンサルティング事業とデータ解析事業を提供し、経営戦略のアドバイスや新規事業のサポートを行っています。	コンサルティング	経営コンサル
株式会社ベストスマイル	5010501027890	7	http://www.best-smile.co.jp/company/inquiry.html	https://www.best-smile.co.jp/company/map.html		03-5817-7255	1100005	東京都	台東区上野６丁目７番１６号古谷ビル５階	東京都台東区上野６丁目７番１６号古谷ビル５階	不動産仲介業に特化した企業の経営コンサルタント企業	東京都に拠点を置き、不動産仲介業に特化した企業の経営コンサルタント企業です。2008年1月に設立され、集合住宅賃貸事業、賃貸物件事業、販売スタッフ派遣事業、事業用不動産取引事業、駐車場運営事業などの業務を展開しています。人材・アウトソーシング、不動産、コンサルティング、不動産売買・仲介、人材派遣、不動産管理、駐車場運営、その他不動産、経営コンサル、不動産賃貸・仲介の業界で活動しています。	コンサルティング	経営コンサル
株式会社ビジネスサポートコンサルタント	5010501032890	0	http://www.bsc-mg.com/contact/	http://www.bsc-mg.com		03-5812-6451	1100015	東京都	台東区東上野２丁目１１番１号	東京都台東区東上野２丁目１１番１号	企業に対して、資産の管理や再生におけるコンサルティングを提供する会社	2009年6月に東京都に設立された企業です。同社はコンサルティング業界において、企業の資産の管理や再生に関する専門知識を提供しています。主な業務は財務コンサルティングや経営コンサルティングです。	コンサルティング	経営コンサル
戦国マーケティング株式会社	5010601028087	2	http://www.sengoku.biz/%E3%81%8A%E5%95%8F%E3%81%84%E5%90%88%E3%82%8F%E3%81%9B	https://sengoku.biz/福永雅文のプロフィール/会社案内	info@sengoku.biz	03-3354-1235	1020085	東京都	千代田区六番町１５番地２	東京都千代田区六番町１５番地２	経営コンサルティングを提供する企業に対するコンサルティング企業	東京都に拠点を置く経営コンサルティング企業です。同社は主に他の企業に対して経営コンサルティングを提供しており、セミナー企画・運営事業や企業内トレーニングアウトソーシング事業を展開しています。戦国マーケティング株式会社は、人材・アウトソーシング、コンサルティング、企業研修、セミナー、経営コンサルの業界で幅広いサービスを提供しています。	コンサルティング	経営コンサル
株式会社オフィスマキナ	5010701017519	1	http://office-makina.com/contact/index.html	http://office-makina.com/index.html	info@office-makina.com		1410032	東京都	品川区大崎５丁目９－９－２７０３	東京都品川区大崎５丁目９－９－２７０３	教育、化学、文化、経営に関する調査やコンサルティングを行う企業	東京都に位置する教育、化学、文化、経営に関する調査やコンサルティングを行う企業です。2006年7月に設立され、教育支援事業、イベントプランニング事業、セミナー企画・運営事業、ビジネスコンサルティング事業を担当しています。人材・アウトソーシング、エンタメ・娯楽、その他サービス、教育、コンサルティング、塾・予備校、セミナー、イベント、研究・調査・リサーチ、経営コンサルの業界において幅広い活動を展開しています。	コンサルティング	経営コンサル
株式会社ＲＯＳＥＳ	5010701023590	2	http://fanclub.biz/inquiry/	https://fanclub.biz/company/about/		080-4052-3593	2200073	神奈川県	横浜市西区岡野１丁目４番１号１０２	神奈川県横浜市西区岡野１丁目４番１号１０２	企業が管理や運営に関するアドバイスを提供する企業	神奈川県に所在する企業であり、2008年7月に設立されました。同社は、マーケティングコンサルティング事業およびシステムインテグレーション事業を展開しています。主な業務は、企業の管理や運営に関するアドバイスの提供であり、IT、コンサルティング、Webアプリ・サービス運営、販促コンサル、経営コンサルの業界において幅広く活動しています。	コンサルティング	経営コンサル
株式会社アスリード	5010701026742	4	http://www.as-lead.biz/mail/	https://www.as-lead.biz/outline.html		03-6721-7625	1710014	東京都	豊島区池袋２丁目７番７号	東京都豊島区池袋２丁目７番７号	ホテル事業を支援する経営コンサルティングファーム	2012年7月に設立された経営コンサルティングファームです。東京都に拠点を置き、ホテル事業を支援する市場リサーチ事業とホテルマネジメント事業を展開しています。その他サービスやコンサルティングを中心に、観光・宿泊・レジャーにおける研究・調査・リサーチに特化した経営コンサルティングを提供しています。	コンサルティング	経営コンサル
株式会社サンガアソシエイツ	5010801017674	36	http://www.bene-sa.co.jp/contact/index.html	https://www.bene-sa.co.jp/		03-3727-6111	1450066	東京都	大田区南雪谷２丁目２０番３号	東京都大田区南雪谷２丁目２０番３号	税務や経営についてアドバイスする企業	東京都に拠点を置く税務や経営についてアドバイスする企業です。1952年に設立され、税務アドバイザリー事業、資産管理アドバイザリー事業、会計・税務アドバイザリー事業、医療開業支援業を展開しています。士業、コンサルティング、税理士、会計士、財務コンサル、資産運用コンサル、経営コンサルなどの業界で活動しています。	コンサルティング	財務コンサル
株式会社鶴	5010801024415	1	http://tsuru.in/inquiry/	http://tsuru.in	ongaeshi@tsuru.in	050-5883-1975	1040061	東京都	中央区銀座８丁目１７－５ＴＨＥＨＵＢ銀座ＯＣＴ	東京都中央区銀座８丁目１７－５ＴＨＥＨＵＢ銀座ＯＣＴ	ビジネス支援会社経営戦略のコンサルティング、起業アドバイス、事業展開のプロデュースを担当企業	東京都に位置するビジネス支援会社です。2014年3月に設立され、マーケティングコンサルティング事業や商品開発アドバイザリー事業を手掛けています。さらに、人材・アウトソーシングから経営コンサルまで、幅広いコンサルティング業務を行っています。	コンサルティング	経営コンサル
株式会社デニオ総合研究所	5010901022095	24	https://www.deniau.jp/contact	https://www.deniau.jp/		03-6450-5711	1500013	東京都	渋谷区恵比寿１丁目２３番５号	東京都渋谷区恵比寿１丁目２３番５号	海外企業と協力して現地法人を設立し、企業の再建を支援するコンサルティング企業	1977年10月に東京都で設立されたコンサルティング企業です。同社は海外企業と協力し、現地法人を設立し、企業の再建を支援することを主な業務としており、営業支援サービス事業を展開しています。主な業種はコンサルティング、経営コンサル、その他コンサルです。	コンサルティング	経営コンサル
遠藤晃顧客教育研究所株式会社	5010901029537	1	http://www.no1seminar.jp/category/1190249.html	http://www.no1seminar.jp/	info@no1seminar.jp	03-6809-7656	1580082	東京都	世田谷区等々力４丁目６番５号サニーヒルズ等々力３０３号	東京都世田谷区等々力４丁目６番５号サニーヒルズ等々力３０３号	医療経営コンサルティングや個人向けセミナーを提供する事業者	東京都に拠点を置く医療経営コンサルティングや個人向けセミナーを提供する事業者です。同社は、教育用具販売事業、セミナー企画・運営事業、営業支援サービス事業、研修セミナー事業などを展開しています。主要業界は、人材・アウトソーシング、エンタメ・娯楽、教育、コンサルティング、医療コンサル、セミナー、イベント、経営コンサル、その他コンサル、教材となっています。	コンサルティング	経営コンサル
株式会社ヒューレックス	5011001019742	1	http://www.hurex-hd.jp/contents/contact/index.html	https://www.hurex-hd.jp/contents/company.html	info@hurex-hd.jp	06-6829-7884	5320011	大阪府	大阪市淀川区西中島６丁目２番３号チサンマンション第７新大阪１０１５号室	大阪府大阪市淀川区西中島６丁目２番３号チサンマンション第７新大阪１０１５号室	生産や商品開発をサポートする企業	1987年12月に大阪府に設立された生産や商品開発をサポートする企業です。チラシ・パンフレット作成事業、マーケティングコンサルティング事業、市場リサーチ事業、製造工程管理システム開発事業、商品開発アドバイザリー事業、ポスターデザイン制作事業などが主要な業務となっており、広告・制作、IT、その他サービス、コンサルティング、Webアプリ・サービス運営などの幅広い産業に関わっております。	コンサルティング	経営コンサル
株式会社グローバルオープンシステム	5011001030930	0	http://gos-j.net/new/%E3%81%8A%E5%95%8F%E3%81%84%E5%90%88%E3%82%8F%E3%81%9B/	http://gos-j.net/new	info@gos-j.net	04-2931-3595	1500001	東京都	渋谷区神宮前３丁目３８番１１号原宿ニューロイヤルビル２Ｆ	東京都渋谷区神宮前３丁目３８番１１号原宿ニューロイヤルビル２Ｆ	金融機関や個人事業主、地方自治体にコンサルタントを提供する企業	1994年4月に設立された東京都に拠点を置く企業です。同社は金融機関や個人事業主、地方自治体に対してコンサルタントを提供することを主な業務としています。経営研修事業を中心に、人材・アウトソーシング、その他サービス、コンサルティング、企業研修、起業コンサル、研究・調査・リサーチ、経営コンサルの様々な業界で活動しています。	コンサルティング	経営コンサル
株式会社キノトロープスリーイント	5011001040021	20	https://www.kinotrope.co.jp/fp2/form/95	https://www.k-3int.co.jp/company/		03-5478-8440	1510065	東京都	渋谷区大山町４５番１４号	東京都渋谷区大山町４５番１４号	業務システムのコンサルティングに携わる企業	東京都を拠点に業務システムのコンサルティングに携わる企業です。2003年に設立され、主にネットショップ構築事業やシステムアドバイザリー事業を展開しています。IT、コンサルティング、ITコンサル、起業コンサル、経営コンサル、eコマースなどの幅広い業界で活動しています。	コンサルティング	経営コンサル
株式会社リトリーブ	5011001045854	7	http://www.retrieve.co.jp/mpmail/form.html	http://www.retrieve.co.jp/company.html		03-5766-2200	1500011	東京都	渋谷区東３丁目１５番１２号	東京都渋谷区東３丁目１５番１２号	飲食店を誘致・立地調査するマーケティング支援企業	1997年10月に東京都に設立された飲食店を誘致・立地調査するマーケティング支援企業です。同社は、イベントプランニング事業や店舗デザイン企画事業を展開しており、建設、エンタメ・娯楽、コンサルティング、イベント、店舗デザイン、経営コンサル業界に携わっています。株式会社リトリーブは、誘致と立地調査における豊富な経験と知識をもとに、お客様のビジネス成長をサポートし続けています。	コンサルティング	経営コンサル
ブルドッグウォータ株式会社	5011001048816	6	https://pro.form-mailer.jp/fms/81e0440f95346	http://bulldogwater.jp/		03-6912-8500	1510072	東京都	渋谷区幡ヶ谷２丁目６番５号	東京都渋谷区幡ヶ谷２丁目６番５号	財務・会計コンサルティングにクラウドERPを活用する企業	2004年10月1日に東京都で設立された企業です。士業・コンサルティング業界において、クラウドERPを活用した財務・会計コンサルティングを提供しています。主な業務には、財務監査サービスや税務申告書作成事業が含まれます。	コンサルティング	財務コンサル
Ｇ．Ｓ．ブレインズコンサルティング株式会社	5011001050251	0	http://consulting.seityo-sien.com/inquiry/	https://brains-inc.co.jp/about/office/		03-6417-9628	1000006	東京都	千代田区有楽町１丁目２番２号東宝日比谷ビル１７階	東京都千代田区有楽町１丁目２番２号東宝日比谷ビル１７階	企業成長戦略コンサルティング企業	東京都に拠点を置く企業成長戦略コンサルティング企業です。同社は2008年1月に設立され、IT、人材・アウトソーシング、コンサルティングなどの業界で、Webマーケティング支援事業、リスクマネジメントコンサルティング事業、経営研修事業などを提供しています。	コンサルティング	経営コンサル
株式会社アイエルアイ	5011001051646	2	http://www.interliteracy.com/jp/#contact	https://ili.inc/		03-6712-5450	1500001	東京都	渋谷区神宮前６丁目２５番８－１３０２号	東京都渋谷区神宮前６丁目２５番８－１３０２号	営業戦略や助言事業を展開している企業	2007年3月に東京都に設立された企業です。同社は広告・制作、コンサルティング、CM制作・映像制作、販促コンサル、経営コンサルなど様々な業界で活動しています。主な事業としては、マーケティングコンサルティング、海外ビジネスアドバイザリー、営業支援サービス、動画コンテンツ制作などがあります。	コンサルティング	経営コンサル
株式会社マイクロアド	5011001052933	287	https://www.microad.co.jp/contact/	https://www.microad.co.jp/about/		050-1746-3333	1500031	東京都	渋谷区桜丘町２０番１号	東京都渋谷区桜丘町２０番１号	企業に対し、マーケティングデータの分析支援を提供する会社	東京都に拠点を置く企業で、2007年7月2日に設立されました。同社は、企業に対しマーケティングデータの分析支援を提供することを主な業務としており、マーケティングコンサルティング事業とWebマーケティング支援事業を展開しています。主にIT、その他サービス、コンサルティングなどの業界で活動しており、経営コンサルや販促コンサルなど、幅広いサービスを提供しています。	コンサルティング	経営コンサル
株式会社ミームプランニング	5011001053915	6	http://memeplanning.com/contact	http://memeplanning.com/	info@memeplanning.com	03-6450-5611	1500002	東京都	渋谷区渋谷１丁目２３番２１号渋谷キャスト２Ｆ	東京都渋谷区渋谷１丁目２３番２１号渋谷キャスト２Ｆ	商業施設に関するアドバイスや販促支援を提供する企業	2002年9月に設立された東京都を拠点とする企業です。同社は商業施設に関するアドバイスや販促支援を提供しており、販売アドバイザリー事業、市場リサーチ事業、営業支援サービス事業、イベント企画・運営事業、ロゴ制作事業などを展開しています。広告・制作、エンタメ・娯楽、その他サービス、コンサルティング、デザイン、イベント、販促コンサル、研究・調査・リサーチ、経営コンサル、その他コンサルなど、多岐にわたる業界で活動しています。	コンサルティング	経営コンサル
基軸コンサルティング株式会社	5011001054475	3	http://www.kijiku.jp/inquily/index.html	https://kijiku.jp/information/overview/		03-5789-5787	1500013	東京都	渋谷区恵比寿４丁目２０番３号恵比寿ガーデンプレイスタワー１８階	東京都渋谷区恵比寿４丁目２０番３号恵比寿ガーデンプレイスタワー１８階	企業経営や組織に関する助言と訓練を提供する企業	東京都に拠点を置き、企業経営や組織に関する助言と訓練を提供する会社です。2007年1月に設立され、主な業務は企業内トレーニングアウトソーシング事業と商品開発アドバイザリー事業です。人材・アウトソーシング、コンサルティング、企業研修、経営コンサル、その他コンサルの業界で活動しています。	コンサルティング	経営コンサル
ＫＴマーケティング株式会社	5011001056620	1	https://fofa.jp/ktmktg/a.p/103/	http://www.ktmktg.co.jp/index.html	info@ktmktg.co.jp	03-6869-1926	1500002	東京都	渋谷区渋谷３丁目５番１６号渋谷三丁目スクエアビル２Ｆ	東京都渋谷区渋谷３丁目５番１６号渋谷三丁目スクエアビル２Ｆ	富裕層や上位顧客を対象にしたビジネス戦略やマーケティングを実施する企業	東京都を拠点に、富裕層や上位顧客を対象にしたビジネス戦略やマーケティングを実施する企業です。2004年2月に設立され、マーケティングコンサルティング事業、市場リサーチ事業、ビジネスコンサルティング事業を展開しています。その他サービス、コンサルティング、販促コンサル、研究・調査・リサーチ、経営コンサルなどの業界で活動しています。	コンサルティング	経営コンサル
株式会社ウィルズ	5011001056678	126	https://www.wills-net.co.jp/contact/index.php	https://www.wills-net.co.jp/corporate/outline.html	privacy@wills-net.co.jp	03-6435-8151	1050001	東京都	港区虎ノ門２丁目３番１７号虎ノ門２丁目タワー	東京都港区虎ノ門２丁目３番１７号虎ノ門２丁目タワー	IR企業（海外・国内・個人投資家向けに情報提供する）	2004年10月18日に東京都に設立されたIR企業です。同社は海外・国内・個人投資家向けに情報提供を行い、市場リサーチ事業および投資アドバイザリー事業を展開しています。その他サービス、コンサルティング、資産運用コンサル、研究・調査・リサーチ、経営コンサルの業界において活動しています。	コンサルティング	経営コンサル
ティック株式会社	5011001058220	2	http://www.tik-japan.com/Contact.html	https://www.tik-japan.com/aboutus.html	info@tik-japan.com	03-6419-3212	1500001	東京都	渋谷区神宮前６丁目２３番１１号	東京都渋谷区神宮前６丁目２３番１１号	中小企業に資金を提供する企業	2008年1月に東京都に設立された中小企業への資金提供を行う会社です。営業支援サービス事業、不動産自主売却事業、会計・税務アドバイザリー事業、資金管理支援事業、リスクマネジメントコンサルティング事業など、幅広い事業を展開しています。士業、金融、コンサルティング、会計士、財務コンサル、事業者金融、経営コンサル、その他コンサル、不動産コンサルなどの業界で活動しています。	コンサルティング	経営コンサル
青山ヒューマン・イノベーション・コンサルティング株式会社	5011001058971	2	https://www.aogaku-hicon.jp/contactform/	https://www.aogaku-hicon.jp/companyprofile/	hicon@aogaku-hicon.jp	03-6427-9470	1500001	東京都	渋谷区神宮前６丁目２３番１１号パークサイドハイツ３０２号	東京都渋谷区神宮前６丁目２３番１１号パークサイドハイツ３０２号	ITコンテンツを活用したマーケティングとキャリア開発を専門とする企業	東京都に本社を置くITコンテンツを活用したマーケティングとキャリア開発を専門とする企業で、2008年12月に設立されました。同社は、イベントプランニング事業、マーケティングコンサルティング事業、セミナー企画・運営事業、地方創生事業、Webマーケティング支援事業を主要な業務としています。さらに、IT、人材・アウトソーシング、エンタメ・娯楽、不動産、コンサルティング、企業研修、セミナー、イベント、販促コンサル、デベロッパー、経営コンサルを含む幅広い業界で活動しています。	コンサルティング	経営コンサル
株式会社ソリューション	5011001061959	8	https://solution-hr.com/contact.php	https://solution-hr.com/sol/about.html	info@solution-hr.com	06-6203-0222	5410046	大阪府	大阪市中央区平野町４丁目７番７号	大阪府大阪市中央区平野町４丁目７番７号	企業のマネジメントや組織分析を行うアドバイザリー企業	2015年5月1日に大阪府に設立された企業であり、企業のマネジメントや組織分析を行うアドバイザリー企業です。主な事業としては、組織分析コンサルティング事業、研修セミナー事業、人材採用支援事業、経営研修事業などがあります。また、人材・アウトソーシング、コンサルティング、企業研修、セミナーなどの業界に従事しています。	コンサルティング	経営コンサル
ユニック株式会社	5011001063501	0	http://www.unik.co.jp/contact.html	http://www.unik.co.jp/index.html		03-5456-5026	1070062	東京都	港区南青山２丁目４番１５号天翔南青山ビル	東京都港区南青山２丁目４番１５号天翔南青山ビル	直接販売戦略アドバイザー	2009年1月に東京都で設立された直接販売戦略アドバイザーです。ダイレクトメール制作事業、広告クリエイティブ事業、イベントプランニング事業、物流アドバイザリー事業、営業支援サービス事業、保険アドバイザリー事業、テレビ広告制作事業、研修セミナー事業などを展開しています。広告・制作、人材・アウトソーシング、エンタメ・娯楽、コンサルティングなどの幅広い業界でサービスを提供しています。	コンサルティング	総合系コンサル
株式会社グローバルテック	5011001063996	1	http://www.global-t.jp/inquiry.html	http://global-t.jp/company.html	info@global-t.jp	03-5309-2647	1510073	東京都	渋谷区笹塚２丁目４番９号笹塚パインビル５Ｆ	東京都渋谷区笹塚２丁目４番９号笹塚パインビル５Ｆ	経営アドバイザリーやWebサービス提供企業など企業	東京都を拠点に経営アドバイザリーやWebサービス提供企業などの事業を展開しています。主力業務は投資アドバイザリーであり、IT、コンサルティング、Webマーケコンサル、ITインフラストラクチャー、資産運用コンサル、経営コンサルの業界で活動しています。	コンサルティング	経営コンサル
株式会社Ｂｅｉｎｇ	5011001065340	0	http://www.being-net.co.jp/contact.html	http://www.being-net.co.jp		03-5361-8040	3890821	長野県	千曲市上山田温泉３丁目１２番地２	長野県千曲市上山田温泉３丁目１２番地２	エステサロン運営・美容・旅行業コンサルタントを行う企業	長野県に拠点を置き、エステサロン運営・美容・旅行業コンサルタントを行う企業です。主な業務はネイルサービス業であり、2010年6月に設立されました。美容・アパレル、コンサルティング、販促コンサル、エステ、経営コンサルを中心に展開しています。	コンサルティング	経営コンサル
株式会社Ｇａｊｉ－Ｌａｂｏ	5011001067080	25	https://www.gaji.jp/contact/	https://www.gaji.jp/about	webinfo@gaji.jp		1510051	東京都	渋谷区千駄ヶ谷３丁目１６番３号	東京都渋谷区千駄ヶ谷３丁目１６番３号	ワークショップ運営とシステム導入企業	2010年10月に設立され、東京都を拠点にワークショップの運営とシステム導入を行っています。同社はIT、コンサルティング、Webアプリ・サービス運営、経営コンサルの分野で活動し、主にシステムインテグレーション事業に従事しています。	コンサルティング	経営コンサル
株式会社アパレル総合コンサルティング	5011001068335	0	https://lolipop-5534d5b8495171b7.ssl-lolipop.jp/contact/	http://www.agcinc.jp/about/corp	info@agcinc.jp	03-5421-7758	1500013	東京都	渋谷区恵比寿１丁目１６番２９号	東京都渋谷区恵比寿１丁目１６番２９号	アパレル業界に特化した、企業や事業のサポートとインフラ整備を手がける企業	東京都に本社を置き、アパレル業界に特化した企業や事業のサポートとインフラ整備を手がけています。2011年2月に設立され、マーケティングコンサルティング事業、ビジネス承継支援事業、Webマーケティング支援事業などを展開しており、IT、その他サービス、コンサルティング、Webマーケコンサル、総合系コンサル、販促コンサル、その他サービスなどの業界で活動しています。	コンサルティング	総合系コンサル
株式会社アクアビジネスコンサルティング	5011001069440	2	https://aqua-consulting.dreama.jp/44/46/	http://www.aqua-consulting.co.jp/		03-6908-2738	1050013	東京都	港区浜松町１丁目２７番４号神丸ビル５階	東京都港区浜松町１丁目２７番４号神丸ビル５階	日中のビジネスコンサルティング企業	東京都に拠点を置く日中のビジネスコンサルティング企業です。2002年2月に設立され、主な事業内容は市場リサーチ事業、海外ビジネスアドバイザリー事業、営業支援サービス事業、会計・税務アドバイザリー事業です。士業、その他サービス、コンサルティング、会計士、研究・調査・リサーチ、経営コンサルなどの幅広い業種に対応しています。	コンサルティング	経営コンサル
株式会社ハートリッチ	5011001073657	3	http://www.heartrich.co.jp/contact/index.php	http://heartrich.co.jp/company.php		03-6450-2675	1500021	東京都	渋谷区恵比寿西２丁目１６番８号	東京都渋谷区恵比寿西２丁目１６番８号	飲食店のマーケティング・ビジネス支援を行う企業	2011年6月に東京都に設立された飲食店のマーケティング・ビジネス支援を行う企業です。主な事業は、チラシ・パンフレット作成事業、商業施設建築事業、店舗設計事業です。建設、工事・土木、広告・制作、飲食・外食、コンサルティングなどの様々な業界での経験を持ち、商業施設や店舗の企画・設計や経営コンサルにも力を注いでいます。	コンサルティング	経営コンサル
株式会社プロフュージョン	5011001098745	4	http://profusion.jp/contactus/	https://profusion.jp/company/		03-6804-8442	1500046	東京都	渋谷区松濤１丁目１番３号ジョワレ松濤７階	東京都渋谷区松濤１丁目１番３号ジョワレ松濤７階	経営戦略や人材提供などを行う企業	東京都に拠点を構える企業で、経営戦略や人材提供などを手掛けています。2013年2月に設立された同社は、エンジニア紹介事業、海外ビジネスアドバイザリー事業、Webマーケティング支援事業に取り組んでおり、主にIT業界や人材アウトソーシング、コンサルティングなどの領域で活動しています。	コンサルティング	経営コンサル
株式会社アールエーネクスト	5011001101764	3	http://www.ra-next.jp/contact/	https://www.ra-next.jp/company/		03-6859-5151	1500013	東京都	渋谷区恵比寿１丁目３３番８号キャストスビル２階	東京都渋谷区恵比寿１丁目３３番８号キャストスビル２階	Webサイト制作やSEOなどのITコンサルタント企業	東京都に位置するITコンサルタント企業です。2014年9月に設立され、Webサイト制作やSEOなどのサービスを提供しており、主な業務はWebマーケティング支援事業と検索エンジン最適化対策事業です。広告・制作、IT、コンサルティング、Webマーケコンサル、Web制作、その他IT、経営コンサルの業界で活動しています。	コンサルティング	経営コンサル
株式会社ｍｃｔ	5011001102977	0	http://www.mctinc.jp/contact/	https://mctinc.jp/about		03-3405-5135	1500001	東京都	渋谷区神宮前２丁目４番１１号Ｄａｉｗａ神宮前ビル１Ｆ・２Ｆ	東京都渋谷区神宮前２丁目４番１１号Ｄａｉｗａ神宮前ビル１Ｆ・２Ｆ	ヒトを中心に据えた革新的デザインコンサルティング企業	東京都に拠点を置くヒトを中心に据えた革新的デザインコンサルティング企業です。同社は主に商品開発アドバイザリー事業に従事しており、コンサルティング、経営コンサル、その他コンサル業界で活動しています。	コンサルティング	経営コンサル
株式会社バルーン	5011001104692	25	https://fashion-balloon.co.jp/contact	http://fashion-balloon.co.jp		03-6434-5038	1510051	東京都	渋谷区千駄ヶ谷３丁目１１番３号	東京都渋谷区千駄ヶ谷３丁目１１番３号	ファッション産業に特化したコンサルティングファーム	2015年3月に東京都で設立されたファッション産業に特化したコンサルティングファームです。同社はマーケティングコンサルティング事業を展開し、人材・アウトソーシング、コンサルティング、企業研修、販促コンサル、経営コンサルの分野におけるサービス提供を行っています。	コンサルティング	経営コンサル
株式会社ＷＡＲＣ	5011001116333	84	https://corp.warc.jp/contact/	https://corp.warc.jp/whoweare			1410021	東京都	品川区上大崎２丁目２５－２新目黒東急ビル９Ｆ	東京都品川区上大崎２丁目２５－２新目黒東急ビル９Ｆ			コンサルティング	経営コンサル
株式会社Ｂｅｌｌｅｖｅｔｓ　Ｄｅｓｉｇｎ	5011001141315	2	https://berutoro.jp/contact/	https://bellevets-design.jp/			2140014	神奈川県	川崎市多摩区登戸２４３２番地１	神奈川県川崎市多摩区登戸２４３２番地１			コンサルティング	経営コンサル
有限会社コンテンポラリープランニングセンター	5011002019361	82	http://www.cpcenter.net/contact/	https://www.cpcenter.net/		03-5412-8158	1500001	東京都	渋谷区神宮前２丁目３３番１２号ビラビアンカ５０５	東京都渋谷区神宮前２丁目３３番１２号ビラビアンカ５０５	企画や制作を担当している会社	東京都に位置する1997年12月1日に設立された企画や制作を担当している会社です。同社は主にショッピングセンター運営事業とマーケティングコンサルティング事業を展開しており、飲食・外食、小売・販売・卸売、コンサルティング、ショッピングセンター、販促コンサル、カフェ、経営コンサルなどの業界で幅広いサービスを提供しています。	コンサルティング	経営コンサル
有限会社ヘッズ	5011002024378	1	http://www.heads-west.com/contact/index.html	http://www.heads-west.com/index.html			1500001	東京都	渋谷区神宮前４丁目６番８号	東京都渋谷区神宮前４丁目６番８号	飲食店を支援する企業コンサルティングと内装設計を提供企業	2001年3月に設立された東京都を拠点とする企業です。主に飲食店を支援するための企業コンサルティングと内装設計のサービスを提供しており、営業支援、店舗空間デザイン、デザイン制作などの事業を展開しています。建設、広告・制作、コンサルティング、デザイン、店舗デザイン、経営コンサル、その他コンサル、インテリア系デザインの業界で活動しています。	コンサルティング	経営コンサル
ダンコンサルティング株式会社	5011101012325	1	http://www.dan-tcg.co.jp/inquiry.html	http://www.dan-tcg.co.jp/dan_consulting.html		03-3232-1409	1690075	東京都	新宿区高田馬場２丁目１８番６号	東京都新宿区高田馬場２丁目１８番６号	戦略コンサルティング(経営/不動産)企業	東京都を拠点にする戦略コンサルティング(経営/不動産)企業です。営業支援サービス事業、相続アドバイザリー事業、経営研修事業を展開しており、人材・アウトソーシング、コンサルティング、企業研修、資産運用コンサル、経営コンサル、その他コンサル、不動産コンサルなどの業界で幅広いサービスを提供しています。	コンサルティング	経営コンサル
株式会社ミナックス	5011101025104	16	http://www.minaxs.co.jp/contact/	http://www.minaxs.co.jp		03-5228-6911	1620845	東京都	新宿区市谷本村町３番１８号	東京都新宿区市谷本村町３番１８号	ホテルやボウリング場などのビジネス支援を行う会社	1948年2月に東京都で設立されたホテルやボウリング場などのビジネス支援を行う会社です。彼らはグループ企業経営事業を専門とし、人材・アウトソーシング、コンサルティング、事務処理代行、起業コンサル、経営コンサルなど、多岐にわたる産業で活躍しています。	コンサルティング	経営コンサル
Ｇ－ＦＡＣＴＯＲＹ株式会社	5011101035359	242	http://g-fac.jp/contact/	https://g-fac.jp/company/	info@g-fac.jp	03-5325-6868	1600023	東京都	新宿区西新宿１丁目２５番１号	東京都新宿区西新宿１丁目２５番１号	店舗型サービスを提供する企業に対する経営コンサルティングを行う企業	2003年5月20日に東京都で設立された企業です。和食を中心とした飲食業界や店舗型サービスを提供する企業に特化し、経営コンサルティングを提供しています。同社は飲食コンサルティングだけでなく、広範なコンサルティングサービスを提供し、業界内での成功に貢献しています。	コンサルティング	経営コンサル
株式会社ピーワールド・インサイト	5011101036679	2	http://www.p-wins.net/contact/	http://www.p-wins.net/index.html	info@p-wins.net	03-3344-2266	1600023	東京都	新宿区西新宿１丁目２２番１５号ＶＯＲＴ西新宿Ⅲ７階	東京都新宿区西新宿１丁目２２番１５号ＶＯＲＴ西新宿Ⅲ７階	スロットやパチンコ店に販促を行っているビジネス企業	東京都に位置するスロットやパチンコ店に販促を行っているビジネス企業です。2004年1月に設立され、マーケティングコンサルティング事業、市場リサーチ事業、営業支援サービス事業を展開しています。その他サービス、コンサルティング、販促コンサル、研究・調査・リサーチ、経営コンサル、その他コンサルの業界で活動しています。	コンサルティング	経営コンサル
株式会社エムエム総研	5011101038568	178	https://form.mmsouken.co.jp/contact.php?_ga=2.41272290.1100546746.1518337266-472766836.1518337266	https://www.mmsouken.co.jp/company/profile/		03-4530-4700	1600022	東京都	新宿区新宿６丁目２７番５６号	東京都新宿区新宿６丁目２７番５６号	企業のマーケティングをサポートする事業を行う企業	東京都に本社を構え、1989年3月13日に設立された企業です。同社は広告・制作、IT、コンサルティング、Webマーケコンサルなどの業界で事業を展開し、企業のマーケティングをサポートする役割を果たしています。特に、マーケティングコンサルティング事業やWebマーケティング支援事業を重点的に行っています。	コンサルティング	経営コンサル
株式会社フォーラムジャパン	5011101044070	2	http://www.forum-japan.com/contact/index.html	http://www.forum-japan.com/index.html	info@forum-japan.com	03-3350-0912	1620065	東京都	新宿区住吉町２番１８－２０４号	東京都新宿区住吉町２番１８－２０４号	小規模企業のグローバル展開をサポートする企業	2005年3月に設立された東京都を拠点とする企業であり、小規模企業のグローバル展開をサポートしています。同社はマーケティングコンサルティング事業や市場リサーチ事業を行い、人材・アウトソーシング、その他サービス、コンサルティング、企業研修、販促コンサル、研究・調査・リサーチ、経営コンサルの業界において活動しています。	コンサルティング	経営コンサル
ＳＰＲＩＮＧ株式会社	5011101044938	0	http://www.springinc.jp/contact/index.php	http://www.springinc.jp/index.html		03-6858-0330	1600023	東京都	新宿区西新宿３丁目２番９号新宿ワシントンホテルビル本館２Ｆ	東京都新宿区西新宿３丁目２番９号新宿ワシントンホテルビル本館２Ｆ	ビジネス設立やプロセス管理を請け負う企業	東京都に所在するビジネス設立やプロセス管理を請け負う企業です。2005年3月に設立され、コンサルティングや経営コンサルの分野において優れたサービスを提供しています。	コンサルティング	経営コンサル
株式会社カクシン	5011101046100	3	http://nagayama-kakushin.jp/contact/	https://nagayama-kakushin.jp/	info@nagayama-kakushin.jp	03-5291-5661	1620041	東京都	新宿区早稲田鶴巻町５３７番地	東京都新宿区早稲田鶴巻町５３７番地	「カクシン塾」という経営者向けのセミナーを開催している企業	東京都を拠点に、「カクシン塾」という経営者向けのセミナーを開催している企業です。主な業務はビジネス承継支援事業、研修セミナー事業、経営研修事業を展開しています。人材・アウトソーシング、その他サービス、コンサルティング、企業研修、セミナー、経営コンサルの業界において幅広いサービスを提供しています。	コンサルティング	経営コンサル
株式会社アースカラー	5011101052643	4	https://earthcolor.info/contact/	https://earthcolor.info/	info@earthcolor.info	03-6304-2920	1510072	東京都	渋谷区幡ヶ谷１丁目８番３号	東京都渋谷区幡ヶ谷１丁目８番３号	スポーツクラブ向け売上拡大支援と業務改善コンサルティングを提供する企業	東京都に本社を置き、スポーツクラブ向け売上拡大支援と業務改善コンサルティングを提供する企業です。1990年2月に設立され、販売アドバイザリー事業、ヘルスフード販売事業、スポーツ用具卸売事業、スポーツ用具販売事業を展開しています。主に生活用品、食品、IT、小売・販売・卸売、コンサルティング、健康食品、スポーツ用品、販促コンサル、スポーツ用品販売、経営コンサル、eコマースといった業界で活動しています。	コンサルティング	経営コンサル
株式会社カレンコンサルティング	5011101052874	2	http://www.carren.co.jp/cgi-bin/inquiry/inputform.cgi	http://www.carren.co.jp/index.html		03-6457-4350	1600004	東京都	新宿区四谷４丁目３番地エクシーナ四谷８０１号	東京都新宿区四谷４丁目３番地エクシーナ四谷８０１号	経営相談から業務代行まで、様々な事業を手掛ける会社	東京都を拠点に経営相談から業務代行まで、様々な事業を手掛ける会社です。2009年5月に設立され、人材・アウトソーシング、その他サービス、コンサルティングなどの業界で活動しています。市場リサーチ事業、文書作成代行事業、企業内トレーニングアウトソーシング事業などを主に行い、研究・調査・リサーチ、経営コンサルなどの幅広いサービスを提供しています。	コンサルティング	経営コンサル
経営企画室株式会社	5011101055340	1	http://www.keieikikaku-shitsu.co.jp/contact/index.html	http://keieikikaku-shitsu.co.jp/	t-kobayashi@keieikikaku-shitsu.co.jp	03-3353-8011	1600008	東京都	新宿区三栄町９番地９	東京都新宿区三栄町９番地９	経営コンサルティング及び人材育成を手掛ける企業	東京都に拠点を置く経営コンサルティング及び人材育成を手掛ける企業です。同社は、マーケティングコンサルティング事業、財務アドバイザリー事業、企業内トレーニングアウトソーシング事業などを提供しています。主に人材・アウトソーシング、コンサルティング、企業研修、財務コンサル、販促コンサル、経営コンサルなどの産業に関与しています。	コンサルティング	経営コンサル
株式会社インキューブ	5011101055563	0	http://in3.co.jp/contact	http://in3.co.jp		03-6757-0986	1600023	東京都	新宿区西新宿３丁目３番１３号西新宿水間ビル６階	東京都新宿区西新宿３丁目３番１３号西新宿水間ビル６階	企業がプロデュースや資金調達をサポートする支援企業	東京都に位置する企業であり、2010年2月に設立されました。同社は、企業のプロデュースや資金調達をサポートする支援企業であり、主な業務は補助金申請支援事業です。その他サービスや経営コンサルティングなどの業界にも関与しています。	コンサルティング	経営コンサル
株式会社コラビー	5011101055836	2	https://collabee.co.jp/contact.html	https://collabee.co.jp/about.html	info@collabee.co.jp	03-6759-5808	1620041	東京都	新宿区早稲田鶴巻町５１８早稲田玉井ビル３階	東京都新宿区早稲田鶴巻町５１８早稲田玉井ビル３階	ビジネスアドバイザリーやカレーパックの販売が主要なビジネスの企業	東京都を拠点に、2010年3月に設立されたIT、コンサルティング、Webアプリ・サービス運営、経営コンサル、eコマース等の業界で活動する企業です。同社の主要なビジネスはビジネスアドバイザリーやカレーパックの販売です。	コンサルティング	経営コンサル
ＴＯＲｉＸ株式会社	5011101060423	0	https://www.torix-corp.com/contact	https://www.torix-corp.com/		03-6262-9631	1020094	東京都	千代田区紀尾井町３－３１－１１階	東京都千代田区紀尾井町３－３１－１１階	企業の営業組織を支援する研修やコンサルティングを提供する企業	2011年7月に東京都で設立された企業です。同社は、企業の営業組織を支援する研修やコンサルティングを提供する営業支援サービス事業を展開しています。主に人材・アウトソーシング、コンサルティング、企業研修、経営コンサルなどの業界において幅広いサービスを提供しています。	コンサルティング	経営コンサル
プライドワークス株式会社	5011101070810	0	http://prideworks.co.jp/inquire	http://prideworks.co.jp/	info@prideworks.co.jp	03-6808-5821	1500043	東京都	渋谷区道玄坂１丁目１０番８号渋谷道玄坂東急ビル２Ｆ－Ｃ	東京都渋谷区道玄坂１丁目１０番８号渋谷道玄坂東急ビル２Ｆ－Ｃ	中小・ベンチャー企業向けの経営コンサルティング企業	東京都を拠点に中小・ベンチャー企業向けの経営コンサルティング企業です。2014年8月に設立され、IT、人材・アウトソーシング、コンサルティング、Webアプリ・サービス運営、セミナー、経営コンサルの業界で活動しています。研修セミナー事業や動画ストリーミングサービス運営事業にも力を入れています。	コンサルティング	経営コンサル
株式会社クロスチェック	5011101071619	25	https://www.crosscheck.co.jp/contact/contact.html	https://www.crosscheck.co.jp/company/		03-5501-9500	1050003	東京都	港区西新橋１丁目１５番５号	東京都港区西新橋１丁目１５番５号	企業の課題診断と費用削減支援を行う企業	東京都に位置するコンサルティング企業です。同社は、企業の課題診断と費用削減支援を専門に行っており、主に財務コンサルティング業務に従事しています。クロスチェックは、効果的なビジネス戦略の策定や経費削減の提案を通じて、お客様企業の成長と競争力強化に貢献しています。	コンサルティング	財務コンサル
株式会社アンリミテッドクリエーション	5011101083333	14	http://unlimi.com/contact/	https://unlimi.com/outline/		03-6457-4686	1600016	東京都	新宿区信濃町３番地	東京都新宿区信濃町３番地	ビジネスアドバイザリー企業	東京都に拠点を置くビジネスアドバイザリー企業です。2018年2月27日に設立され、人材・アウトソーシング、コンサルティング、企業研修、セミナー、経営コンサルなどの業界で活動しています。セミナー企画・運営事業や経営研修事業を主軸において、クライアント企業の経営力向上をサポートしています。	コンサルティング	経営コンサル
株式会社ＷＡＤＯウイングス	5011201016003	8	https://wadowingx.co.jp/contact	https://wadowingx.co.jp/company		03-6276-3276	1570076	東京都	世田谷区岡本１丁目７番３号	東京都世田谷区岡本１丁目７番３号	マーケティングや営業についてコンサルティングを行っている企業	東京都に拠点を置くマーケティングや営業についてコンサルティングを行っている企業です。財務アドバイザリー事業や研修セミナー事業を展開し、人材・アウトソーシング、コンサルティング、企業研修、セミナー、財務コンサル、経営コンサルの業界で活動しています。2012年07月に設立されました。	コンサルティング	経営コンサル
株式会社ライジング・インベストメントマネジメント	5011201016845	4	http://rising-tokyo.com/factoring01/form.html	https://rising-tokyo.com/company.html		0120-039-456	1640001	東京都	中野区中野３丁目２８番２３－２階	東京都中野区中野３丁目２８番２３－２階	買取ファクタリング及びコンサルティング活動を行う企業	2013年7月に東京都に設立された不動産鑑定事業を行う企業です。また、同社は買取ファクタリング及びコンサルティング活動も行っており、不動産、コンサルティング、財務コンサル、その他不動産、資産運用コンサルなどの業種に従事しています。	コンサルティング	財務コンサル
作戦本部株式会社	5011301018270	1	http://www.sakusenhonbu.com/#front-contact	https://www.sakusenhonbu.com/		03-6205-7530	1400001	東京都	品川区北品川４丁目１１－８－１Ｆ	東京都品川区北品川４丁目１１－８－１Ｆ	新しいビジネスや製品を作り、計画を策定している企業	2012年1月に設立された東京都を拠点とする企業です。同社は、新しいビジネスや製品の開発を行い、計画を策定することを専門としており、主に商品開発アドバイザリー事業を展開しています。IT、コンサルティング、デジタル系コンテンツ、経営コンサル、その他コンサルなどの幅広い業界で活動しています。	コンサルティング	経営コンサル
株式会社トイロ	5011301021621	0	http://to-iro.co.jp/contact/	http://to-iro.co.jp	info@casalegare.com	03-6451-4286	1080075	東京都	港区港南４丁目７番５５－５０９号	東京都港区港南４丁目７番５５－５０９号	企業の経営コンサルティングやロゴ・アパレル商品のデザインを提供している企業	東京都を拠点に企業の経営コンサルティングやロゴ・アパレル商品のデザインを提供する会社です。2015年9月に設立され、ブランド戦略策定事業、マーケティングコンサルティング事業、雑貨デザイン事業、ロゴ制作事業、ビジネススーツ販売事業などを手掛けています。広告・制作、生活用品、美容・アパレル、小売・販売・卸売、コンサルティング、雑貨、デザイン、レディースアパレルメーカー、販促コンサル、アパレル販売、メンズアパレルメーカー、経営コンサルの業界で活動しています。	コンサルティング	経営コンサル
株式会社エイル	5011301022792	0	http://eir-m.com/contact/	https://eir-m.com/company/		03-6755-2615	1670051	東京都	杉並区荻窪５丁目８番３－５０３号ヴィークコート荻窪	東京都杉並区荻窪５丁目８番３－５０３号ヴィークコート荻窪	医療美容サービスコンサルタント企業	東京都を拠点として、2016年12月27日に設立された医療美容サービスコンサルタント企業です。同社は、美容室・サロン経営コンサルティング業やWebマーケティング支援事業を展開し、美容・アパレル、IT、コンサルティング、Webマーケコンサル、美容サロン、経営コンサルの業界において事業を展開しています。	コンサルティング	経営コンサル
株式会社ドリーマン	5011401013320	0	http://dreaman.jp/contact/index.html	http://dreaman.jp/index.html		03-6321-6894	1740044	東京都	板橋区相生町３番４号	東京都板橋区相生町３番４号	ビジネスマッチングサイトの管理・パートナーシップ支援をする企業	東京都に拠点を置くビジネスマッチングサイトの管理・パートナーシップ支援をする企業です。2008年4月に設立され、広告・制作、IT、その他サービス、コンサルティングなどの業界で活動しています。主な事業としては、Webマーケティング支援、ネットショップ構築、マッチングプラットフォーム運営、検索エンジン最適化対策などがあります。	コンサルティング	経営コンサル
株式会社シーエムエー	5011401018773	4	http://cma111.grupo.jp/otoiawase	https://www.cma111.co.jp/		03-5926-5509	1740074	東京都	板橋区東新町１丁目１番１号	東京都板橋区東新町１丁目１番１号	医療・介護経営に関するコンサルティングを行う企業	東京都に拠点を置く医療・介護経営に関するコンサルティングを行う企業です。同社は医療施設用システム開発事業、介護事業のコンサルティングサービス、福祉機器販売事業を手がけており、主に医療・製薬・福祉、IT、コンサルティング、Webアプリ・サービス運営、障害者福祉、介護用品、経営コンサル、その他コンサルの業界において幅広いサービスを提供しています。	コンサルティング	経営コンサル
合同会社シュテルン	5011403001075	0	https://www.sternllc.jp/contact/	https://www.sternllc.jp	info@sternllc.jp	03-6780-0824	1730024	東京都	板橋区大山金井町２５番２－２０４号	東京都板橋区大山金井町２５番２－２０４号	事業成長の援助や協会設立のサポートなどを提供する企業	東京都に位置する事業成長の援助や協会設立のサポートなどを提供する企業です。2010年4月に設立され、広告・制作、IT、人材・アウトソーシング、コンサルティング、Webマーケコンサル、Web制作、セミナー、経営コンサルの業界で活躍しています。主な業務としては、セミナー企画・運営事業、研修セミナー事業、Webマーケティング支援事業を手がけています。	コンサルティング	経営コンサル
株式会社ビジネス・コーディネート	5011501016454	0	http://www.b-coordinate.co.jp/contact.htm	http://www.b-coordinate.co.jp/overview.htm	info@b-coordinate.co.jp	0120-338-138	1140024	東京都	北区西ケ原１丁目２６番５号	東京都北区西ケ原１丁目２６番５号	企業成立サポート及び簿記代行を行う企業	東京都を拠点にしており、企業成立サポート及び簿記代行を行う士業企業です。同社の業務には、マーケティングコンサルティング事業、税務アドバイザリー事業、文書作成代行事業、保険アドバイザリー事業、財務・会計業務アウトソーシング事業が含まれています。さらに、人材・アウトソーシング、コンサルティング、税理士、事務処理代行、業務請負、人材派遣、販促コンサル、資産運用コンサル、経営コンサルなど、幅広い業界・サービス領域において活動しています。	コンサルティング	経営コンサル
株式会社日本フランチャイズ総合研究所	5011601018276	3	https://the-franchise.co.jp/inquiry-2	https://the-franchise.co.jp/company-overview	info@the-franchise.co.jp	03-5361-7122	1600004	東京都	新宿区四谷１丁目２番地	東京都新宿区四谷１丁目２番地	フランチャイズ事業のコンサルティング企業	東京都に本社を構えるフランチャイズ事業のコンサルティング企業です。同社は1997年12月に設立され、フランチャイズチェーン運営支援事業、美容室・サロン経営コンサルティング業、経営研修事業などを行っています。人材・アウトソーシング、コンサルティング、企業研修、経営コンサル、その他コンサルなどの幅広い業界で活動しております。	コンサルティング	経営コンサル
株式会社オグノブ	5011601018838	1	http://www.fc-gakushyu-juku.com/contact/index.html	https://fc-juku.net/company.html		042-941-6330	3590021	埼玉県	所沢市東所沢１丁目４－１５	埼玉県所沢市東所沢１丁目４－１５	学習塾の経営を支援している会社やフランチャイズチェーンを展開する企業	東京都に位置する企業で、学習塾の経営を支援している会社やフランチャイズチェーンを展開しています。2013年11月に設立され、教育、コンサルティング、塾・予備校、経営コンサル、その他コンサルの業界で活動しています。同社はフランチャイズチェーン運営支援事業、補習授業校運営事業、個別指導塾運営事業を行っています。	コンサルティング	経営コンサル
株式会社グローブス	5011601020389	2	http://www.groves.co.jp/contact/	http://www.groves.co.jp		090-4924-2496	1770051	東京都	練馬区関町北４丁目２１番１７号	東京都練馬区関町北４丁目２１番１７号	IT中小企業のマネジメント支援企業	東京都を拠点にするIT中小企業のマネジメント支援企業です。2015年10月に設立され、ウェブアプリケーション開発事業、ネットショップ構築事業、システムインテグレーション事業を展開しています。主な業界はIT、人材・アウトソーシング、コンサルティング、Webアプリ・サービス運営、企業研修、経営コンサル、eコマースです。	コンサルティング	経営コンサル
株式会社パートナーズコンサルティング	5011701017847	1	https://p-consul.sakura.ne.jp/contact/contact.html	https://www.p-consul.co.jp/company/index.html	info@p-consul.co.jp	03-3676-2269	1330073	東京都	江戸川区鹿骨１丁目１８番４号	東京都江戸川区鹿骨１丁目１８番４号	サービス業に特化した経営コンサルティング企業	東京都に拠点を構えるサービス業に特化した経営コンサルティング企業です。2014年1月に設立され、人材・アウトソーシング、コンサルティング、セミナー、経営コンサルなどの業界で活動しています。セミナー企画・運営事業、営業支援サービス事業、研修セミナー事業を担当し、顧客のビジネス成果向上をサポートしています。	コンサルティング	経営コンサル
株式会社ブライト・ウェイ	5011801011683	2	http://www.brightway.jp/mail/form.html	https://www.brightway.jp/	info@brightway.jp	0120-028-415	1200023	東京都	足立区千住曙町４１番１－２０６号	東京都足立区千住曙町４１番１－２０６号	企業の危機管理や経営支援に関するコンサルティングを提供する企業	1991年4月に設立された東京都を拠点にする企業です。主な事業は、企業の危機管理や経営支援に関するコンサルティング提供です。また、雑誌出版事業にも携わっており、広告・制作、IT、コンサルティング、メディア・出版、Webアプリ・サービス運営、デザイン、経営コンサル業界に関連するサービスを展開しています。	コンサルティング	経営コンサル
株式会社コンバロール	5011801025650	1	http://adalfa.jp/inquiry/	https://convalor.co.jp/co-profile/	info@adalfa.jp	03-5843-3865	1710014	東京都	豊島区池袋２丁目６０－６グランドメゾン池袋一番館１００８	東京都豊島区池袋２丁目６０－６グランドメゾン池袋一番館１００８	企業の事業継承や回復に専門化したコンサルティングファーム	東京都に拠点を置く企業の事業継承や回復に専門化したコンサルティングファームです。同社は主にビジネス承継支援事業を展開しており、その他サービス、コンサルティング、医療コンサル、経営コンサルなどの分野において活動しています。コンバロールは顧客の成功のために最善の戦略を提供し、持続可能な成長と発展の実現をサポートしています。	コンサルティング	経営コンサル
株式会社日本セルコ	5012401012865	3	http://www.nihonselco.com/contact.html	http://www.nihonselco.com/company/access.html		042-505-4461	1860004	東京都	国立市中１丁目１９番地の１０地下１階	東京都国立市中１丁目１９番地の１０地下１階	中小スーパーマーケット支援企業	東京都を拠点に中小スーパーマーケット支援企業として、マーケティングコンサルティング事業、市場リサーチ事業、データ解析事業を展開しています。1970年1月に設立され、IT、その他サービス、コンサルティング、その他IT、販促コンサル、研究・調査・リサーチ、経営コンサルといった幅広い産業において、数々のサービスを提供しています。	コンサルティング	経営コンサル
新納ビジネスマスターズ有限会社	5012402023580	0	http://biz-masters.com/contact-2	http://www.biz-masters.com/company/profile.html	info@biz-masters.com	03-5761-9260	2010014	東京都	狛江市東和泉１丁目１２番地６号長谷川ビル３０６号室	東京都狛江市東和泉１丁目１２番地６号長谷川ビル３０６号室	企業に対し、事業継承や組織の経営支援をしているコンサルティング企業	2004年に東京都に設立されたコンサルティング企業です。企業に対して事業継承や組織の経営支援を提供することを主な業務としています。また、販売アドバイザリー事業、ビジネス承継支援事業、営業支援サービス事業、財務・会計業務アウトソーシング事業、経営研修事業など、幅広いサービスを展開しています。現在、広告・制作、人材・アウトソーシング、その他サービスなどの業種で活動しており、経営コンサルや組織コンサルなどを提供しています。	コンサルティング	経営コンサル
株式会社アイマーチャント	5012701009776	1	https://i-merchant.biz/contact/	https://i-merchant.biz/company/	info@i-merchant.biz	042-420-9713	2030053	東京都	東久留米市本町３丁目６番８号	東京都東久留米市本町３丁目６番８号	ビジネスコンサルティング会社、起業支援含む	東京都に本社を置くビジネスコンサルティング会社です。2006年12月に設立され、マーケティングコンサルティング事業、営業支援サービス事業、研修セミナー事業、Webマーケティング支援事業を展開しています。主な業界はIT、人材・アウトソーシング、コンサルティングであり、Webマーケコンサル、セミナー、販促コンサル、経営コンサルなどのサービスを提供しています。	コンサルティング	経営コンサル
有限会社アイピーエスシステム	5012702009676	1	http://i-ips.com/contact.html	http://i-ips.com/	info@i-ips.com	042-341-3006	1870032	東京都	小平市小川町１丁目７５９番地の３９	東京都小平市小川町１丁目７５９番地の３９	営業に関するコンサルティングや戦略の企画を手がける会社	東京都を拠点に営業に関するコンサルティングや戦略の企画を手がける会社です。2002年12月に設立され、主に営業支援サービス事業を展開しています。人材・アウトソーシング、コンサルティング、企業研修、人材紹介、組織コンサル、経営コンサルなど、幅広い業界で多様なサービスを提供しています。	コンサルティング	経営コンサル
カタリスト・マネジメント株式会社	5013201017014	0	http://www.catalystmg.com/contact.html	http://www.catalystmg.com/company.html	info@catalystmg.com		1520012	東京都	目黒区洗足２丁目２０番８－３０４号	東京都目黒区洗足２丁目２０番８－３０４号	企業のビジネスをサポートする、コンサルティングや資金調達の専門家企業	2010年5月に東京都に設立された企業です。同社はコンサルティングや資金調達の専門家企業として、企業のビジネスをサポートしています。主要な業種としてはコンサルティングと経営コンサルがあります。	コンサルティング	経営コンサル
ＨＩＤＥＡＷＡＹＳ株式会社	5013201018359	2	http://hideaways.jp/contact/	http://hideaways.jp		03-3770-4454	1530051	東京都	目黒区上目黒４丁目３０番３号	東京都目黒区上目黒４丁目３０番３号	飲食店の業務改善やWebデザインを手がける企業	2011年8月に東京都で設立された、飲食店の業務改善やWebデザインを手がける企業です。同社の主な業務には、カスタマーサービス研修事業、販売アドバイザリー事業、検索エンジン最適化対策事業が含まれています。それらを通じて、IT、人材・アウトソーシング、コンサルティングなどの多岐にわたる業界で活動し、Webマーケコンサルや企業研修、ITインフラストラクチャーなどのサービスを提供しています。	コンサルティング	経営コンサル
合同会社ファブリッジ	5013203001635	1	https://fabridge.co.jp/contact/	http://www.fabridge.co.jp/		050-1743-9670	1410022	東京都	品川区東五反田３丁目５番１２－３０１号	東京都品川区東五反田３丁目５番１２－３０１号	台湾進出を支援する企業	2008年3月に設立され、東京都を拠点に台湾進出を支援する企業です。同社は市場リサーチ事業、海外ビジネスアドバイザリー事業、Webマーケティング支援事業、検索エンジン最適化対策事業などを展開しており、IT、その他サービス、コンサルティング、Webマーケコンサル、その他IT、研究・調査・リサーチ、経営コンサル、その他コンサルなどの業界に関わっています。	コンサルティング	経営コンサル
株式会社クリエイトワン	5013301023903	4	http://www.creone.co.jp/inquiry.html	http://www.creone.co.jp/		03-5928-4880	1700013	東京都	豊島区東池袋２丁目５９番５号ＡＮビル	東京都豊島区東池袋２丁目５９番５号ＡＮビル	IRアドバイザリー及び翻訳サービスを提供する企業	東京都に位置する2007年4月に設立された企業であり、IRアドバイザリー及び翻訳サービスを提供しています。同社はビデオプロダクション事業や言語通訳・翻訳サービス事業にも取り組み、広告・制作、人材・アウトソーシング、コンサルティング、Web制作、翻訳・通訳、経営コンサルの業界で活動しています。	コンサルティング	経営コンサル
株式会社ＣＣＭ	5013301029710	4	http://ccm.co.jp/contact/index.html	https://www.ccm.co.jp/company/index.html		03-5978-6220	1700005	東京都	豊島区南大塚２丁目４５番８号	東京都豊島区南大塚２丁目４５番８号	企業が企業の経営を助ける企業	2008年9月に設立された東京都を拠点とする企業であり、主に生活用品、小売・販売・卸売、コンサルティングなどの業種に関わっています。同社は、寝具製品製造事業、営業支援サービス事業、雑貨製造委託事業など、企業の経営を助けるさまざまなサービスを提供しています。また、寝具や家具販売などの分野でも活躍しています。	コンサルティング	経営コンサル
オプティマ・ソリューションズ株式会社	5013301030718	17	https://www.optima-solutions.co.jp/otoiawase_top	https://www.optima-solutions.co.jp/company		0120-935-927	1050003	東京都	港区西新橋１丁目１８番６号	東京都港区西新橋１丁目１８番６号	Pマーク・ISMSのコンサルティングを提供する企業	東京都に位置するPマーク・ISMSのコンサルティングを提供する企業です。2005年3月に設立されたこの会社は、人材・アウトソーシング、コンサルティング、セミナー、そして経営コンサルの業界で活動しています。また、セミナー企画・運営事業も行っています。	コンサルティング	経営コンサル
株式会社レイゼクス	5013301033984	5	https://reizx.com/inquiry/	https://reizx.com/corpinfo/about/	info@reizx.jp	03-5545-5026	1070052	東京都	港区赤坂７丁目１１番１０号７階	東京都港区赤坂７丁目１１番１０号７階	中小企業向けの新規営業支援を提供する会社	2013年6月に東京都で設立された中小企業向けの新規営業支援を提供する会社です。同社は広告クリエイティブ事業、企業の広報プランニング事業、営業支援サービス事業、ビジネスマッチングサービス事業に取り組んでおり、広告・制作、人材・アウトソーシング、コンサルティングの業界において、広告制作や販促コンサルティング、人材や経営のコンサルティングなどのサービスを提供しています。	コンサルティング	経営コンサル
株式会社ジニワン	5013301039445	1	http://genione.jp/#contact	https://genione.jp/	info@genione.jp	03-6874-6968	1040061	東京都	中央区銀座１丁目１２－４Ｎ＆ＥＢＬＤ．７階	東京都中央区銀座１丁目１２－４Ｎ＆ＥＢＬＤ．７階	中小企業やベンチャー企業向けの経営アドバイザリー企業	2016年9月26日に東京都で設立された経営アドバイザリー企業です。中小企業やベンチャー企業向けに、販売アドバイザリー事業を提供しており、主な業界はコンサルティング、販促コンサル、経営コンサルです。	コンサルティング	経営コンサル
株式会社ハートホーム	5013301040717	2	https://hearthome.work/contact	https://hearthome.tokyo/company/		03-5985-2323	1710033	東京都	豊島区高田３丁目５番５号ロイヤルパーク高田２０８号室	東京都豊島区高田３丁目５番５号ロイヤルパーク高田２０８号室	営業企画の提案を含むWebコンサルティングを提供している企業	2017年6月22日に東京都で設立されたIT、コンサルティング、Webマーケコンサル、Webアプリ・サービス運営、経営コンサル業界において活動している企業です。営業企画の提案を含むWebコンサルティングを提供しており、Webサイト管理代行事業やWebマーケティング支援事業も行っています。	コンサルティング	経営コンサル
株式会社Ｂｅｎｎｕａｓｈ	5013301047316	0	https://www.bennuash.com/contact-1	https://bennuash.co.jp/		050-3552-8484	1700013	東京都	豊島区東池袋２丁目１７－６－２０５	東京都豊島区東池袋２丁目１７－６－２０５			コンサルティング	経営コンサル
三興コントロール株式会社	5020001017400	362	https://www.skgr.co.jp/contact/	https://www.skgr.co.jp/company/access.html	sanko-webmaster@sankogr.co.jp	045-583-9141	2300002	神奈川県	横浜市鶴見区江ケ崎町３番３号	神奈川県横浜市鶴見区江ケ崎町３番３号	医薬品プラントのバリデーションを担当する三興グループ系企業	1965年10月に神奈川県に設立された三興グループ系企業であり、医薬品プラントのバリデーションを担当しています。同社は主にマニュアル作成事業に従事しており、業界は人材・アウトソーシング、その他サービス、コンサルティング、業務請負、その他サービス、経営コンサルとなっています。	コンサルティング	経営コンサル
株式会社横浜コンサルティングファーム	5020001022920	3	https://www.ycf.co.jp/inquiry/	https://www.ycf.co.jp/		045-683-6150	2200012	神奈川県	横浜市西区みなとみらい２丁目３番５号クイーンズタワーＣ１０Ｆ	神奈川県横浜市西区みなとみらい２丁目３番５号クイーンズタワーＣ１０Ｆ	相続や法人のコンサルを提供する企業	1984年6月に神奈川県に設立された相続や法人のコンサルを提供する企業です。同社は、税務アドバイザリー事業、海外ビジネスアドバイザリー事業、ビジネス承継支援事業、保険アドバイザリー事業、相続アドバイザリー事業、ライフプランアドバイザリー事業、投資アドバイザリー事業などを手掛けており、士業、IT、その他サービス、コンサルティングなどの幅広い業界で活動しています。	コンサルティング	総合系コンサル
ＥＣビジネスマネジメント株式会社	5020001057108	3	https://www.ecbm.co.jp/pages/contact.html	https://www.ecbm.co.jp/		045-305-4315	2310011	神奈川県	横浜市中区太田町４丁目５０番地馬車道４５０ビル	神奈川県横浜市中区太田町４丁目５０番地馬車道４５０ビル	企業が経営上の問題を解決するための支援や、人材のキャリアアップを促進する学校を運営している会社	神奈川県に拠点を置く企業です。同社は、企業が経営上の問題を解決するための支援や、人材のキャリアアップを促進する学校を運営しており、ビジネス承継支援事業、相続アドバイザリー事業、人材戦略コンサルティング事業を展開しています。主な業界は人材・アウトソーシング、その他サービス、教育、コンサルティングで、資格取得や企業研修も提供しています。さらに、資産運用コンサル、組織コンサル、経営コンサルなども行っています。	コンサルティング	経営コンサル
株式会社イミューゼン	5020001093581	1	http://imuzen.com/contact.html	https://imuzen.com/info.html		050-5823-4127	2010014	東京都	狛江市東和泉４丁目７番８号	東京都狛江市東和泉４丁目７番８号	独立や研修支援を提供する企業	東京都に位置する独立や研修支援を提供する企業です。セミナー企画・運営事業や企業内トレーニングアウトソーシング事業を行っており、2011年12月に設立されました。人材・アウトソーシング、コンサルティング、企業研修、セミナー、経営コンサルの業界に従事しています。	コンサルティング	経営コンサル
有限会社ドリームコーチ・ドットコム	5020002084365	0	https://d-coach.com/contact/index.php	https://d-coach.com/index.html	info@d-coach.com	044-739-3318	2110041	神奈川県	川崎市中原区下小田中３丁目１５番１２号	神奈川県川崎市中原区下小田中３丁目１５番１２号	リーダーシップコーチングや企業研修の提供企業	2000年8月に神奈川県に設立されたリーダーシップコーチングや企業研修を提供する企業です。彼らの主要な業務には、セミナー企画・運営事業、研修セミナー事業、企業内トレーニングアウトソーシング事業、ビジネスコンサルティング事業があります。彼らは人材・アウトソーシング、コンサルティング、企業研修、セミナー、組織コンサル、経営コンサルの業界で活動しています。	コンサルティング	経営コンサル
株式会社コネクションズ	5020003006921	2	http://www.esthe-connections.com/contact/	https://www.conn.pro/	info@esthe-connections.com	03-4333-4565	1500002	東京都	渋谷区渋谷３丁目６番２号	東京都渋谷区渋谷３丁目６番２号	美容エステサロンのコンサルタントとウェブ制作支援を提供する会社	東京都を拠点に美容エステサロンのコンサルタントとウェブ制作支援を提供する会社です。2011年4月に設立され、営業支援サービス事業、ビデオプロダクション事業、広告物デザイン制作事業、栄養補助食品販売事業を展開しています。主要業界は広告・制作、食品、コンサルティング、Web制作、健康食品、デザイン、広告制作、経営コンサル、その他コンサルです。	コンサルティング	経営コンサル
リッチコミュニケーションズ株式会社	5021001008067	0	http://www.rich-comm.com/company.html#h301	http://www.rich-comm.com/	yama0613@jcom.home.ne.jp	090-3697-1141	2530004	神奈川県	茅ヶ崎市甘沼５８２番地８	神奈川県茅ヶ崎市甘沼５８２番地８	企業の経営に関してアドバイスするコンサルティング会社	神奈川県に拠点を置くコンサルティング会社であり、企業の経営に関するアドバイスを提供しています。同社は、海外ビジネスアドバイザリー事業、商品開発アドバイザリー事業、知的財産保護・活用事業を展開しています。2006年8月に設立され、主要業界はコンサルティング、経営コンサル、その他コンサルとなっています。	コンサルティング	経営コンサル
株式会社プラチナムホールディングス	5021001050804	4	http://platinum-holdings.co.jp/contact.php	https://tochi-tantei.com/company/		0120-354-410	1130001	東京都	文京区白山１丁目５番４号ＨＡＫＵＴＳＵＢＯ３Ｆ	東京都文京区白山１丁目５番４号ＨＡＫＵＴＳＵＢＯ３Ｆ	企業コンサルティング、探偵調査、絵画販売を手がける会社	東京都を拠点にする企業コンサルティング、探偵調査、絵画販売に従事する会社です。同社はプライベート・ディテクティブ事業、営業支援サービス事業、債務回収事業、美術品販売事業に取り組んでいます。金融、生活用品、その他サービス、コンサルティング、債権回収、研究・調査・リサーチ、経営コンサル、その他コンサル、美術品・工芸品の業界に参画しています。	コンサルティング	経営コンサル
株式会社東京エーワン	5030001005668	63	http://www.tokyo-eiwan.co.jp/contact/	https://www.tokyo-eiwan.co.jp/company/		048-865-2271	1710022	東京都	豊島区南池袋１丁目２１番１０号	東京都豊島区南池袋１丁目２１番１０号	コンサルティングと美容商材の卸業務を行う企業	埼玉県を拠点にするコンサルティングと美容商材の卸業務を行う企業であり、1986年1月に設立されました。同社の主な業務には、市場リサーチ事業、ヘアケア製品の卸売事業、美容品の卸売事業が含まれ、商社、その他のサービス、小売・販売・卸売、コンサルティング、研究・調査・リサーチ、経営コンサルなどの産業に関与しています。	コンサルティング	経営コンサル
株式会社フィールドサポート	5030001016137	4	http://field-s.net/form.html	https://field-s.net/	info@field-s.net	048-651-8182	3310804	埼玉県	さいたま市北区土呂町２丁目４４番地９	埼玉県さいたま市北区土呂町２丁目４４番地９	厨房用品販売会社（食器、業務用洗剤、厨房機器等）	埼玉県に拠点を置く厨房用品販売会社です。2009年に設立され、衛生日用品販売事業、店舗設計事業、クリーニング剤販売事業、飲食店用機器販売事業、害虫駆除業などを展開しています。主な業界は建設、生活用品、商社、その他サービス、コンサルティングで、商品ラインナップには食器、業務用洗剤、厨房機器などが含まれます。	コンサルティング	経営コンサル
株式会社ベリング	5030001040566	0	http://www.belring.co.jp/contact/index.html	http://www.belring.co.jp/company/index.html	suzuki@belring.co.jp	048-924-0045	3400016	埼玉県	草加市中央２丁目１４番２６号	埼玉県草加市中央２丁目１４番２６号	M&Aの手続きを専門的にアドバイスする企業	2010年7月に埼玉県に設立されたM&Aの手続きを専門的にアドバイスする企業です。教育支援事業、チラシ・パンフレット作成事業、マーケティングコンサルティング事業、DVD制作サービス事業、営業支援サービス事業、会計・税務アドバイザリー事業、人材戦略コンサルティング事業などを展開しており、士業、広告・制作、教育、コンサルティング、塾・予備校、会計士、CM制作・映像制作、販促コンサル、組織コンサル、経営コンサル、その他コンサルなどの幅広い業界にサービスを提供しています。	コンサルティング	経営コンサル
株式会社グラン・リオ	5030001047677	0	http://www.granrio.biz/contact.html	http://www.granrio.biz/	info@GranRio.biz	042-456-7761	3520035	埼玉県	新座市栗原４丁目２番４号	埼玉県新座市栗原４丁目２番４号	経営や資産運用のコンサルティングや起業支援を行う企業	2003年5月に埼玉県で設立された企業です。彼らは経営や資産運用のコンサルティングや起業支援に特化した営業支援サービス事業を展開しています。彼らの主要な事業分野はコンサルティングであり、財務コンサル、起業コンサル、資産運用コンサル、経営コンサル、その他コンサル、不動産コンサルなどの分野で幅広いサービスを提供しています。	コンサルティング	経営コンサル
ＦＦグローバル経営株式会社	5030001053832	1	http://fan-designer.com/?page_id=918	https://ffg-m.com/		050-5490-7168	1020074	東京都	千代田区九段南１丁目５番６号りそな九段ビル５Ｆ	東京都千代田区九段南１丁目５番６号りそな九段ビル５Ｆ	地域のイメージ向上と商店街の活性化を支援している企業	埼玉県に所在する企業であり、地域のイメージ向上と商店街の活性化を支援しています。広告クリエイティブ事業、イベントプランニング事業、地方創生事業、営業支援サービス事業、イベント企画・運営事業、地域開発事業に従事しています。1999年に設立され、広告・制作、エンタメ・娯楽、不動産、コンサルティング、デザインを含むさまざまな業界で事業展開しています。	コンサルティング	経営コンサル
エフビーエス株式会社	5030001102688	12	https://ssl.xaas.jp/m0624672/login/inquiryedit	http://www.fbs3.jp	info@fbs3.jp	048-948-0211	3410037	埼玉県	三郷市高州４丁目１４０番地１	埼玉県三郷市高州４丁目１４０番地１	飲食店向け商品を扱う企業	埼玉県を拠点にする飲食店向け商品を扱う企業です。同社は食品用包装資材卸売事業、アンケート調査代行事業、マーケティングコンサルティング事業、包装資材卸売事業、陳列棚等の設備機器卸売事業、衛生用品の卸売り事業を展開しています。主な業界は建設、商社、人材・アウトソーシング、小売・販売・卸売、コンサルティング、その他小売・販売、その他専門商社、家・事業所向け設備、業務請負、日用品・化粧品商社、販促コンサル、経営コンサルです。	コンサルティング	経営コンサル
株式会社ＮＥＸＴ　Ｉｎｎｏｖａｔｉｏｎ	5030001116688	18	http://next-iv.jp/#Contact	http://next-iv.jp		0480-53-9910	1250052	東京都	葛飾区柴又５丁目３７－１２	東京都葛飾区柴又５丁目３７－１２			コンサルティング	経営コンサル
株式会社ちばぎん総合研究所	5040001004611	9	https://www.crinet.co.jp/cgi-bin/mail/index.cgi	https://www.crinet.co.jp/company/outline/		043-351-7430	2610023	千葉県	千葉市美浜区中瀬１丁目１０番地２	千葉県千葉市美浜区中瀬１丁目１０番地２	企業の経営改善や業界発展に向けたプランを調査サポートする会社	千葉県に拠点を置き、企業の経営改善や業界発展に向けたプランの調査サポートを行っています。1990年に設立され、人材・アウトソーシング、その他サービス、コンサルティング、企業研修、セミナー、研究・調査・リサーチ、経営コンサル、その他コンサルを主な事業としています。セミナー企画・運営事業、研修セミナー事業、経営研修事業も行っています。	コンサルティング	経営コンサル
株式会社ロジスティクス・コンセプト	5040001012688	2	http://logisticsconcept.com/contact/	http://logisticsconcept.com/about_us.html		090-9000-7250	2670066	千葉県	千葉市緑区あすみが丘６丁目５３番地２	千葉県千葉市緑区あすみが丘６丁目５３番地２	企業の業績改善を支援するコンサルタント企業	千葉県に拠点を置くコンサルタント企業であり、企業の業績改善を支援しています。同社は物流アドバイザリー事業、教育支援事業、企業内トレーニングアウトソーシング事業を展開しており、2008年2月に設立されました。主な業界は人材・アウトソーシング、教育、コンサルティング、塾・予備校、企業研修、製造業コンサル、経営コンサル、その他コンサルです。	コンサルティング	経営コンサル
株式会社セブンスフロア	5040001016210	6	http://7thfloor-jp.net/contact/index.html	https://www.7thfloor.co.jp/about.html	company@7thfloor.co.jp	043-441-6107	2610013	千葉県	千葉市美浜区打瀬２丁目１４番地	千葉県千葉市美浜区打瀬２丁目１４番地	企業経営のコンサルティングや起業家のサポートをしている会社	千葉県に拠点を置き、企業経営のコンサルティングや起業家のサポートを提供しています。2010年4月に設立され、主な事業としてデータ解析事業とウェブサイトのコンサルティング事業を展開しています。IT、コンサルティング、Webマーケコンサル、ITコンサル、その他IT、起業コンサル、経営コンサルなどの幅広い業界に対応しています。	コンサルティング	経営コンサル
株式会社オフィス・テッド	5040001030954	0	https://wx08.wadax.ne.jp/~officeted-com/contact/	http://www.officeted.com/	thanks@officeted.com	03-6675-1530	2720133	千葉県	市川市行徳駅前１丁目２２番１８号	千葉県市川市行徳駅前１丁目２２番１８号	中小企業の経営コンサルティングを提供する企業	千葉県に拠点を置き、中小企業の経営コンサルティングを提供しています。また、事務用品・文具の卸売事業も行っており、IT、小売・販売・卸売、コンサルティング、文房具、その他小売・販売、財務コンサル、経営コンサル、eコマースといった幅広い業界での活動を展開しています。	コンサルティング	経営コンサル
株式会社アダムズ	5040001032538	1	http://www.adamz.jp/contact.html	https://adamz.jp/company/	info@adamz.jp	03-5579-9773	1030004	東京都	中央区東日本橋２丁目２４番１２号	東京都中央区東日本橋２丁目２４番１２号	公益財団や財団法人向けに専門的な税務・会計支援を提供する企業	東京都を拠点に公益財団や財団法人向けに専門的な税務・会計支援を提供する企業です。主な業務には、財務監査サービス、税務アドバイザリー事業、許認可手続き代行事業、文書作成代行事業、財務・会計業務アウトソーシング事業、税務申告書作成事業、および法人設立手続きサポート事業が含まれています。士業、人材・アウトソーシング、コンサルティングの産業において活動している株式会社アダムズは、税理士、監査法人、データ入力・事務作業代行、財務コンサル、人材派遣、起業コンサルの提供も行っています。	コンサルティング	財務コンサル
株式会社ＪＰコンサルタンツ	5040001035004	57	http://jpcg.co.jp/j_toiawase.html	https://sp.jpcg.co.jp/company/		047-367-3232	2710091	千葉県	松戸市本町７番地１０	千葉県松戸市本町７番地１０	税務・経営サポートを提供している企業	1987年6月に設立され、千葉県を拠点にしている税務・経営サポートを提供している企業です。セミナー企画・運営事業、営業支援サービス事業、研修セミナー事業、会計・税務アドバイザリー事業を主な業務としています。士業、人材・アウトソーシング、コンサルティング、会計士、セミナー、経営コンサルなどの業界で活動しています。	コンサルティング	経営コンサル
株式会社バックルームボーイズ	5040001076122	0	http://familypark.jp/contact.html	http://familypark.jp		0470-28-1110	2960233	千葉県	鴨川市金束７８２番地	千葉県鴨川市金束７８２番地	家族向けテーマパークでポピーが咲き乱れる企業	千葉県に所在する家族向けテーマパークでポピーが咲き乱れる企業です。彼らはレジャー施設マネジメント事業を展開しており、飲食・外食、小売・販売・卸売、コンサルティング、観光・宿泊・レジャー、花屋、和食、カフェ、お土産・ギフト、経営コンサル、洋食・レストランの業種に携わっています。	コンサルティング	経営コンサル
ビジネス・ソリューション・スクエア株式会社	5040001093662	0	http://bs-s.co.jp/contact/	http://bs-s.co.jp		043-304-5786	2630005	千葉県	千葉市稲毛区長沼町１９１番地４	千葉県千葉市稲毛区長沼町１９１番地４	企業経営の支援を行う企業	2016年1月13日に設立された千葉県に所在する企業です。同社は、企業経営の支援を行い、研究開発サポート事業と経営コンサルティング事業を展開しています。その他サービス、コンサルティング、研究・調査・リサーチ、経営コンサルという業界において、幅広いサービスを提供しています。	コンサルティング	経営コンサル
株式会社ＥＭＣ	5040001097192	9	https://entermission.co.jp/wp/contact/	https://entermission.co.jp/company/	t_kiyosawa@entermission.co.jp	03-5829-4107	1300012	東京都	墨田区太平４丁目３番８号	東京都墨田区太平４丁目３番８号	物流に関する包括的なアドバイスとサポートを提供する事業	東京都を拠点に物流に関する包括的なアドバイスとサポートを提供する事業を展開しています。2016年10月12日に設立され、主な業務は物流アドバイザリー事業、搬送システム販売事業、物流システムの開発事業、及び段ボール箱販売卸売事業の提供です。ＥＭＣの業界は複数	コンサルティング	経営コンサル
有限会社エム・エヌ・コンサル	5040002043039	1	https://www.mn-con.jp/category/1183021.html	https://www.mn-con.jp/	seno@mn-con.com	047-379-9508	2720026	千葉県	市川市東大和田２丁目８番１－６０１号	千葉県市川市東大和田２丁目８番１－６０１号	資金調達や経営にアドバイスをする企業	東京都に拠点を置く資金調達や経営にアドバイスをする企業であり、2005年9月に設立されました。同社は財務・会計業務アウトソーシング事業を手がけており、人材・アウトソーシング、コンサルティング、事務処理代行、人材派遣、起業コンサル、経営コンサルの業界で活動しています。	コンサルティング	経営コンサル
アセットベストパートナーズ株式会社	5050001033766	1	http://www.a-bp.co.jp/contact/	http://www.a-bp.co.jp	info@a-bp.co.jp	029-828-5670	3050031	茨城県	つくば市吾妻１丁目１０番地１	茨城県つくば市吾妻１丁目１０番地１	資産運用や経営支援、教育プログラムなどを提供する企業	茨城県に位置し、資産運用や経営支援、教育プログラムなどを提供する企業です。2006年11月に設立され、金融、人材・アウトソーシング、コンサルティング、企業研修、投資、資産運用コンサル、経営コンサルなどの業界で活動しています。主な事業は投資教育セミナー運営事業、投資アドバイザリー事業、経営研修事業です。	コンサルティング	経営コンサル
株式会社リンクス	5060001006647	3	http://www.rincs.biz/faq/contact.html	http://www.rincs.biz	info@rincs.biz	028-634-5088	3200046	栃木県	宇都宮市西一の沢町８番２２号	栃木県宇都宮市西一の沢町８番２２号	事業再生や経営支援のコンサルティング業務を提供する企業	栃木県に拠点を置き、事業再生や経営支援のコンサルティング業務を提供する企業です。2006年9月に設立され、主な業務にはビジネス承継支援事業、会計・税務アドバイザリー事業、資金管理支援事業が含まれます。士業、その他サービス、コンサルティング、会計士、財務コンサル、その他サービス、経営コンサルの業界で活動しています。	コンサルティング	経営コンサル
株式会社浅沼経営センター	5060001018171	0	http://www.asanuma-keiei.jp/contact_form.html	https://www.asanuma-keiei.jp/		0284-41-1365	3260808	栃木県	足利市本城２丁目１９０１番地の８	栃木県足利市本城２丁目１９０１番地の８	中小企業の経営支援を行う企業	栃木県に拠点を置き、中小企業の経営支援を行う企業です。1960年4月に設立され、金融、人材・アウトソーシング、コンサルティングなどの業界で幅広い事業を展開しています。人事制度アドバイザリー事業、セミナー企画・運営事業、ビジネス承継支援事業などを提供し、経営の効率化や成長の支援を行っています。	コンサルティング	経営コンサル
株式会社渡辺経営コンサルティング	5070001011480	1	https://watanabekeiei.co.jp/form1/	http://www.watanabekeiei.co.jp/index.html	info@watanabekeiei.co.jp	0272-333-4652	3700851	群馬県	高崎市上中居町３９番地６	群馬県高崎市上中居町３９番地６	民間企業の経営支援と共に、行政業務のアウトソーシングを行う企業	2009年に群馬県で設立されたコンサルティング会社です。同社は民間企業の経営支援と共に、行政業務のアウトソーシングを専門としています。主にコンサルティングと経営コンサルの業界で活動しています。	コンサルティング	経営コンサル
株式会社ブレーントラスト	5070001025464	0	https://braintrust-inc.jp/contact/	https://braintrust-inc.jp/company/		0274-62-1333	3702342	群馬県	富岡市別保３番地３	群馬県富岡市別保３番地３	地方自治体向けマーケティングコンサルティングを提供する企業	群馬県を拠点に地方自治体向けマーケティングコンサルティングを提供する企業です。2010年11月に設立され、主な事業はマーケティングコンサルティング、営業支援サービス、そしてビジネスコンサルティングです。コンサルティング業界においては販促コンサルや経営コンサルなど幅広い領域にサービスを展開しています。	コンサルティング	経営コンサル
たかさきコンサルティング有限会社	5070002009417	0	http://www.syugyoukanri.jp/contact/	https://www.syugyoukanri.jp/	info@syugyoukanri.jp	027-352-4393	3700036	群馬県	高崎市南大類町１３６６番地３	群馬県高崎市南大類町１３６６番地３	人事や賃金に関するコンサルティングと研修会を提供する企業	1988年に設立された群馬県を拠点とする企業であり、人事や賃金に関するコンサルティングと研修会を提供しています。また、文書作成代行事業や給与処理アウトソーシング事業も行っており、人材・アウトソーシング、コンサルティング、企業研修、財務コンサル、人材派遣といった業界で幅広く活動しています。	コンサルティング	財務コンサル
株式会社タック	5080001015646	0	http://www.tac-tanaka.com/contact.html	http://www.tac-tanaka.com	info@tac-kaikei.jp	054-622-6836	4210206	静岡県	焼津市上新田２７番地の３	静岡県焼津市上新田２７番地の３	田中徳治税理士オフィスの運営会社	1974年に静岡県で設立された田中徳治税理士オフィスの運営会社です。同社は文書作成代行事業、経営コンサルティング事業、財務・会計業務アウトソーシング事業、税務申告書作成事業、社会保険手続き代行サービス事業を展開しています。取引先のニーズに合わせた高品質なサービスを提供し、士業、人材・アウトソーシング、コンサルティングといった多岐にわたる業界で幅広い活動を展開しています。	コンサルティング	経営コンサル
ウエルネスアットワーク株式会社	5080001020282	1	https://wellness-atwork.co.jp/contact	http://www.wellness-atwork.co.jp/	info@wellness-atwork.co.jp	054-207-7885	4200881	静岡県	静岡市葵区北安東２丁目２８番１５号	静岡県静岡市葵区北安東２丁目２８番１５号	職場環境改善や復職支援を提供する企業向けサービス	静岡県に拠点を置く企業向けサービスを提供しており、主に職場環境改善や復職支援を行っています。同社は医療・製薬・福祉、コンサルティング、その他医療・福祉、経営コンサルの業界において心理支援サービス事業を展開しております。	コンサルティング	経営コンサル
株式会社スピカ	5080101000523	44	http://ohtake-rectuit.com/contact	http://ohtake-rectuit.com		055-924-6222	4100011	静岡県	沼津市岡宮９６９番地の１	静岡県沼津市岡宮９６９番地の１	中小企業向けの経営アドバイザリーを提供する企業	1989年に静岡県で設立された中小企業向けの経営アドバイザリーを提供する企業です。同社は文書作成代行、資金管理支援、農業支援、財務・会計業務アウトソーシング、税務申告書作成、医療開業支援の事業を展開しており、士業、人材・アウトソーシング、コンサルティングなどの業界で活動しています。	コンサルティング	経営コンサル
株式会社インテグラ技術研究所	5080401000512	5	http://www.integra-research.co.jp/contact/index.html	https://www.integra-research.co.jp/info/index.html		053-458-9001	4328018	静岡県	浜松市中央区蜆塚２丁目２４番５５号	静岡県浜松市中央区蜆塚２丁目２４番５５号	ISO認証取得研修からシステム構築支援の専門企業	静岡県に所在するISO認証取得研修からシステム構築支援の専門企業です。1991年に設立され、コンピュータ支援設計・製造ソフトウェア開発事業、システムマネジメント事業、経営管理システム開発・提供事業、システムインテグレーション事業を展開しています。主に機械、IT、人材・アウトソーシング、教育、コンサルティング、Webアプリ・サービス運営、企業研修、ITコンサル、IT系教育、工作機器、経営コンサルの業界で活動しています。	コンサルティング	経営コンサル
株式会社ステップ・ケイ・スリー	5090001004672	2	http://www.st-k3.com/contact.html	http://www.st-k3.com/index.html	watanabem@st-k3.com	055-232-2538	4000863	山梨県	甲府市南口町６番６号	山梨県甲府市南口町６番６号	経営方針策定支援を行う企業	山梨県を拠点に活動する企業です。2005年5月に設立され、経営方針策定支援を専門としています。主な事業は、企業内トレーニングアウトソーシングおよびビジネスコンサルティングであり、人材・アウトソーシング、コンサルティング、企業研修、経営コンサルの業界に属しています。	コンサルティング	経営コンサル
株式会社ＳＲコーポレーション	5090001005654	2	http://www.srcorp.co.jp/toiawase.html	http://www.srcorp.co.jp/index.html	info@srcorp.co.jp	055-267-7785	4000043	山梨県	甲府市国母７丁目１番６号	山梨県甲府市国母７丁目１番６号	ビジネスアドバイザーによる財務・予算アドバイス、経営分析の提供企業	山梨県に拠点を置くビジネスアドバイザーによる財務・予算アドバイス、経営分析の提供企業です。2007年6月に設立され、財務アドバイザリー事業を展開しています。主な業界は人材・アウトソーシング、コンサルティング、企業研修、財務コンサル、経営コンサルです。	コンサルティング	経営コンサル
株式会社パートナーズプロジェクト	5110001023967	3	https://www.3d-m.jp/contact/others/	https://www.3d-m.jp/	pro@3d-m.jp	0258-36-2685	9400084	新潟県	長岡市幸町１丁目３番１０号	新潟県長岡市幸町１丁目３番１０号	保険販売・経営コンサル企業	2002年2月に新潟県にて設立された保険販売・経営コンサル企業です。同社は広告クリエイティブ事業や損害保険エージェント事業、税務アドバイザリー事業、商業用家具製造業など、幅広い業務を展開しており、士業、金融、工事・土木、広告・制作、人材・アウトソーシングなどさまざまな産業にサービスを提供しています。企業研修やWeb制作、経営コンサルなども得意分野としており、多岐にわたるプロジェクトに対応しています。	コンサルティング	経営コンサル
株式会社共栄堂	5120001009602	2	http://www.kyoei-do.co.jp/fmail/fmail.cgi#a001	http://www.kyoei-do.co.jp/		03-3831-1111	5460031	大阪府	大阪市東住吉区田辺６丁目３番３号	大阪府大阪市東住吉区田辺６丁目３番３号	学習塾やスクールを開業支援する会社	大阪府に位置し、1970年1月に設立された学習塾やスクールを開業支援する会社です。主な業務はオフィス用品販売事業と事務家具販売事業であり、生活用品、小売・販売・卸売、コンサルティング、総合系コンサル、家具・インテリア、オフィス用品販売の業界において活動しています。	コンサルティング	総合系コンサル
株式会社消費科学研究所	5120001015113	95	https://www.shoukaken.co.jp/contact/form/	https://www.shoukaken.co.jp/company		06-6445-4670	5500002	大阪府	大阪市西区江戸堀２丁目１番１号	大阪府大阪市西区江戸堀２丁目１番１号	商品や衣類のテスト、衛生チェック、品質管理にコンサルティングする企業	大阪府に位置する1986年4月に設立された会社です。同社は商品や衣類のテスト、衛生チェック、品質管理に関するコンサルティングを提供しており、主に品質管理サービス事業に従事しています。その他サービス業、コンサルティング業、経営コンサル業などの業種に属しております。	コンサルティング	経営コンサル
株式会社関西経営管理協会	5120001062527	6	https://kmcanet.com/contact/	https://kmcanet.com/		03-3249-0666	5300027	大阪府	大阪市北区堂山町１番５号	大阪府大阪市北区堂山町１番５号	著名な講師や経営者のセミナー情報を提供し、社員向け研修を実施する企業	1966年10月に設立された大阪府を拠点とする企業であり、人材・アウトソーシング、コンサルティング、企業研修、セミナー、経営コンサルを主要な業務としています。同社は著名な講師や経営者のセミナー情報を提供し、社員向け研修を実施することで、セミナー企画・運営事業、研修セミナー事業、企業内トレーニングアウトソーシング事業を展開しています。	コンサルティング	経営コンサル
株式会社レッツ総合事務所	5120001063459	0	https://www.lets-tax.jp/contact/	https://www.lets-tax.jp/		06-6242-4557	5340025	大阪府	大阪市都島区片町２丁目２番４０号	大阪府大阪市都島区片町２丁目２番４０号	経営と財務に関するアドバイスを提供する企業	大阪府に拠点を置き、経営と財務に関するアドバイスを提供する企業です。税務アドバイザリー事業、税金対策事業、会計・税務アドバイザリー事業、補助金申請支援事業を展開しており、士業、その他サービス、コンサルティング、税理士、会計士、財務コンサル、その他サービス、起業コンサル、経営コンサルの業界で活動しています。	コンサルティング	経営コンサル
かなえ経営株式会社	5120001104840	0	https://kanae-keiei.com/contact/	https://kanae-keiei.com/	info@homura.co.jp	06-6242-5425	5300044	大阪府	大阪市北区東天満１丁目１０番１２号	大阪府大阪市北区東天満１丁目１０番１２号	ビジネスコンサルティング会社経営計画や資産形成のアドバイスを提供企業	大阪府に拠点を置くビジネスコンサルティング会社です。同社は、経営計画や資産形成のアドバイスを提供し、企業のビジネス承継支援事業、相続アドバイザリー事業、会計・税務アドバイザリー事業に取り組んでいます。2003年8月に設立され、主要業種は士業、その他のサービス、コンサルティング、会計士、その他のサービス、資産運用コンサル、経営コンサルです。	コンサルティング	経営コンサル
株式会社シーエフエス	5120001106944	5	http://www.cfs21.co.jp/inquiry/index.html	https://www.cfs21.co.jp/		06-6125-3966	5410059	大阪府	大阪市中央区博労町１丁目９番８号	大阪府大阪市中央区博労町１丁目９番８号	経営コンサルタントが経営指導する企業	2002年9月に設立された大阪府に拠点を置く経営コンサルティング企業です。主な事業は経営研修であり、経営コンサルタントが企業に経営指導を行っています。業界は人材・アウトソーシング、コンサルティング、企業研修、経営コンサルとなっております。	コンサルティング	経営コンサル
ＦＭＢコンサルタンツ株式会社	5120001110319	1	https://www.fmbc.jp/other/contact/	https://www.fmbc.jp/company/company_3/		06-6210-1813	5310072	大阪府	大阪市北区豊崎３丁目１６番１６－１１０１号	大阪府大阪市北区豊崎３丁目１６番１６－１１０１号	グローバルビジネスをサポートするコンサルティング企業	大阪府に拠点を置くグローバルビジネスをサポートするコンサルティング企業です。2005年3月に設立され、海外ビジネスアドバイザリー事業や研修セミナー事業を展開しています。産業は人材・アウトソーシング、コンサルティング、企業研修、セミナー、業務請負、経営コンサル、その他コンサルに関わる業種をカバーしています。	コンサルティング	経営コンサル
株式会社レジャコン	5120001111093	1	http://www.leisure-con.co.jp/info.html	http://www.leisure-con.co.jp/company/		06-6885-5888	1060045	東京都	港区麻布十番２丁目１８番１１号パーク麻布十番６０１号	東京都港区麻布十番２丁目１８番１１号パーク麻布十番６０１号	娯楽施設などを運営する企業へのコンサルティング	2005年2月に設立された東京都に本社を置く企業です。同社は娯楽施設などを運営する企業へのコンサルティングを主な業務としており、店舗空間デザイン事業と施設運営管理事業を展開しています。建設、人材・アウトソーシング、不動産、コンサルティング、企業研修、飲食コンサル、店舗デザイン、不動産管理、経営コンサルなど様々な業界で活動しています。	コンサルティング	経営コンサル
株式会社オールフィット	5120001128757	1	http://www.all-fit.jp/contact.html	https://www.all-fit.jp/company.html	info@all-fit.jp	06-6430-9168	6610045	兵庫県	尼崎市武庫豊町３丁目２番２５－１１２号	兵庫県尼崎市武庫豊町３丁目２番２５－１１２号	ビジネスコンサルティングに特化した企業	兵庫県に位置するビジネスコンサルティングに特化した企業です。同社は主に衛生アドバイザリー事業やリスクマネジメントコンサルティング事業に従事しており、コンサルティング、経営コンサル、その他コンサルの業界で活動しています。	コンサルティング	経営コンサル
株式会社Ｇ７	5120001130713	1	https://www.g-7holdings.co.jp/inquiry/			078-797-7700	5440015	大阪府	大阪市生野区巽南５丁目８番２号	大阪府大阪市生野区巽南５丁目８番２号	グループが所有するフランチャイズ事業の経営・管理・運営に携わる企業	大阪府に位置する共同生活施設運営業を行う企業である。1976年6月18日に設立された本社は、グループが所有するフランチャイズ事業の経営・管理・運営に集中して取り組んでいる。主にコンサルティングや経営コンサルの業界で活躍している。	コンサルティング	経営コンサル
株式会社物流システム研究所	5120001131521	0	http://log-sys-ins.co.jp/contact/	https://log-sys-ins.co.jp/company/outline/		06-6345-4404	5300001	大阪府	大阪市北区梅田３丁目４番５号毎日新聞社ビル	大阪府大阪市北区梅田３丁目４番５号毎日新聞社ビル	物流を中心とした組織構造を提案する会社	大阪府に拠点を置く物流を中心とした組織構造を提案する会社です。同社は物流アドバイザリー事業を展開し、コンサルティング、経営コンサル、その他コンサルの分野で活躍しています。	コンサルティング	経営コンサル
株式会社エム・トップ	5120001132164	1	http://www.emtop.jp/inquiry.html	http://www.emtop.jp/index.html		06-6344-8868	5300001	大阪府	大阪市北区梅田１丁目３番１－３００号	大阪府大阪市北区梅田１丁目３番１－３００号	企業が経営戦略やM&Aコンサルティングを提供し、胡蝶蘭などを販売する	大阪府を拠点にしており、企業が経営戦略やM&Aコンサルティングを提供し、胡蝶蘭などを販売しています。同社の主な業務は花卉販売事業および観賞用植物販売事業であり、生活用品、IT、小売・販売・卸売、コンサルティング、花屋、観葉植物・観賞魚、財務コンサル、経営コンサル、およびeコマースなどの産業に関わっています。	コンサルティング	経営コンサル
ナレッジパートナー株式会社	5120001134747	5	http://know-p.com/contact/	https://know-p.com/		06-6442-8080	5300001	大阪府	大阪市北区梅田１丁目２番２号大阪駅前第二ビル１２２３号	大阪府大阪市北区梅田１丁目２番２号大阪駅前第二ビル１２２３号	不動産やビジネス戦略のコンサルティングや新規事業計画を提供する企業	2008年11月に大阪府に設立された金融、コンサルティング、投資、経営コンサル、不動産コンサルの企業です。同社は不動産投資販売事業を主力とし、不動産やビジネス戦略のコンサルティングや新規事業計画を提供しています。	コンサルティング	経営コンサル
株式会社パーフェクトディフェンス	5120001136512	0	http://www.perfect-d.jp/request2/	http://www.perfect-d.jp/index.html		06-6761-7445	5450052	大阪府	大阪市阿倍野区阿倍野筋１丁目１番４３号あべのハルカス３１階	大阪府大阪市阿倍野区阿倍野筋１丁目１番４３号あべのハルカス３１階	ビジネスの苦情や問題に対応し、セキュリティのサービスも提供する企業	1990年に設立された大阪府を拠点とする企業です。同社は、ビジネスの苦情や問題に対応するだけでなく、セキュリティのサービスも提供しています。主な事業には、企業内トレーニングアウトソーシング事業と企業セキュリティ事業があります。	コンサルティング	経営コンサル
株式会社ディレクトリー	5120001138608	6	http://i-directory.jp/contact/	https://i-directory.co.jp/about-us		06-6450-8882	5300002	大阪府	大阪市北区曾根崎新地２丁目４－７酒井ビル５階	大阪府大阪市北区曾根崎新地２丁目４－７酒井ビル５階	経営コンサルティング企業採用、システム開発、ロゴ制作などを手がける企業	2007年12月5日に設立され、大阪府に拠点を置く経営コンサルティング企業です。同社は広告クリエイティブ事業、ウェブアプリケーション開発事業、研修セミナー事業、人材戦略コンサルティング事業、ロゴ制作事業、人材採用支援事業などを手がけ、広告・制作、IT、人材・アウトソーシング、コンサルティング、Webアプリ・サービス運営などの幅広い産業に関与しています。	コンサルティング	経営コンサル
株式会社ビーワンフード	5120001142667	17	http://www.beonefood.co.jp/contact/	https://beonefood.co.jp/outline/	info@beonefood.co.jp	03-6434-7078	1080073	東京都	港区三田２丁目１４番５号フロイントゥ三田４Ｂ	東京都港区三田２丁目１４番５号フロイントゥ三田４Ｂ	専門的な財務支援を提供する、飲食業界に特化した企業	東京都を拠点に、2010年2月に設立された専門的な財務支援を提供する飲食業界に特化した企業です。同社はコンサルティング、財務コンサル、および経営コンサルにおいて豊富な経験と専門知識を持っており、お客様の経営戦略と財務健全性の向上をサポートします。	コンサルティング	財務コンサル
株式会社テイクワン	5120001154019	0	http://www.takeone-jpn.com/contact/index.html	http://www.takeone-jpn.com		06-6443-0747	5300005	大阪府	大阪市北区中之島６丁目２番２７号	大阪府大阪市北区中之島６丁目２番２７号	ホテル業界やブライダル、イベントに特化したコンサルティング・プロデュース企業	1972年3月に大阪府に設立されたホテル業界やブライダル、イベントに特化したコンサルティング・プロデュース企業です。主な事業は音楽イベント企画事業、セミナー企画・運営事業、企業の広報プランニング事業、研修セミナー事業、コンサートプロデュース事業などです。株式会社テイクワンは、生活関連サービス、人材・アウトソーシング、エンタメ・娯楽、コンサルティング、ブライダル、セミナー、イベント、経営コンサル、その他コンサル業界で活動しています。	コンサルティング	経営コンサル
株式会社北野ウイング	5120001161312	15	https://k-wing.sakura.ne.jp/html/inquiry.html	https://kwing.jp/		06-6304-2100	5320024	大阪府	大阪市淀川区十三本町１丁目１７番９号	大阪府大阪市淀川区十三本町１丁目１７番９号	大阪の宿泊施設や医療機関などのアドバイスを行う企業	2000年4月に大阪府にて設立された企業です。同社は、大阪の宿泊施設や医療機関などに対してアドバイスを行う一方で、通信機器卸売業や医療機器販売卸事業も展開しています。主な業界は通信・PC、商社、コンサルティング、その他通信、医療機器商社、経営コンサルです。	コンサルティング	経営コンサル
株式会社アシスト	5120001162186	1	http://assist-g.com/contact/index.html		info@assist-g.com	06-6442-8800	6620018	兵庫県	西宮市甲陽園山王町３番２０号	兵庫県西宮市甲陽園山王町３番２０号	海外事業展開をサポートするシンガポール専門企業	1985年8月に兵庫県で設立され、海外事業展開をサポートするシンガポール専門企業です。同社は海外ビジネスアドバイザリー事業を行い、コンサルティング、経営コンサル、その他コンサル業界で活躍しています。	コンサルティング	経営コンサル
株式会社ＤＲＩＬＬ	5120001167763	17	http://dri-ll.co.jp/contact/	http://dri-ll.co.jp/company.php		06-7653-9381	5420073	大阪府	大阪市中央区日本橋１丁目１７番１７号ピカソ日本一ビル６階	大阪府大阪市中央区日本橋１丁目１７番１７号ピカソ日本一ビル６階	大阪で企業の経営改善やWebサービスの立ち上げを手がける企業	大阪府に拠点を置く企業で、大阪で企業の経営改善やWebサービスの立ち上げを手がけています。2011年12月に設立され、主な事業は資材供給、マーケティングコンサルティング、市場リサーチ、商取引などです。ＤＲＩＬＬは材料・資源、商社、その他サービス、コンサルティング、総合商社、建築資材、販促コンサル、研究・調査・リサーチ、経営コンサルなどの幅広い業界で活動しています。	コンサルティング	経営コンサル
株式会社リッシュ	5120001178752	20	https://riche-navi.co.jp/contact/	http://www.riche-navi.co.jp	info@riche-navi.co.jp	06-6232-8814	5300037	大阪府	大阪市北区松ケ枝町７番４号	大阪府大阪市北区松ケ枝町７番４号	レストランやカフェなどの経営者向けに、店舗デザインやアイデアの提供をする会社	2013年8月に大阪府で設立された会社です。レストランやカフェなどの経営者向けに、店舗デザインやアイデアの提供を行っており、広告クリエイティブ事業、焼き鳥販売事業、店舗空間デザイン事業、看板・サイン製造業を展開しています。主な業界は建設、広告・制作、飲食・外食、コンサルティング、デザインなどです。	コンサルティング	経営コンサル
株式会社船井総合研究所	5120001180782	1354	http://www.funaisoken.co.jp/form/consulting	https://www.funaisoken.co.jp/info/company		03-4356-0271	1040028	東京都	中央区八重洲２丁目２番１号	東京都中央区八重洲２丁目２番１号	多岐にわたる業界に特化した経営コンサルティング企業、中小から大企業まで対象	2013年11月28日に設立された大阪府に拠点を置く経営コンサルティング企業です。同社は多岐にわたる業界に特化し、中小から大企業までを対象としています。主な業務としては、教育支援事業や介護事業のコンサルティングサービスを提供しています。株式会社船井総合研究所は、教育、コンサルティング、医療コンサル、塾・予備校、飲食コンサル、製造業コンサル、経営コンサルなどの業界に関わる幅広い事業を展開しています。	コンサルティング	経営コンサル
株式会社ジャストコンサルティング	5120001184321	19	https://just-c.net/contact/	http://www.just-c.net		06-6809-4830	5300047	大阪府	大阪市北区西天満１丁目７番２０号ＪＩＮ・ＯＲＩＸビルディング９Ｆ	大阪府大阪市北区西天満１丁目７番２０号ＪＩＮ・ＯＲＩＸビルディング９Ｆ	経営コンサルティングや改善計画、事業性評価などの支援を行っている企業	大阪府に拠点を置く経営コンサルティング企業です。2013年1月に設立され、経営コンサルティングや改善計画、事業性評価などの支援を提供しています。主な事業は財務アドバイザリーであり、コンサルティング業界での地位を築いています。	コンサルティング	経営コンサル
株式会社ＴＫコーポレーション	5120001191796	0	http://tk-corpo.com/toiawase/	http://tk-corpo.com			5300015	大阪府	大阪市北区中崎西１丁目４番２２号梅田東ビル４Ｆ	大阪府大阪市北区中崎西１丁目４番２２号梅田東ビル４Ｆ	医療経営やヘルスケア事業のコンサルティングを提供している企業	大阪府に拠点を置く企業であり、医療経営やヘルスケア事業のコンサルティングを提供しています。また、医療施設用システム開発事業や商品開発アドバイザリー事業も行っており、IT、コンサルティング、Webアプリ・サービス運営、経営コンサルなど、幅広い業界で活動しています。	コンサルティング	経営コンサル
株式会社日本歯科経営	5120001195665	7	http://medical.jpn.org/contact/	https://medical.jpn.org/		06-6306-6645	5320011	大阪府	大阪市淀川区西中島７丁目１番２６号	大阪府大阪市淀川区西中島７丁目１番２６号	歯科クリニック経営の支援・運営を手掛ける企業	大阪府に拠点を置く歯科クリニック経営の支援・運営を手掛ける企業です。2016年1月20日に設立され、主な事業はマーケティングコンサルティング事業、企業内トレーニングアウトソーシング事業、医療開業支援業です。人材・アウトソーシング、コンサルティング、企業研修、販促コンサル、経営コンサルを取り扱う業界で活動しています。	コンサルティング	経営コンサル
有限会社チザイ経営社	5120002046396	0	http://tizai.net/contact/	http://tizai.net/	team-ohmae@tizai.net	06-6809-3301	5500004	大阪府	大阪市西区靱本町２丁目６番２号	大阪府大阪市西区靱本町２丁目６番２号	「ランチェスター」が経営コンサルティングを提供している企業	大阪府に拠点を置く経営コンサルティング企業です。主要な事業は、コンサルティングと経営コンサルであり、「ランチェスター」を提供しています。	コンサルティング	経営コンサル
株式会社エターナルプレイス	5120002058037	1	http://www.fc-ame.com/inquiry/	https://www.fc-ame.com/company/	info@fc-ame.com	092-482-0117	8120011	福岡県	福岡市博多区博多駅前２丁目１８番２５号	福岡県福岡市博多区博多駅前２丁目１８番２５号	美容エステ店のフランチャイズ支援を行うコンサルティング企業	2003年11月に設立された福岡県に拠点を置く美容エステ店のフランチャイズ支援を行うコンサルティング企業です。同社はマーケティングコンサルティング事業、フランチャイズチェーン運営支援事業、美容室・サロン経営コンサルティング業、およびフランチャイズチェーン事業を展開しています。株式会社エターナルプレイスは、その他サービス、コンサルティング、販促コンサル、その他団体、経営コンサル、その他コンサルの業界に属しています。	コンサルティング	経営コンサル
有限会社ザッツ	5120002062708	1	http://www.zats-egao.co.jp/category/1222997.html	https://www.zats-egao.co.jp/category/1222994.html	tenpo_shien@mac.com	06-7492-7896	5770809	大阪府	東大阪市永和１丁目３番１０号ローレルコート永和１００４号	大阪府東大阪市永和１丁目３番１０号ローレルコート永和１００４号	飲食店向け居抜き物件の紹介専門不動産コンサルティング企業	大阪府に拠点を置く飲食店向け居抜き物件の紹介専門不動産コンサルティング企業です。同社は内装施工事業や飲食店用機器販売事業も手掛けており、工事・土木、生活用品、不動産、コンサルティングなどの幅広い業界に貢献しています。内部工事・床面工事、販促コンサルから厨房機器・用品まで、経営コンサルも含めた多彩なサービスを提供しています。	コンサルティング	経営コンサル
株式会社プランニングコンサルタント	5120101006730	2	http://placon.net/contact	http://placon.net/	info@placon.net	072-282-0002	5900077	大阪府	堺市堺区中瓦町１丁２番１号トータルビル５０１号	大阪府堺市堺区中瓦町１丁２番１号トータルビル５０１号	企業のマネジメント支援を行うコンサルタント企業	大阪府に拠点を置く、企業のマネジメント支援を行うコンサルタント企業です。1993年に設立された同社は、人材・アウトソーシング、その他サービス、コンサルティング、セミナー、研究・調査・リサーチ、経営コンサル業界で業務を展開しています。	コンサルティング	経営コンサル
日本フィナンシャルマネジメント株式会社	5120101030086	3	https://www.jfm-co.com/contact/	http://www.jfm-co.com/company/	jfm@arrow.ocn.ne.jp	072-225-0909	5900952	大阪府	堺市堺区市之町東５丁２－１４	大阪府堺市堺区市之町東５丁２－１４	事業相談や美容サロン向け保険専門の会社	大阪府に所在する金融コンサルティング会社です。2011年4月に設立され、事業相談や美容サロン向け保険専門の会社として活動しています。営業支援サービス事業と保険アドバイザリー事業を提供し、保険代理店や資産運用コンサル、経営コンサルなどの分野で幅広く活動しています。	コンサルティング	経営コンサル
株式会社ワイズリンクス	5120101047510	3	https://wiselinks.jp/contact.html	https://wiselinks.jp/		06-4708-4716	5410048	大阪府	大阪市中央区瓦町４丁目６番１５号	大阪府大阪市中央区瓦町４丁目６番１５号	企業がビジネスプランやマーケティング支援、動画配信システムを開発している企業	2010年8月に設立された大阪府を拠点とする企業です。同社は広告・制作、IT、その他サービスなどの業界で活動しており、ビジネスプランやマーケティング支援、動画配信システムの開発を手掛けています。また、商品開発事業やWebマーケティング支援事業、デザイン制作事業など、幅広い事業領域にも取り組んでいます。	コンサルティング	経営コンサル
株式会社都市計画	5120901007614	0	http://www.toshikeikaku.jp/contact.html	http://www.toshikeikaku.jp/index.html		06-6338-8800	5640051	大阪府	吹田市豊津町２番１号第２中田ビル	大阪府吹田市豊津町２番１号第２中田ビル	温泉ビジネスを中心にデザインのプロデュースをしている企業	1985年9月に設立された大阪府に本社を置く企業であり、温泉ビジネスを中心にデザインのプロデュースを行っています。市場リサーチ事業、店舗空間デザイン事業、店舗デザイン企画事業、都市開発事業などを展開し、建設、その他サービス、コンサルティング、住宅建築・開発、店舗デザイン、研究・調査・リサーチ、経営コンサルの業界において活動しています。	コンサルティング	経営コンサル
株式会社ファースト	5120901016029	0	https://recruit.the-first.co.jp/contact/	https://www.fast1.co.jp/		06-7639-2020	6180011	大阪府	三島郡島本町広瀬４丁目１９番３号	大阪府三島郡島本町広瀬４丁目１９番３号	商業施設の開発やマーケティング企画・実施をしている企業	1963年6月に設立された大阪府を拠点とする企業です。同社は、商業施設の開発やマーケティング企画・実施を主な業務としています。また、マーケティングコンサルティング事業やWebマーケティング支援事業、販売促進用品製作事業、販促企画事業など、幅広いサービスを提供しています。主要な業界はIT、エンタメ・娯楽、コンサルティング、Webマーケコンサル、総合系コンサル、販促コンサル、およびグッズ制作・グッズ販売です。	コンサルティング	総合系コンサル
株式会社新経営サービス	5130001017645	43	http://www.skg.co.jp/contact/index.php	https://www.shinkeiei.jp/		075-343-0770	6000000	京都府	京都市下京区河原町五条上る御影堂前町８４３番地	京都府京都市下京区河原町五条上る御影堂前町８４３番地	京都にある、事業経営や人事・財務のコンサルティングを提供する企業	1978年1月に設立された京都府に拠点を置く企業です。同社は、事業経営や人事・財務のコンサルティングを提供し、さらに研修セミナー事業や講義者派遣事業も展開しています。人材・アウトソーシング、コンサルティング、セミナー、人材派遣、組織コンサル、経営コンサルの業界で活動しています。	コンサルティング	経営コンサル
アイディーコンサルティング株式会社	5130001026464	1	https://id-consulting.co.jp/contactus/index.html	https://id-consulting.co.jp/company		075-645-8988	6120028	京都府	京都市伏見区深草飯食町８３７番地８	京都府京都市伏見区深草飯食町８３７番地８	IDグループ関連企業の経営コンサルティングを行う企業	京都府に所在し、IDグループ関連企業の経営コンサルティングを行っています。2005年10月に設立され、販売アドバイザリー事業、保険アドバイザリー事業、人材戦略コンサルティング事業を展開しています。主にコンサルティング業界で活動し、販促コンサル、資産運用コンサル、組織コンサル、経営コンサルに焦点を当てています。	コンサルティング	経営コンサル
ピュアライフホールディングス株式会社	5130001034517	41	http://www.purelife-hd.com/inquiry.html	https://www.purelife-hd.com/company.html		0774-28-6492	6110021	京都府	宇治市宇治宇文字２－４７	京都府宇治市宇治宇文字２－４７	ビジネス助言や衛生用品製造販売企業	京都府を拠点とするビジネス助言や衛生用品製造販売企業です。2005年5月に設立され、人材・アウトソーシング、その他サービス、コンサルティング、業務請負、経営コンサルなどの業界で活動しています。同社は商品開発事業、商品開発アドバイザリー事業、ビジネスコンサルティング事業を提供し、クライアントのニーズに合わせた情報やサポートを提供しています。	コンサルティング	経営コンサル
株式会社カステロ	5130001039549	10	http://www.castello-kws.com/contact.html	http://www.castello-kws.com/index.html	mouri@castello-kws.com	06-6943-0818	6148327	京都府	八幡市橋本栗ケ谷５３番地の６１	京都府八幡市橋本栗ケ谷５３番地の６１	飲食店経営を含むフードビジネスのアウトソーシング事業を手がける企業	1998年に設立された京都府に拠点を置く飲食店経営を含むフードビジネスのアウトソーシング事業を手がける企業です。主な事業は社内食堂経営事業であり、飲食・外食、コンサルティング、経営コンサル、その他外食の業界で活躍しています。	コンサルティング	経営コンサル
株式会社イデア・コンサルティング京都	5130001047254	0	http://www.idea-kyoto.co.jp/contact1/	https://www.idea-kyoto.co.jp/company/	info@idea-kyoto.co.jp	075-341-3411	6008161	京都府	京都市下京区室町通五条下る大黒町２０３	京都府京都市下京区室町通五条下る大黒町２０３	企業の経営を支援するコンサルタント企業	1995年3月に設立された京都府に拠点を置くコンサルタント企業です。同社は、人材・アウトソーシング、コンサルティング、セミナー、経営コンサルを専門とし、企業の経営支援に努めています。特に研修セミナー事業に力を入れており、幅広い分野で高品質なサービスを提供しています。	コンサルティング	経営コンサル
株式会社Ｌｉｎｘ	5130001048509	0	http://www.linx.biz/contact	http://www.linx.biz		075-708-2760	6040045	京都府	京都市中京区小川通二条下る古城町３５２番地３	京都府京都市中京区小川通二条下る古城町３５２番地３	建築家・会計士が経営するコンサルティングファーム企業	2011年12月に京都府に設立され、建築家・会計士が経営するコンサルティングファーム企業です。同社の主な業務は、コンサルティング、土木コンサル、経営コンサルなどを手がけています。地域の発展に貢献するため、幅広い専門知識と経験を活かしてクライアントのニーズに応えています。	コンサルティング	経営コンサル
有限会社ジーティープロジェクト	5130002013949	0	http://www.gt-project.co.jp/ask.html	http://www.gt-project.co.jp	info@gt-project.co.jp	075-204-7243	6128006	京都府	京都市伏見区桃山町大島３８番地１８７	京都府京都市伏見区桃山町大島３８番地１８７	着物販売企業が日本伝統文化を促進企業	京都府に拠点を置く着物販売企業であり、日本伝統文化の促進を目指しています。1998年8月に設立され、チラシ・パンフレット作成事業や販促企画事業を行っています。業界では主にコンサルティング、販促コンサル、経営コンサルとして活動しています。	コンサルティング	経営コンサル
ランチェスタービジネス京都有限会社	5130002018790	0	http://moukaru-shikumi.com/form_toi.htm	http://moukaru-shikumi.com	info@moukaru-shikumi.com	075-211-0124	6048241	京都府	京都市中京区三条通新町西入釜座町２２番地ストークビル三条烏丸４０１号	京都府京都市中京区三条通新町西入釜座町２２番地ストークビル三条烏丸４０１号	ビジネス競争で上位に残るための研修を提供するビジネス企業	京都府に拠点を置くビジネス企業です。同社はビジネス競争で上位に残るための研修を提供しており、主な業務は教育用具販売事業と研修セミナー事業です。人材・アウトソーシング、教育、コンサルティング、セミナー、経営コンサル、教材の業界において活動しています。	コンサルティング	経営コンサル
株式会社エフエーエス	5140001023683	2	http://www.fa-service.jp/mail/index.html	http://fa-service.jp		06-4963-2720	5410051	大阪府	大阪市中央区備後町３丁目６番２号	大阪府大阪市中央区備後町３丁目６番２号			コンサルティング	経営コンサル
株式会社アイジー・ブレインズ	5140001037700	3	http://www.ig-brains.com/contact/index.html	https://ig-brains.sakura.ne.jp/		078-919-4141	6730892	兵庫県	明石市本町１丁目１５番１号	兵庫県明石市本町１丁目１５番１号	企業の経営に関するアドバイスやM&Aの支援を行うコンサルティング企業	兵庫県を拠点にしたコンサルティング企業です。同社は企業の経営に関するアドバイスやM&Aの支援を行うとともに、研修セミナー事業にも力を入れています。人材・アウトソーシング、コンサルティング、企業研修、セミナー、経営コンサルなどの業界で活動しています。	コンサルティング	経営コンサル
ヘリオステクノホールディング株式会社	5140001059001	20	https://www.heliostec-hd.co.jp/cgi-bin/contact/index.cgi	https://www.heliostec-hd.co.jp/about/outline.html		03-6264-9510	1030002	東京都	中央区日本橋馬喰町１丁目１１番１０号	東京都中央区日本橋馬喰町１丁目１１番１０号	ヘリオステクノグループを経営する企業	東京都に拠点を置くヘリオステクノグループを経営する企業です。同社は1976年10月に設立され、機械、コンサルティング、印刷機械、経営コンサルの産業において、経営コンサルティング事業とグループ企業経営事業を展開しています。	コンサルティング	経営コンサル
株式会社ピーケーアイコンサルティング	5140001082291	5	https://pki.co.jp/contact/index.html	https://pki.co.jp/pki/index.html		0797-85-5570	6650821	兵庫県	宝塚市安倉北３丁目５番１８号	兵庫県宝塚市安倉北３丁目５番１８号	経営コンサルティングや起業支援で経営資源を整える企業	2000年8月に兵庫県で設立された企業です。同社は経営コンサルティングや起業支援を通じて経営資源の整備を行っており、さらにVoIPサービス提供事業、システムインテグレーション事業、システムアドバイザリー事業なども手掛けています。通信・PC、IT、コンサルティング、Webアプリ・サービス運営、その他通信、起業コンサル、経営コンサルの分野で活動しています。	コンサルティング	経営コンサル
株式会社ファンプラス	5140001090559	0	http://www.fun-plus.jp/inquiry/	http://www.fun-plus.jp/	info@fun-plus.jp	0798-35-8917	6620976	兵庫県	西宮市宮西町９番３号	兵庫県西宮市宮西町９番３号	ホテル・ブライダル・レストラン向け経営コンサルティング企業	2013年4月に兵庫県で設立されたホテル・ブライダル・レストラン向け経営コンサルティング企業です。同社は研修セミナー事業とホテル経営支援事業を展開しており、主に人材・アウトソーシング、コンサルティング、セミナー、経営コンサルの業界で活動しています。	コンサルティング	経営コンサル
ＴｏｙＬｅａｆ株式会社	5140001091400	1	http://www.toyleaf.com/contact/	https://www.toyleaf.com/company/		078-333-5157	6510085	兵庫県	神戸市中央区八幡通４丁目２－９	兵庫県神戸市中央区八幡通４丁目２－９	集客・起業支援・Web制作などを手掛ける企業	兵庫県を拠点に集客・起業支援・Web制作などを手掛ける企業で、2013年7月に設立されました。同社は広告・制作、エンタメ・娯楽、コンサルティングなどの業界で活動し、イベントプランニング事業、バナー制作事業、広告物デザイン制作事業、ポスターデザイン制作事業などを展開しています。ＴｏｙＬｅａｆ株式会社は、販促コンサルや起業コンサル、経営コンサルなど幅広い分野でのサービス提供を行っています。	コンサルティング	経営コンサル
株式会社商業タウンマネジメント	5140001105119	1	https://www.azuma-stm.com/	https://www.azuma-stm.com/	azuma@workwith.jp	078-796-2012	6540122	兵庫県	神戸市須磨区道正台１丁目３番６－５１４号	兵庫県神戸市須磨区道正台１丁目３番６－５１４号	中小企業や商店街に対し、経営に関するコンサルティングを提供する企業	兵庫県に拠点を置き、中小企業や商店街に対し経営に関するコンサルティングを提供する企業です。2017年2月17日に設立され、エンタメ・娯楽、不動産、そしてコンサルティングなどの業界において、イベントプランニング事業、地方創生事業、営業支援サービス事業、またイベント企画・運営事業などを展開しています。	コンサルティング	経営コンサル
有限会社あんしん会計	5160002012163	5	https://www.ntc.ne.jp/contact/	http://www.ntc.ne.jp/office_3.html#company	info@ntc.ne.jp	077-568-0714	5250029	滋賀県	草津市下笠町４２０９番地１	滋賀県草津市下笠町４２０９番地１	経理業務を専門に行う企業	滋賀県に拠点を置き、経理業務を専門に行っている企業です。その業務には、損害保険エージェント事業、生命保険エージェント業、財務・会計業務アウトソーシング事業が含まれています。金融、人材・アウトソーシング、コンサルティング、事務処理代行、業務請負、人材派遣、保険代理店、経営コンサルなどの多岐にわたる産業に貢献しています。	コンサルティング	経営コンサル
株式会社シー・エス・マネジメント	5170002001776	0	https://f-tax.co.jp/contact/	https://f-tax.co.jp/	csm@salsa.ocn.ne.jp	073-472-6336	6408392	和歌山県	和歌山市中之島３０３番地１４	和歌山県和歌山市中之島３０３番地１４	MAS監査等の経営コンサルティングを提供する企業	和歌山県に拠点を置く1995年4月設立の経営コンサルティング企業です。同社は主にMAS監査等の経営コンサルティングを提供しており、コンサルティング業界での実績と知識を持っています。	コンサルティング	経営コンサル
株式会社早稲田総合研究所	5180001042069	1	http://www.medias.ne.jp/form/form_3271/	http://www.medias.ne.jp/~jinno894/wasedaso.htm	h_jinno@ma.medias.ne.jp	052-222-5200	4600008	愛知県	名古屋市中区栄２丁目４番１１号	愛知県名古屋市中区栄２丁目４番１１号	企業に対して経営上のアドバイスを提供するコンサルティング会社また、相続に関する問題を解決するサービスも提供している企業	愛知県に拠点を置くコンサルティング会社です。企業に対して経営上のアドバイスを提供するだけでなく、相続に関する問題を解決するサービスも提供しています。主な事業は相続アドバイザリー事業であり、コンサルティング、資産運用コンサル、経営コンサルの業界で活動しています。	コンサルティング	経営コンサル
ＣＪ株式会社	5180001055310	0	https://www.japan-areacode.tv/contact/form.php	https://www.japan-areacode.tv		052-684-6006	4610005	愛知県	名古屋市東区東桜１丁目１０番９号	愛知県名古屋市東区東桜１丁目１０番９号	eマナー普及支援やCM制作などの事業を展開する企業	愛知県を拠点にeマナー普及支援やCM制作などの事業を展開する、2004年11月に設立された企業です。テレビ広告制作事業、会計ソフトウェア開発事業、ネットショップ構築事業、販促企画事業などを手掛け、広告・制作、IT、コンサルティング、Webアプリ・サービス運営、CM制作・映像制作、販促コンサル、受託開発、経営コンサル、eコマースなどさまざまな業界で事業を展開しています。また、ジャパンエリアコードＴＶ株式会社は総合広告代理店の一翼も担っています。	コンサルティング	経営コンサル
株式会社トリロジー	5180001057463	1	https://www.trilogyforce.com/contact/	https://www.trilogyforce.com/		052-891-1627	4580041	愛知県	名古屋市緑区鳴子町２丁目３７番地の４	愛知県名古屋市緑区鳴子町２丁目３７番地の４	小規模企業向けコンサルティングサービス提供企業	愛知県に位置する小規模企業向けコンサルティングサービス提供企業です。2006年に設立され、ウェブサイトのコンサルティング事業、Webサイト管理代行事業、会計・税務アドバイザリー事業、ネットショップ構築事業、検索エンジン最適化対策事業など、士業、IT、コンサルティング、Webアプリ・サービス運営、ITコンサル、会計士、財務コンサル、その他IT、eコマース関連の業務を展開しています。	コンサルティング	財務コンサル
株式会社アドバンスソフト・コンサルティング	5180001072859	2	https://advancesoft-consulting.co.jp/contact.html	https://advancesoft-consulting.co.jp/	consul@c.advancesoft.co.jp	052-856-5794	4500002	愛知県	名古屋市中村区名駅３丁目２８番１２号大名古屋ビルヂング１１階	愛知県名古屋市中村区名駅３丁目２８番１２号大名古屋ビルヂング１１階	企業がプライバシーマークやISO認証などのマネジメントシステムを取得する際に支援を提供する会社	愛知県を拠点に、企業がプライバシーマークやISO認証などのマネジメントシステムを取得する際に支援を提供する会社です。2010年1月に設立された同社は、マーケティングコンサルティング事業や財務アドバイザリー事業など、幅広いコンサルティングサービスを提供しており、コンサルティング業界全体において重要な役割を果たしています。同社はコンサルティング業界におけるリーディングカンパニーとして、企業の成長と持続可能な発展に貢献しています。	コンサルティング	経営コンサル
株式会社財務工房	5180001082726	3	http://www.zaibo.com/contact.html	http://www.zaibo.com/index.html	info@zaibo.com	052-950-3400	4600011	愛知県	名古屋市中区大須４丁目２番５５号	愛知県名古屋市中区大須４丁目２番５５号	法人向け資産管理と木の販売を行う企業	愛知県に拠点を構え、法人向け資産管理と木の販売を行う企業です。1995年11月に設立され、資材供給事業、樹木販売事業、資産管理アドバイザリー事業、ビジネス承継支援事業、債務回収事業の業務を展開しています。主要な業界は金融、生活用品、材料・資源、IT、その他サービス、コンサルティング、観葉植物・観賞魚、建築資材、債権回収、肥料・農薬、その他サービス、資産運用コンサル、経営コンサル、eコマースです。	コンサルティング	経営コンサル
株式会社東海シジシー	5180001085902	40	https://secure01.blue.shared-server.net/www.cgcjapan.co.jp/contact/products/products_contact.php	http://www.tokaicgc.co.jp/		0587-33-0302	4928218	愛知県	稲沢市西町３丁目１５番４０号	愛知県稲沢市西町３丁目１５番４０号	中小スーパーマーケット向け商品の開発企業	愛知県に位置し、中小スーパーマーケット向け商品の開発に取り組む企業です。1979年4月4日に設立され、食品プロダクト開発事業を展開しています。主にコンサルティング、飲食コンサル、および経営コンサルの業界で活動しています。	コンサルティング	経営コンサル
株式会社パワープラント	5180001112202	1	http://www.power-pp.com/contact/	https://www.power-pp.com/company/	info@power-pp.com	052-325-2082	1020084	東京都	千代田区二番町１番地２	東京都千代田区二番町１番地２	ビジネスコンサルティング企業	愛知県を拠点にするビジネスコンサルティング企業であり、2013年12月に設立されました。同社はセミナー企画・運営事業、営業支援サービス事業、研修セミナー事業、起業家養成セミナーの運営事業、経営研修事業など、人材・アウトソーシング、コンサルティング、企業研修、セミナー、経営コンサル、その他コンサル業界で幅広いサービスを提供しています。	コンサルティング	経営コンサル
有限会社あいち経営コンサルタント	5180002057066	1	http://www.aichi-keiei.jp/contact/	https://www.aichi-keiei.jp/about/company/		052-212-8708	4600022	愛知県	名古屋市中区金山１丁目４番４号	愛知県名古屋市中区金山１丁目４番４号	物流コンサルティング企業	2004年に愛知県で設立された物流コンサルティング企業です。同社は物流アドバイザリー事業、セミナー企画・運営事業、研修セミナー事業、貨物輸送事業を展開しており、交通・運輸・物流、人材・アウトソーシング、コンサルティングなどの業界に関与しています。	コンサルティング	経営コンサル
株式会社トゥ・コネクト	5220001014443	6	https://www.tc-fujitax.com/%E3%81%8A%E5%95%8F%E3%81%84%E5%90%88%E3%82%8F%E3%81%9B	https://www.tc-fujitax.com/事務所案内		0761-46-5273	9230801	石川県	小松市園町ハ１２５番地	石川県小松市園町ハ１２５番地	企業が経営相談や相続についてアドバイスしている企業	2009年12月に石川県で創立された企業であり、主に企業の経営相談や相続に関するアドバイスを提供しています。その業務内容は、組織分析コンサルティング事業、税務アドバイザリー事業、ビジネス承継支援事業、税金対策事業など多岐にわたります。士業、コンサルティング、人材・アウトソーシングなどの業界に属しており、税理士や会計士の活動に加え、データ入力・事務作業代行、経営コンサル、資産運用コンサルなどのサービスも提供しています。	コンサルティング	経営コンサル
株式会社ピースアライアンス	5220001018188	2	http://peace-a.co.jp/contact.html	http://peace-a.co.jp/index.html	info@peace-a.co.jp	076-293-0151	9200841	石川県	金沢市浅野本町２丁目７番２３号	石川県金沢市浅野本町２丁目７番２３号	保険代理販売や水の代理販売、介護業務、iPhone修理などを手掛ける企業	2011年11月に石川県に設立された企業です。同社は損害保険エージェント事業や携帯電話修繕事業、在宅医療支援事業など、保険代理販売や水の代理販売、介護業務、iPhone修理など幅広い事業を手掛けています。主な業種は医療・製薬・福祉、金融、通信・PCなどで、保険代理店や介護サービス、PC・スマホ機器販売・修理などの分野にも取り組んでいます。	コンサルティング	財務コンサル
むかいアドバイザリー株式会社	5220001019252	40	https://mukai-group.com/contact	https://mukai-group.com/company/		076-254-0301	9200024	石川県	金沢市西念２丁目３５番１号	石川県金沢市西念２丁目３５番１号			コンサルティング	総合系コンサル
株式会社アクティブ・フォー	5230001009376	1	http://www.active4.jp/contact/	http://www.active4.jp/index.html		0763-22-1811	9391577	富山県	南砺市寺家新屋敷３６６番地	富山県南砺市寺家新屋敷３６６番地	経営コンサルティングを提供する企業ビジネスサポートや労務サポートも行う企業	富山県に拠点を置き、経営コンサルティングを提供する企業です。同社はビジネスサポートや労務サポートも行い、給与処理アウトソーシング事業、相続アドバイザリー事業、人材採用支援事業に取り組んでいます。人材・アウトソーシング、コンサルティング、人材派遣などの業界で活動しており、資産運用コンサルや経営コンサルとしても幅広く活躍しています。	コンサルティング	経営コンサル
大一株式会社	5240001004104	12	http://www.kyohwa.co.jp/publics/index/5/	http://www.kyohwa.co.jp		082-278-3511	7330832	広島県	広島市西区草津港１丁目６番１０号	広島県広島市西区草津港１丁目６番１０号	ダイイチおよび協和冷蔵の人材育成や不動産管理を担う企業	広島県に所在し、1968年1月に設立された企業です。同社は、ダイイチおよび協和冷蔵の人材育成や不動産管理を担い、不動産、コンサルティング、不動産管理、経営コンサルの産業に従事しております。また、グループ企業経営事業も展開しております。	コンサルティング	経営コンサル
株式会社日本経営企画	5240001008039	0	http://www.nkk.jp/contact	http://www.nkk.jp/		082-531-2211	7330034	広島県	広島市西区南観音町１４番８号	広島県広島市西区南観音町１４番８号	ビジネスを管轄する企業	広島県に拠点を置くビジネスを管轄する企業です。1991年に設立され、市場リサーチ事業、経営コンサルティング事業、マニュアル作成事業を展開しています。その他サービス、コンサルティング、研究・調査・リサーチ、経営コンサルの業界で活躍しています。	コンサルティング	経営コンサル
株式会社インターロジック	5240001016149	16	http://interlogic.jp/form/	https://interlogic.jp/company/		082-297-1321	7330011	広島県	広島市西区横川町２丁目９番１号	広島県広島市西区横川町２丁目９番１号	印刷や広告業に特化した経営コンサルティングを提供する企業	広島県に本社を置く、印刷や広告業に特化した経営コンサルティングを提供する企業です。2000年9月7日に設立され、ウェブサイトのコンサルティング事業や経営研修事業を展開しています。主要業界は広告・制作、人材・アウトソーシング、コンサルティング、企業研修、ITコンサル、Web制作、販促コンサル、経営コンサルとなっております。	コンサルティング	経営コンサル
株式会社オフィシャル	5240001019498	2	http://lp-official.co.jp/contact/	https://en-biz.jp/about	info@lp-official.co.jp	082-222-4970	7300013	広島県	広島市中区八丁堀４番４号５階	広島県広島市中区八丁堀４番４号５階	ファイナンシャルプランニングを提供する企業・個人向けのコンサルタント企業	2005年1月に広島県で設立されたファイナンシャルプランニングを提供する企業・個人向けのコンサルタント企業です。主な業務は、セミナー企画・運営事業、企業の広報プランニング事業、住宅融資相談事業、保険アドバイザリー事業、経営研修事業などです。主要な業界は金融、人材・アウトソーシング、コンサルティング、企業研修、セミナー、財務コンサル、資産運用コンサル、その他コンサル、その他金融関連サービスです。	コンサルティング	財務コンサル
株式会社人財コンサルティング	5240001025430	1	http://www.jinzai-co.jp/request	https://www.jinzai-co.jp/		082-207-0577	7300029	広島県	広島市中区三川町６番３号プリシアダイコウビル５０１号	広島県広島市中区三川町６番３号プリシアダイコウビル５０１号	企業の財務的成功を支援する会社７つのプロジェクトを通じて豊かさを提供企業	広島県に位置する企業です。2010年9月に設立され、資産管理アドバイザリー事業や経営研修事業を通じて、企業の財務的成功を支援し、豊かさを提供しています。主な業種は人材・アウトソーシング、コンサルティング、企業研修、資産運用コンサル、経営コンサルです。	コンサルティング	経営コンサル
有限会社楽まうく	5240002023747	2	http://www.rakkumauku.co.jp/allseikyuform.html	https://www.rakkumauku.co.jp/plofile/		082-962-3431	7310138	広島県	広島市安佐南区祇園２丁目１－３１	広島県広島市安佐南区祇園２丁目１－３１	中小企業や飲食店のコンサルティングを提供する会社	広島県を拠点に中小企業や飲食店向けのコンサルティングを提供する会社です。2000年1月に設立され、営業支援サービス事業を展開しています。主にコンサルティング、飲食コンサル、経営コンサル、その他コンサルの業界で活動しています。	コンサルティング	経営コンサル
おおたちコンサルティング会計株式会社	5240002039108	2	https://ootachi.jp/contact	https://www.ootachi.jp/	ootachi-kaikei@tkcnf.or.jp	084-927-5100	7200802	広島県	福山市松浜町３丁目４番２１号	広島県福山市松浜町３丁目４番２１号	経営相談を提供する企業	広島県に拠点を置く経営相談を提供する企業です。同社は、研修セミナー事業や補助金申請支援事業などを展開しています。主に人材・アウトソーシング業界やその他サービス業界において、企業研修やセミナー、経営コンサルティングなどのサービスを提供しています。	コンサルティング	経営コンサル
株式会社あさひ合同会計	5260001000010	14	https://www.asahi-gk.co.jp/inquiry/	https://www.asahi-gk.co.jp/	info@asahi-gk.co.jp	086-226-5566	7000822	岡山県	岡山市北区表町１丁目７番１５号	岡山県岡山市北区表町１丁目７番１５号	経営アドバイザリーやITサービスなどを提供する企業	岡山県を拠点に経営アドバイザリーやITサービスなどを提供する企業です。税務アドバイザリー事業、税務アウトソーシング事業、会計・税務アドバイザリー事業、経営コンサルティング事業、財務・会計業務アウトソーシング事業、税務申告書作成事業を展開しています。創立は1998年8月で、主に士業、人材・アウトソーシング、コンサルティングの業界で税理士、会計士、事務処理代行、人材派遣、経営コンサルのサービスを提供しています。	コンサルティング	経営コンサル
株式会社アイプロダクツ	5260001026237	1	https://www.ap-okayama.com/%E3%81%8A%E5%95%8F%E3%81%84%E5%90%88%E3%82%8F%E3%81%9B-1/	https://www.ap-okayama.com/	satoshi1123021536@gmail.com	0866-26-0955	7192402	岡山県	高梁市中井町西方９９４３番地	岡山県高梁市中井町西方９９４３番地	商品のブランド戦略や販売ルート拡大に特化するコンサルティング企業	岡山県に位置する商品のブランド戦略や販売ルート拡大に特化するコンサルティング企業です。彼らの主な業務は、ブランド戦略策定事業、マーケティングコンサルティング事業、セミナー企画・運営事業、研修セミナー事業、商品開発アドバイザリー事業、および経営研修事業にあります。株式会社アイプロダクツは2013年8月に設立され、人材・アウトソーシング、コンサルティング、企業研修、セミナー、販促コンサル、経営コンサル、その他コンサルの業界において活動しています。	コンサルティング	経営コンサル
株式会社エーゼログループ	5260001028852	50	https://www.a-zero.co.jp/contact/	https://a-zero.group/about/company/	corp-form@a-zero.co.jp	0868-75-3058	7070504	岡山県	英田郡西粟倉村大字長尾４６１番地１	岡山県英田郡西粟倉村大字長尾４６１番地１	地域企業を支援する事業や建築・不動産事業を行っている企業	岡山県を拠点に地域企業を支援する事業や建築・不動産事業を行っています。2015年10月に設立され、主な業務は養殖水産物生産事業と住宅改修事業です。建設、食品、不動産、コンサルティング、水産、リフォーム、不動産管理、養殖、経営コンサルの9つの業種に関わっています。	コンサルティング	経営コンサル
株式会社綜合経営コンサルタント	5290001001550	5	http://sougoukeiei.sakura.ne.jp/postmail/postmail.html	http://sougoukeiei.sakura.ne.jp/org/index.html	net.soukei@luck.ocn.ne.jp	092-512-9842	8150036	福岡県	福岡市南区筑紫丘１丁目１２番１号	福岡県福岡市南区筑紫丘１丁目１２番１号	企業の経理業務代行や助成金申請、設立支援などを提供する会社	福岡県に拠点を置き、1979年に設立された企業です。この会社は、企業の経理業務代行や助成金申請、設立支援などのサービスを提供しています。税務アドバイザリー事業や相続アドバイザリー事業など、幅広い業務を展開しており、士業、不動産、コンサルティングなどの業界において、経営コンサルタントとして高い評価を受けています。	コンサルティング	経営コンサル
株式会社富士経営	5290001010171	0	http://www.fujikeiei.net/contact	https://www.fujikeiei.net/company	fmc@fujikeiei.net	092-781-7300	8100001	福岡県	福岡市中央区天神１丁目２番４号	福岡県福岡市中央区天神１丁目２番４号	企業に経営アドバイスを提供する企業	福岡県を拠点に企業に経営アドバイスを提供する企業です。1976年10月に設立され、人材・アウトソーシング、コンサルティング、企業研修および経営コンサルの分野で活動しています。富士経営は、経営研修事業を通じて、企業の成長と発展を支援しています。	コンサルティング	経営コンサル
株式会社メディカルシティ不動産	5290001019717	1	http://www.takaramedical.co.jp/contact/	https://medicalcity.co.jp/company/	otoiawase_takara@takaramedical.co.jp	092-474-7715	8120011	福岡県	福岡市博多区博多駅前４丁目８番１６号ＢＲＫビル	福岡県福岡市博多区博多駅前４丁目８番１６号ＢＲＫビル	医院の立ち上げをサポートする会社物件情報やマーケティングなど、開業に必要なアドバイスを提供企業	福岡県に本社を置き、医院の立ち上げをサポートする会社です。物件情報やマーケティングなど、開業に必要なアドバイスを提供し、マーケティングコンサルティングや市場リサーチ、ビジネス承継支援、不動産投資販売、薬局開業支援などの事業を展開しています。1996年10月に設立され、金融、その他サービス、コンサルティング、医療コンサル、投資、販促コンサル、起業コンサル、研究・調査・リサーチ、経営コンサルなどの業界で活動しています。	コンサルティング	経営コンサル
株式会社産学連携機構九州	5290001020154	7	https://www.k-uip.co.jp/contact/	https://www.k-uip.co.jp/about/outline		092-834-2388	8190385	福岡県	福岡市西区大字元岡７４４パブリック２号館１階	福岡県福岡市西区大字元岡７４４パブリック２号館１階	九州大学の知的財産を管理する会社	福岡県に位置する九州大学の知的財産を管理する会社です。主な事業としては、研修セミナー事業や知的財産の保護・活用事業を行っています。2000年1月に設立され、人材・アウトソーシング、コンサルティング、総合系コンサル、セミナー、その他コンサルの業界で活動しています。	コンサルティング	総合系コンサル
株式会社ＴｏＢｅ	5290001028197	0	http://www.tobe-inc.jp/form/index.html	http://www.tobe-inc.jp/index.html			1500012	東京都	渋谷区広尾２丁目１３－６ＡＲＫ２０１	東京都渋谷区広尾２丁目１３－６ＡＲＫ２０１	ホスピタリティ相談企業	東京都に拠点を置くホスピタリティ相談企業であり、ビジネス研修セミナー運営事業、ウェブサイトのコンサルティング事業、商品開発アドバイザリー事業、人材戦略コンサルティング事業を展開しています。2006年12月に設立され、主に人材・アウトソーシング、コンサルティングをはじめ、幅広い業務において豊富な経験と実績を持っています。	コンサルティング	経営コンサル
茂吉プロデュース株式会社	5290001058764	5	https://mokichi.co.jp/contact	http://marcopolo.direct			8892401	宮崎県	日南市北郷町大藤乙１２９番地１	宮崎県日南市北郷町大藤乙１２９番地１	商品の販売戦略を立案する企業	宮崎県に拠点を置き、2011年8月に設立された商品の販売戦略を立案する企業です。主な業務には、ブランド戦略策定事業とDM郵送代行事業があります。人材・アウトソーシング、コンサルティング、業務請負、販促コンサル、コールセンター、経営コンサルなどの業界で活動しています。	コンサルティング	経営コンサル
株式会社建築藝術	5290001065637	0	http://milestone.murakami-holdings.co.jp/inquiry.html	http://milestone.murakami-holdings.co.jp/		092-731-5551	8100041	福岡県	福岡市中央区大名２丁目６番５０号	福岡県福岡市中央区大名２丁目６番５０号	不動産関連ビジネスを手がける企業	福岡県に所在する不動産関連ビジネスを手がける企業です。2014年3月に設立され、主に賃貸物件事業に従事しています。不動産、コンサルティング、資産運用コンサル、経営コンサル、不動産賃貸・仲介、不動産コンサルの業界でビジネスを展開しています。	コンサルティング	経営コンサル
株式会社スタイルビー	5290001074514	44	http://starwillbe.com/contact/	https://starwillbe.com/company/		092-739-1425	8100041	福岡県	福岡市中央区大名１丁目１５－３３福岡セントラルビル５Ｆ	福岡県福岡市中央区大名１丁目１５－３３福岡セントラルビル５Ｆ	リピート通販の全般的なサポートを提供する企業	福岡県を拠点にリピート通販の全般的なサポートを提供する企業です。2016年7月12日に設立され、商品開発事業および商品開発アドバイザリー事業を展開しています。その他サービス、コンサルティング、販促コンサル、経営コンサルにおいても幅広く活動しており、多岐にわたるニーズに応えることができます。	コンサルティング	経営コンサル
有限会社アジアビジネスコンサルタント	5290002026778	0	https://archive.org/about/contact.php	https://web.archive.org/web/20180226042329/http://www.abcjapan.com/		092-725-3688	8100021	福岡県	福岡市中央区今泉２丁目４番３１号	福岡県福岡市中央区今泉２丁目４番３１号	アジアの事業展開コンサルティング企業	福岡県を拠点にするアジアの事業展開コンサルティング企業です。2003年2月に設立され、主にマーケティングコンサルティング事業と海外ビジネスアドバイザリー事業を展開しています。商社、コンサルティング、その他機械専門商社、販促コンサル、経営コンサル、その他コンサルの業界で活動しています。	コンサルティング	経営コンサル
ＡＥＳコンサルティング株式会社	5290801008175	28	http://www.aesc.co.jp/contact/	https://www.aesc.co.jp/company.html		093-882-8880	8040003	福岡県	北九州市戸畑区中原新町３番３号	福岡県北九州市戸畑区中原新町３番３号	「SAPERP」システム導入支援とコンサルティングの専門企業	2008年4月に福岡県で設立された「SAPERP」システム導入支援とコンサルティングの専門企業です。会計・税務アドバイザリー事業、システムインテグレーション事業、基幹システム運用支援事業を展開し、士業、IT、その他サービス、コンサルティング、Webアプリ・サービス運営、ITコンサル、会計士、財務コンサル、その他サービスといった幅広い業界で活動しています。	コンサルティング	財務コンサル
株式会社ＴＰＯ	5290801023356	0	http://k-tpo.com/contact.html	http://k-tpo.com		093-511-6222	3560005	埼玉県	ふじみ野市西２丁目９番２４号アートパレスⅡ１０１	埼玉県ふじみ野市西２丁目９番２４号アートパレスⅡ１０１	グローバルなビジネス展開やエコロジーに配慮した経営のアドバイザー企業	福岡県に所在するグローバルなビジネス展開やエコロジーに配慮した経営のアドバイザー企業であり、2017年3月9日に設立されました。同社は海外ビジネスアドバイザリー事業、商品開発アドバイザリー事業、健康食品製造事業、照明設備の貸し出し・リース事業、環境アドバイザリー事業を展開し、食品、IT、その他サービス、コンサルティング、環境コンサル、健康食品、受託開発、その他リース、その他サービス、経営コンサル、その他コンサルの業界にて活動しています。	コンサルティング	経営コンサル
株式会社諸井会計	5300001000237	16	https://demo-ja.lightning.nagoya/contact/	https://www.moroi.co.jp/		0952-40-9280	8400015	佐賀県	佐賀市木原２丁目６番５号	佐賀県佐賀市木原２丁目６番５号	公共施設に関する会計、システム開発、M&Aの支援を行う企業	佐賀県に拠点を置く企業であり、公共施設に関する会計、システム開発、M&Aの支援を行っています。また、イベントプランニング事業やイベント企画・運営事業、通信機器卸売り業、オフィス機器卸売事業なども手掛けており、通信・PC、IT、商社、エンタメ・娯楽、小売・販売・卸売、コンサルティング、Webアプリ・サービス運営、オフィス用品販売、その他通信、その他機械専門商社、イベント、経営コンサルなどの幅広い業界にサービスを提供しています。	コンサルティング	経営コンサル
株式会社安永	5300001003306	27	http://ys-beauty.co.jp/contact/	https://ys-beauty.co.jp/company/	times@ys-beauty.jp	0952-73-2940	8450001	佐賀県	小城市小城町４５２番地	佐賀県小城市小城町４５２番地	美容サロンの経営相談やスクール運営を手がける企業	佐賀県に所在する美容サロンの経営相談やスクール運営を手がける企業です。1912年6月に設立され、商社、コンサルティング、日用品・化粧品商社、経営コンサルの業界で活動しています。株式会社安永は、美容室・サロン経営コンサルティング業を専門とし、お客様のビジネス成功に向けたサポートを提供しています。	コンサルティング	経営コンサル
株式会社住空間総合研究所	5310001012306	1	https://j-kukan.jp/mailform	https://j-kukan.jp/	nakata@j-kukan.jp	095-865-8601	8512212	長崎県	長崎市畝刈町２９７番地	長崎県長崎市畝刈町２９７番地	住宅営業について相談や企業向け研修などを提供する企業	2013年3月に長崎県に設立された企業です。主な業務としては、住宅営業に関する相談や企業向けの研修などを提供しています。中古住宅仲介事業、営業支援サービス事業、土地取引事業、研修セミナー事業、企業内トレーニングアウトソーシング事業など、幅広い分野で活動しています。	コンサルティング	経営コンサル
株式会社大成経営開発	5330001005415	13	http://www.taiseikeiei.co.jp/inquiry/	https://kumamoto-taisei.com/		096-377-1101	8620965	熊本県	熊本市南区田井島１丁目３番５０号	熊本県熊本市南区田井島１丁目３番５０号	財務・会計コンサルティング企業	熊本県に拠点を置く財務・会計コンサルティング企業です。1993年3月に設立された本企業は、会計システムコンサルティング事業と会計・税務アドバイザリー事業を展開しています。士業、コンサルティング、会計士、財務コンサルの業界で活躍しております。	コンサルティング	財務コンサル
株式会社キューイシステム	5330001006198	2	https://www.qui.co.jp/inquiry	https://www.qui.co.jp/	heartful@qui.co.jp	096-234-8338	8600812	熊本県	熊本市中央区南熊本３丁目３番６号	熊本県熊本市中央区南熊本３丁目３番６号	企業が経営アドバイスとWeb広告を支援する企業	熊本県に位置する企業であり、経営アドバイスとWeb広告の支援を行っています。2003年11月に設立され、ブランド戦略策定事業、セミナー企画・運営事業、ウェブサイトのコンサルティング事業、顧客情報管理システム開発事業など、さまざまな業務を手がけています。株式会社キューイシステムは、広告・制作、IT、人材・アウトソーシング、コンサルティングなどの産業に関わり、幅広いサービスを提供しています。	コンサルティング	経営コンサル
株式会社アールイー経営	5330001016841	2	https://re-keiei.com/service/contact.html	https://re-keiei.com/		096-334-5777	8600833	熊本県	熊本市中央区平成３丁目９番２０号	熊本県熊本市中央区平成３丁目９番２０号	SWOT分析などのアドバイザリーを行う企業	熊本県に所在する1999年設立のコンサルティング企業です。主な業務は、SWOT分析などのアドバイザリーを提供しており、医療コンサル、財務コンサル、飲食コンサル、経営コンサルなどの分野に携わっています。	コンサルティング	経営コンサル
株式会社未来創造研究所	5360001020345	89	http://miraisoken.com/contact/	http://miraisoken.com/		098-996-2235	9010152	沖縄県	那覇市字小禄１８３１番地１	沖縄県那覇市字小禄１８３１番地１			コンサルティング	経営コンサル
株式会社深田会計マネジメンツ	5370001010139	0	https://fukada-kaikei.com/contact	https://fukada-kaikei.com/	fukada-kaikei@tkcnf.or.jp	022-227-1292	9800811	宮城県	仙台市青葉区一番町１丁目１番３１号	宮城県仙台市青葉区一番町１丁目１番３１号	深田会計税理士法人の運営企業	宮城県に位置する深田会計税理士法人の運営企業です。同社は保険アドバイザリー事業やシステムインテグレーション事業に従事しており、IT、人材・アウトソーシング、コンサルティング、Webアプリ・サービス運営、事務処理代行、人材派遣、資産運用コンサル、経営コンサル等の産業に関与しています。	コンサルティング	経営コンサル
株式会社ウィット・アソシエイツ	5370001011459	19	https://www.wit-a.co.jp/contact/	https://www.wit-a.co.jp/		022-727-5611	9810914	宮城県	仙台市青葉区堤通雨宮町４番１１号	宮城県仙台市青葉区堤通雨宮町４番１１号	商業施設や飲食店などのデザインやプロジェクトマネジメントを行う企業	宮城県に拠点を置き、商業施設や飲食店などのデザインやプロジェクトマネジメントを行う企業です。2000年2月に設立されたこの会社は、店舗空間デザイン事業、店舗デザイン企画事業、店舗設計事業、建設プロジェクトマネジメント事業などを展開しており、建設、工事・土木、コンサルティング、店舗デザイン、その他建設・工事、商業施設企画・設計、経営コンサル、インテリア系デザインの産業に関与しています。	コンサルティング	経営コンサル
株式会社東北農都共生総合研究所	5370001022720	4	http://tohoku-noto.co.jp/contact/	https://tohoku-noto.co.jp/	info@tohoku-noto.co.jp	022-796-0336	9800011	宮城県	仙台市青葉区上杉１丁目１６番３０号東日本ビル７階	宮城県仙台市青葉区上杉１丁目１６番３０号東日本ビル７階	食品新製品や販路拡大、人材研修に注力する企業	2012年12月に宮城県に設立された企業です。同社は食品新製品や販路拡大、人材研修に注力し、販売アドバイザリー事業、マーケティングコンサルティング事業、地方創生事業、商品開発アドバイザリー事業、農業支援事業などを展開しています。不動産、コンサルティング、販促コンサル、デベロッパー、経営コンサル、その他コンサルの業界において幅広い事業展開を行っています。	コンサルティング	経営コンサル
ワイ・エム・コンサルタント有限会社	5370002014238	1	http://hostax.jp/home/contact/#	http://hostax.jp/	share@hostax.jp	022-214-5455	9893202	宮城県	仙台市青葉区中山台２丁目１５番地の１	宮城県仙台市青葉区中山台２丁目１５番地の１	「石沢公認会計士事務所」というコンサルティング企業	宮城県に位置する「石沢公認会計士事務所」というコンサルティング企業です。同社は財務監査サービス、税金対策事業、法人設立手続きサポート事業を提供しており、1990年に設立されました。士業、コンサルティング、税理士、監査法人、起業コンサル、経営コンサルの業界で活動しています。	コンサルティング	経営コンサル
合同会社アントレ仙台南	5370003001854	0	http://www.j-consulting.jp/contact	http://www.j-consulting.jp/company/about		022-216-5554	9820011	宮城県	仙台市太白区長町１丁目７番２８号	宮城県仙台市太白区長町１丁目７番２８号	起業支援や会計・人事、資金調達に関するアドバイスを提供する企業	宮城県を拠点に起業支援や会計・人事、資金調達に関するアドバイスを提供する企業です。2004年9月に設立され、許認可手続き代行事業、会計・税務アドバイザリー事業、投資アドバイザリー事業を展開しています。主な業種は士業, 人材・アウトソーシング, コンサルティングであり、会計士、データ入力・事務作業代行、財務コンサル、資産運用コンサルを提供しています。	コンサルティング	財務コンサル
ベストファーム株式会社	5380001011565	210	https://www.bestfirmgroup.jp/contact/sodan/contact.html	https://bestfirmgroup.jp/company/group/		03-6261-0158	9630107	福島県	郡山市安積３丁目１０１番地	福島県郡山市安積３丁目１０１番地	土地調査・経営コンサル企業	1992年に福島県で設立された土地調査・経営コンサル企業です。同社は広告クリエイティブ事業や不動産登記サポート事業に取り組んでおり、広告・制作、人材・アウトソーシング、コンサルティング、広告運用コンサル、データ入力・事務作業代行、広告制作、土木コンサル、経営コンサルなどさまざまな産業に関与しています。	コンサルティング	経営コンサル
マツダミヒロ事務所株式会社	5390001005896	1	https://mahoq.jp/contact/	https://mahoq.jp/	staff@mahoq.jp	023-623-5477	1500013	東京都	渋谷区恵比寿４丁目２０－４ガーデンプレイスグラススクエアＢ１	東京都渋谷区恵比寿４丁目２０－４ガーデンプレイスグラススクエアＢ１	ビジネスセミナーと書籍出版を手掛ける企業	東京都に位置するビジネスセミナーと書籍出版を手掛ける企業です。セミナー企画・運営事業、メールマガジン配信サービス、出版事業、経営研修事業などが主な業務として挙げられます。広告・制作、人材・アウトソーシング、コンサルティング、メディア・出版、企業研修などの幅広い業界で活動しています。	コンサルティング	経営コンサル
株式会社経営バンク菅野会計	5390001010599	11	http://www.keieib.com/contact.html	https://www.keieib.com/		0238-43-7937	9992221	山形県	南陽市椚塚１９７５番地	山形県南陽市椚塚１９７５番地	ビジネスアドバイザリーファーム	山形県を拠点とするビジネスアドバイザリーファームです。同社はマーケティングコンサルティング事業、保険アドバイザリー事業、そして会計・税務アドバイザリー事業を展開しており、士業、コンサルティング、会計士、販促コンサル、資産運用コンサル、経営コンサルの分野で幅広いサービスを提供しています。	コンサルティング	経営コンサル
有限会社渡部経営士事務所	5390002014756	1	http://yonezawanet.jp/contact.html	http://yonezawanet.jp/wkj/	keieishi@e.jan.ne.jp	0238-27-0020	9920038	山形県	米沢市城南２丁目３番４１号	山形県米沢市城南２丁目３番４１号	人材育成コンサルティング企業	山形県に拠点を置く人材育成コンサルティング企業です。同社はセミナー企画・運営事業および経営研修事業を主軸に展開しており、人材・アウトソーシング、コンサルティング、企業研修、セミナー、経営コンサルの業界で幅広いサービスを提供しています。	コンサルティング	経営コンサル
有限会社ケイエイ・サポートオフィス	5400502000270	1	https://keieisupportoffice.jimdo.com/%E3%81%8A%E5%95%8F%E3%81%84%E5%90%88%E3%82%8F%E3%81%9B/	https://keieisupportoffice.jimdo.com/		0191-33-1021	0210053	岩手県	一関市山目字中野１５４番地１３	岩手県一関市山目字中野１５４番地１３	経営コンサルティング及び保険代理店を運営する企業	1999年5月に岩手県で設立された企業です。同社は経営コンサルティングおよび保険代理店を運営しており、損害保険エージェント事業、許認可手続き代行事業、税金対策事業、商品開発事業、生命保険エージェント業などのサービスを提供しています。同社は士業、金融、人材・アウトソーシング、データ入力・事務作業代行、税理士、保険代理店、経営コンサルなどの幅広い業界で活動しています。	コンサルティング	経営コンサル
合同会社リバースコーポレーション	5420003001691	1	http://jigyosaisei.website/contact.html	https://jigyosaisei.website/	saimu-hotline@rebirth2011.jp	090-1064-7142	0391166	青森県	八戸市根城７丁目１番４１号	青森県八戸市根城７丁目１番４１号	コンサルティングで事業再生支援やリサイクルショップ運営を行う企業	2017年2月10日に青森県で設立された企業です。主にコンサルティングで事業再生支援やリサイクルショップの運営を行っており、中古品販売事業や会計・税務アドバイザリー事業を手がけています。士業、小売・販売・卸売、コンサルティング、会計士、リサイクルショップ、中古車販売、経営コンサルの業界に所属しています。	コンサルティング	経営コンサル
ＮＢＣコンサルタンツ株式会社	5430001002591	114	https://www.nbc-consul.co.jp/contact/form.asp	https://www.nbc-consul.co.jp/		011-786-6777	0070804	北海道	札幌市東区東苗穂四条２丁目１番５８号	北海道札幌市東区東苗穂四条２丁目１番５８号	企業の経営や会計に関するコンサルティングを提供し、事業承継や営業指導に特化した専門企業	北海道に拠点を置く専門企業で、企業の経営や会計に関するコンサルティングを提供しています。また、事業承継や営業指導に特化したサービスも提供しています。ビジネス承継支援事業、営業支援サービス事業、企業内トレーニングアウトソーシング事業、会計・税務アドバイザリー事業を展開しており、士業やコンサルティング、人材派遣などの幅広い分野で活動しています。ＮＢＣコンサルタンツ株式会社は、1987年に設立されました。	コンサルティング	経営コンサル
武ダＧＥＡＤ株式会社	5430001070036	64	http://www.takeda-holdings.co.jp/inquiry.php	https://www.takeda-gead.co.jp/company/		03-6278-7173	0030012	北海道	札幌市白石区中央二条１丁目６番１５号武田ビル	北海道札幌市白石区中央二条１丁目６番１５号武田ビル	グループ企業に経営コンサルティングを提供する企業	2014年10月に北海道で設立されたグループ企業に対し経営コンサルティングを提供する企業です。主な事業はグループ企業経営事業で、建設、工事・土木、不動産、小売・販売・卸売、コンサルティング、衛生設備工事、ガソリンスタンド、商業施設・店舗・公共施設建設、その他土木工事、経営コンサル、不動産賃貸・仲介、不動産コンサルなど幅広い産業に関与しています。	コンサルティング	経営コンサル
株式会社創造経営センター	6010001004299	26	https://www.sokei.co.jp/consul/ask/	https://www.sokei.co.jp/consul/company/		03-3816-1451	1130033	東京都	文京区本郷２丁目１０番９号	東京都文京区本郷２丁目１０番９号	人材の成長を支援するコンサルティング企業	1989年4月に東京都で設立された教育・コンサルティング企業です。会計システムコンサルティング事業とシステム運用サポート事業を通じて、人材の成長を支援しています。主な業界は教育、コンサルティング、資格取得、ITコンサル、財務コンサル、組織コンサル、経営コンサルです。	コンサルティング	経営コンサル
神田会計株式会社	6010001013580	2	http://www.kandaaccounting.com/inquiry/index.html	http://www.kandaaccounting.com/company/kanda.html	info@kandaaccounting.com	03-3254-3626	1010046	東京都	千代田区神田多町２丁目３番１号第１ニサワビル	東京都千代田区神田多町２丁目３番１号第１ニサワビル	法人向けの税務・会計サービスを提供する企業	東京都を拠点に法人向けの税務・会計サービスを提供する企業です。同社は税務アドバイザリー事業、財務アドバイザリー事業、相続アドバイザリー事業を手掛け、士業、コンサルティング業界で活動しています。専門の税理士、財務コンサルタント、資産運用コンサルタント、経営コンサルタントがチームを組み、顧客に最適なサービス提供に努めています。	コンサルティング	経営コンサル
株式会社コンセプトデザイン研究所	6010001016781	1	http://www.conceptdesign.co.jp/inquiry/index.html	http://www.conceptdesign.co.jp/company/index.html		0422-27-8555	2020023	東京都	西東京市新町５丁目１６番１０号	東京都西東京市新町５丁目１６番１０号	企業向けコンサルティング及び研修サービスを提供する企業	1998年5月に設立された東京都を拠点とする企業です。同社は、企業向けにコンサルティングおよび研修サービスを提供しており、ビジネスリサーチ事業、アンケート調査代行事業、市場リサーチ事業などを展開しています。主に人材・アウトソーシング、その他サービス、コンサルティング、企業研修、業務請負、研究・調査・リサーチ、経営コンサルなどの業種に関わっています。	コンサルティング	経営コンサル
株式会社日本経済研究所	6010001032853	117	https://www.jeri.co.jp/contact/contact_public/	http://www.jeri.co.jp/		03-6214-4600	1000004	東京都	千代田区大手町１丁目９番２号	東京都千代田区大手町１丁目９番２号	多岐に渡るコンサルティングサービスを提供する企業	東京都に位置する1989年12月に設立された企業であり、多岐に渡るコンサルティングサービスを提供しています。同社の主な事業は、海外ビジネスアドバイザリー事業および環境アドバイザリー事業です。株式会社日本経済研究所は、コンサルティング、環境コンサル、総合系コンサル、経営コンサル、その他コンサルの業界に所属しています。	コンサルティング	総合系コンサル
株式会社日本Ｍ＆Ａセンターホールディングス	6010001033744	4	https://www.nihon-ma.co.jp/action/contact/?ctype=other	https://www.nihon-ma.co.jp/corporate/office/		03-5220-5454	1000005	東京都	千代田区丸の内１丁目８番２号	東京都千代田区丸の内１丁目８番２号			コンサルティング	経営コンサル
ベンチャー・テクノ・キャピタル株式会社	6010001071884	0	http://www.vtc.co.jp/contact/		info@vtc.co.jp	03-5524-0888	1680081	東京都	杉並区宮前４丁目９番３２号	東京都杉並区宮前４丁目９番３２号			コンサルティング	経営コンサル
アーバン・サイエンス・ジャパン株式会社	6010001073402	3	https://www.urbanscience.com/contact	https://www.urbanscience.com/jp		03-4530-9635	1000005	東京都	千代田区丸の内３丁目２番２号丸の内二重橋ビル２階	東京都千代田区丸の内３丁目２番２号丸の内二重橋ビル２階	自動車や小売業界にコンサルティングサービスを提供している企業	東京都に拠点を構える自動車や小売業界にコンサルティングサービスを提供する企業です。同社は販売アドバイザリー事業、営業支援サービス事業、および会計・税務アドバイザリー事業を展開しています。士業、コンサルティング、総合系コンサル、会計士、販促コンサル、およびその他のコンサルに関連する業界で活動しています。	コンサルティング	総合系コンサル
株式会社アクティブ・コンサルティング	6010001073823	0	https://active-c-cojp.ssl-xserver.jp/06-00.html	https://active-c.co.jp/		03-6202-7418	1030023	東京都	中央区日本橋本町３丁目３番６号	東京都中央区日本橋本町３丁目３番６号	製造業や卸売業に対する小売支援を行う企業	1999年4月に東京都で設立された企業です。同社は製造業や卸売業に対する小売支援を行うことを主な業務としており、ブランド戦略策定事業、マーケティングコンサルティング事業、セミナー企画・運営事業、営業支援サービス事業、研修セミナー事業、販促企画事業などを提供しています。同社は人材・アウトソーシング、コンサルティング、企業研修、セミナー、販促コンサル、経営コンサルなどの産業に従事しています。	コンサルティング	経営コンサル
株式会社タクトコンサルティング	6010001077155	12	https://www.tactnet.com/contact/	https://www.tactnet.com/	info@tactnet.com	03-5208-5400	1000005	東京都	千代田区丸の内２丁目１番１号	東京都千代田区丸の内２丁目１番１号	資産税のアドバイザリーを提供する企業	1983年6月に東京都で設立された、資産税のアドバイザリーを提供する企業です。同社は税務アドバイザリー事業、セミナー企画・運営事業、研修セミナー事業、相続アドバイザリー事業、金融機関向けアドバイザリー事業を展開しており、士業、人材・アウトソーシング、コンサルティング業界において幅広い経験と専門知識を持っています。	コンサルティング	財務コンサル
株式会社データム	6010001083459	1	https://www.dtum.co.jp/contact.php	http://dtum.co.jp/	info@dtum.co.jp	03-3255-6851	3310812	埼玉県	さいたま市北区宮原町２丁目９２番地１宮原パーク・ホームズ５０８号	埼玉県さいたま市北区宮原町２丁目９２番地１宮原パーク・ホームズ５０８号	マーケットリサーチおよび統計分析を行う企業	東京都を拠点にマーケットリサーチおよび統計分析を行う企業です。同社は、市場リサーチ事業とデータ解析事業に従事しており、1992年に設立されました。その事業領域はIT、その他サービス、コンサルティング、その他IT、研究・調査・リサーチ、経営コンサルに及びます。	コンサルティング	経営コンサル
株式会社ＰＳＩ	6010001093508	8	https://psic.jp/contact	https://psic.jp/company		03-6212-5288	1000004	東京都	千代田区大手町１丁目６番１号大手町ビル９階	東京都千代田区大手町１丁目６番１号大手町ビル９階	企業の購買利益を最適化するコンサルティング企業	東京都を拠点にするコンサルティング企業です。2005年5月に設立され、主に企業の購買利益を最適化することを目的としています。ＰＳＩは、コンサルティングおよび経営コンサル業界で活動しています。	コンサルティング	経営コンサル
保険サービスシステムＨＤ株式会社	6010001094670	5	https://www.hokenss.co.jp/_cgi/form/contact_so/user/form.cgi	https://www.hokenss.co.jp/		03-3502-0303	1000006	東京都	千代田区有楽町１丁目２番２号	東京都千代田区有楽町１丁目２番２号	働き方改革のアドバイスを行う企業	1999年8月に設立された東京都を拠点とする企業です。同社は、働き方改革のアドバイスを提供し、主にセミナー企画・運営事業や研修セミナー事業に従事しています。人材・アウトソーシング、コンサルティング、セミナー、経営コンサルの業界で活動しています。	コンサルティング	経営コンサル
リアル・パートナーズ株式会社	6010001095603	0	http://www.real-partners.jp/contact/contact.html	http://www.real-partners.jp/		03-5275-0191	1020083	東京都	千代田区麹町４丁目８番地１９	東京都千代田区麹町４丁目８番地１９	企業に対して経営アドバイスや支援を行うコンサルティング業務を提供する企業	2005年9月に東京都で設立され、企業に対して経営アドバイスや支援を行うコンサルティング業務を提供しています。主な業務としては、営業支援サービス事業とWebマーケティング支援事業があります。IT、コンサルティング、Webマーケコンサル、経営コンサルなどの業界で活動しています。	コンサルティング	経営コンサル
ＡＲＣＦＥＥＬＧＲＯＵＰ株式会社	6010001097104	24	https://www.arcfeel.co.jp/contact.php	https://www.arcfeel.co.jp/company/	info@arcfeel.co.jp	03-6275-0055	1010048	東京都	千代田区神田司町２丁目７番地２	東京都千代田区神田司町２丁目７番地２	店舗展開支援、工事、Webマーケティングを提供する企業		コンサルティング	経営コンサル
株式会社ディー・アイ・コンサルタンツ	6010001097252	8	http://www.di-c.jp/contact/	https://diconsultants.com/about/outline/	info@diconsultants.com	03-5833-8588	1050001	東京都	港区虎ノ門４丁目１番１号神谷町トラストタワー２３階	東京都港区虎ノ門４丁目１番１号神谷町トラストタワー２３階	新規店舗のコンサルティング専門企業	1991年3月6日に東京都で設立された新規店舗のコンサルティング専門企業です。同社はマーケティングコンサルティング事業、市場リサーチ事業、営業支援サービス事業、研修セミナー事業、Webマーケティング支援事業を提供しています。インダストリーにはIT、人材・アウトソーシング、その他サービス、コンサルティング、Webマーケコンサル、セミナー、販促コンサル、研究・調査・リサーチ、経営コンサル、その他コンサルが含まれます。	コンサルティング	経営コンサル
プルーデント・ジャパン・ファイナンシャル・サービス株式会社	6010001101138	110	https://www.pjfs.co.jp/inquiry/contact.php	https://www.pjfs.co.jp/	info@pjfs.co.jp	03-5542-5911	1040033	東京都	中央区新川１丁目１７番２２号	東京都中央区新川１丁目１７番２２号	財務・企画サービスを提供する企業	2003年8月に設立された東京都に拠点を置く企業であり、財務・企画サービスを提供しています。同社は資産管理アドバイザリー事業、保険アドバイザリー事業、研修セミナー事業、投資アドバイザリー事業、金融機関向けアドバイザリー事業などを展開しており、金融、人材・アウトソーシング、コンサルティング、セミナー、財務コンサル、保険代理店、資産運用コンサル、その他コンサル業界に参入しています。	コンサルティング	財務コンサル
パールマーケティングソリューションズ株式会社	6010001103398	0	https://www.pearl-ms.co.jp/contact/	https://www.pearl-ms.co.jp		03-3517-6800	1040031	東京都	中央区京橋１丁目５番１２号	東京都中央区京橋１丁目５番１２号	旅館とパチンコ店にコンサルティングサービスを提供する企業	東京都を拠点に、旅館とパチンコ店に対してコンサルティングサービスを提供しています。2006年9月に設立され、主な事業はマーケティングコンサルティング、パチンコ関連機器販売、ホテル経営支援です。同社はエンタメ・娯楽、コンサルティング、パチンコ、販促コンサル、経営コンサルの分野で活躍しています。	コンサルティング	経営コンサル
株式会社電通コンサルティング	6010001104017	47	https://www.dentsuconsulting.com/contact/	https://www.dentsuconsulting.com/company	privacy-info@dentsuconsulting.com	03-6217-2400	1050021	東京都	港区東新橋１丁目８番１号	東京都港区東新橋１丁目８番１号	ビジネスの戦略に関するコンサルティングを行う企業	東京都に拠点を置くビジネスの戦略に関するコンサルティングを行う企業です。2006年11月に設立され、主にコンサルティング業界で活躍しています。彼らは主に経営コンサルに焦点を当て、顧客の成長と競争力強化をサポートしています。	コンサルティング	経営コンサル
ＥＹストラテジー・アンド・コンサルティング株式会社	6010001107003	4334	https://reg31.smp.ne.jp/regist/is?SMPFORM=obs-lcoaq-5933033a975fa39fea644501ab03b971	https://www.eysc.jp/recruit/company/		03-3503-3500	1000006	東京都	千代田区有楽町１丁目１番２号	東京都千代田区有楽町１丁目１番２号	企業の競争力について相談に応じる企業	2020年10月に東京都で設立された企業です。同社は企業の競争力に関する相談に応じ、人材戦略コンサルティング事業やリスクマネジメントコンサルティング事業を展開しています。また、コンサルティング、組織コンサル、経営コンサル、その他コンサルの分野で活動しています。	コンサルティング	経営コンサル
東京フィナンシャル・アドバイザーズ株式会社	6010001108389	4	http://tfa.co.jp/contact/	https://www.tfa.co.jp/		03-3539-3744	1000014	東京都	千代田区永田町１丁目１１番２８号	東京都千代田区永田町１丁目１１番２８号	金融アドバイザーフィールドの企業	東京都に拠点を置く金融アドバイザーフィールドの企業です。2007年4月に設立され、主な業務は資材供給事業やビジネスリサーチ事業です。材料・資源、その他サービス、コンサルティング、建築資材、財務コンサル、研究・調査・リサーチなどの多岐にわたる業界で活動しております。	コンサルティング	財務コンサル
メトロエージェント株式会社	6010001115798	1	https://sv84.wadax.ne.jp/~gfenix-net/form.php	https://meag.jp/	info@meag.co.jp		5400022	大阪府	大阪市中央区糸屋町１丁目２番１１－３７０６号	大阪府大阪市中央区糸屋町１丁目２番１１－３７０６号	企業再生コンサルティング業務を提供する企業	2008年2月に設立された大阪府を拠点とする企業再生コンサルティング業務を提供する企業です。同社はコンサルティング業界および経営コンサルティング業界において、幅広い経験と専門知識を持つ専門家チームによるサービスを提供しています。	コンサルティング	経営コンサル
フーリハン・ローキー・ジャパン合同会社	6010001115856	116	http://www.gcaglobal.co.jp/global-network-contact/contact-us/	https://gcafas.com/jp/%E6%8B%A0%E7%82%B9/	info@gcakk.com	03-6212-7100	1060041	東京都	港区麻布台１丁目３番１号麻布台ヒルズ森ＪＰタワー４９階	東京都港区麻布台１丁目３番１号麻布台ヒルズ森ＪＰタワー４９階	合併・買収のアドバイスやコンサルティング、資産管理を行う企業	2004年4月1日に東京都で設立された企業です。同社は、合併・買収のアドバイスやコンサルティング、資産管理を主要な業務としており、ブランド戦略策定事業、海外ビジネスアドバイザリー事業、会計・税務アドバイザリー事業、投資アドバイザリー事業を展開しています。主要な業界は士業、コンサルティングであり、会計士、財務コンサル、販促コンサル、資産運用コンサル、経営コンサルなど、幅広いサービスを提供しています。	コンサルティング	経営コンサル
株式会社東京出版サービス	6010001124683	18	http://www.tssplaza.co.jp/contact.html	https://www.tssplaza.co.jp/company/index.html	service@tssplaza.co.jp	03-3262-8271	1020072	東京都	千代田区飯田橋３丁目１１番６号	東京都千代田区飯田橋３丁目１１番６号	書店経営のアドバイザー及び代行業務を行う企業	東京都に位置する1975年に設立された企業であり、書店経営のアドバイザー及び代行業務を行っています。営業支援サービス事業と店舗マネジメントアウトソーシング事業を展開し、人材・アウトソーシング、コンサルティング、営業代行・販売代行、業務請負、経営コンサル、その他コンサルの業界で活動しています。	コンサルティング	経営コンサル
ＲＥＰＳＳ株式会社	6010001127521	0	https://repss.biz/contact-us/	http://repss.jp/index.html		03-5542-3377	1010051	東京都	千代田区神田神保町１丁目７番地日本文芸社ビル２Ｆ	東京都千代田区神田神保町１丁目７番地日本文芸社ビル２Ｆ	保険販売や業務代行、内装デザイン、資金調達などを提供している企業	２００６年１１月に設立され、東京都を拠点に保険販売や業務代行、内装デザイン、資金調達など幅広いサービスを提供している企業です。同社は広告クリエイティブ事業、住宅保険販売業、損害保険エージェント事業、税務アドバイザリー事業、生命保険エージェント業、人材採用支援事業など、士業、金融、建設、広告・制作、人材・アウトソーシング、コンサルティング、総合系コンサル、税理士、保険、財務コンサル、広告制作、保険代理店、その他人材、インテリア系デザインなどの幅広い業界で活動しています。	コンサルティング	総合系コンサル
株式会社ラインプロジェクト	6010001128858	0	http://www.line-p.jp/contact/	http://www.line-p.jp/company/outline/	project@line-p.jp	03-6721-8055	1040033	東京都	中央区新川１丁目６番１１号	東京都中央区新川１丁目６番１１号	飲食・レストランや建築・設計などの経営に関するアドバイスを提供する企業	東京都を拠点に、飲食・レストランや建築・設計などの経営に関するアドバイスを提供する企業です。2006年1月に設立され、主な事業は店舗空間デザイン事業と店舗設計事業です。建設、広告・制作、IT、不動産、コンサルティング、Webマーケコンサル、Web制作、店舗デザイン、その他不動産、商業施設企画・設計、経営コンサルを中心に幅広い業界でのプロジェクトに取り組んでいます。	コンサルティング	経営コンサル
株式会社事業開発	6010001129550	0	http://www.akarui-ma.co.jp/toiawase.html	http://www.akarui-ma.co.jp/index.html		03-6253-8531	1600022	東京都	新宿区新宿２丁目１３番１０号	東京都新宿区新宿２丁目１３番１０号	企業の業務改善や提携に関する支援を行う企業	2009年12月に設立され、東京都に本社を構える企業です。同社はコンサルティング業界であり、主に企業の業務改善や提携に関する支援を行っています。経営コンサルティング領域での幅広い経験を活かし、クライアント企業の成長と発展に貢献しています。	コンサルティング	経営コンサル
株式会社アカウンティング・アシスト	6010001129567	1	http://www.accounting-assist.com/contact	http://www.accounting-assist.com/company	info@accounting-assist.com	03-5510-3311	1000014	東京都	千代田区永田町２丁目１７－１７アイオス永田町４Ｆ	東京都千代田区永田町２丁目１７－１７アイオス永田町４Ｆ			コンサルティング	財務コンサル
アグザルファ株式会社	6010001136290	37	https://www.axalpha.com/contact/	https://www.axalpha.com		03-5201-3876	1030023	東京都	中央区日本橋本町４丁目５－１３日本橋本町ＴＨビル５階	東京都中央区日本橋本町４丁目５－１３日本橋本町ＴＨビル５階	Amazonに特化したオペレーションサポート企業	2010年11月に東京都に設立されたAmazonに特化したオペレーションサポート企業です。同社はマーケティングコンサルティング事業と営業支援サービス事業を展開しており、広告・制作、IT、コンサルティングなど幅広い業界で活動しています。	コンサルティング	経営コンサル
物流企画サポート株式会社	6010001138832	1	http://logipress.co.jp/contact/	http://logipress.co.jp	info@logipress.co.jp	03-5368-2497	1020083	東京都	千代田区麹町３丁目５番地４麹町インテリジェントビルＢ－１	東京都千代田区麹町３丁目５番地４麹町インテリジェントビルＢ－１	ロジスティクス・トランスポート専門のコンサルティング企業	東京都に拠点を置く物流アドバイザリー事業を展開するロジスティクス・トランスポート専門のコンサルティング企業です。2011年3月に設立され、IT、コンサルティング、Webアプリ・サービス運営、経営コンサル、その他コンサル業界において活躍しています。	コンサルティング	経営コンサル
株式会社ブレイン・サプライ	6010001139558	6	http://www.brain-supply.co.jp/inquiry	https://www.brain-supply.co.jp/		03-6273-7437	1010065	東京都	千代田区西神田１丁目４番５号	東京都千代田区西神田１丁目４番５号	人材コンサルティングや研修を含む経営戦略支援を提供する企業	東京都に本社を置き、2009年5月に設立された企業です。同社は、人材コンサルティングや研修を含む経営戦略支援を提供しており、主に企業内トレーニングアウトソーシング事業に取り組んでいます。人材・アウトソーシング、コンサルティング、企業研修、組織コンサル、経営コンサルなどの業界で活動しています。	コンサルティング	経営コンサル
株式会社バリュークリエイト	6010001141497	30	https://www.valuecreate.net/vc_inquiry/	https://www.valuecreate.net/company/about/	info@valuecreate.net	03-6263-0777	1500001	東京都	渋谷区神宮前２丁目２７番５号	東京都渋谷区神宮前２丁目２７番５号	企業向けコンサルティングや研修サービスを提供している企業	2001年5月に東京都に設立された企業です。主に広告クリエイティブ事業と経営研修事業を手がけており、広告・制作、人材・アウトソーシング、コンサルティング、企業研修の業界において幅広く活動しています。企業向けコンサルティングや研修サービスを提供することで、クライアントのビジネスの成長と発展をサポートしています。	コンサルティング	経営コンサル
株式会社レクティオデザイン	6010001141794	5	https://sec.alpha-mail.jp/lectio.co.jp/contact/index.html	https://www.lectio.co.jp/company.html	info@lectio.co.jp	03-6272-5475	1020083	東京都	千代田区麹町５丁目３番地第７秋山ビルディング３階	東京都千代田区麹町５丁目３番地第７秋山ビルディング３階	プロジェクトマネジメントおよび不動産コンサルティングを提供する企業	東京都に本社を置き、プロジェクトマネジメントおよび不動産コンサルティングを提供する企業です。不動産投資販売事業と事業用不動産取引事業を行っており、2010年5月に設立しました。金融、不動産、コンサルティング、総合系コンサル、不動産売買・仲介、投資、その他不動産、不動産賃貸・仲介、不動産コンサルの業界に属しています。	コンサルティング	総合系コンサル
ＭＶＰ株式会社	6010001141836	1	https://www.mvpinc.co.jp/contact	https://www.mvpinc.co.jp/company		03-4334-1022	1020083	東京都	千代田区麹町２丁目１０－３	東京都千代田区麹町２丁目１０－３	医療やヘルスケアビジネスの立ち上げを支援する企業	東京都に拠点を置く医療やヘルスケアビジネスの立ち上げを支援する企業です。2007年3月に設立され、主にマーケティングコンサルティング事業を展開しており、コンサルティングや販促コンサル、経営コンサルなどの幅広い業務を提供しています。	コンサルティング	経営コンサル
株式会社ドリームインキュベータ	6010001141902	221	http://www.dreamincubator.co.jp/contact/	https://www.dreamincubator.co.jp/company/overview/		03-5532-3200	1000013	東京都	千代田区霞が関３丁目２番６号	東京都千代田区霞が関３丁目２番６号	主力は企業コンサルティング及びベンチャー投資を行う企業	2000年6月1日に東京都に設立された企業です。主力は金融、コンサルティング、投資、経営コンサルの分野であり、企業コンサルティング及びベンチャー投資を行っています。	コンサルティング	経営コンサル
インクルージョン・ジャパン株式会社	6010001143444	5	http://inclusionjapan.com/contact/	https://inclusionjapan.com/outline/	info@inclusionj.com	03-6421-7555	1410031	東京都	品川区西五反田１丁目１１－１アイオス五反田駅前ビル９０３	東京都品川区西五反田１丁目１１－１アイオス五反田駅前ビル９０３	ベンチャー支援や組織改革支援を専門とするコンサルティング企業	東京都に拠点を置くベンチャー支援や組織改革支援を専門とするコンサルティング企業です。2011年11月に設立され、エンタメ・娯楽、コンサルティング、イベント、組織コンサル、経営コンサルの業界で活動しています。主な事業は、イベントプランニング事業とイベント企画・運営事業を展開しています。	コンサルティング	経営コンサル
株式会社バリューアップ	6010001143502	1	http://valueup.asia/contact.php	http://valueup.asia/index.html	office-info@valueup.asia	03-3532-1556	1040054	東京都	中央区勝どき２丁目９番１６号	東京都中央区勝どき２丁目９番１６号	会計税務コンサルティングを行う企業	東京都に拠点を置き、2011年11月に設立された会計税務コンサルティング企業です。同社は、財務監査サービスや財務・会計業務アウトソーシング事業を提供しています。人材・アウトソーシング、コンサルティング、監査法人、財務コンサル、人材派遣などの業界での経験を生かし、お客様のビジネスの成長と発展に貢献しています。	コンサルティング	財務コンサル
株式会社ＷＩＮＮＩＮＧ	6010001143865	0	http://www.winning.jpn.com/inquiry/	http://www.winning.jpn.com/		03-6206-8375	1010047	東京都	千代田区内神田２丁目９番６号祥司ビル３Ｆ	東京都千代田区内神田２丁目９番６号祥司ビル３Ｆ	M&A手続き・経営相談を提供する企業	東京都を拠点に、M&A手続き・経営相談を提供する企業です。2006年1月に設立され、主にコンサルティング、販促コンサル、経営コンサルなどの業界に携わりながら、マーケティングコンサルティング事業や海外ビジネスアドバイザリー事業を展開しています。	コンサルティング	経営コンサル
株式会社サプライチェーン経営研究所	6010001146018	1	https://reg34.smp.ne.jp/regist/is?SMPFORM=ninc-pgsio-1301a012027847e6e66db26787ca1bca&amp;_ga=2.89175835.1075624110.1517217933-1995557184.1517217933	https://www.iscm.co.jp/about/			1000014	東京都	千代田区永田町２丁目１１番１号	東京都千代田区永田町２丁目１１番１号	サプライチェーン改革についてコンサルティングやセミナーを提供する会社	2012年4月に東京都で設立された企業です。同社はサプライチェーン改革についてコンサルティングやセミナーを提供し、セミナー企画・運営事業、研修セミナー事業、経営研修事業を主な業務としています。人材・アウトソーシング、コンサルティング、企業研修、セミナー、経営コンサルの産業に関わっています。	コンサルティング	経営コンサル
ビズサポート株式会社	6010001146100	1	http://www.biz-s.net/contact	http://www.biz-s.net/company	info@biz-s.net	04-7157-1921	2770872	千葉県	柏市十余二４１８番地６８中央２０１街区２６	千葉県柏市十余二４１８番地６８中央２０１街区２６	ビジネスマッチングで販路拡大支援をする企業	2012年4月に東京都で設立された、ビジネスマッチングで販路拡大支援をする企業です。同社はマーケティングコンサルティング事業、市場リサーチ事業、営業支援サービス事業を展開しており、主に人材・アウトソーシング、その他サービス、コンサルティング、企業研修、販促コンサル、研究・調査・リサーチ、経営コンサル、その他コンサルの分野で活動しています。	コンサルティング	経営コンサル
Ａ‐ＬａｂｓＪＰセキュリティ１号株式会社	6010001146959	0	http://fund.fis-i.jp/form/index.html	http://fund.fis-i.jp/	yoshizaki@fis-i.jp	03-5544-8810	1060044	東京都	港区東麻布１丁目１６番６号	東京都港区東麻布１丁目１６番６号	企業の資金調達に関する支援を提供する企業	東京都に拠点を置き、企業の資金調達に関する支援を提供する企業です。同社の主な業務は、資金管理支援事業と投資アドバイザリー事業です。コンサルティング、財務コンサル、資産運用コンサル、経営コンサルの業界に位置し、クライアントに特化したサービスを提供しています。	コンサルティング	経営コンサル
デルフィーコンサルティング株式会社	6010001147016	3	https://www.delphi-consulting.com/contact-trial/	https://www.delphi-consulting.com/company/	delphi-corporate@delphi-consulting.com		1500013	東京都	渋谷区恵比寿４丁目２０－３恵比寿ガーデンプレイスタワー１８階	東京都渋谷区恵比寿４丁目２０－３恵比寿ガーデンプレイスタワー１８階	経営力強化のコンサルティングと研修を提供する企業	東京都に拠点を置き、経営力強化のコンサルティングと研修を提供する企業です。2012年5月に設立され、研修セミナー事業、企業内トレーニングアウトソーシング事業、人材戦略コンサルティング事業を展開しています。主要業種は人材・アウトソーシング、コンサルティング、企業研修、セミナー、組織コンサル、経営コンサルです。	コンサルティング	経営コンサル
株式会社ＥＣＲＡＳ	6010001155472	0	http://www.bctokyo.co.jp/inquiry/index.php	https://www.ecras.tokyo/company	info@bctokyo.co.jp	03-6263-2237	1040031	東京都	中央区京橋１丁目１４番２号	東京都中央区京橋１丁目１４番２号	中小企業向けの経営コンサルティングを提供する企業	2013年8月に東京都で設立された企業であり、中小企業向けの経営コンサルティングを提供しています。同社は、データ解析事業、エンジニア紹介事業、企業合併・買収支援事業、ウェブサイトのコンサルティング事業、給与処理アウトソーシング事業、資金管理支援事業、ネットショップ構築事業、検索エンジン最適化対策事業など多岐に渡るサービスを提供しています。ＥＣＲＡＳはIT、人材・アウトソーシング、コンサルティングなどの業界で活動しています。	コンサルティング	経営コンサル
ハレノヒ株式会社	6010001157394	2	http://harenohi.world/contact/	http://harenohi.world/		03-6280-3219	1040043	東京都	中央区湊１丁目１番１７号	東京都中央区湊１丁目１番１７号	小規模企業のグローバル展開を助ける地域活性化コンサルティング企業	東京都を拠点にする小規模企業のグローバル展開を助ける地域活性化コンサルティング企業です。2013年12月に設立され、その主な業務は市場リサーチ事業、海外ビジネスアドバイザリー事業、経済分析事業です。同社はその他サービス、コンサルティング、研究・調査・リサーチ、経営コンサル、その他コンサルの産業に属しています。	コンサルティング	経営コンサル
株式会社中央情報センター	6010001160753	0	http://www.cic.jp.net/contact.html	http://www.cic.jp.net/corporate.html	info@cic.jp.net	03-6264-0835	1040045	東京都	中央区築地２丁目１５番１５号	東京都中央区築地２丁目１５番１５号	地域のビジネスをサポートする企業	東京都に所在する2014年5月に設立された地域のビジネスをサポートする企業です。人材・アウトソーシング、コンサルティング、企業研修、経営コンサルなどのサービスを提供しています。	コンサルティング	経営コンサル
株式会社アルプラス	6010001165760	1	https://allplus.tokyo/contact	https://allplus.tokyo		03-4360-8657	1040061	東京都	中央区銀座１丁目１６番７号	東京都中央区銀座１丁目１６番７号	挙式場のアドバイザーやキッチンツールのデザインを手がける会社	東京都に拠点を置く企業であり、挙式場のアドバイザーやキッチンツールのデザインを手がけています。同社は、キッチン用品販売事業、企業内トレーニングアウトソーシング事業、厨房用設備製造事業、料理器具製造業、および飲食店用機器販売事業を展開しており、機械、生活用品、人材・アウトソーシング、コンサルティング、キッチン用品、広告運用コンサル、企業研修、厨房機器・用品、業務厨房機器、経営コンサル業界において活動しています。	コンサルティング	経営コンサル
株式会社小宮コンサルタンツ	6010001166940	15	https://www.komcon.co.jp/index.php/contact/	https://www.komcon.co.jp/company/outline/		03-3556-8388	1020084	東京都	千代田区二番町６番地３	東京都千代田区二番町６番地３	企業のアドバイザリー、トレーニング、セミナー企業	東京都に位置する企業のアドバイザリー、トレーニング、セミナー企業です。1996年2月に設立され、主な事業としてマーケティングコンサルティング事業、市場リサーチ事業、研修セミナー事業、企業内トレーニングアウトソーシング事業を展開しています。主な業界は人材・アウトソーシング、その他サービス、コンサルティング、企業研修、セミナー、販促コンサル、研究・調査・リサーチ、経営コンサルです。	コンサルティング	経営コンサル
国際ビジネスコンサルティング株式会社	6010001168904	0	http://intbc.jp/contact/	https://intbc.jp/		03-6256-8101	1020093	東京都	千代田区平河町１丁目６番１５号	東京都千代田区平河町１丁目６番１５号	ビジネスの各分野においてコンサルティングを提供する企業	東京都を拠点とし、ビジネスの各分野においてコンサルティングを提供する企業です。市場リサーチ事業、財務アドバイザリー事業、営業支援サービス事業を展開しています。2015年7月に設立され、その他サービス、コンサルティング、総合系コンサル、財務コンサル、研究・調査・リサーチ、その他コンサルの業界で活動しています。	コンサルティング	総合系コンサル
株式会社ＢＰホールディングス	6010001194082	0	https://mabp.co.jp/contact/	https://bp-hd.co.jp/		03-6268-0534	1000005	東京都	千代田区丸の内２丁目７番２号ＪＰタワー２２階	東京都千代田区丸の内２丁目７番２号ＪＰタワー２２階			コンサルティング	経営コンサル
株式会社ヒトナラ	6010001215227	4	https://tomoiki-ventures.jp/contact/	https://hitonara.co.jp/	info@tomoiki-ventures.jp	075-746-2237	6000000	京都府	京都市下京区東塩小路町６１４番地－２階	京都府京都市下京区東塩小路町６１４番地－２階			コンサルティング	総合系コンサル
有限会社ワークショップ	6010002015956	1	http://www.m-workshop.co.jp/mail/index.php	http://www.m-workshop.co.jp	contact@m-workshop.co.jp	03-5283-3371	1010052	東京都	千代田区神田小川町３丁目２４番１－４０６号	東京都千代田区神田小川町３丁目２４番１－４０６号	起業や事業継続をサポートするコンサルティング企業	東京都に拠点を置く起業や事業継続をサポートするコンサルティング企業です。1997年12月に設立され、セミナー企画・運営事業、ビジネス承継支援事業、給与処理アウトソーシング事業など、幅広い業務を展開しています。主要な業界は人材・アウトソーシング、その他サービス、コンサルティングなどであり、経営コンサルや人材派遣など、さまざまなニーズに応える総合的なサービスを提供しています。	コンサルティング	経営コンサル
創・サイト有限会社	6010102010551	0	http://www.kaiketsu.co.jp/inquiry/	http://www.kaiketsu.co.jp	thira@kaiketsu.co.jp	042-632-7507	1920911	東京都	八王子市打越町６６０番地ＬＨ八王子３０２号	東京都八王子市打越町６６０番地ＬＨ八王子３０２号	プライバシーやISMSに関するコンサルティングや業務改善に取り組む企業	東京都に位置する1996年10月に設立されたコンサルティング企業です。同社は、プライバシーやISMSに関するコンサルティングや業務改善に取り組み、経営コンサルティングの分野で活動しています。創・サイト有限会社は、コンサルティング業界での豊富な経験と高い専門知識を持ち、お客様のニーズに柔軟かつ効果的に対応しています。	コンサルティング	経営コンサル
株式会社コミュニケーションハウス	6010401010517	1	https://www.commhouse.co.jp/contact	https://www.commhouse.co.jp/		03-6868-5440	1070052	東京都	港区赤坂２丁目１６番６号	東京都港区赤坂２丁目１６番６号	多角的アドバイザーとして活躍する企業	1984年に東京都で設立された多角的アドバイザーとして活躍する企業です。主な事業はブランド戦略策定、イベントプランニング、市場リサーチ、イベント企画・運営など。エンタメ・娯楽、その他サービス、コンサルティング、総合系コンサル、イベント、販促コンサル、研究・調査・リサーチなどの業界で幅広い活動を行っています。	コンサルティング	総合系コンサル
株式会社東急エージェンシー	6010401019178	1043	https://www.tokyu-agc.co.jp/contact/business.html	https://www.tokyu-agc.co.jp/company/about.html		03-6811-2400	1050003	東京都	港区西新橋１丁目１番１号	東京都港区西新橋１丁目１番１号	企業が事業やブランドの戦略を策定する際に支援を行うコンサルタント企業	東京都に位置するコンサルタント企業です。1961年3月1日に設立され、主な事業は企業の事業やブランドの戦略策定を支援するマーケティングコンサルティング事業です。主な業種はコンサルティング、メディア・出版、広告運用コンサル、出版、販促コンサル、経営コンサルとなっております。	コンサルティング	経営コンサル
株式会社マッキャンホールディングスジャパン	6010401028113	55	https://www.mccannwg.co.jp/contact/	http://www.mccann.co.jp/		03-3746-8111	1070062	東京都	港区南青山１丁目１番１号新青山ビルヂング	東京都港区南青山１丁目１番１号新青山ビルヂング	日本のMcCannグループ企業の会計・調達管理企業	東京都に本社を置く日本のMcCannグループ企業の会計・調達管理企業です。その主な業務はグループ企業経営事業であり、コンサルティングおよび経営コンサルの分野で活動しています。1960年12月16日に設立されたこの会社は、50年以上にわたり国内外で幅広い経験と専門知識を積み重ねています。	コンサルティング	経営コンサル
株式会社フューチャーフィナンシャルコンサルタンツ	6010401036074	0	https://www.ffc-co.com/%E3%81%8A%E5%95%8F%E3%81%84%E5%90%88%E3%82%8F%E3%81%9B/	https://www.ffc-co.com/会社概要/		03-6262-7777	1070052	東京都	港区赤坂７丁目２番１７号	東京都港区赤坂７丁目２番１７号			コンサルティング	経営コンサル
アクタスマネジメントサービス株式会社	6010401036297	12	https://reg23.smp.ne.jp/regist/is?SMPFORM=lcq-ncph-2efb9cc3b5a23c874f441e99e31d6d54&amp;__utma=1.2076581094.1522740239.1522740239.1522740239.1&amp;__utmb=1.20.10.1522740239&amp;__utmc=1&amp;__utmx=-&amp;__utmz=1.1522740239.1.1.utmcsr=google|utmccn=(organic)|utmcmd=organic|utmctr=(not%20provided)&amp;__utmv=-&amp;__utmk=182207783	https://actus-osaka.jp/	info@actus.co.jp	03-3224-8888	1070052	東京都	港区赤坂４丁目２番６号	東京都港区赤坂４丁目２番６号	経営戦略のアドバイスや事業承継支援を行う会社	1990年9月に東京都に設立された会社です。同社は経営戦略のアドバイスや事業承継支援を提供することを主な業務としており、会計システムコンサルティング事業とビジネス承継支援事業を展開しています。その他サービス、コンサルティング、財務コンサル、および経営コンサルの業界で活動しています。	コンサルティング	経営コンサル
アド・コムグループ株式会社	6010401041363	0	https://www.ad-comm.com/contact/	https://www.ad-comm.com/ja/home/	info@ad-comm.com	03-5423-5335	1060047	東京都	港区南麻布４丁目１番１２号	東京都港区南麻布４丁目１番１２号	企業に対して、ブランド強化などのコンサルティングを提供し、メディアを活用する会社	東京都に拠点を置き、1987年12月に設立された企業です。同社は広告・制作、エンタメ・娯楽、コンサルティング、展示会・販促イベント、イベント、販促コンサル、経営コンサルの業界で活動しています。主な事業は、企業に対してブランド強化などのコンサルティングを提供し、メディアを活用したイベントプランニングです。	コンサルティング	経営コンサル
株式会社栗田マーケティング・アンド・マネジメント	6010401044333	2	https://sec26.alpha-lt.net/kmm.co.jp/cgi-bin/inquiry/index.html	https://www.kmm.co.jp/		03-5427-1037	1050023	東京都	港区芝浦１丁目１０番地１１号伊岳ビル３階	東京都港区芝浦１丁目１０番地１１号伊岳ビル３階	海外進出・投資に関するコンサルティングを提供する企業	東京都に拠点を置き、海外進出・投資に関するコンサルティングを提供する企業です。2001年4月に設立され、その他サービス、コンサルティング、広告運用コンサル、資産運用コンサル、研究・調査・リサーチ、土木コンサル、経営コンサルなどの業種に所属しています。海外ビジネスアドバイザリー事業を通じて、国内外のクライアントに幅広いコンサルティングサービスを提供しています。	コンサルティング	経営コンサル
ヴァレンティア株式会社	6010401060941	0	http://www.valentia.co.jp/inquery.html	http://www.valentia.co.jp	valentia@valentia.co.jp	03-5704-7736	1060032	東京都	港区六本木１丁目７番１０号	東京都港区六本木１丁目７番１０号	海外進出や戦略に関するアドバイスを提供する企業	2006年3月に設立され、東京都を拠点に海外進出や戦略に関するアドバイスを提供しています。同社はITおよびコンサルティング業界で活動し、海外ビジネスアドバイザリー事業、人材戦略コンサルティング事業、環境アドバイザリー事業、システムインテグレーション事業などを展開しています。ヴァレンティア株式会社は、経営コンサルや組織コンサルなど様々なコンサルティングサービスも提供しています。	コンサルティング	経営コンサル
ケースワイズコンサルティング株式会社	6010401061725	38	https://www.casewise.co.jp/contact/	https://www.casewise.co.jp/company/	info@casewise.co.jp	03-6435-9038	1050003	東京都	港区西新橋１丁目１５番５号	東京都港区西新橋１丁目１５番５号	経営や業務の改善を支援するコンサルティング企業	東京都を拠点に経営や業務の改善を支援するコンサルティング企業です。2005年3月に設立され、主な業務は営業支援サービス事業です。コンサルティング業界においては、コスト削減コンサルティング、組織コンサルティング、経営コンサルティングをはじめとした多岐にわたるコンサルティングサービスを提供しています。	コンサルティング	経営コンサル
株式会社物流革命	6010401061989	9	http://www.logi-revo.com/cathand/otoiawase.php?serial=08549	http://www.logi-revo.com/company.html		03-5765-2336	1080023	東京都	港区芝浦３丁目２０番６号	東京都港区芝浦３丁目２０番６号	ロジスティクスコンサルティングを提供する物流企業向け企業	東京都に拠点を置く物流企業向けのロジスティクスコンサルティングを提供しており、1998年11月に設立されました。同社は物流アドバイザリー事業や在庫管理プログラム開発事業を展開しており、主にIT、コンサルティング、Webアプリ・サービス運営、経営コンサル、その他コンサルの業界で活躍しています。	コンサルティング	経営コンサル
ＩＮＴＬＯＯＰ株式会社	6010401064612	1081	https://www.intloop.com/contact/general/	https://www.intloop.com/		03-5544-8040	1070052	東京都	港区赤坂２丁目４番６号	東京都港区赤坂２丁目４番６号	事業戦略と業務改革のコンサルティングを提供する企業	2005年2月1日に東京都で設立された事業戦略と業務改革のコンサルティングを提供する企業です。同社は主に海外ビジネスアドバイザリー事業とビジネスコンサルティング事業を展開しており、人材・アウトソーシング、教育、コンサルティング、IT系教育、その他人材、経営コンサル、その他コンサルなどのさまざまな産業に対応しています。	コンサルティング	経営コンサル
株式会社赤坂国際会計	6010401064785	0	http://www.akasaka-audit.or.jp/contact/	https://www.akasaka-accounting.jp/		03-6804-6748	1020094	東京都	千代田区紀尾井町４番１号	東京都千代田区紀尾井町４番１号	金融アドバイザリー企業	東京都に拠点を置く金融アドバイザリー企業です。同社は主に税務アドバイザリー事業と財務アドバイザリー事業を展開しており、士業やコンサルティング業界において税理士や財務コンサルとしての地位を確立しています。	コンサルティング	財務コンサル
富士フイルムホールディングス株式会社	6010401065370	0	http://www.fujifilmholdings.com/en/contact	https://www.fujifilmholdings.com/ja/about/factsheet/index.html		03-6271-3111	1060031	東京都	港区西麻布２丁目２６番３０号	東京都港区西麻布２丁目２６番３０号	富士フイルムや富士ゼロックスなどの株式持株企業	東京都に本社を置く富士フイルムや富士ゼロックスを含む株式持株企業です。1934年に設立され、主にコンサルティングや財務コンサルティングを提供するグループ企業経営事業を展開しています。	コンサルティング	財務コンサル
遊ブレイン株式会社	6010401065874	0	https://form.os7.biz/f/7614f923/	http://www.yuu-brain.co.jp/index.html	consulting@yuu-brain.co.jp	03-5962-7723	1080023	東京都	港区芝浦３丁目１４番１９号大成企業ビル６階	東京都港区芝浦３丁目１４番１９号大成企業ビル６階	パチンコスロット店の経営に関するコンサルティングや調査を行う企業	2006年1月に東京都に設立されたパチンコスロット店の経営に関するコンサルティングや調査を行う企業です。現在、遊ブレイン株式会社は業界内で一流の専門知識と経験を持つ専門家からなるチームを擁し、クライアントのニーズに応えるため高品質なサービスを提供しています。	コンサルティング	経営コンサル
株式会社イズムインターナショナル	6010401066897	0	http://www.ism-int.co.jp/contact/form.cgi	http://www.ism-int.co.jp/company.html		03-5425-6781	1070062	東京都	港区南青山２丁目６番６－２０１号	東京都港区南青山２丁目６番６－２０１号	コンサルティングとコンテンツ製作を手掛ける企業	東京都に拠点を置くコンサルティングとコンテンツ製作を手掛ける企業です。2005年4月に設立され、広告・制作、エンタメ・娯楽、コンサルティング、コンテンツ制作、イベント、経営コンサルなどの業界で活動しています。主な事業としてはメディアコンテンツ制作事業、イベントプランニング事業、営業支援サービス事業を展開しています。	コンサルティング	経営コンサル
株式会社アナログ	6010401068068	2	http://analogjp.com/form.html	http://analogjp.com	info@analogjp.com	03-3263-4070	1020082	東京都	千代田区一番町４番２２号	東京都千代田区一番町４番２２号	M&Aコンサルティング企業	東京都に本社を構えるM&Aコンサルティング企業です。2006年4月に設立され、ビジネス承継支援事業を主に展開しています。その他サービス及び経営コンサルを含むさまざまな業界において、高品質なサービスを提供しています。	コンサルティング	経営コンサル
スクエア・コンサルティング株式会社	6010401069743	0	http://www.square-c.co.jp/contact/	https://square-c.co.jp/profile/		03-6811-7685	1010064	東京都	千代田区神田猿楽町１丁目５番１８号	東京都千代田区神田猿楽町１丁目５番１８号	企業の財務改善やM&A、再生支援などコンサルティングを提供している企業	東京都に位置し、2007年6月に設立されました。この企業は、企業の財務改善やM&A、再生支援などの幅広いコンサルティングサービスを提供しています。彼らの主な業務には、財務監査サービス、税務アドバイザリー事業、ビジネス承継支援事業、税務アウトソーシング事業、および相続アドバイザリー事業が含まれます。スクエア・コンサルティング株式会社は、士業、コンサルティング、税理士、監査法人、およびその他のサービス業界で活動しています。	コンサルティング	経営コンサル
株式会社アイブルーム	6010401071947	2	https://ssl60.secureserver.jp/~innovation/contact.html	http://www.ibloom.jp/		03-3582-8898	1060032	東京都	港区六本木３丁目４番３３号	東京都港区六本木３丁目４番３３号	中小企業のビジネス改革とマーケティング支援を行うコンサルティング企業	東京都を拠点に中小企業のビジネス改革とマーケティング支援を行うコンサルティング企業です。2007年3月に設立され、主にマーケティングコンサルティング事業に従事しています。主要業種はコンサルティング、販促コンサル、経営コンサルとなっております。	コンサルティング	経営コンサル
ヒューマンエージェント株式会社	6010401074198	0	http://www.humanagent.co.jp/contact.php	http://www.humanagent.co.jp/			1080075	東京都	港区港南１丁目９番３６号	東京都港区港南１丁目９番３６号	在庫や廃棄物の削減を支援する企業	2002年7月に東京都で設立された企業です。同社は在庫や廃棄物の削減を支援することを目的とし、通信販売事業や競売運営事業を展開しています。IT、その他サービス、コンサルティング、経営コンサル、eコマースなどの業界で活動しています。	コンサルティング	経営コンサル
株式会社シグマクシス・ホールディングス	6010401075873	94	http://www.sigmaxyz.com/contacts/contacts/	https://www.sigmaxyz.com/ja/company/about.html		03-6430-3400	1050001	東京都	港区虎ノ門４丁目１番２８号	東京都港区虎ノ門４丁目１番２８号	三菱商事傘下の一体型コンサルティング企業	東京都に位置する三菱商事傘下の一体型コンサルティング企業で、2008年5月9日に設立されました。同社はコンサルティングと経営コンサルの業界で活動し、顧客に高品質なサービスとビジネスソリューションを提供しています。	コンサルティング	経営コンサル
株式会社ファンドレックス	6010401083133	4	https://fundrex.co.jp/contact/	https://fundrex.co.jp/	info@fundrex.co.jp	03-6894-2147	1080075	東京都	港区港南２丁目１６番１号品川イーストワンタワー７６２号室	東京都港区港南２丁目１６番１号品川イーストワンタワー７６２号室	経営戦略コンサルティングに特化した企業	2008年7月に設立された東京都を拠点とする企業で、経営戦略コンサルティングに特化しています。主な事業はシステムインテグレーションであり、IT、コンサルティング、Webアプリ・サービス運営、経営コンサルの業界で活動しています。	コンサルティング	経営コンサル
株式会社クレアーク	6010401095459	1	https://clearc.co.jp/inquiry/other_inquiry/	https://clearc.co.jp	info@clearc.co.jp	03-6271-8718	1050001	東京都	港区虎ノ門４丁目１番２１号	東京都港区虎ノ門４丁目１番２１号	M&A仲介や海外進出の支援、コンサルティング企業	東京都を拠点にM&A仲介や海外進出の支援、コンサルティング企業として活動しています。2011年に設立され、海外ビジネスアドバイザリー事業や商取引事業を展開しています。商社、コンサルティング、総合商社、販促コンサル、経営コンサルなどの業界で幅広い活動を行っています。	コンサルティング	経営コンサル
株式会社オフィス越川	6010401097422	2	http://ofc-k.co.jp/inquiry/?cate=consultation	http://ofc-k.co.jp/company/			1410021	東京都	品川区上大崎３丁目１４番３５号	東京都品川区上大崎３丁目１４番３５号	Webマーケティングや事業戦略のプロデュースを行う企業	東京都を拠点に、Webマーケティングや事業戦略のプロデュースを行う企業です。2011年12月に設立され、主な事業としてマーケティングコンサルティング事業とWebマーケティング支援事業を展開しており、主にIT、コンサルティング、Webマーケコンサル、販促コンサル、経営コンサルの分野で活動しています。	コンサルティング	経営コンサル
店舗流通ネット株式会社	6010401098651	154	https://www.tenpo.biz/contact/	https://trn-g.com/company/profile/		03-5777-6510	1050022	東京都	港区海岸１丁目２番３号	東京都港区海岸１丁目２番３号	レストランオープンサポートやビル所有者向けアドバイスの専門企業	東京都を拠点とする、レストランオープンサポートやビル所有者向けアドバイスの専門企業です。2000年3月1日に設立され、営業支援サービス事業を展開しています。コンサルティング、経営コンサル、その他コンサルの業界で活動しています。	コンサルティング	経営コンサル
株式会社パラダイムシフト	6010401099682	22	http://paradigm-shift.co.jp/company/inquiry/	https://paradigm-shift.co.jp/		03-6386-1099	1070052	東京都	港区赤坂２丁目３番５号赤坂スターゲートプラザ１３階	東京都港区赤坂２丁目３番５号赤坂スターゲートプラザ１３階	IT分野に特化したM&Aコンサルティングサービスを提供する会社	東京都を拠点に、IT分野に特化したM&Aコンサルティングサービスを提供する会社です。2011年1月1日に設立され、金融、コンサルティング、投資、経営コンサル、その他のコンサル業界で活動しています。	コンサルティング	経営コンサル
株式会社ＩＮＮＯＶＡＴＩＯＮ　ＬＥＡＤＥＲＳ	6010401107718	6	https://i-le.jp/contact/	https://i-le.jp/		03-6453-8468	1050003	東京都	港区西新橋１丁目１６－４ノアックスビル７階	東京都港区西新橋１丁目１６－４ノアックスビル７階			コンサルティング	経営コンサル
株式会社スターコンサルティング	6010401113971	2	https://www.star-consulting.co.jp/contact	https://www.star-consulting.co.jp		03-6277-4275	1080022	東京都	港区海岸３丁目１９－２マリンシティダイヤモンドパレス７１６号室	東京都港区海岸３丁目１９－２マリンシティダイヤモンドパレス７１６号室	経営の財務・会計、販売・マーケティング、デザイン・広告を支援する企業	東京都に拠点を置く広告・制作、コンサルティング、CM制作・映像制作、デザイン、広告制作、財務コンサルに関する事業を展開しています。2015年9月に設立され、経営の財務・会計、販売・マーケティング、デザイン・広告をサポートする企業です。広告クリエイティブから会計システムコンサルティング、チラシ・パンフレット作成、財務アドバイザリーまで幅広くサービス提供しています。	コンサルティング	財務コンサル
ライズネット株式会社	6010401120456	82	http://www.rise-n.co.jp/contact/form_all.html	https://www.rise-n.co.jp/company.html		03-5155-2968	1690072	東京都	新宿区大久保２丁目４番１２号新宿ラムダックスビル８Ｆ	東京都新宿区大久保２丁目４番１２号新宿ラムダックスビル８Ｆ	美容施設を支援する事業者	東京都に所在する美容施設を支援する事業者であり、主な業務は美容室・サロン経営コンサルティング業です。2006年6月に設立された当社は、コンサルティングおよび経営コンサルの分野で活動しています。	コンサルティング	経営コンサル
ＳＥＳＳＡパートナーズ株式会社	6010401122064	2	https://www.sessapartners.co.jp/contact	https://www.sessapartners.co.jp/		03-6409-6950	1060047	東京都	港区南麻布４丁目１４番１号ロイヤルパレス広尾４０２	東京都港区南麻布４丁目１４番１号ロイヤルパレス広尾４０２			コンサルティング	総合系コンサル
株式会社ＨＩＮＡＴＡ	6010401124804	4	https://www.bizserver2.com/sb-hinata_com/contact.html	https://sb-hinata.com/	info@sb-hinata.com	03-6273-3192	1050004	東京都	港区新橋２丁目８番１６号石田ビル６階Ａ区画	東京都港区新橋２丁目８番１６号石田ビル６階Ａ区画	美容サロンやレストランのビジネス相談を扱う会社	東京都に所在し、美容サロンやレストランのビジネス相談を扱う会社です。2016年5月18日に設立され、主な業務は美容室・サロン経営コンサルティング業を行っています。業界は主にコンサルティング、経営コンサルとなります。	コンサルティング	経営コンサル
ＳＯＩＣＯ株式会社	6010401136378	8	https://www.soico.jp/contact	https://www.soico.jp/		03-6736-3816	1600023	東京都	新宿区西新宿２丁目４番１号新宿ＮＳビル２１階	東京都新宿区西新宿２丁目４番１号新宿ＮＳビル２１階			コンサルティング	経営コンサル
株式会社ＵＲＶテクノインテリジェンス	6010401157382	0	https://urv-group.com/contact/	https://urv-group.com/urv-techno-intelligence/		03-4405-0496	1070052	東京都	港区赤坂４丁目１３番地の５	東京都港区赤坂４丁目１３番地の５			コンサルティング	経営コンサル
株式会社Ｆｒｅｅｄｏｘ	6010401158728	0	https://freedox.co.jp/inquiry/	https://freedox.co.jp/	info@freedox.co.jp		1070062	東京都	港区南青山２丁目２番１５号	東京都港区南青山２丁目２番１５号			コンサルティング	経営コンサル
サブスクリプションテクノロジーズ株式会社	6010401159189	1	https://subsc.team/	https://subsc.team/			1060032	東京都	港区六本木６丁目６番１５号	東京都港区六本木６丁目６番１５号			コンサルティング	経営コンサル
Ｐｉｅｎ株式会社	6010401159651	0	https://pien.co.jp/1#contact	https://pien.co.jp/			1070062	東京都	港区南青山６丁目７番５－４０１号	東京都港区南青山６丁目７番５－４０１号			コンサルティング	経営コンサル
株式会社ザリビー	6010401160279	1	https://www.unchorlight.com/index.php/contact/	https://www.unchorlight.com/			1130033	東京都	文京区本郷７丁目３番１号東京大学南研究棟アントレプレナーラボ	東京都文京区本郷７丁目３番１号東京大学南研究棟アントレプレナーラボ			コンサルティング	経営コンサル
株式会社ＢＰＬａｂ	6010401161112	1	https://www.bplab.info/%E3%81%8A%E5%95%8F%E3%81%84%E5%90%88%E3%82%8F%E3%81%9B	https://www.bplab.info/			1070061	東京都	港区北青山２丁目１２番８号ＢＩＺＳＭＡＲＴ青山	東京都港区北青山２丁目１２番８号ＢＩＺＳＭＡＲＴ青山			コンサルティング	経営コンサル
イー・パートナーズ有限会社	6010402011027	1	https://www.epartners.co.jp/contact/	http://www.epartners.co.jp/company/		03-6666-2561	1080071	東京都	港区白金台４丁目３番５号	東京都港区白金台４丁目３番５号	コールセンター業界のアドバイザー	東京都を拠点とするコールセンター業界のアドバイザーです。イベントプランニング事業、マーケティングコンサルティング事業、イベント企画・運営事業、出版事業を展開しており、1995年に設立されました。エンタメ・娯楽、コンサルティング、メディア・出版、イベント、出版、販促コンサル、経営コンサルの業界において活動しています。	コンサルティング	経営コンサル
株式会社小倉広事務所	6010402028450	1	https://www.ogurahiroshi.net/contact	https://www.ogurahiroshi.net/company/about	info@ogurahiroshi.net	03-5324-2164	1500002	東京都	渋谷区渋谷１丁目１番３号アミーホール３階	東京都渋谷区渋谷１丁目１番３号アミーホール３階	企業が経営コンサルティングサービスを提供する企業	2004年8月に東京都に設立された、経営コンサルティングサービスを提供する企業です。主な業務は研修セミナー事業と経営研修事業で、人材・アウトソーシング、コンサルティング、企業研修、セミナー、経営コンサルの業界で活躍しています。	コンサルティング	経営コンサル
有限会社ジェイディ	6010402035307	0	http://www.jdream.co.jp/contact.html	http://www.jdream.co.jp/index.html	info@jdream.co.jp	03-5771-2375	1060032	東京都	港区六本木４丁目３番１１－６１２号	東京都港区六本木４丁目３番１１－６１２号	経営コンサルティングとナイトクラブ・バーの運営をする企業	東京都を拠点にし、経営コンサルティングとナイトクラブ・バーの運営をする企業です。1994年7月に設立され、主な事業はバー・パブ運営事業、営業支援サービス事業、クラブ経営事業です。飲食・外食、エンタメ・娯楽、コンサルティングなど、様々な業界において活動しています。	コンサルティング	経営コンサル
有限会社ＮＳＰ	6010402036511	0	https://www.n-s-p.ne.jp/contact	https://www.n-s-p.ne.jp/	nspdesign2012@gmail.com	03-6433-2028	1540002	東京都	世田谷区下馬６丁目３６－８・４階	東京都世田谷区下馬６丁目３６－８・４階	店舗経営のアドバイスおよび店舗制作を手がける企業	2003年7月に設立され、東京都に拠点を置く企業です。同社は、店舗経営のアドバイスおよび店舗制作を手がけており、マーケティングコンサルティング事業、店舗空間デザイン事業、店舗デザイン企画事業、企業内トレーニングアウトソーシング事業、店舗マネジメントアウトソーシング事業、ロゴ制作事業などを展開しています。主に建設、広告・制作、人材・アウトソーシング、コンサルティング、営業代行・販売代行、企業研修、デザイン、販促コンサル、店舗デザイン、経営コンサル、インテリア系デザインの業界において活動しています。	コンサルティング	経営コンサル
Ｃｏｌｏｒｓ　Ｉｎｔｅｒｎａｔｉｏｎａｌ合同会社	6010403008253	1	http://www.colors-int.com/inquiry_form.php?q=4	http://www.colors-int.com		03-6277-7292	1070052	東京都	港区赤坂３丁目２１番５号	東京都港区赤坂３丁目２１番５号	飲食店のマネジメント支援やWebデザインを提供する会社	2006年9月に東京都に設立されたIT、人材・アウトソーシング、コンサルティングなどの業種で活動している会社です。飲食店のマネジメント支援やWebデザインを提供する一方、企業内トレーニングアウトソーシング事業や転職支援サービス事業なども手がけています。企業研修や人材紹介、経営コンサルの分野にも力を入れており、幅広いサービスを提供しています。	コンサルティング	経営コンサル
ミナト・アドヴェンチャー株式会社	6010403010630	0	http://minato-adventure.biz/contact/	http://minato-adventure.biz/	info@minato-adventure.biz	03-6435-8737	1000005	東京都	千代田区丸の内２丁目３番２号郵船ビルディング１階	東京都千代田区丸の内２丁目３番２号郵船ビルディング１階	店舗の場所やフランチャイズ展開などの企業経営アドバイザリー	2012年9月に東京都で設立された企業です。同社は店舗の場所やフランチャイズ展開などの企業経営アドバイザリーを中心に事業展開しており、マーケティングコンサルティング、セミナー企画・運営、フランチャイズチェーン運営支援、研修セミナーなどのサービスを提供しています。主に人材・アウトソーシング、コンサルティング、セミナー、販促コンサル、経営コンサルなどの業界で活動しています。	コンサルティング	経営コンサル
株式会社サンテック設備積算	6010501005193	27	https://santecqs.co.jp/contact/	https://santecqs.co.jp/	info@santecqs.co.jp	03-5246-4714	1110041	東京都	台東区元浅草３丁目１８番１０号	東京都台東区元浅草３丁目１８番１０号	建設機器の見積もりとコストアドバイザリーを提供する企業	東京都に所在する建設機器の見積もりとコストアドバイザリーを提供する企業です。1992年2月に設立され、コンサルティングおよび財務コンサルの業界で活動しています。	コンサルティング	財務コンサル
株式会社アットソリューションズ	6010501023014	2	http://atsols.co.jp/contact.html	http://atsols.co.jp/		03-6661-1109	1030013	東京都	中央区日本橋人形町２丁目４番９号	東京都中央区日本橋人形町２丁目４番９号	ビジネス戦略やマーケティングについてコンサルティングを提供する企業	1988年に東京都で設立された企業であり、ビジネス戦略やマーケティングについてコンサルティングを提供しています。同社はマーケティングコンサルティング事業、営業支援サービス事業、人材戦略コンサルティング事業、ビジネスコンサルティング事業、そして食品アドバイザリー業務など、幅広い業務を展開しています。主要な業界はコンサルティングであり、飲食コンサル、販促コンサル、組織コンサル、経営コンサル、その他コンサルなども手がけています。	コンサルティング	経営コンサル
株式会社星野経済研究所	6010501030002	0	https://www.hoshinokeizai.com:33561/inquire.asp	http://www.hoshinokeizai.com/	info@hoshinokeizai.com	03-6803-2123	2892532	千葉県	旭市駒込９０５番地８７	千葉県旭市駒込９０５番地８７	資金調達支援を提供する企業	2009年9月に東京都に設立され、コンサルティング、財務コンサル、起業コンサルの業界で活動している資金調達支援企業です。	コンサルティング	財務コンサル
株式会社コーラルベリー	6010501039167	1	https://ssl.form-mailer.jp/fms/38c037d9475711	http://coralberry.co.jp		03-5817-6700	1100015	東京都	台東区東上野１丁目１４番１０号翁堂ビル４階	東京都台東区東上野１丁目１４番１０号翁堂ビル４階	美容サロンの開業やスタッフ研修を支援する企業	東京都に本社を置き、美容サロンの開業やスタッフ研修を支援する企業です。2016年2月23日に設立され、ヘルスフード販売事業、美容機器販売事業、代金回収代行事業、化粧品受託製造事業、マニュアル作成事業などを展開しています。主な業界は金融、機械、食品、人材・アウトソーシング、その他サービス、小売・販売・卸売、コンサルティング、企業研修であり、健康食品や美容グッズの販売、受託製造、債権回収、業務請負、化粧品の販売、経営コンサルなどを提供しています。	コンサルティング	経営コンサル
株式会社フォージーフィールド	6010501040397	1	http://fortheefield.com/index.html#contact	http://fortheefield.com/		03-6803-0682	1100015	東京都	台東区東上野１丁目１５番２号ＵＦ東上野ビル６階	東京都台東区東上野１丁目１５番２号ＵＦ東上野ビル６階	ゴルフ場等の運営に対するコンサルテーションを提供する企業	東京都に位置し、ゴルフ場等の運営に対するコンサルテーションを提供する企業です。2016年12月13日に設立され、広告クリエイティブ事業、企業の広報プランニング事業、ビジネス承継支援事業、営業支援サービス事業を展開しています。主に工事・土木、広告・制作、その他サービス、コンサルティングなどの産業分野で活動しています。	コンサルティング	経営コンサル
株式会社ルーツホールディングス	6010601038795	1	https://roots-gr.com/contactform/	http://roots-gr.com/		03-5858-8780	1360072	東京都	江東区大島３丁目２５番１０号	東京都江東区大島３丁目２５番１０号	経営のアドバイスや介護サービスを提供する会社	東京都を拠点に、経営のアドバイスや介護サービスを提供する会社です。2008年1月に設立され、広告クリエイティブ事業、営業支援サービス事業、Webマーケティング支援事業、在宅介護事業、デイサービス施設の経営・運営など幅広い業務を展開しています。主要な業界は医療・製薬・福祉、広告・制作、IT、コンサルティング、Webマーケコンサル、Webアプリ・サービス運営、広告制作、介護サービス、その他医療・福祉、経営コンサル、その他コンサル、総合広告代理店などです。	コンサルティング	経営コンサル
辻経営有限会社	6010602033944	0	https://www.tsujikeiei.jp/inquiry/	https://www.tsujikeiei.jp/		03-6772-2009	1040061	東京都	中央区銀座１丁目２２番１１号	東京都中央区銀座１丁目２２番１１号	中小企業オーナー向けのコンサルティング企業	東京都に所在地を構える中小企業オーナー向けのコンサルティング企業です。同社は、講義者派遣事業や経営研修事業を展開しており、2005年4月に設立されました。辻経営有限会社は、人材・アウトソーシング、コンサルティング、企業研修、人材派遣、経営コンサルの業界において活動しています。	コンサルティング	経営コンサル
シグマ精器株式会社	6010701004383	0	http://www.hojosoken.com/contact.html	http://www.hojosoken.com	info@hojosoken.com	03-6717-4017	1400001	東京都	品川区北品川１丁目１番１５号	東京都品川区北品川１丁目１番１５号	営業代行や新規事業開発を支援するコンサルタント企業	東京都に拠点を置くコンサルタント企業です。同社は営業代行や新規事業開発を支援し、販売アドバイザリー事業、セールスアウトソーシング事業、市場リサーチ事業、営業支援サービス事業、ビジネスコンサルティング事業を展開しています。1982年に設立され、主に人材・アウトソーシング、その他サービス、コンサルティングの業界で活動しています。	コンサルティング	経営コンサル
株式会社ＥＮＮＡ	6010701018441	7	https://www.enna.co.jp/contact_training.html	https://www.enna.co.jp/company/	consulting@enna.co.jp	03-6381-7800	1050001	東京都	港区虎ノ門５丁目１３番１号虎ノ門４０ＭＴビル７階	東京都港区虎ノ門５丁目１３番１号虎ノ門４０ＭＴビル７階	リスクマネジメントに特化したサービスを提供する企業	東京都を拠点にリスクマネジメントに特化したサービスを提供する企業です。主な事業は、セキュリティアドバイザリー事業、企業内トレーニングアウトソーシング事業、人材採用支援事業などです。2007年2月に設立され、主に人材・アウトソーシング、コンサルティング、企業研修、ITコンサルなどの業界で活動しています。	コンサルティング	経営コンサル
ＳＱコンサルティング株式会社	6010701021899	8	https://sq-c.co.jp/contact	https://sq-c.co.jp/	info@sq-c.co.jp	03-6459-3220	1500021	東京都	渋谷区恵比寿西２丁目８番１０号	東京都渋谷区恵比寿西２丁目８番１０号	中小企業経営コンサルティング企業	2009年4月に東京都に設立された中小企業経営コンサルティング企業です。同社は、「販売アドバイザリー事業」「営業支援サービス事業」「資金管理支援事業」を展開しており、主にコンサルティング、財務コンサル、販促コンサル、経営コンサルなどの業界で事業を展開しています。	コンサルティング	経営コンサル
株式会社ＳＰＡＮ	6010701023508	22	http://span-co.jp/contact/	https://span-co.jp/company/		03-5742-6172	1400014	東京都	品川区大井３丁目４番８号	東京都品川区大井３丁目４番８号	燻製と創作料理の店舗経営とコンサルティングを提供する企業	東京都に拠点を置き、燻製と創作料理の店舗経営とコンサルティングを提供する企業です。2011年4月に設立され、肉料理専門店運営事業とヘアスタイルサービス事業を展開しています。主な事業領域は、生活関連サービス、美容・アパレル、食品、コンサルティング、食肉、美容院、美容サロン、経営コンサルです。	コンサルティング	経営コンサル
品川経営コンサルティング株式会社	6010701024596	1	http://www.sgkeiei.com/contact.html	https://www.sgkeiei.com/	info@sgkeiei.com	050-5534-3372	1420041	東京都	品川区戸越６丁目１３番８号	東京都品川区戸越６丁目１３番８号	成長に関するアドバイスをする企業	東京都に位置する成長に関するアドバイスをする企業です。同社はマーケティングコンサルティング事業と販売アドバイザリー事業を展開しており、主にコンサルティング、販促コンサル、経営コンサルの業界で活動しています。	コンサルティング	経営コンサル
有限会社プラスワン	6010802012772	0	https://plusone1.co.jp/contact/	https://plusone1.co.jp		03-5492-7735	1430001	東京都	大田区東海４丁目９番１２号	東京都大田区東海４丁目９番１２号	企業に経営改善や人材育成のサポートを提供するコンサルティング会社	2001年3月に東京都に設立されたコンサルティング会社であり、企業に経営改善や人材育成のサポートを提供しています。同社は研修セミナー事業や経営研修事業を展開し、主に人材・アウトソーシング、コンサルティング、企業研修、セミナー、経営コンサルの分野で活動しています。	コンサルティング	経営コンサル
有限会社ロッキングホース	6010802015767	8	http://rockinghorse2013.co.jp/contact	http://rockinghorse2013.co.jp/	rockinghorse.kouhou@gmail.com	03-5745-0211	1410031	東京都	品川区西五反田１丁目２３番７号五反田シティトラストビル５階	東京都品川区西五反田１丁目２３番７号五反田シティトラストビル５階	営業拡大支援企業	2013年7月に設立された東京都を拠点とする営業拡大支援企業です。同社は主に資金管理支援事業を展開し、コンサルティング、財務コンサル、経営コンサルの分野において幅広いサービスを提供しています。	コンサルティング	経営コンサル
株式会社バルーク・ビジネス・コンサルティング	6010901009868	0	http://baruch-biz.com/contact/	https://baruch-biz.com/		03-5797-3503	1580094	東京都	世田谷区玉川２丁目１９番３－５０１	東京都世田谷区玉川２丁目１９番３－５０１	MBA手法を使ったビジネスコンサルティング企業	東京都に位置するMBA手法を使ったビジネスコンサルティング企業です。士業、人材・アウトソーシング、教育、コンサルティング、メディア・出版の業界に従事し、教育用具販売、ビジネス研修セミナー運営、教材制作、セミナー企画・運営、ビジネス雑誌出版、研修セミナー、会計・税務アドバイザリー、経営研修と多岐にわたる事業を展開しております。	コンサルティング	経営コンサル
株式会社アーヴィングプレイス	6010901023415	8	http://irvingplace.co.jp/form.php	https://www.irvingplace.co.jp/outline.php			1040061	東京都	中央区銀座７丁目１１番３号	東京都中央区銀座７丁目１１番３号	飲食店の経営相談を行う企業	東京都に拠点を置き、飲食店の経営相談を行う企業です。2008年10月に設立され、主にイタリアンレストラン経営事業に従事しています。飲食・外食、コンサルティング、経営コンサル、洋食・レストランという業界で活動しています。	コンサルティング	経営コンサル
株式会社Ｍａｐフィナンシャル	6010901030221	13	https://www.map-f.co.jp/contact/	https://www.map-f.co.jp/index.html	info@map-f.co.jp	03-6457-7348	1600022	東京都	新宿区新宿４丁目１番１９号	東京都新宿区新宿４丁目１番１９号	事業引き継ぎのコンサルティングや損害保険代理店を営む企業	東京都に拠点を置く金融企業です。同社は事業引き継ぎのコンサルティングや損害保険代理店を営んでおり、損害保険エージェント業、研修セミナー事業、相続アドバイザリー事業、生命保険エージェント業などを行っています。その主な業界は金融、人材・アウトソーシング、コンサルティング、セミナー、保険代理店、資産運用コンサル、経営コンサルです。	コンサルティング	経営コンサル
株式会社杜若屋	6010901039221	3	https://www.kktbty.net/contacts	https://www.kktbty.net		03-3701-0003	1540014	東京都	世田谷区新町３丁目２３番３号プロテックスビル２０２	東京都世田谷区新町３丁目２３番３号プロテックスビル２０２	企業が経営コンサルティングや保険代理店を運営している企業	2016年12月13日に東京都に設立された企業です。同社は金融、不動産、コンサルティング、保険代理店を中心に事業を展開しており、不動産評価事業、損害保険エージェント事業、ビジネス承継支援事業、相続アドバイザリー事業、生命保険エージェント業を手掛けています。その他のサービスに加え、資産運用コンサルや経営コンサルにも携わっています。	コンサルティング	経営コンサル
株式会社商業科学研究所	6011001033379	16	https://www.csar.co.jp/www/inquiry	https://www.csar.co.jp/ph2/index.html		03-5790-7741	1510063	東京都	渋谷区富ヶ谷２丁目２番５号	東京都渋谷区富ヶ谷２丁目２番５号	調査研究と情報システムのコンサルティング企業	東京都に位置する調査研究と情報システムのコンサルティング企業です。1998年4月に設立され、マーケティングコンサルティング事業、市場リサーチ事業、Webマーケティング支援事業、交通渋滞調査事業などを展開しています。主にIT、その他サービス、コンサルティング、Webマーケコンサル、販促コンサル、研究・調査・リサーチ、経営コンサル業界に関与しています。	コンサルティング	経営コンサル
ビーナスインターナショナル株式会社	6011001053468	0	https://www.venusinternational.co.jp/form.htm	https://www.venusinternational.co.jp/	customer@venusinternational.co.jp	03-5456-5773	1000011	東京都	千代田区内幸町１丁目３番１号	東京都千代田区内幸町１丁目３番１号	裕福なクライアントのビジネスに対するアドバイスを提供する企業	2007年8月に東京都に設立された企業で、主に裕福なクライアントのビジネスに対してマーケティングコンサルティング、資金管理支援、ビジネスコンサルティング、販促企画などのアドバイスを提供しています。同社はコンサルティング、財務コンサル、販促コンサル、経営コンサルの業界において事業を展開しています。	コンサルティング	経営コンサル
退職金株式会社	6011001058640	4	https://taishokukin.me/cgi/form.html	https://www.taishokukin.me/profile/index.htm		03-3462-4863	1500031	東京都	渋谷区桜丘町２２番２０号	東京都渋谷区桜丘町２２番２０号	退職金コンサルティング企業	東京都に拠点を置く退職金コンサルティング企業です。主な業務は文書作成代行事業であり、コンサルティングおよび財務コンサルの分野で活動しています。	コンサルティング	財務コンサル
株式会社リーダーズ	6011001062329	1	http://www.tkconsulting.jp/mailform/	http://www.tkconsulting.jp		03-5790-9510	9000006	沖縄県	那覇市おもろまち３丁目５番２４－７０２号	沖縄県那覇市おもろまち３丁目５番２４－７０２号	ファッションビジネスに特化したコンサルティング企業		コンサルティング	経営コンサル
ＳＣＳ国際コンサルティング株式会社	6011001066767	2	http://www.scsglobal.co.jp/contact	https://scsglobal.co.jp/office/japan	contact_jpn@scsglobal.co.jp	03-6441-3248	1070052	東京都	港区赤坂１丁目１２番３２号アーク森ビル	東京都港区赤坂１丁目１２番３２号アーク森ビル	海外進出支援、会計監査、アウトソーシングを提供する企業	東京都に拠点を置く海外進出支援、会計監査、アウトソーシングを提供する企業です。2002年9月に設立され、業界ではコンサルティング、監査法人、財務コンサル、その他コンサルなどのサービスを展開しています。主な業務には財務監査サービスや海外ビジネスアドバイザリー事業が含まれています。	コンサルティング	財務コンサル
株式会社イノバック	6011001067393	0	https://www.innovac.jp/contact/	https://www.innovac.jp/			1030023	東京都	中央区日本橋本町１丁目４－９日本橋ＭＭＩビル８階Ａ	東京都中央区日本橋本町１丁目４－９日本橋ＭＭＩビル８階Ａ	企業進出支援企業	2000年11月に東京都で設立された企業進出支援企業です。同社は市場リサーチ事業と海外ビジネスアドバイザリー事業を展開しており、その他サービス、コンサルティング、研究・調査・リサーチ、経営コンサル、その他コンサルの業界に属しています。	コンサルティング	経営コンサル
データ・サイエンティスト株式会社	6011001067443	1	https://kwtool.co/contact	https://kwtool.co/company/		03-3400-3380	1500002	東京都	渋谷区渋谷２丁目３番７号	東京都渋谷区渋谷２丁目３番７号	データ解析や戦略コンサルティングを提供する企業	東京都を拠点にデータ解析や戦略コンサルティングを提供する企業です。主な事業はデータ解析で、IT、コンサルティング、Webアプリ・サービス運営、その他IT、経営コンサルの業界で活動しています。	コンサルティング	経営コンサル
株式会社トラフィックシェア	6011001068714	3	http://tc-share.co.jp/contact.html	http://tc-share.co.jp		03-5770-5201	1510051	東京都	渋谷区千駄ヶ谷３丁目４０番２号	東京都渋谷区千駄ヶ谷３丁目４０番２号	営業支援に特化した企業	東京都に所在する営業支援に特化した企業です。2011年3月に設立され、モバイル端末販売事業、マーケティングコンサルティング事業、セールスアウトソーシング事業、電話営業事業、通信コンサル業を展開しています。主要業界は通信・PC、広告・制作、人材・アウトソーシング、コンサルティング、営業代行・販売代行、PC・スマホ機器販売・修理、デザイン、販促コンサル、経営コンサルです。	コンサルティング	経営コンサル
アライアンス・バンク株式会社	6011001069885	0	http://www.alliancebank.co.jp/contact/	http://www.alliancebank.co.jp		03-5860-8353	1510071	東京都	渋谷区本町５丁目１１番１７号ハイム今田ビル	東京都渋谷区本町５丁目１１番１７号ハイム今田ビル	企業と個人の協業を促進する企業	2011年7月に東京都に設立された企業です。同社は、企業と個人の協業を促進することを目的としており、海外ビジネスアドバイザリー事業、営業支援サービス事業、人材採用支援事業を展開しています。主な業界は、人材・アウトソーシング、コンサルティング、企業研修、業務請負、その他人材、経営コンサル、その他コンサルです。	コンサルティング	経営コンサル
株式会社マーキュリーコスメティック	6011001072195	7	http://mercurycosmetic.co.jp/contact/	http://mercurycosmetic.co.jp/	info@mercurycosmetic.co.jp	03-3505-7777	2210834	神奈川県	横浜市神奈川区台町７番地２－５０６号室	神奈川県横浜市神奈川区台町７番地２－５０６号室	美容院の事業支援や研修、製品販売を展開する企業	神奈川県に位置する美容院の事業支援や研修、製品販売を展開している企業です。同社は2012年1月に設立され、美容商品販売事業やヘアケア製品販売事業、研修セミナー事業を行っています。主な業界は人材・アウトソーシング、小売・販売・卸売、コンサルティング、セミナー、美容グッズ販売、化粧品販売、経営コンサルです。	コンサルティング	経営コンサル
株式会社資産デザイン研究所	6011001092706	0	http://asset-design.jp/contact.php	http://asset-design.jp/			1060032	東京都	港区六本木５丁目１６－５インペリアル六本木８０６号室	東京都港区六本木５丁目１６－５インペリアル六本木８０６号室	セミナーや講座を主催し、企業や教育機関に講師を派遣する企業	東京都を拠点とする企業であり、セミナーや講座を主催し、企業や教育機関に講師を派遣するサービスを提供しています。2012年12月に設立された当社は、セミナー企画・運営事業、書籍販売卸売事業、研修セミナー事業、メールマガジン配信サービス、出版事業、講義者派遣事業など多岐にわたる事業を展開しています。当社は広告・制作、人材・アウトソーシング、エンタメ・娯楽、小売・販売・卸売、コンサルティング、メディア・出版などのさまざまな業界において活動しています。	コンサルティング	経営コンサル
株式会社ＳＴＥＰ	6011001094149	31	http://step-kmt.co.jp/contact/	https://step-kmt.co.jp/company/	info@step-kmt.co.jp	03-6302-1568	1690051	東京都	新宿区西早稲田２丁目２０番９号小杉ビル西早稲田３階	東京都新宿区西早稲田２丁目２０番９号小杉ビル西早稲田３階	オフィス経費削減コンサルティング企業	東京都に拠点を置くオフィス経費削減コンサルティング企業であり、2013年3月に設立されました。主な業務は通信コンサル業であり、コンサルティングおよび経営コンサルの分野で活動しています。	コンサルティング	経営コンサル
株式会社リライアンスコンサルティング	6011001095048	2	http://www.re-consul.net/contact/	http://www.re-consul.net/	info@re-consul.net	03-6318-6205	1690072	東京都	新宿区大久保１丁目８－２シャルール新宿５０２	東京都新宿区大久保１丁目８－２シャルール新宿５０２	経営のアドバイスを提供する事業を行う企業	東京都に所在する2008年に設立された企業であり、経営のアドバイスを提供する事業を行っています。同社は営業支援サービス事業、店舗デザイン企画事業、検索エンジン最適化対策事業を展開しており、建設、IT、コンサルティング、Webマーケコンサル、広告運用コンサル、その他IT、店舗デザイン、経営コンサル、その他コンサルの業界における幅広い業務を担当しています。	コンサルティング	経営コンサル
株式会社ビジョン・コンサルティング	6011001098686	1028	http://visioncon.co.jp/contact/	https://visioncon-global.com/company/profile/		03-6555-4414	1060032	東京都	港区六本木６丁目１０番１号六本木ヒルズ森タワー３９階	東京都港区六本木６丁目１０番１号六本木ヒルズ森タワー３９階	事業戦略・経営戦略をコンサルティングする企業	東京都に拠点を置く事業戦略・経営戦略をコンサルティングする企業です。2014年2月1日に設立され、マーケティングコンサルティング事業、市場リサーチ事業、ネットワークインフラ設置事業を展開しています。主な業界はIT、その他サービス、コンサルティング、ITインフラストラクチャー、販促コンサル、研究・調査・リサーチ、経営コンサルです。	コンサルティング	経営コンサル
Ｊｅｎｅｒａｔｅ　Ｇｒｏｕｐ株式会社	6011001103891	7	https://www.jenerate.co.jp/contactus/	https://www.jenerate.co.jp/	info@jenerate.co.jp	03-4405-6844	1070061	東京都	港区北青山１丁目２番３号	東京都港区北青山１丁目２番３号	ビジネスの助言やマーケティングサポートを提供する企業	2015年1月に東京都で設立されたビジネスの助言やマーケティングサポートを提供する企業です。同社はマーケティングコンサルティング事業や海外ビジネスアドバイザリー事業を展開しており、コンサルティング、販促コンサル、経営コンサルなど多岐にわたるコンサルティング業界で活動しています。	コンサルティング	経営コンサル
株式会社Ａｒｋｖａｌ	6011001109633	1	http://www.rocktoon.co.jp/contact/	https://www.arkval.co.jp/			1040033	東京都	中央区新川１丁目１７－１１－１２０７	東京都中央区新川１丁目１７－１１－１２０７	娯楽コンテンツに関連する事業を行う会社	東京都に位置する企業であり、娯楽コンテンツに関連する事業を展開しています。ビジネスコンサルティング事業を中心に、コンサルティングと経営コンサルに従事しています。2016年2月24日に設立され、積極的に業界をリードし続けています。	コンサルティング	経営コンサル
ＦＩＣＵＳホールディングス株式会社	6011001111432	0	https://www.ficus-hd.co.jp/contact/?sid=1209155372	https://www.ficus-hd.co.jp			1600023	東京都	新宿区西新宿３丁目２番９号新宿ワシントンホテルビル本館２Ｆ	東京都新宿区西新宿３丁目２番９号新宿ワシントンホテルビル本館２Ｆ	子会社の事業および経営支援を行う親会社	2016年6月16日に東京都に設立された企業です。同社は、子会社の事業および経営支援を行う親会社として活動しています。主な事業は経営コンサルティング事業とグループ企業経営事業であり、コンサルティングおよび経営コンサル分野で幅広く活動しています。	コンサルティング	経営コンサル
ｆｏｒｅｓｔ株式会社	6011001141594	70	https://www.forest-inc.jp/contact/sell-your-brand/	https://forest-inc.jp/company/company_info		03-4360-5323	1500041	東京都	渋谷区神南１丁目４番９号６Ｆ	東京都渋谷区神南１丁目４番９号６Ｆ			コンサルティング	総合系コンサル
辻・本郷ビジネスコンサルティング株式会社	6011101020723	9	http://www.ht-bc.jp/contact	https://www.ht-bc.jp/		03-5208-1180	1040028	東京都	中央区八重洲２丁目２番１号東京ミッドタウン八重洲八重洲セントラルタワー３２階	東京都中央区八重洲２丁目２番１号東京ミッドタウン八重洲八重洲セントラルタワー３２階	経営コンサルティングを提供する会社主なサービスには事業再生支援や事業承継支援が含まれる企業	東京都に拠点を置き、経営コンサルティングを提供する企業です。同社は主に事業再生支援や事業承継支援といったサービスを提供し、ビジネス承継支援事業、企業内トレーニングアウトソーシング事業、補助金申請支援事業などを展開しています。辻・本郷ビジネスコンサルティング株式会社は、人材・アウトソーシング、その他サービス、コンサルティング、企業研修などの業界において、幅広いサービスを提供しています。	コンサルティング	経営コンサル
デロイトトーマツ会計工房株式会社	6011101037585	35	http://acfl.co.jp/contact/index.html	http://acfl.co.jp/about/index.html	info@acfl.co.jp	03-5909-1177	1120014	東京都	文京区関口１丁目２４番８号	東京都文京区関口１丁目２４番８号			コンサルティング	経営コンサル
株式会社エム・エム・プラン	6011101037800	1	http://mmplan.co.jp/?page_id=157	http://mmplan.co.jp/	mmplan@kaikei-web.co.jp	03-5367-1558	1600022	東京都	新宿区新宿１丁目９番４号	東京都新宿区新宿１丁目９番４号	企業コンサルティングを提供する会社で、「戦略経営者倶楽部」の運営もしている企業	1989年6月に東京都で設立された企業コンサルティングを提供する会社です。また、同社は「戦略経営者倶楽部」の運営も行っており、海外ビジネスアドバイザリー事業や経営研修事業などを展開しています。主な業界は人材・アウトソーシング、コンサルティング、企業研修、経営コンサル、その他コンサルになります。	コンサルティング	経営コンサル
株式会社ポンドインコンサルティング	6011101050555	1	http://pondin.co.jp/company/contact.html	https://pondin.co.jp/		03-5937-5522	1350031	東京都	江東区佐賀１丁目１番地１６号	東京都江東区佐賀１丁目１番地１６号	経営、営業、組織づくりなどのコンサルティングを提供する企業	東京都に拠点を置く経営、営業、組織づくりなどのコンサルティングを提供する企業です。同社は、マーケティングコンサルティング事業や企業内トレーニングアウトソーシング事業などを展開しており、人材・アウトソーシング、コンサルティング、企業研修、販促コンサル、経営コンサルなどの業界で活動しています。	コンサルティング	経営コンサル
ブルーオーシャンセンター株式会社	6011101051479	1	http://www.bocenter.co.jp/inquire/inquire.html	http://www.bocenter.co.jp/	info@bocenter.co.jp	03-6302-1248	1600022	東京都	新宿区新宿５丁目１８番１６号ＳＨＩＮＪＵＫＵ５－Ⅰビル９階	東京都新宿区新宿５丁目１８番１６号ＳＨＩＮＪＵＫＵ５－Ⅰビル９階	コスト削減・省エネ向け機器の導入支援企業	東京都に位置するコスト削減・省エネ向け機器の導入支援企業です。2007年12月に設立され、機械、コンサルティング、環境コンサル、経営コンサル、ボイラーの業界において、ボイラー流通販売事業と環境アドバイザリー事業を展開しています。	コンサルティング	経営コンサル
株式会社ベックワンパートナーズ	6011101058160	19	https://www.beqone.co.jp/contact/	https://www.beqone.co.jp/profile/company.php	info@beqone.co.jp	03-5909-0700	1600023	東京都	新宿区西新宿２丁目７番１号	東京都新宿区西新宿２丁目７番１号	ベンチャー支援や経営コンサルティングを提供する企業	1997年4月に東京都に設立された企業であり、ベンチャー支援や経営コンサルティングを提供しています。同社の主な業務には、スタートアップ投資事業、ビジネス承継支援事業、財務・会計業務アウトソーシング事業が含まれています。金融、人材・アウトソーシング、その他サービス、コンサルティング、投資、人材派遣、その他サービス、経営コンサル、ベンチャーキャピタルの業界で活動しています。	コンサルティング	経営コンサル
株式会社ベター・プレイス	6011101061321	184	http://bpcom.jp/about_contact/	https://bpcom.jp/company/profile/		03-5227-8222	1620845	東京都	新宿区市谷本村町１番１号	東京都新宿区市谷本村町１番１号	コスト削減・売上向上のコンサルティングを提供する企業	東京都を拠点にコスト削減・売上向上のコンサルティングを提供する企業です。セミナー企画・運営事業や研修セミナー事業を通じて、人材・アウトソーシング、コンサルティング、セミナー、経営コンサルの業界で活動しています。2011年10月に設立されました。	コンサルティング	経営コンサル
ジントル株式会社	6011101062385	8	https://www.secure-cloud.jp/sf/1456664819uoNAsQJD	https://jintre.co.jp/		03-5338-8151	1600023	東京都	新宿区西新宿８丁目１－２ＰＭＯ西新宿３０３号室	東京都新宿区西新宿８丁目１－２ＰＭＯ西新宿３０３号室	オフィスコスト省エネやミャンマー人技能実習者の送付をする企業	東京都に拠点を置く、オフィスコスト省エネやミャンマー人技能実習者の送付をする企業です。2009年10月1日に設立され、主な業務としては、Webマーケティング支援事業、製造業向け人材サービス事業、通信コンサル業を展開しています。IT、人材・アウトソーシング、コンサルティングといった幅広い業界において、Webマーケコンサル、人材紹介、経営コンサルのサービスを提供しています。	コンサルティング	経営コンサル
株式会社ＳＴＡＹＤＲＥＡＭ	6011101068779	0	https://c-staydream.com/contact/estimate/	https://c-staydream.com/company/	info@c-staydream.com	03-6388-1333	1600023	東京都	新宿区西新宿３丁目３番１３号西新宿水間ビル６階	東京都新宿区西新宿３丁目３番１３号西新宿水間ビル６階	飲食店コンサルティング企業	東京都に位置する飲食店コンサルティング企業です。同社は文書作成代行事業、店舗デザイン企画事業、商品開発アドバイザリー事業、経営研修事業などを提供しており、主要な業界として建設、人材・アウトソーシング、コンサルティング、企業研修、店舗デザイン、経営コンサル、その他コンサルなどを挙げています。	コンサルティング	経営コンサル
株式会社Ｒ’ｓ　Ｅｎｔｅｒｔａｉｎｍｅｎｔ	6011101069983	6	https://www.mydomaincontact.com/index.php?domain_name=r-inc.tokyo	http://r-inc.tokyo		03-5358-9041	1690072	東京都	新宿区大久保１丁目１２番４号ＡＳＳ第２ビル６階	東京都新宿区大久保１丁目１２番４号ＡＳＳ第２ビル６階			コンサルティング	経営コンサル
ＧｉｅｎＴｅｃｈ　Ｃｏｎｓｕｌｔｉｎｇ　Ｊａｐａｎ株式会社	6011101074513	56	https://jp.pactera.com/contact-us	https://jp.pactera.com/company/company-consulting	info_japan@pactera.com	03-3520-9866	1350047	東京都	江東区富岡２丁目１１番６号６階	東京都江東区富岡２丁目１１番６号６階	ビジネスやITのコンサルティングを提供する企業	2015年9月1日に東京都で設立された企業です。同社はビジネスやITのコンサルティングを提供し、マーケティングコンサルティング事業、ビジネスコンサルティング事業、システムインテグレーション事業を展開しています。パクテラ・コンサルティング・ジャパン株式会社は、IT、コンサルティング、総合系コンサル、Webアプリ・サービス運営、販促コンサル、経営コンサル、ソフトウェア販売といった幅広い業界に関与しています。	コンサルティング	総合系コンサル
株式会社エスサポート	6011301017362	3	http://www.slot-support.co.jp/contact	https://slot-support.co.jp/	info@slot-support.co.jp	03-3832-4355	1100015	東京都	台東区東上野３丁目１５番２号第２国際ビル２階	東京都台東区東上野３丁目１５番２号第２国際ビル２階	スロット運営に関するコンサルティング業務を行っている企業	東京都に位置する2007年4月に設立された企業であり、スロット運営に関するコンサルティング業務を専門としています。同社は人材・アウトソーシング、コンサルティング、セミナー、経営コンサルの分野で活動しており、セミナー企画・運営事業、研修セミナー事業を展開しています。	コンサルティング	経営コンサル
株式会社セブンコーポレーション	6011601003665	0	http://www.7seven7.jp/contactus	https://www.7seven7.jp/company	info@7seven7.net	03-6913-0101	1790084	東京都	練馬区氷川台４丁目５番４号	東京都練馬区氷川台４丁目５番４号	小売業向けの経営や店舗運営などのコンサルティングを提供する企業	1990年7月に設立され、東京都に本社を置く企業です。同社は小売業向けの経営や店舗運営などのコンサルティングを提供しており、マーケティングコンサルティング事業、営業支援サービス事業、研修セミナー事業、システムインテグレーション事業などを展開しています。主な業界はIT、人材・アウトソーシング、コンサルティング、Webアプリ・サービス運営、セミナー、販促コンサル、経営コンサルなどです。	コンサルティング	経営コンサル
株式会社グロースサポート	6011601014191	1	https://www.gscj.jp/contact.html	https://www.gscj.jp	kimura@change-growth.jp	03-5860-4423	1790075	東京都	練馬区高松６丁目１２番５号	東京都練馬区高松６丁目１２番５号	経営コンサルティングに特化した人材育成企業	東京都を拠点とする経営コンサルティングに特化した人材育成企業です。2008年5月に設立され、人材戦略コンサルティング事業や経営研修事業を展開しています。主な業界は人材・アウトソーシング、コンサルティング、企業研修、組織コンサル、経営コンサルです。	コンサルティング	経営コンサル
有限会社アクアヘルスコミュニケーションズ	6011602020239	2	http://www.ahc-aqua.com/contact	https://ahc-aqua.com/	info@ahc-aqua.com	03-3928-1333	1770052	東京都	練馬区関町東１丁目２５番１０号	東京都練馬区関町東１丁目２５番１０号	スポーツ施設の運営管理や健康運動の講義・実践などを行う企業	東京都を拠点にスポーツ施設の運営管理や健康運動の講義・実践などを行っている企業です。2002年4月に設立されて以来、資格取得サポート事業、スポーツクラスの運営事業、スポーツイベントマネジメント事業、健康講座運営事業、健康製品販売事業など多岐にわたる事業領域で活動しています。その他サービス、教育、小売・販売・卸売、コンサルティング、資格取得、各種スクール・教室、スポーツ用品販売、経営コンサルなどの業界で幅広いサービスを提供しています。	コンサルティング	経営コンサル
株式会社クリエイティブ	6011801025105	2	http://j-bangladesh.com/inquiry/	http://j-bangladesh.com		03-5577-3164	1010047	東京都	千代田区内神田１丁目５番６号	東京都千代田区内神田１丁目５番６号	バングラデシュのビジネスコンサルティング企業	東京都を拠点にするバングラデシュのビジネスコンサルティング企業です。2011年7月に設立され、市場リサーチ事業、海外ビジネスアドバイザリー事業、インターネットメディア運営事業を展開しています。主な業種はIT、その他サービス、コンサルティング、Webアプリ・サービス運営、デジタル系コンテンツ、資産運用コンサル、研究・調査・リサーチ、経営コンサル、その他コンサルです。	コンサルティング	経営コンサル
東和機材株式会社	6013301008705	1	http://www.towa-inc.com/form/index.html	http://www.towa-inc.com/corporate/index.html		03-3943-5123	1700002	東京都	豊島区巣鴨１丁目１１番２号	東京都豊島区巣鴨１丁目１１番２号	海外ビジネスを支援する企業、主に中国を含みます	1979年6月に設立された東京都を拠点とする企業です。同社は海外ビジネスを支援することを主な事業としており、中国を含む海外市場において中国語翻訳・通訳サービス事業、市場リサーチ事業、海外ビジネスアドバイザリー事業、弁の販売事業などを展開しています。また、製造、商社、人材・アウトソーシング、その他サービス、コンサルティング、作業関連用品、翻訳・通訳、研究・調査・リサーチ、経営コンサル、その他コンサル、食品専門商社などのさまざまな業界で活動しています。	コンサルティング	経営コンサル
サンクスリンク株式会社	6013301028323	2	http://thanks-link.co.jp/	http://thanks-link.co.jp/		03-5337-3969	1600023	東京都	新宿区西新宿１丁目４番１１号	東京都新宿区西新宿１丁目４番１１号	人材中心の経営コンサルティング企業	東京都を拠点とする人材中心の経営コンサルティング企業です。2009年4月に設立され、主な事業は人材戦略コンサルティングです。主力業種はコンサルティング、組織コンサル、経営コンサルです。	コンサルティング	経営コンサル
株式会社アイドマ・ホールディングス	6013301031269	398	https://www.aidma-hd.jp/contact/	https://www.aidma-hd.jp/profile/		03-6455-7935	1410021	東京都	品川区上大崎２丁目１３番３０号	東京都品川区上大崎２丁目１３番３０号	営業改善に特化した企業で、営業戦略や流通チャネルなどをコンサルティングしている企業	東京都に位置する営業改善に特化した企業です。同社は営業戦略や流通チャネルなどのコンサルティングを提供しており、ネットワークインフラ設置事業、雇用支援事業、Webマーケティング支援事業、人材戦略コンサルティング事業を展開しています。2008年12月22日に設立され、IT、人材・アウトソーシング、コンサルティング、Webマーケコンサル、人材紹介、ITインフラストラクチャー、組織コンサル、経営コンサル、職業紹介所などの業界で活動しています。	コンサルティング	経営コンサル
フューチャーズ株式会社	6013301034164	3	http://futures-r.co.jp/inquiry/	http://www.futures-r.co.jp/			1820024	東京都	調布市布田１丁目４３－２	東京都調布市布田１丁目４３－２	人材募集支援を行う企業	2013年8月に東京都に設立された人材募集支援を行う企業です。同社は、チラシ・パンフレット作成事業、雇用支援事業、キャリア支援事業、人材採用支援事業などを展開しており、広告・制作、人材・アウトソーシング、コンサルティング、デザイン、その他人材、経営コンサル、職業紹介所といった業界において活動しています。	コンサルティング	経営コンサル
株式会社ＮＥＸＴ　ＩＮＮＯＶＡＴＩＯＮ	6013301035055	1	http://nextinnovation.in.net/contact.html	http://nextinnovation.in.net		03-5960-2790	1700013	東京都	豊島区東池袋１丁目３４番５号いちご東池袋ビル６階	東京都豊島区東池袋１丁目３４番５号いちご東池袋ビル６階	企業の広告やWebサイト制作などを支援するコンサルティング企業	東京都に拠点を置くコンサルティング企業です。同社は企業の広告やWebサイト制作などを支援しており、広告・制作、IT、人材・アウトソーシング、コンサルティングなど幅広い業界で活動しています。さらに、写真撮影サービス事業、研修セミナー事業、検索エンジン最適化対策事業なども手掛けています。	コンサルティング	経営コンサル
株式会社グローバル・リンク	6013402002763	0	https://www.glc-tokyo.com/contact/	https://www.glc-tokyo.com/	nfo@glc-tokyo.com	03-6269-3488	1000005	東京都	千代田区丸の内１丁目８番３号丸の内トラストタワー本館２０階	東京都千代田区丸の内１丁目８番３号丸の内トラストタワー本館２０階	リスク管理や損害保険代理を行う企業	2012年4月に東京都にて設立されたリスク管理や損害保険代理の企業です。同社は保険アドバイザリー事業やリスクマネジメントコンサルティング事業を展開し、金融、コンサルティング、保険、資産運用コンサル、経営コンサル、その他コンサル業界において活動しています。	コンサルティング	経営コンサル
株式会社ジーエムアソシエイツ	6020001043981	0	http://www.gmassociates.co.jp/contact/index.html	http://www.gmassociates.co.jp		03-5467-2440	2230062	神奈川県	横浜市港北区日吉本町２丁目８番１０号	神奈川県横浜市港北区日吉本町２丁目８番１０号	スポーツ界のコンサルタントとして、ビジネス支援や業務代行を行う企業	2004年10月に設立された神奈川県に拠点を置く企業であり、スポーツ界のコンサルタントとしてビジネス支援や業務代行を行っています。同社は、イベントプランニング事業、ビジネス研修セミナー運営事業、ファン商品販売事業、スポーツクラスの運営事業、グッズ製造事業、イベント企画・運営事業などを展開し、人材・アウトソーシング、エンタメ・娯楽、教育、コンサルティング、企業研修、イベント、業務請負、各種スクール・教室、グッズ制作・グッズ販売、経営コンサルの幅広い業界で活躍しています。	コンサルティング	経営コンサル
株式会社ヒューマンリソースみらい	6020001045887	2	https://secure02.blue.shared-server.net/www.hr-mirai.com/postmail/form.html	https://www.hr-mirai.com/	info@hr-mirai.com	045-650-4166	2310013	神奈川県	横浜市中区住吉町４丁目４５番地１関内トーセイビルⅡ６階	神奈川県横浜市中区住吉町４丁目４５番地１関内トーセイビルⅡ６階	経営に関する診断や改善のサポートを提供するコンサルティング企業	2005年12月に設立され、神奈川県に拠点を置くコンサルティング企業です。同社は経営に関する診断や改善のサポートを提供し、セミナー企画・運営事業、財務アドバイザリー事業、研修セミナー事業、人材戦略コンサルティング事業に取り組んでいます。主に人材・アウトソーシング、コンサルティング、セミナー、財務コンサル、組織コンサル、経営コンサルの業界で活動しています。	コンサルティング	経営コンサル
エキスパート・リンク株式会社	6020001046365	19	http://ex-link.co.jp/contact/	https://ex-link.co.jp/company/	info@ex-link.co.jp	03-6450-2891	1410022	東京都	品川区東五反田５丁目２５番１６号	東京都品川区東五反田５丁目２５番１６号	企業経営支援のコンサルティング会社	2006年4月に東京都で設立された企業経営支援のコンサルティング会社です。同社は、セミナー企画・運営事業、研修セミナー事業、企業内トレーニングアウトソーシング事業などを展開しています。主要業界は、人材・アウトソーシング、コンサルティング、企業研修、セミナー、経営コンサルです。	コンサルティング	経営コンサル
株式会社ｅＭｕ	6020001079489	2	https://emuconsult.com/contact/	https://emuconsult.com/		044-861-6970	2160007	神奈川県	川崎市宮前区小台２丁目７番地１３	神奈川県川崎市宮前区小台２丁目７番地１３	経営コンサルタントを提供する企業	神奈川県に位置する経営コンサルタントを提供する企業です。同社の主な事業は営業支援サービスであり、コンサルティング、経営コンサル、その他コンサルという業界において活動しています。	コンサルティング	経営コンサル
株式会社インプルーヴ	6020001079588	0	http://www.improve-ltd.jp/cgi-bin/formmail/contact.html	http://www.improve-ltd.jp/index.html		044-977-7369	2160026	神奈川県	川崎市宮前区初山２丁目３番８号	神奈川県川崎市宮前区初山２丁目３番８号	「茶坊秀在」と企業コンサルティングを手掛ける企業	神奈川県に拠点を置き、「茶坊秀在」と企業コンサルティングを手掛ける企業です。2004年9月に設立されたこの会社は、飲食・外食、その他サービス、コンサルティング、その他団体、カフェ、経営コンサル、その他外食の業界でフランチャイズチェーン事業を展開しています。	コンサルティング	経営コンサル
株式会社タクミ	6020001095189	0	https://forest-takumi.webnode.jp/takumi/	https://forest-takumi.webnode.jp/takumi		045-360-5036	2410817	神奈川県	横浜市旭区今宿１丁目３５番３号	神奈川県横浜市旭区今宿１丁目３５番３号	経営や財務に関するアドバイスを提供する企業	神奈川県に拠点を構え、経営や財務に関するアドバイスを提供している企業です。主な事業として、営業支援サービス事業や会計・税務アドバイザリー事業、財務・会計業務アウトソーシング事業、税務申告書作成事業などを展開しています。士業、人材・アウトソーシング、コンサルティングなどの幅広い業界において、税理士、会計士、財務コンサル、人材派遣、経営コンサルなどのプロフェッショナルが在籍しています。	コンサルティング	財務コンサル
株式会社ステラコンサルティング	6020001110039	7	http://stella-consulting.jp/contactform/	http://stella-consulting.jp/			2100845	神奈川県	川崎市川崎区渡田山王町２５－４	神奈川県川崎市川崎区渡田山王町２５－４	企業に対する経営のアドバイスや書籍出版、人材育成を行う会社	2015年3月に神奈川県に設立された企業で、企業に対する経営のアドバイスや書籍出版、人材育成を行っています。主な事業はマーケティングコンサルティング事業、ビジネス雑誌出版事業、研修セミナー事業です。ステラコンサルティングは、人材・アウトソーシング、その他サービス、コンサルティング、メディア・出版などの業界において幅広い活動を展開しています。	コンサルティング	経営コンサル
株式会社アイ・ブレーン	6020001114502	2	https://www.aip-f.com/contact/index.html	https://aib-s.com/		045-717-6551	2300051	神奈川県	横浜市鶴見区鶴見中央２丁目１３番１８号	神奈川県横浜市鶴見区鶴見中央２丁目１３番１８号	経営や財務改善を支援する企業	2016年1月21日に神奈川県で設立された、経営や財務改善を支援する企業です。その主な事業はビジネス承継支援事業、年金コンサル業、税金対策事業、相続アドバイザリー事業、医療開業支援業などであり、士業、その他サービス、コンサルティング、税理士、その他サービス、資産運用コンサル、経営コンサル業界で活動しています。	コンサルティング	経営コンサル
有限会社フェニックス	6020002050515	1	http://www.phoenix-works.jp/contact.html	http://www.phoenix-works.jp		045-545-7523	2230057	神奈川県	横浜市港北区新羽町１１７２番地１神明館ニュー酒川５０１	神奈川県横浜市港北区新羽町１１７２番地１神明館ニュー酒川５０１	中小企業向け経営コンサルタント	1996年7月に設立された神奈川県に拠点を置く経営コンサルタント会社です。同社は、中小企業向けの経営コンサルティングを提供しており、人事制度アドバイザリー事業、企業内トレーニングアウトソーシング事業、経営研修事業などを展開しています。人材・アウトソーシング、コンサルティング、企業研修、組織コンサル、経営コンサルなどの業界で活動しています。	コンサルティング	経営コンサル
有限会社ベイ・ビジネスパートナーズ	6020002073796	4	https://bay-bp.com/inq.html	https://bay-bp.com/	info@bay-bp.com	045-650-6833	2310028	神奈川県	横浜市中区翁町１丁目６－７	神奈川県横浜市中区翁町１丁目６－７	経営や会計業務を代行する企業	神奈川県に拠点を置く経営や会計業務を代行する企業です。税務アドバイザリー事業、文書作成代行事業、給与処理アウトソーシング事業、補助金申請支援事業、そして社会保険手続き代行サービス事業など、幅広いサービスを提供しています。主要取引業界は士業、人材・アウトソーシング、その他サービス、コンサルティングに属し、税理士、事務処理代行、人材派遣、その他サービス、経営コンサルといった分野で活動しています。	コンサルティング	経営コンサル
株式会社ＲＯＵＮＤ	6021001010765	0	https://www.round-japan.co.jp/%E3%81%8A%E5%95%8F%E3%81%84%E5%90%88%E3%82%8F%E3%81%9B/	https://www.round-japan.co.jp/会社情報/	hide.kasagi@round-japan.co.jp	0467-23-6938	2480021	神奈川県	鎌倉市坂ノ下２５番２０号	神奈川県鎌倉市坂ノ下２５番２０号	インド進出支援を提供する企業	2008年12月に設立された神奈川県を拠点にする企業です。同社は、インド進出支援を提供し、マーケティングコンサルティング事業、市場リサーチ事業、海外ビジネスアドバイザリー事業、営業支援サービス事業を展開しています。その他サービス、コンサルティング、販促コンサル、研究・調査・リサーチ、経営コンサル、その他コンサルの業界で活動しています。	コンサルティング	経営コンサル
株式会社Ｐｒｅｓｅｎｔ	6021001059415	3	https://www.present4.jp/contact	https://present-4.com/	info@present4.jp	080-1073-0784	2530055	神奈川県	茅ヶ崎市中海岸４丁目１５番６０号	神奈川県茅ヶ崎市中海岸４丁目１５番６０号	海外展開や戦略立案支援する企業	2016年6月1日に神奈川県で設立された、海外展開や戦略立案支援を行う企業です。主な事業は市場リサーチと海外ビジネスアドバイザリーであり、その他サービス、コンサルティング、研究・調査・リサーチ、経営コンサルなどの業界に携わっています。	コンサルティング	経営コンサル
株式会社エイチ・エーエル	6030001012325	17	https://www.hal-j.co.jp/contact	http://www.hal-j.co.jp/about-us/	consult@hal-j.co.jp	050-8883-1919	3300854	埼玉県	さいたま市大宮区桜木町１丁目３９８－１	埼玉県さいたま市大宮区桜木町１丁目３９８－１	「BIZミル」というシステムを提供する企業は、経営コンサルティングや支援機関向けにサービスを展開している企業	2002年12月に設立された埼玉県に拠点を置く企業です。同社はマーケティングコンサルティング事業、販売アドバイザリー事業、ビジネス承継支援事業などを展開し、経営コンサルティングや支援機関向けに「BIZミル」というシステムを提供しています。IT、人材・アウトソーシング、その他サービスなど多岐にわたる業界で、企業研修や起業コンサルなどの事業を展開しています。	コンサルティング	経営コンサル
株式会社ネプラ	6030001017019	1	http://www.nepla.jp/contact/index.html	http://www.nepla.jp/index.html		076-293-1851	9200901	石川県	金沢市彦三町１丁目２番１号アソルティ金沢彦三１Ｆ	石川県金沢市彦三町１丁目２番１号アソルティ金沢彦三１Ｆ	ネットカフェの総合プランニングを提供する企業	2010年5月に石川県に設立された企業で、ネットカフェの総合プランニングを提供しています。主な事業領域は機械、コンサルティング、アミューズメント機器、経営コンサルです。	コンサルティング	経営コンサル
株式会社イデア総合研究所	6030001058426	0	http://www.new-wing.co.jp/inquiry.html	http://www.new-wing.co.jp/IDEA/index.html	ops@new-wing.co.jp	03-6264-0040	1040061	東京都	中央区銀座１丁目２０番１１号	東京都中央区銀座１丁目２０番１１号	交通会社などの経営アドバイザー	東京都に拠点を置く2005年に設立されたIT・コンサルティング企業です。同社は交通会社などの経営アドバイザーとして活躍し、主な業務はデータベース開発事業です。また、Webアプリ・サービス運営や受託開発、経営コンサルなど幅広い業界で活動しています。	コンサルティング	経営コンサル
株式会社創人	6030001066445	0	http://www.sojin.co.jp/contact.html	https://www.sojin.co.jp/about.html		048-911-5820	3430813	埼玉県	越谷市越ヶ谷１丁目１番地１６号大貫ビル３階	埼玉県越谷市越ヶ谷１丁目１番地１６号大貫ビル３階	店舗関連のサービスを提供する企業、専門家によるコンサルティングを提供するとともに、店舗の設計・プロデュースも担当する企業		コンサルティング	経営コンサル
株式会社地方創生栄え塾	6030001071255	0	http://www.spsystem.jp/company#anc4	http://www.spsystem.jp/		0493-23-7880	3550017	埼玉県	東松山市松葉町２丁目１１番２７号	埼玉県東松山市松葉町２丁目１１番２７号	ビジネス戦略や人材育成支援を専門とする会社	埼玉県に本社を置くビジネス戦略や人材育成支援を専門とする会社です。1999年7月に設立され、教育支援事業、マーケティングコンサルティング事業、セミナー企画・運営事業、研修セミナー事業、商品開発アドバイザリー事業を展開しています。主要業界は人材・アウトソーシング、教育、コンサルティング、塾・予備校、企業研修、セミナー、販促コンサル、経営コンサル、その他コンサルです。	コンサルティング	経営コンサル
株式会社カケハシ・スタイル	6030001088381	5	http://kakehashi-style.com/?page_id=81	http://kakehashi-style.com/	info@kakehashi-style.com	048-580-3343	3691203	埼玉県	大里郡寄居町大字寄居１６３０番地２	埼玉県大里郡寄居町大字寄居１６３０番地２	中小企業向けに経営・マーケティング支援を提供している企業	2008年8月に埼玉県に設立された企業であり、中小企業向けに経営・マーケティング支援を提供しています。同社はマーケティングコンサルティング事業、セミナー企画・運営事業、研修セミナー事業、商品開発アドバイザリー事業、Webマーケティング支援事業、経営研修事業などを手掛け、IT、人材・アウトソーシング、コンサルティング、Webマーケコンサル、企業研修、セミナー、販促コンサル、経営コンサルなどの業界で活動しています。	コンサルティング	経営コンサル
株式会社木更津企業管理センター	6040001050489	5	https://www.kanricenter.net/%E3%81%8A%E5%95%8F%E3%81%84%E5%90%88%E3%82%8F%E3%81%9B/	https://www.kanricenter.net		0438-23-8371	2920057	千葉県	木更津市東中央３丁目６番６号	千葉県木更津市東中央３丁目６番６号			コンサルティング	経営コンサル
株式会社エヌ・ティー・アール	6040001098792	1	http://ntr-inc.com/contact/	http://ntr-inc.com/	info@ntr-inc.com	047-354-3414	2790002	千葉県	浦安市北栄４丁目５番２５号	千葉県浦安市北栄４丁目５番２５号	メールマガジンや新入社員の研修を手がける会社	2017年2月9日に設立された千葉県を拠点にする会社です。同社は、メールマガジンや新入社員の研修を手がけることを主な事業としています。営業支援サービス事業、企業内トレーニングアウトソーシング事業、メールマガジン配信サービスの提供を通じて、広告・制作、人材・アウトソーシング、コンサルティング、企業研修などのさまざまな業種で幅広いニーズに応えています。	コンサルティング	経営コンサル
株式会社常陽産業研究所	6050001001169	10	https://www.joyonet.co.jp/cgi-bin/jir/form/pgdmailform.cgi?type=contact	https://www.jir-web.co.jp/profile/summary/		029-233-6731	3100011	茨城県	水戸市三の丸１丁目５番１８号	茨城県水戸市三の丸１丁目５番１８号	企業や自治体などへのアドバイザリーサービスを提供する企業	1995年4月に茨城県に設立された企業です。同社は、企業や自治体などへのアドバイザリーサービスを提供しており、主な事業としては、企業内トレーニングアウトソーシング事業と人材戦略コンサルティング事業を展開しています。また、同社は人材・アウトソーシング、コンサルティング、総合系コンサル、企業研修、人材紹介、組織コンサルなど、幅広い業界において活動しています。	コンサルティング	総合系コンサル
Ｓｏｌｅｉｌ株式会社	6060001023897	0	http://soleil-coltd.jp/contact.html	http://soleil-coltd.jp/index.html		03-5201-3638	1030027	東京都	中央区日本橋３丁目２番１４号日本橋ＫＮビル４階	東京都中央区日本橋３丁目２番１４号日本橋ＫＮビル４階	コスト削減や介護施設運営などを手がける企業	東京都を拠点にコスト削減や介護施設運営などを手がける企業です。農機具卸売業や農業機器販売事業など、幅広い業務を展開しており、また、製薬・福祉、製造、コンサルティングの分野でも活動しています。2012年に設立され、主に医療・製薬・福祉、農業用機械、介護サービス、経営コンサルの業界で事業を展開しています。	コンサルティング	経営コンサル
株式会社イーストアンドウエスト	6070001004509	1	http://www.eastandwest-consulting.com/contact.html	http://www.eastandwest-consulting.com/company_info.html	info@eastandwest-consulting.com	027-230-1800	3710017	群馬県	前橋市日吉町１丁目８番地１	群馬県前橋市日吉町１丁目８番地１	会計・財務・人事支援を提供する企業	2002年8月に群馬県に設立された企業です。同社は会計・財務・人事支援を提供し、マーケティングコンサルティング事業、商品開発アドバイザリー事業、オフィス用品リース業、販促企画事業を展開しています。主にコンサルティング業界において、財務コンサル、販促コンサル、組織コンサル、経営コンサルなどのサービスを提供しています。	コンサルティング	経営コンサル
有限会社インターナショナルプロダクト	6070002001711	1	http://www.intproduct.com/inquiry.html	https://famdry.p-kit.com/	info@intproduct.com	027-283-8145	3710223	群馬県	前橋市大胡町３７８番地３	群馬県前橋市大胡町３７８番地３	グローバル展開支援と乾燥食品の製造を担う企業	1988年3月に群馬県で設立され、グローバル展開支援と乾燥食品の製造を担う企業です。同社は、市場リサーチ事業および海外ビジネスアドバイザリー事業を行い、食品、IT、その他のサービス、コンサルティング、Webアプリ・サービス運営、その他の食品、研究・調査・リサーチ、経営コンサル、およびその他のコンサルなどの業界に関与しています。	コンサルティング	経営コンサル
株式会社ディーセント・スタイル	6080101007419	1	http://www.decent-style.jp/contact/	https://decent-style.jp/	info@decent-style.jp	055-976-3800	4110856	静岡県	三島市広小路町６番１９号	静岡県三島市広小路町６番１９号	会社の構造を形成するコンサルティングを行う企業	静岡県を拠点に、会社の構造を形成するコンサルティングを行っています。組織分析コンサルティング事業、セミナー企画・運営事業、市場リサーチ事業、研修セミナー事業を展開しています。2008年10月に設立され、主に人材・アウトソーシング、その他サービス、コンサルティング、セミナー、組織コンサル、研究・調査・リサーチ、経営コンサルの業界において活動しています。	コンサルティング	経営コンサル
ＥＸＰＡＣＴ株式会社	6080401023066	3	https://expact.jp/contact-3/	https://expact.jp/	info@expact.jp	050-3562-7333	4200852	静岡県	静岡市葵区紺屋町８番地の１２	静岡県静岡市葵区紺屋町８番地の１２	資金調達のサポートを提供する企業	2018年7月17日に設立された資金調達のサポートを提供する企業です。静岡県に位置し、広告・制作、IT、コンサルティングなどの多様な業界に関与しています。同社はマーケティングコンサルティング、ウェブサイトのコンサルティング、Webマーケティング支援、補助金申請支援、システムインテグレーションなどの業務を展開しています。	コンサルティング	経営コンサル
山梨中銀経営コンサルティング株式会社	6090001002287	1	https://www.yamanashiconsul.co.jp/contact/form#	https://www.yamanashiconsul.co.jp/corp-outline		055-224-1032	4000031	山梨県	甲府市丸の内１丁目２０番８号	山梨県甲府市丸の内１丁目２０番８号	山梨中央銀行グループの経営コンサルティング企業	1996年8月に山梨県で設立された山梨中央銀行グループの経営コンサルティング企業です。同社は市場リサーチ事業、財務アドバイザリー事業、ビジネス承継支援事業、投資アドバイザリー事業を展開しており、その他サービス、コンサルティング、財務コンサル、資産運用コンサル、研究・調査・リサーチ、経営コンサルの業種に属しています。	コンサルティング	経営コンサル
ＵＫベンチャーサポート株式会社	6090001005819	4	https://ukvcpa.jimdo.com/%E3%81%8A%E5%95%8F%E3%81%84%E5%90%88%E3%82%8F%E3%81%9B/	https://ukvcpa.jimdo.com/		055-254-8802	4000024	山梨県	甲府市北口１丁目９番２４号	山梨県甲府市北口１丁目９番２４号	企業の運営や法的手続きについてアドバイスや指導を行う法人向けのコンサルティング企業	山梨県を拠点に、企業の運営や法的手続きについてアドバイスや指導を行う法人向けのコンサルティング企業です。その主な業務には、財務監査サービス、税務アドバイザリー事業、税金対策事業、財務・会計業務アウトソーシング事業、税務申告書作成事業が含まれています。士業、人材・アウトソーシング、コンサルティング、税理士、監査法人、人材派遣、経営コンサルの業界で活動しています。	コンサルティング	経営コンサル
株式会社カリス・コーポレーション	6100001022589	8	http://calis-corporation.com/contact/	http://calis-corporation.com/company/		0265-26-2038	3992566	長野県	飯田市嶋１５５番地１	長野県飯田市嶋１５５番地１	省エネや新電力に関するコンサルティングを提供している企業	長野県を拠点に、省エネや新電力に関するコンサルティングを提供している企業です。また、蓄電池・リチウムイオン電池等の販売卸売事業や太陽光発電パネルの卸売り事業も行っています。1982年11月に設立され、建設、機械、コンサルティング、蓄電池、太陽光パネル、経営コンサルの産業に関わっています。	コンサルティング	経営コンサル
ＨＡＲＩＯ株式会社	6100001026598	2	http://hario-inc.jp/contactus	http://hario-inc.jp	info@hario-inc.jp	0263-55-6754	3901103	長野県	東筑摩郡朝日村大字針尾９１６番地１	長野県東筑摩郡朝日村大字針尾９１６番地１	経営と防災のサポートを提供する企業	長野県に拠点を置く経営と防災のサポートを提供する企業です。2013年7月に設立され、マーケティングコンサルティング事業、市場リサーチ事業、Webマーケティング支援事業、防災アドバイザリー事業を展開しています。IT、その他サービス、コンサルティング、Webマーケコンサル、販促コンサル、研究・調査・リサーチ、経営コンサル、その他コンサルの業界に携わっています。	コンサルティング	経営コンサル
株式会社アルファネット	6100002019147	1	http://alphanet-ma.co.jp/contact/	https://alphanet-ma.co.jp/		0263-29-0073	3900835	長野県	松本市高宮東１番３９号	長野県松本市高宮東１番３９号	経営コンサルティングとイベント運営を手がける企業	長野県に拠点を置く経営コンサルティングとイベント運営を手がける企業です。同社はセミナー企画・運営事業、営業支援サービス事業、研修セミナー事業、企業内トレーニングアウトソーシング事業、経営研修事業などの業務に取り組んでいます。人材・アウトソーシング、コンサルティング、企業研修、セミナー、経営コンサル、その他コンサルなどの分野で活動しています。	コンサルティング	経営コンサル
株式会社リバティ	6120001002770	0	http://clubi-seminar.com/contact	http://clubi-seminar.com		06-6245-3500	5380034	大阪府	大阪市鶴見区徳庵２丁目１番１２号	大阪府大阪市鶴見区徳庵２丁目１番１２号	6店舗の整骨院を経営し、整骨院経営者向けの研究会「クラブI」を運営する企業	大阪府を拠点に活動する企業であり、6店舗の整骨院を運営しています。さらに、整骨院経営者向けの研究会「クラブI」も運営し、業界の専門知識や経営スキルの向上を支援しています。同社は鍼治療院運営事業、整体施術院運営事業、経営研修事業を展開し、医療・製薬・福祉、生活関連サービス、人材・アウトソーシング、コンサルティングなどの幅広い業界に貢献しています。	コンサルティング	経営コンサル
株式会社アルファ・ネットコンサルティング	6120001053723	0	https://www.next-hub.jp/contact	https://jp-alphanet.com/	info@an-consulting.co.jp	06-7662-7302	5320011	大阪府	大阪市淀川区西中島４丁目２番２１号	大阪府大阪市淀川区西中島４丁目２番２１号	資金調達やマーケティングに関するコンサルティングを提供する企業	1990年1月に大阪府に設立された企業です。資金調達やマーケティングに関するコンサルティングを提供しており、研修セミナー事業や補助金申請支援事業も行っています。主要業種は人材・アウトソーシング、その他サービス、コンサルティング、セミナー、その他サービス、経営コンサルとなっております。	コンサルティング	経営コンサル
株式会社アイレック	6120001060686	2	https://www.t-irec.com/%E3%81%8A%E5%95%8F%E3%81%84%E5%90%88%E3%82%8F%E3%81%9B/	https://www.t-irec.com/	izuta@t-irec.com	03-3230-3311	5300012	大阪府	大阪市北区芝田２丁目３番１６号	大阪府大阪市北区芝田２丁目３番１６号	商店街や街の発展をサポートするコンサルティング・エージェンシー企業	大阪府を拠点にする商店街や街の発展をサポートするコンサルティング・エージェンシー企業です。2001年11月に設立され、セミナー企画・運営事業、地方創生事業、店舗デザイン企画事業、研修セミナー事業、地域開発事業など、建設、人材・アウトソーシング、不動産、コンサルティング、セミナー、店舗デザイン、デベロッパー、経営コンサルの幅広い業務に取り組んでいます。	コンサルティング	経営コンサル
株式会社シーマ・ネット	6120001115754	1	http://www.cimanet.co.jp/contact	http://www.cimanet.co.jp	info@cimanet.co.jp	06-4799-1122	5900014	大阪府	堺市堺区田出井町２番９－１２０７号	大阪府堺市堺区田出井町２番９－１２０７号	資金管理や組織改善支援と保険代理店運営の企業	大阪府に拠点を置く資金管理や組織改善支援と保険代理店運営の企業です。2000年5月に設立され、資材供給事業をはじめとする様々な事業を展開しています。金融、材料・資源、コンサルティングの分野で活動し、保険アドバイザリー事業や資産運用コンサル等も提供しています。	コンサルティング	経営コンサル
株式会社リックコミュニケーションズ	6120001118674	23	http://www.ricc.co.jp/contact.php	http://www.ricc.co.jp/		06-6309-2203	5320011	大阪府	大阪市淀川区西中島６丁目６番１７号	大阪府大阪市淀川区西中島６丁目６番１７号	ショッピングセンターのマーケティングやオペレーションを総合的に手がける会社	1989年3月に設立された大阪府を拠点とする会社で、ショッピングセンターのマーケティングやオペレーションを総合的に手がけています。同社は、イベントプランニング事業、観光案内センター運営事業、販促企画事業を通じて、エンタメ・娯楽、コンサルティング、観光・宿泊・レジャー、景観地運営、イベント、販促コンサル、経営コンサルの業界で事業展開しています。	コンサルティング	経営コンサル
株式会社オドラナ	6120001131504	4	http://www.akinaisouken.jp/contact_new/con_01.html	https://odorana.jp/company/	info@akinaisouken.jp	050-1722-1776	5300011	大阪府	大阪市北区大深町６番３８号グラングリーン大阪北館ＪＡＭＢＡＳＥ６階ＪＡＭ－ＤＥＳＫ	大阪府大阪市北区大深町６番３８号グラングリーン大阪北館ＪＡＭＢＡＳＥ６階ＪＡＭ－ＤＥＳＫ	起業家をサポートし、経営コンサルティングを提供する企業	1999年に設立された大阪府を拠点にする企業です。同社は、起業家をサポートし、経営コンサルティングを提供することを主な業務としています。また、スタートアップ投資事業、ワークスペースレンタル事業、投資アドバイザリー事業、経営研修事業などを展開し、金融、人材・アウトソーシング、不動産、コンサルティングなど、多岐にわたる業界に関与しています。	コンサルティング	経営コンサル
株式会社Ｆ・Ｐ・Ｓ	6120001135331	13	http://fpsjp.com/contact	https://www.fpsjp.com	info@fpsjp.com	06-6262-0501	5410052	大阪府	大阪市中央区安土町１丁目７番２０号新トヤマビル６Ｆ	大阪府大阪市中央区安土町１丁目７番２０号新トヤマビル６Ｆ	財務・金融のアドバイスを提供する企業	2008年12月に大阪府で設立され、財務・金融のアドバイスを提供する企業です。主な事業内容は、資産管理アドバイザリー事業、保険アドバイザリー事業、研修セミナー事業、企業内トレーニングアウトソーシング事業です。人材・アウトソーシング、コンサルティング、企業研修、セミナー、財務コンサル、資産運用コンサルなどの業界で活動しています。	コンサルティング	財務コンサル
株式会社グローバル・コーポレート・コンサルティング	6120001136924	9	http://www.g-c-c.jp/contact/	https://www.g-c-c.jp/company/	gcc-info@g-c-c.jp	06-6264-5177	5410052	大阪府	大阪市中央区安土町２丁目３番１３号	大阪府大阪市中央区安土町２丁目３番１３号	会計・税務などのコンサルサービスを提供する企業	大阪府に拠点を置く会計・税務などのコンサルサービスを提供する企業です。主な事業は人材戦略コンサルティング事業であり、コンサルティング、財務コンサル、組織コンサル、経営コンサルなどを行っています。	コンサルティング	財務コンサル
株式会社榎ビジネスサポート	6120001138350	1	http://www.enoki-bs.co.jp/inquiry.html	http://www.enoki-bs.co.jp/		06-4964-2789	5410054	大阪府	大阪市中央区南本町２丁目４番６号	大阪府大阪市中央区南本町２丁目４番６号	事業継承・コスト削減・保険代理店などを手がける企業	2002年8月に設立された大阪府に拠点を置く企業です。金融、その他サービス、コンサルティングの分野で事業継承・コスト削減・保険代理店などを手がけています。主な業務には、損害保険エージェント事業、ビジネス承継支援事業、保険アドバイザリー事業、生命保険エージェント業があります。	コンサルティング	経営コンサル
株式会社日本シーアイオー	6120001141189	1	https://jcio.co.jp/contact-2/	https://jcio.co.jp/company_top/company_information/	info@jcio.co.jp	072-935-9197	5820025	大阪府	柏原市国分西１丁目１番６号	大阪府柏原市国分西１丁目１番６号	メーカー向けに予測ソフトを使ったコンサルティングを行う企業	大阪府に位置する企業です。メーカー向けに予測ソフトを使ったコンサルティングを行うことを主な事業としています。その他には販売アドバイザリー事業、職業相談事業、営業支援サービス事業、ソフトウェア流通事業の提供も行っており、主にIT、人材・アウトソーシング、コンサルティングなどの業界で活動しています。	コンサルティング	経営コンサル
株式会社ＮＪＫ	6120001142757	3	http://www.njkjp.com/contact/	https://njkjp.com/	info@njkjp.com	06-6455-1007	5300003	大阪府	大阪市北区堂島２丁目３番２号	大阪府大阪市北区堂島２丁目３番２号	助成金を利用したビジネスをサポートする企業	大阪府に位置する株式会社で、助成金を利用したビジネスをサポートすることを専門としています。主な業務には、補助金申請支援事業と人材採用支援事業があります。同社は2010年03月に設立され、人材・アウトソーシング、その他サービス、コンサルティング、財務コンサル、その他人材、その他サービスの分野で活動しています。	コンサルティング	財務コンサル
株式会社ネストソリューション	6120001145702	1	http://nest-s.co.jp/contact/index.html	https://www.nest-s.co.jp/		06-6924-5710	5340027	大阪府	大阪市都島区中野町５丁目８番３３号	大阪府大阪市都島区中野町５丁目８番３３号	IT・経営コンサル、Web制作などを手がける企業	2010年8月に設立された大阪府を拠点とするIT・経営コンサルやWeb制作などを手掛ける企業であり、広告・制作、コンサルティング、Web制作、経営コンサル、その他コンサルなどの業界で活動を行っています。彼らは海外ビジネスアドバイザリー事業や営業支援サービス事業に従事しています。	コンサルティング	経営コンサル
株式会社ＥＣ技研	6120001163555	0	https://www.ec-giken.com/contacts	http://www.ec-giken.com/	facebook@ec-giken.com	06-6785-1233	5500014	大阪府	大阪市西区北堀江１丁目２－２２	大阪府大阪市西区北堀江１丁目２－２２	オンラインストアの売上・利益改善のコンサルティングを行う企業	大阪府に本社を置くオンラインストアの売上・利益改善のコンサルティングを行う企業です。2010年5月に設立され、主にネットショップ構築事業および検索エンジン最適化対策事業を展開しています。ＩＴ、コンサルティング、その他ＩＴ、経営コンサル、ｅコマース業界において活動しております。	コンサルティング	経営コンサル
株式会社ＢＳクリエイト	6120001168174	4	http://bs-create.com/inquiry	http://bs-create.com		06-6484-0390	5420073	大阪府	大阪市中央区日本橋１丁目２番６号日本橋河辺ビル８Ｆ	大阪府大阪市中央区日本橋１丁目２番６号日本橋河辺ビル８Ｆ	印刷・Web企画・制作を手掛ける企業	大阪府に位置する印刷・Web企画・制作を手掛ける企業です。2011年11月に設立され、広告クリエイティブ事業、デザイン制作事業、財務・会計業務アウトソーシング事業、名刺作成事業、印刷物制作事業、ポスタープリント事業などを展開しています。広告・制作、人材・アウトソーシング、コンサルティング、デザイン、事務処理代行、広告制作、業務請負、人材派遣、紙媒体印刷、経営コンサルなどの業界で幅広い活動を行っています。	コンサルティング	経営コンサル
株式会社末永イノベーション経営	6120001168323	3	http://www.suenaga-keiei.co.jp/contactus/	https://www.suenaga-keiei.co.jp/	consul@suenaga-keiei.co.jp	06-6147-7812	5500004	大阪府	大阪市西区靱本町１丁目１１番７号	大阪府大阪市西区靱本町１丁目１１番７号	コンサル企業で、経営・人事などを支援企業	2012年1月に大阪府で設立されたコンサル企業です。同社は経営や人事などの支援企業として活動しており、主な事業として人事制度アドバイザリー事業、介護事業のコンサルティングサービス、人材戦略コンサルティング事業を展開しています。また、コンサルティング、医療コンサル、組織コンサル、経営コンサルなど幅広い業界で活動しています。	コンサルティング	経営コンサル
ＰＵＫＡＮＡＬＡホテルマネージメント株式会社	6120001178000	0	http://www.pukanala.co.jp/pages/soudan.html	http://www.pukanala.co.jp/	info@pukanala.co.jp	06-7501-3914	5330014	大阪府	大阪市東淀川区豊新５丁目４番２８号	大阪府大阪市東淀川区豊新５丁目４番２８号	ホテル・旅館の経営・運営をサポートする企業	 2013-06 に設立された大阪府に拠点を置く企業であり、ホテル・旅館の経営・運営をサポートする業務を行っています。主に資金管理支援事業を手がけ、人材・アウトソーシング、コンサルティング、財務コンサル、業務請負、経営コンサルの分野で活動しています。	コンサルティング	経営コンサル
株式会社グリーンリーフ	6120001179493	5	http://chiryoka-ouen.com/contact	https://chiryoka-ouen.com/	info@chiryoka-ouen.com	06-7505-1839	5500015	大阪府	大阪市西区南堀江１丁目１６番９号	大阪府大阪市西区南堀江１丁目１６番９号	整骨院の運営を支援するアドバイス・人事コンサルティング企業	大阪府に位置する整骨院の運営を支援するアドバイス・人事コンサルティング企業です。2012年9月に設立され、人材・アウトソーシング、教育、コンサルティング、塾・予備校、セミナー、組織コンサル、経営コンサルの業界で活動しています。グリーンリーフは教育支援事業と研修セミナー事業にも取り組んでいます。	コンサルティング	経営コンサル
株式会社ＱＬｉＣｏ	6120001195219	0	https://licolicolico.jimdo.com/contact/	https://qlico.wordpress.com/		06-6264-1350	5300041	大阪府	大阪市北区天神橋３丁目１－３５南森町岡藤ビル７０５	大阪府大阪市北区天神橋３丁目１－３５南森町岡藤ビル７０５	コストコンサル、KDDI代理店の企業	大阪府に拠点を置き、コストコンサルとしてのサービスやKDDI代理店としての営業を行う企業です。主に財務・会計業務アウトソーシング事業を展開しており、2015年12月に設立されました。人材・アウトソーシング、小売・販売・卸売、コンサルティング、携帯・通信回線販売代理店、人材派遣、経営コンサルの業界に参入しています。	コンサルティング	経営コンサル
アセントリード株式会社	6120001195251	2	https://www.ascentlead.co.jp/contact/	https://www.ascentlead.co.jp/	info@ascentlead.co.jp	06-6131-5752	5300001	大阪府	大阪市北区梅田１丁目１１番４－１１００号	大阪府大阪市北区梅田１丁目１１番４－１１００号	財務経営コンサルタント企業として、財務を中心に経営を支援する企業	2015年12月に大阪府に設立された財務経営コンサルタント企業です。主な業務としては、資金管理支援事業や経営管理システムの開発・提供事業を行っています。IT、コンサルティング、Webアプリ・サービス運営、財務コンサル、受託開発、経営コンサルの業界で活動しています。	コンサルティング	経営コンサル
株式会社エピソードホールディングス	6120001205778	1	http://episode-hd.jp/contact/	http://episode-hd.jp/	info@episode-hd.jp	06-6829-7748	5320011	大阪府	大阪市淀川区西中島７丁目１番２６号	大阪府大阪市淀川区西中島７丁目１番２６号	経営コンサルティング（MOBや事業譲渡などを手がける）	2017年5月22日に大阪府で設立された会社です。同社は、経営コンサルティングに特化しており、MOBや事業譲渡などの業務を手がけています。主な事業はビジネス承継支援であり、その他サービスやコンサルティング業界に属しています。	コンサルティング	経営コンサル
ｏｎｅ株式会社	6120101043987	1	https://hbs.one.ne.jp/one-form/contactform.html	https://www.one.jp/corp.html		072-484-4147	5900521	大阪府	泉南市樽井３丁目２３番２３号	大阪府泉南市樽井３丁目２３番２３号	医療分野向けクラウドサービス・コンサルティング企業	大阪府に拠点を置く医療分野向けクラウドサービス・コンサルティング企業で、1975年5月に設立されました。同社は研修セミナー事業、情報管理ソフトウェア販売事業、情報管理ソフトウェア開発事業などを展開し、IT、人材・アウトソーシング、コンサルティング、Webアプリ・サービス運営、セミナー、受託開発、経営コンサル、ソフトウェア販売などの幅広い業界にサービスを提供しています。	コンサルティング	経営コンサル
株式会社ニュービューティ	6120901033510	0	http://new-beauty.jp/post/postmail.html	https://new-beauty.jp/		079-440-1797	5610833	大阪府	豊中市庄内幸町２丁目２５番８号	大阪府豊中市庄内幸町２丁目２５番８号	営業改善や社員トレーニング、防災グッズなどの卸売りを手がける企業	大阪府を拠点に営業改善や社員トレーニング、防災グッズなどの卸売りを手がける企業です。同社はマーケティングコンサルティング事業、ペット用具販売事業、防災グッズ卸売事業、営業支援サービス事業、医療機器の卸売事業など、幅広い業務を展開しています。その産業は広告・制作、生活用品、IT、商社、小売・販売・卸売、コンサルティング、eコマース、その他専門商社、デザイン、動物・ペット、販促コンサル、医療機器商社、防災用設備・用品、その他コンサル、経営コンサルなどが含まれています。	コンサルティング	経営コンサル
株式会社篠田経営	6130001017545	1	https://www.shinoda-keiei.com/contact/#contact-form	https://www.shinoda-keiei.com/company/		075-361-9500	6008302	京都府	京都市下京区新町通五条下る蛭子町１１８番地１	京都府京都市下京区新町通五条下る蛭子町１１８番地１	企業の経営相談を行う企業	1981年に京都府で設立されたコンサルティング会社です。同社は、企業の経営相談を専門とし、経営コンサルティングに関するサービスを提供しています。	コンサルティング	経営コンサル
アイネックス株式会社	6130001019608	0	https://www.i-nex.co.jp/contact/	https://www.i-nex.co.jp/		075-353-7077	6008411	京都府	京都市下京区烏丸通四条下る水銀屋町６２０番地ＣＯＣＯＮ烏丸５階	京都府京都市下京区烏丸通四条下る水銀屋町６２０番地ＣＯＣＯＮ烏丸５階	京・大エリアで活躍する税理士法人	京都府を拠点に活動している税理士法人です。同社は、京・大エリアで税務アドバイザリー事業、税金対策事業、相続アドバイザリー事業、資金管理支援事業を展開しています。士業、コンサルティング、税理士、財務コンサル、資産運用コンサル、経営コンサルの分野で幅広いサービスを提供しています。	コンサルティング	経営コンサル
株式会社ルーフ	6130001029714	9	https://www.office-roof.co.jp/contact/	https://www.office-roof.co.jp/		075-935-4113	6018205	京都府	京都市南区久世殿城町３３０番地１	京都府京都市南区久世殿城町３３０番地１	広告や宣伝の企画制作、市場調査などの経営コンサルティングを行う、京都市南区の企業	2007年9月に設立された京都府南区の企業であり、広告や宣伝の企画制作、市場調査などの経営コンサルティングを行っています。主な事業内容は広告クリエイティブ事業、市場リサーチ事業、広告物デザイン制作事業です。京都府を拠点に、広告・制作、その他サービス、コンサルティング、Web制作、デザイン、広告制作、研究・調査・リサーチ、経営コンサルの業界にて活動しています。	コンサルティング	経営コンサル
株式会社アントレア	6130001031760	0	http://www.entreea.co.jp/contact/contact.html	http://www.entreea.co.jp/	info@entreea.co.jp	075-361-0256	6008491	京都府	京都市下京区室町通綾小路上る鶏鉾町４８０番地	京都府京都市下京区室町通綾小路上る鶏鉾町４８０番地	経営改善や不動産コンサルティングを行う企業	2008年4月に設立された京都府を拠点とする企業であり、経営改善や不動産コンサルティングを行っています。同社の主な事業内容には、マーケティングコンサルティング事業、不動産投資販売事業、企業内トレーニングアウトソーシング事業、Webマーケティング支援事業、人材戦略コンサルティング事業、検索エンジン最適化対策事業が含まれます。アントレアは金融、IT、人材・アウトソーシング、コンサルティングなどの業界で幅広いサービスを提供しています。	コンサルティング	経営コンサル
株式会社ＭＨＣアドバイザリーサービス	6130001047856	2	http://mhcas.com/?page_id=232	https://mhcas.com/company/companyoutline/		075-744-0370	6048242	京都府	京都市中京区西洞院通三条下る柳水町７１番地	京都府京都市中京区西洞院通三条下る柳水町７１番地	専門職を数多く擁する中小企業コンサルティング企業	2011年9月に創業された京都府に拠点を置く専門職を数多く擁する中小企業コンサルティング企業です。同社は教育支援事業、財務アドバイザリー事業、文書作成代行事業などを展開し、人材・アウトソーシング、教育、コンサルティング、塾・予備校、事務処理代行、財務コンサル、業務請負、経営コンサルなどの業界で活動しています。	コンサルティング	経営コンサル
株式会社フォース	6130001053292	4	http://force-biz.co.jp/contact.php	https://force-biz.co.jp/		06-4708-7309	5500011	大阪府	大阪市西区阿波座１丁目１３番１３号	大阪府大阪市西区阿波座１丁目１３番１３号			コンサルティング	経営コンサル
株式会社スペースチャンス	6130001054217	31	http://www.spacechance.co.jp/contact.html	https://www.spacechance.co.jp/	info@spacechance.co.jp	075-748-9999	6150014	京都府	京都市右京区西院巽町９番地	京都府京都市右京区西院巽町９番地	トレーディングカード販売に関するコンサルティングを提供している企業	2014年11月に京都府で設立された企業であり、トレーディングカード販売に関するコンサルティングを提供しています。主な業務は販売アドバイザリー事業であり、コンサルティング業界や販促コンサル、起業コンサル、経営コンサルなどの分野で活躍しています。	コンサルティング	経営コンサル
株式会社ミヤ計算センター	6140001011191	0	https://secret-anti-aging.ssl-lolipop.jp/miyamoto-tax/contact.html	http://www.miyamoto-tax.or.jp/miya.html		078-242-7147	6510093	兵庫県	神戸市中央区二宮町４丁目４番１号	兵庫県神戸市中央区二宮町４丁目４番１号	企業が経営の専門家として相談し、助言を与える業界企業	兵庫県に位置する経営コンサルティングの専門企業です。1975年6月1日に設立され、企業が経営に関して相談し、助言を受けることができます。コンサルティング業界で確かな実績を積み重ねています。	コンサルティング	経営コンサル
株式会社サンタサービス	6140001026066	0	http://santa-service.co.jp/inquiry/index.php	http://santa-service.co.jp/index.html	info@santa-service.co.jp	078-975-2288	6512113	兵庫県	神戸市西区伊川谷町有瀬８１２番地の６西神戸セントポリア２－３１０	兵庫県神戸市西区伊川谷町有瀬８１２番地の６西神戸セントポリア２－３１０	個人と法人に対する保険のカウンセリングを提供する企業	兵庫県を拠点に個人と法人に対する保険のカウンセリングを提供する企業です。1985年2月に設立され、住宅保険販売業や損害保険エージェント事業、ビジネス承継支援事業など幅広い業務を手がけています。金融やコンサルティング、保険などの分野で活動し、資産運用コンサルや保険代理店なども行っています。	コンサルティング	財務コンサル
ＣＧＩメディカル株式会社	6140001073224	7	http://www.cgi-med.com/form.html	https://www.cgi-med.com/		06-6125-0080	5410054	大阪府	大阪市中央区南本町２丁目４番１０号	大阪府大阪市中央区南本町２丁目４番１０号	医療・介護分野のビジネスコンサルおよびIT開発企業	2008年4月に設立された大阪府を拠点とする医療・介護分野のビジネスコンサルおよびIT開発企業です。同社は、主に医療施設向けのシステム開発事業に従事しており、ITやコンサルティング、Webアプリ・サービス運営、経営コンサルなどの業界で活動しています。	コンサルティング	経営コンサル
有限会社レグルス	6140002027006	18	http://regu-lus.jp/contact.html	https://www.regu-lus.jp/		078-976-0527	6511255	兵庫県	神戸市北区柏尾台２番地の２	兵庫県神戸市北区柏尾台２番地の２	医療機関の管理やビジネス業務を支援する企業	兵庫県に拠点を置く企業であり、医療機関の管理やビジネス業務を支援しています。2006年1月に設立された同社は、医療情報サービス、医療施設用システム開発、ビジネス承継支援、研修セミナーなどの事業を展開しており、医療・製薬・福祉、IT、人材・アウトソーシング、コンサルティングなどの幅広い業界にサービスを提供しています。	コンサルティング	経営コンサル
株式会社マネジメント・リソース	6150001010093	3	https://mrri.co.jp/contact	http://www.mrri.co.jp	info@mrri.co.jp	0744-45-5126	6330005	奈良県	桜井市大字忍阪１５５２番地の１	奈良県桜井市大字忍阪１５５２番地の１	経営および人事についてのアドバイスを提供する企業	奈良県に拠点を置く企業であり、経営および人事についてのアドバイスを提供しています。2007年4月に設立され、広告・制作、人材・アウトソーシング、コンサルティングなどの業界で活動しています。主な事業としては、チラシ・パンフレット作成、企業内トレーニングアウトソーシング、人材戦略コンサルティング、ポスターデザイン制作、広告物デザイン制作などがあります。	コンサルティング	経営コンサル
ありがとう株式会社	6150001016982	0	https://contact.ktmhp.com/about_link.php	https://www4.hp-ez.com/hp/amaterasu-arigato/	tera2012gaia@gmail.com	0745-71-7200	6390226	奈良県	香芝市五位堂１丁目４９３番地の１３	奈良県香芝市五位堂１丁目４９３番地の１３	商品・経営コンサルティング企業	奈良県に位置する商品・経営コンサルティング企業です。同社は商品開発アドバイザリー事業を展開しており、コンサルティング、販促コンサル、経営コンサル、その他コンサルの業界で活動しています。	コンサルティング	経営コンサル
株式会社ＴＳＲ	6170001006148	1	http://tsr401k.com/inquiry/index.html	http://tsyarousi.com/		073-435-4825	6408392	和歌山県	和歌山市中之島１５０８番地の２	和歌山県和歌山市中之島１５０８番地の２	確定拠出年金のコンサルティングを提供する企業	和歌山県に本社を構え、2007年01月に設立された確定拠出年金のコンサルティングを提供する企業である。同社は主に年金コンサル業を行っており、コンサルティングや財務コンサルを取り扱うコンサルティング業界に位置している。	コンサルティング	財務コンサル
株式会社アタックス	6180001029305	131	https://www.attax.co.jp/contactall/contact/	https://www.attax.co.jp		052-586-8811	4500002	愛知県	名古屋市中村区名駅４丁目４番１０号	愛知県名古屋市中村区名駅４丁目４番１０号	アタックスグループが率いる企業で、経営コンサルティングや税理士法人を運営している企業	愛知県に本社を構える企業であり、アタックスグループが率いる経営コンサルティングや税理士法人を運営しています。1981年10月1日に設立され、人材・アウトソーシング、コンサルティング、企業研修、組織コンサル、経営コンサルなどの業界でグループ企業経営事業を展開しています。	コンサルティング	経営コンサル
株式会社ＭＡＣコンサルタンツ	6180001040897	9	https://www.mac-g.co.jp/inquiry/	https://mac-g.co.jp/		03-6661-1591	4500002	愛知県	名古屋市中村区名駅３丁目２８番１２号	愛知県名古屋市中村区名駅３丁目２８番１２号	中小企業の経営支援を行う企業	愛知県に本社を構え、中小企業の経営支援を行う企業です。1986年10月に設立され、主な業務はビジネス承継支援事業と相続アドバイザリー事業です。その他サービス、コンサルティング、財務コンサル、資産運用コンサル、経営コンサルなど、幅広い業界で活動しています。	コンサルティング	経営コンサル
株式会社ＩＦＧ	6180001054047	2	http://www.ifg-inc.jp/inquiry.php	http://www.ifg-inc.jp/		052-778-9555	4640003	愛知県	名古屋市千種区新西２丁目１４番６号	愛知県名古屋市千種区新西２丁目１４番６号	グループ企業に財務・経営のアドバイスを提供するコンサルティング企業	愛知県に位置するコンサルティング企業であり、グループ企業に対して財務・経営のアドバイスを提供しています。会計・税務アドバイザリー事業および投資アドバイザリー事業を展開しており、2004年3月に設立されました。士業、その他サービス、コンサルティング業界において、会計士、財務コンサル、資産運用コンサル、研究・調査・リサーチ、経営コンサルという幅広い経験と専門知識を持っています。	コンサルティング	経営コンサル
株式会社ケイリーディング	6180001056225	0	http://www.kleading.co.jp/inquiry.html	http://www.kleading.co.jp/	info@kleading.co.jp	052-331-5215	4600012	愛知県	名古屋市中区千代田３丁目３３番２５号	愛知県名古屋市中区千代田３丁目３３番２５号	業務効率化のアドバイスや財務ソフトの販売を手がける企業	愛知県を拠点に業務効率化のアドバイスや財務ソフトの販売を手がける企業です。2006年に設立され、税金対策事業や研修セミナー事業などを展開しています。士業、人材・アウトソーシング、コンサルティング、コスト削減コンサルなど、多岐にわたる業界での貢献を行っています。	コンサルティング	財務コンサル
株式会社エツカインターナショナル	6180001056522	2	http://etsuka-group.com/?page_id=48	https://etsuka-group.com/		052-909-6665	4620017	愛知県	名古屋市北区落合町２００番地	愛知県名古屋市北区落合町２００番地	海外ビジネス支援と賃貸不動産管理企業	2002年に愛知県で設立された海外ビジネス支援と賃貸不動産管理企業です。同社は海外ビジネスアドバイザリー事業、言語サポートサービス事業、不動産投資物件仲介事業、人材戦略コンサルティング事業、不動産の即金化事業、グループ企業経営事業、商取引事業、人材採用支援事業を展開しています。株式会社エツカインターナショナルは、建設、生活用品、IT、人材・アウトソーシング、商社、不動産、小売・販売・卸売、コンサルティングなど、様々なインダストリーで活躍しています。	コンサルティング	経営コンサル
株式会社Ｓ－ｔａｔｉｏｎ	6180001057966	3	http://www.s-tation.jp/contact.html	https://www.s-tation.jp/company/	info@s-tation.biz	052-253-7093	4600007	愛知県	名古屋市中区新栄２丁目１番４号	愛知県名古屋市中区新栄２丁目１番４号	金融重視の経営アドバイザー企業	愛知県を拠点に金融重視の経営アドバイザー企業として活動しています。2006年7月の設立以来、広告・制作、コンサルティング、CM制作・映像制作、起業コンサル、経営コンサルなどの業界で幅広いサービスを提供しています。さらに、動画コンテンツ制作事業も展開しており、顧客のビジネスニーズに合わせたクリエイティブなソリューションを提供しています。	コンサルティング	経営コンサル
株式会社エムケーサポート	6180001060103	2	https://mk-support.webnode.jp/コンタクト/	https://mk-support.webnode.jp/	mk-info@mk-support.com	052-700-0790	4540824	愛知県	名古屋市中川区蔦元町２丁目７９番地の７	愛知県名古屋市中川区蔦元町２丁目７９番地の７	介護事業や太陽光発電・蓄電のメンテナンス支援企業	愛知県に拠点を置く介護事業や太陽光発電・蓄電のメンテナンス支援企業です。2006年12月に設立され、主に浄水器販売事業、太陽光発電パネル販売事業、介護用具販売事業、ウォーターサーバー事業を展開しています。当社は医療・製薬・福祉、建設、機械、コンサルティング業界において、浄水器、介護用品、太陽光パネル、経営コンサル等幅広い分野で経験と実績を持っております。	コンサルティング	経営コンサル
アールズコンサルティング株式会社	6180001072627	6	http://www.rsconsul.com/contact/index.html	http://www.rsconsul.com/	info@rsconsul.com	052-462-1940	4500002	愛知県	名古屋市中村区名駅２丁目４１番１０号	愛知県名古屋市中村区名駅２丁目４１番１０号	経営アドバイスや資金調達支援を提供する企業	愛知県に拠点を置く企業で、経営アドバイスや資金調達支援を提供しています。主な業務には補助金申請支援事業と資金管理支援事業が含まれており、その他サービス、コンサルティング、財務コンサル、経営コンサルなどの業界に携わっています。	コンサルティング	経営コンサル
ハーツアンドシップス株式会社	6180001073501	1	https://www.hearts-ships.jp/contact	https://www.hearts-ships.jp/	info@hearts.jp	052-741-3050	4640851	愛知県	名古屋市千種区今池南２９番２４号	愛知県名古屋市千種区今池南２９番２４号			コンサルティング	経営コンサル
ナフラック株式会社	6180001089984	9	https://www.nafrak.jp/%E3%81%8A%E5%95%8F%E5%90%88%E3%82%8F%E3%81%9B/	https://nafrak.jp/wp/profile/	info@nafrak.jp	052-971-2661	4500002	愛知県	名古屋市中村区名駅５丁目３８番５号	愛知県名古屋市中村区名駅５丁目３８番５号	経営や人事採用に関するコンサルティングを提供する企業	愛知県に位置する経営や人事採用に関するコンサルティングを提供する企業です。2010年8月に設立され、教育支援事業、物流アドバイザリー事業、販売アドバイザリー事業、フランチャイズチェーン運営支援事業、営業支援サービス事業、投資アドバイザリー事業、リスクマネジメントコンサルティング事業などの業務を行っています。主要業界は、人材・アウトソーシング、教育、コンサルティング、広告運用コンサル、塾・予備校、企業研修、販促コンサル、起業コンサル、資産運用コンサル、経営コンサル、その他コンサルです。	コンサルティング	経営コンサル
ＮＴＰホールディングス株式会社	6180001090513	63	http://www.ntpgroup.jp/secure/contact/	https://www.ntp-hd.com/	ntpg@ntp-g.com	052-683-7211	4560017	愛知県	名古屋市熱田区尾頭町２番２２号	愛知県名古屋市熱田区尾頭町２番２２号	名古屋トヨペット等を傘下に持つ企業	2010年10月に設立された愛知県に拠点を置く企業であり、名古屋トヨペットをはじめとするグループ企業の経営を手掛けています。主にコンサルティングと経営コンサルの業務を展開しており、幅広い分野での経営支援を提供しています。	コンサルティング	経営コンサル
株式会社隼クリエイト	6180001114569	0	https://www.hayabusacreate.jp/hayabusarennraku/	https://hayabusacreate.jp/	info@hayabusacreate.jp	052-263-0555	4600007	愛知県	名古屋市中区新栄２丁目３６番３２号エスト葵南２Ｆ号	愛知県名古屋市中区新栄２丁目３６番３２号エスト葵南２Ｆ号	企業がビジネスパートナーや顧客を見つける手助けをする企業	愛知県に位置する企業で、ビジネスパートナーや顧客を見つける手助けをすることを専門としています。彼らの主な業務には、ビジネス研修セミナー運営事業、マーケティングコンサルティング事業、セミナー企画・運営事業、縫製製造事業、研修セミナー事業、広告物デザイン制作事業、検索エンジン最適化対策事業、ビジネスマッチングサービス事業が含まれます。同社は2014年6月に設立され、工事・土木、広告・制作、製造、美容・アパレル、IT、人材・アウトソーシング、コンサルティングなどのさまざまな業界で活動しています。	コンサルティング	経営コンサル
有限会社がんばれ社長	6180002028925	2	http://www.e-comon.co.jp/contact/index.html	http://www.e-comon.co.jp/index.html		052-583-1750	4510045	愛知県	名古屋市西区名駅１丁目１－１７名駅ダイヤメイテツビル１１Ｆ	愛知県名古屋市西区名駅１丁目１－１７名駅ダイヤメイテツビル１１Ｆ	中小企業や個人事業主に対する経営コンサルティングを提供している企業	1991年3月に愛知県で設立され、中小企業や個人事業主に対して経営コンサルティングを提供しています。同社は人材・アウトソーシング、コンサルティング、企業研修、セミナー、販促コンサル、経営コンサルの業界で活動しており、販売アドバイザリー事業、セミナー企画・運営事業、研修セミナー事業、経営研修事業を展開しています。	コンサルティング	経営コンサル
モア経営コンサルティング株式会社	6180301007407	1	https://www.more8.com/toiawase.html	https://www.more8.com/	more.hino@gmail.com	0532-54-0058	4400806	愛知県	豊橋市八町通１丁目３９番地	愛知県豊橋市八町通１丁目３９番地	経営コンサルタントとWeb制作を手がける企業	1996年8月に設立された愛知県に拠点を置く経営コンサルタントとWeb制作を手がける企業です。主な事業内容は、チラシ・パンフレット作成、商品開発アドバイザリー、広告物デザイン制作などを行っており、広告・制作、人材・アウトソーシング、コンサルティング、Web制作などの業界で幅広い活動を展開しています。	コンサルティング	経営コンサル
株式会社ビジネスリンク	6180301008454	0	https://www.b-link.jp/contact/	https://www.b-link.jp/company-profile/	info@b-link.jp	0532-58-7020	4400881	愛知県	豊橋市広小路３丁目４５番地２	愛知県豊橋市広小路３丁目４５番地２	ビジネスコンサルティング・セミナー企業	2005年3月に愛知県で設立されたビジネスコンサルティング・セミナー企業です。同社では、販売アドバイザリー事業、マーケティングコンサルティング事業、講義者派遣事業、経営研修事業を展開しています。主な業界は人材・アウトソーシング、コンサルティング、企業研修、人材派遣、販促コンサル、組織コンサル、経営コンサルです。	コンサルティング	経営コンサル
株式会社ハクヨコーポレーション	6180301011788	11	http://www.hakuyo-ps.co.jp/contactform/	http://www.hakuyo-ps.co.jp/company/corporation/		0533-83-0894	4420888	愛知県	豊川市千歳通４丁目１８番地	愛知県豊川市千歳通４丁目１８番地	ハクヨグループの財産管理を担当する企業	愛知県に拠点を置き、株式会社ハクヨグループの財産管理を担当する企業です。1957年7月に設立され、生活関連サービスやコンサルティング業界において経営コンサルティング事業を展開しています。ジム・フィットネスや経営コンサルなど、多岐にわたる業界において専門知識を持つ信頼性の高い会社として知られています。	コンサルティング	経営コンサル
株式会社ワイズサービス・コンサルティング	6180301023503	3	https://www.yssc.jp/contact/index.html	https://www.yssc.jp/index.html	event@ys-s.net	03-6869-0430	4460032	愛知県	安城市御幸本町２番３号	愛知県安城市御幸本町２番３号	ビジネスアドバイザリーやトレーニングを提供する企業	愛知県に拠点を置くビジネスアドバイザリーやトレーニングを提供する企業です。2006年9月に設立され、セミナー企画・運営事業、企業内トレーニングアウトソーシング事業、経営研修事業などを展開しています。業界としては、人材・アウトソーシング、コンサルティング、企業研修、セミナー、経営コンサルに関わるサービスを提供しています。	コンサルティング	経営コンサル
株式会社百五総合研究所	6190001000891	26	https://www.hri105.co.jp/form/toiawase.html	https://www.hri105.co.jp/info/index.html		059-228-9105	5140838	三重県	津市岩田２１番２７号	三重県津市岩田２１番２７号	企業の経営上のアドバイスや支援を提供する企業	三重県に拠点を置く企業で、企業の経営上のアドバイスや支援を提供しています。ビジネスリサーチ事業、セミナー企画・運営事業、経済分析事業、印刷物製造・販売業、研修セミナー事業、企業内トレーニングアウトソーシング事業、講義者派遣事業、経営研修事業など、幅広い業務を展開しています。1985年7月に設立された同社は、広告・制作、人材・アウトソーシング、その他サービス、コンサルティング、メディア・出版などの業界で活動しています。	コンサルティング	経営コンサル
株式会社きらり	6200001008545	3	http://ki-ra-ri.co.jp/contact.html	https://www.ki-ra-ri.co.jp/	mail@ki-ra-ri.co.jp	058-265-2035	5008167	岐阜県	岐阜市東金宝町２丁目１４番地	岐阜県岐阜市東金宝町２丁目１４番地	ネットワークビジネス支援企業	岐阜県に拠点を置くネットワークビジネス支援企業です。同社は2006年10月に設立され、主にコンピューターおよびネットワークサポート事業、ネットワークインフラ設置事業を展開しています。また、広告・制作、IT、人材・アウトソーシング、コンサルティング、デザイン、ITインフラストラクチャー、業務請負、経営コンサルなど、幅広い業種に対してサービスを提供しています。	コンサルティング	経営コンサル
株式会社三宅経営情報サービス	6200001017307	0	http://www.m-mis.com/contact	https://www.m-mis.com/		0574-25-5501	5050041	岐阜県	美濃加茂市太田町１９４６番地の３	岐阜県美濃加茂市太田町１９４６番地の３	コンサルティング、ソフトウェア開発、事務用品販売を行う企業	岐阜県を拠点にコンサルティング、ソフトウェア開発、事務用品販売を行う企業です。1991年に設立され、金融、生活関連サービス、IT、人材・アウトソーシング、その他サービス、自動車・輸送、小売・販売・卸売、コンサルティングなどの業界で活動しています。主にビジネス研修セミナー運営事業、オフィス用品販売事業、給与計算システム開発事業、自動車整備事業、オフィス用品リース業など多岐にわたる事業を展開しています。	コンサルティング	経営コンサル
株式会社ごえん	6200001030061	4	http://goen5.com/qa/	https://goen5.com/		0573-64-8881	5080351	岐阜県	中津川市付知町６９５６番地１	岐阜県中津川市付知町６９５６番地１	地域の小規模商店を専門に支援するコンサルティング企業	2014年1月に岐阜県で設立されたコンサルティング企業です。地域の小規模商店を専門に支援し、教育用具販売事業、教材制作事業、販売アドバイザリー事業、営業支援サービス事業、メールマガジン配信サービス、ビジネスコンサルティング事業、経営研修事業などを展開しています。主要な業界は広告・制作、IT、人材・アウトソーシング、教育、eコマース、企業研修であり、その他広告・制作、販促コンサル、経営コンサル、その他コンサル、教材にも関わっています。	コンサルティング	経営コンサル
有限会社ビギン	6200002022495	1	https://woman-begin.com/contact/	https://woman-begin.com/	info@woman-begin.com	0572-21-6375	5070037	岐阜県	多治見市音羽町２丁目２３番地	岐阜県多治見市音羽町２丁目２３番地	女性スタッフがビジネスコンサルティングやエステティックサービスを提供する企業	2002年に岐阜県で設立された女性スタッフによる企業であり、ビジネスコンサルティングやエステティックサービスを提供しています。同社は広告・制作、美容・アパレル、エンタメ・娯楽などの産業において、イベントプランニング事業や営業支援サービス事業、イベント企画・運営事業、メールマガジン配信サービス、ビジネスコンサルティング事業などを展開しています。また、美容サロンやエステ、経営コンサルなどの分野でも活動しています。	コンサルティング	経営コンサル
有限会社ケイエーブレーンズ	6210002001069	2	https://kataoka-kea.jp/contact.html	https://kataoka-kea.jp/about.html		0776-21-1360	9100017	福井県	福井市文京２丁目１７番４号	福井県福井市文京２丁目１７番４号	企業の経営支援を行う企業	1986年に福井県で設立され、企業の経営支援を行うコンサルティング企業です。主に経営コンサルティングを提供しており、企業の成長や持続可能な発展をサポートしています。	コンサルティング	経営コンサル
株式会社日本都市開発研究所	6220001005144	4	https://www.toshi-kaihatsu.com/form/toshi-kaihatsu/contact	https://www.toshi-kaihatsu.com/		076-269-3048	9200364	石川県	金沢市松島２丁目１３８番地	石川県金沢市松島２丁目１３８番地	不動産開発企業	1988年12月に石川県で設立された不動産開発企業です。主な事業としては都市再生・再開発事業、賃貸物件事業、店舗デザイン企画事業、ショッピングセンター開発事業、地域開発事業、ビジネスコンサルティング事業などを行っています。建設、不動産、コンサルティングなどの一連の業務に携わり、不動産売買・仲介、住宅建築・開発、土地売買・賃貸、店舗デザイン、デベロッパー、商業施設企画・設計、経営コンサルなど幅広い業種に関与しています。	コンサルティング	経営コンサル
株式会社森戸コンサルタント・グループ	6240001011801	12	http://www.m-cg.co.jp/contact.html	http://www.m-cg.co.jp/		082-224-1414	7300017	広島県	広島市中区鉄砲町７番８号	広島県広島市中区鉄砲町７番８号	税務や起業支援を提供する企業	広島県を拠点に税務や起業支援を提供する企業です。1981年4月に設立され、士業、金融、コンサルティング業界で活動しています。同社は財務監査サービス、損害保険エージェント事業、税務アドバイザリー事業、相続アドバイザリー事業、生命保険エージェント業、税務申告書作成事業などを提供しています。	コンサルティング	財務コンサル
株式会社ＰＡＣ	6240001015059	4	https://pac-g.com/contact.html	https://pac-g.com/		082-243-9669	7300022	広島県	広島市中区銀山町３番１７号	広島県広島市中区銀山町３番１７号	飲食店や経営者の教育プログラムを提供する企業	広島県に所在する企業であり、飲食店や経営者の教育プログラムを提供しています。1990年2月に設立され、バー・パブ運営事業、補習授業校運営事業、起業家養成セミナーの運営事業、経営研修事業を中心に展開しています。主要業種は、飲食・外食、人材・アウトソーシング、教育、コンサルティングなど多岐にわたります。	コンサルティング	経営コンサル
株式会社スリークラス	6240001041930	1	http://threeclass.net/contact	http://threeclass.net/	info@threeclass.net	084-927-1550	7200031	広島県	福山市三吉町４丁目３番１６－１０６号	広島県福山市三吉町４丁目３番１６－１０６号	中小企業をサポートする経営コンサルティング企業	広島県に拠点を置く経営コンサルティング企業です。中小企業の成長をサポートするため、市場リサーチ事業、海外ビジネスアドバイザリー事業、商品開発アドバイザリー事業、心理支援サービス事業、検索エンジン最適化対策事業などを提供しています。2011年12月に設立され、医療・製薬・福祉、広告・制作、ITなど幅広い業界において総合的なコンサルティングサービスを提供しています。	コンサルティング	総合系コンサル
株式会社品質経営創造研究所	6240001047762	1	http://www.qm-creationlab.co.jp/contact/	https://qm-creationlab.co.jp/		082-836-6985	7330815	広島県	広島市西区己斐上２丁目１８－５	広島県広島市西区己斐上２丁目１８－５	小規模ビジネスの経営改善をサポートするコンサルティング企業	広島県に本社を置くコンサルティング企業です。小規模ビジネスの経営改善をサポートすることを専門としており、地方創生事業や製造工程管理システム開発事業を展開しています。2015年6月に設立され、IT、不動産、コンサルティング、Webアプリ・サービス運営、受託開発、デベロッパー、経営コンサルといった幅広い産業に関与しています。	コンサルティング	経営コンサル
株式会社ａｔｍａｒｋ	6240001050378	2	http://www.a10-mark.co.jp/contact/	https://www.a10-mark.co.jp/		082-207-2788	7300036	広島県	広島市中区袋町５番２８号和光広島ビル４Ｆ－Ｆ号室	広島県広島市中区袋町５番２８号和光広島ビル４Ｆ－Ｆ号室	携帯電話やインターネット回線の販売をサポートする企業	広島県に本社を構える企業であり、携帯電話やインターネット回線の販売をサポートすることを専門としています。2016年12月22日に設立され、人材・アウトソーシング、エンタメ・娯楽、コンサルティング、企業研修、イベント、人材派遣、経営コンサルの各業界で活動しています。また、イベントプランニング事業、イベント企画・運営事業、企業内トレーニングアウトソーシング事業、販売スタッフ派遣事業も展開しています。	コンサルティング	経営コンサル
クレジオ・パートナーズ株式会社	6240001052639	22	https://cregio.jp/contact/	https://cregio.jp/company/		082-243-9740	7300031	広島県	広島市中区紙屋町１丁目１番１７号広島ミッドタウンビル	広島県広島市中区紙屋町１丁目１番１７号広島ミッドタウンビル			コンサルティング	経営コンサル
マネジメントコンサルティング株式会社	6240001055179	1	https://mcc.jp.net/contactus/	https://mcc.jp.net/		050-7114-0556	7200041	広島県	福山市寺町９－１２－３Ｆ	広島県福山市寺町９－１２－３Ｆ	資産形成や起業支援を提供する企業	広島県に拠点を置き、資産形成や起業支援を提供する企業です。会計システムコンサルティング事業、税務アドバイザリー事業、保険アドバイザリー事業、会計・税務アドバイザリー事業、社会保険手続き代行サービス事業を展開しています。2019年11月1日に設立され、士業、人材・アウトソーシング、コンサルティング、税理士、会計士、財務コンサル、人材派遣、資産運用コンサル、経営コンサルなどの業界での活動を行っています。	コンサルティング	経営コンサル
女性創業応援やまぐち株式会社	6250001015248	2	https://wisy.co.jp/contact/	https://wisy.co.jp/	sougyo@furusatoyamaguchi.net	083-933-6177	7540041	山口県	山口市小郡令和１丁目１番１号	山口県山口市小郡令和１丁目１番１号	女性起業をサポートする企業が山口県にあります	山口県に本社を置く女性起業をサポートする企業です。2015年4月に設立されたこの会社は、主に経営研修事業を展開し、人材・アウトソーシング、コンサルティング、企業研修、経営コンサルの業界で活動しています。	コンサルティング	経営コンサル
有限会社スタイルクリエイション	6280002006796	1	http://style-c.co.jp/contact	https://style-c.co.jp/		0853-21-0759	6930001	島根県	出雲市今市町７６４番地１	島根県出雲市今市町７６４番地１	企業経営のコンサルタントと、ファッションと雑貨の販売がある企業		コンサルティング	経営コンサル
株式会社ジーコム	6290001019014	7	https://gcom-net.co.jp/contact/	https://www.gcom-net.co.jp/company/		092-761-0221	8100001	福岡県	福岡市中央区天神４丁目１番１号第７明星ビル	福岡県福岡市中央区天神４丁目１番１号第７明星ビル	マーケティング・コンサルティング企業、アンケートおよびオンラインリサーチを実施企業	1989年4月に設立された福岡県を拠点にするマーケティング・コンサルティング企業です。同社は、マーケティングコンサルティング事業、販売アドバイザリー事業、営業支援サービス事業、ビジネスコンサルティング事業を展開し、アンケートやオンラインリサーチを実施しています。主にその他サービス、コンサルティング、販促コンサル、研究・調査・リサーチ、経営コンサル、その他コンサルの業界に属しています。	コンサルティング	経営コンサル
株式会社システムコンストラクション	6290001022579	2	http://www.sys-con.jp/toi.html	http://www.sys-con.jp/	admin@sys-con.jp	092-432-3003	8120011	福岡県	福岡市博多区博多駅前４丁目３１番１－１００２号	福岡県福岡市博多区博多駅前４丁目３１番１－１００２号	経営や医療関連のコンサルティングを行う企業	福岡県に拠点を置く企業であり、経営や医療関連のコンサルティングを行っています。当社の事業には、ネットワークインフラ設置事業、セミナー企画・運営事業、研修セミナー事業、システムインテグレーション事業、医療開業支援業などが含まれており、広告・制作、IT、人材・アウトソーシング、コンサルティング、Webアプリ・サービス運営、医療コンサル、企業研修、Web制作、セミナー、ITインフラストラクチャー、経営コンサルといった多岐にわたる業界で活動しています。	コンサルティング	経営コンサル
株式会社タックスクラブ	6290001028436	0	http://form1.fc2.com/form/?id=279505	http://taxmember.web.fc2.com/		092-643-5575	8120054	福岡県	福岡市東区馬出１丁目１３番９号	福岡県福岡市東区馬出１丁目１３番９号			コンサルティング	財務コンサル
株式会社グッドラック	6290001034475	4	http://good--luck.com/inquiry/index.html	https://good--luck.com/		092-607-4896	8110202	福岡県	福岡市東区和白２丁目１２番１号	福岡県福岡市東区和白２丁目１２番１号	「クーニャンラーメン赤のれん」を運営するとともに、飲食店のコンサルティングも行う企業	福岡県を拠点に、「クーニャンラーメン赤のれん」の運営や飲食店のコンサルティングを行う企業です。中華・ラーメンの経営コンサルを中心に展開し、ラーメン店舗の運営事業を行っています。	コンサルティング	経営コンサル
スペクトラムアンドパートナーズ株式会社	6290001037908	5	http://www.spectrum-ap.co.jp/contact.html	http://www.spectrum-ap.co.jp/index.html	info@spectrum-ap.co.jp	092-725-6226	8100042	福岡県	福岡市中央区赤坂３丁目４番３７号	福岡県福岡市中央区赤坂３丁目４番３７号	経営アドバイザリーやデザイン企業	福岡県に拠点を置く経営アドバイザリーやデザイン企業です。2010年2月に設立され、主な事業は電気設備メンテナンス、エレベーター取り付け工事、内装施工、クリーニング代行、ガス配管施工など多岐にわたります。建設、工事・土木、機械、生活関連サービス、その他サービス、コンサルティング、エレベーター・エスカレーターなどの産業分野で幅広いサービスを提供しています。	コンサルティング	経営コンサル
株式会社エムシー・マネジメント	6290001055752	2	http://www.mcmanagement.jp/contact	https://mcmanagement.jp/	info@mcmanagement.jp	03-5464-8746	8100001	福岡県	福岡市中央区天神４丁目２番３６号	福岡県福岡市中央区天神４丁目２番３６号	企業のM&Aに関してアドバイザリーを行う企業	福岡県に所在する企業のM&Aに関してアドバイザリーを行う企業です。2002年2月に設立され、ビジネス承継支援事業を展開しています。その他サービス、コンサルティング、経営コンサルの産業に所属しています。	コンサルティング	経営コンサル
古賀マネージメント総研株式会社	6290001058763	4	https://kogamanage.co.jp/contact/	https://kogamanage.co.jp/company/	info@kogamanage.co.jp	092-471-5678	8120011	福岡県	福岡市博多区博多駅前２丁目１番１号福岡朝日ビル７階	福岡県福岡市博多区博多駅前２丁目１番１号福岡朝日ビル７階	ベンチャー企業のためのコンサルティング企業	福岡県に拠点を置くベンチャー企業のためのコンサルティング企業です。同社はマーケティングコンサルティング事業やセミナー企画・運営事業、研修セミナー事業、人材戦略コンサルティング事業を展開しています。2012年2月に設立され、主に人材・アウトソーシング、コンサルティング、セミナー、販促コンサル、組織コンサル、経営コンサルの業界で活動しています。	コンサルティング	経営コンサル
イシズエワークス株式会社	6290001059778	2	https://ishizueworks.com/contact/	https://ishizueworks.com/	info@ishizueworks.com	092-481-3226	8120011	福岡県	福岡市博多区博多駅前２丁目１９番１７号トーカン博多第５ビル３１２号室	福岡県福岡市博多区博多駅前２丁目１９番１７号トーカン博多第５ビル３１２号室	経営改善とシステム導入の支援企業	福岡県に位置する経営改善とシステム導入の支援企業です。2012年6月1日に設立され、営業活動支援システム開発事業、広告物デザイン制作事業、名刺作成事業、システムインテグレーション事業、人材採用支援事業を展開しており、広告・制作、IT、人材・アウトソーシング、コンサルティング、Webアプリ・サービス運営、企業研修、Web制作、広告制作などのさまざまな業種で活動しています。	コンサルティング	経営コンサル
株式会社ディーテス	6290001060950	1	http://dtes.co.jp/mail/	http://dtes.co.jp/		092-483-1701	8920819	鹿児島県	鹿児島市柳町１２－４－３０１	鹿児島県鹿児島市柳町１２－４－３０１	企業向け経営相談・研修を提供する企業	福岡県に拠点を置き、企業向け経営相談・研修を提供する企業です。主な業務として講義者派遣事業や経営研修事業を展開しています。人材・アウトソーシング、コンサルティング、企業研修、人材派遣、経営コンサルに関するサービスを提供しています。	コンサルティング	経営コンサル
株式会社成功コンサルタント	6290001073531	11	https://www.seikou-consulting.com/contact/	https://www.seikou-consulting.com/company/		092-292-1855	8120054	福岡県	福岡市東区馬出１丁目１７番１号ＥＣＯ信頼ビル	福岡県福岡市東区馬出１丁目１７番１号ＥＣＯ信頼ビル	省エネ商材の販売ビジネスについてコンサルティングを行う企業	2016年4月14日に福岡県に設立された企業です。同社は省エネ商材の販売ビジネスについてコンサルティングを行い、営業支援サービス事業を展開しています。主にコンサルティング、経営コンサル、その他コンサルの業界で活動しています。	コンサルティング	経営コンサル
株式会社ミーガルワークス	6290801020146	0	https://vi-consulting.co.jp/contact/	https://vi-consulting.co.jp/		093-513-5188	8020001	福岡県	北九州市小倉北区浅野３丁目８番１号	福岡県北九州市小倉北区浅野３丁目８番１号	中小企業や女性に特化した経営コンサルティング会社	福岡県に拠点を構える中小企業や女性に特化した経営コンサルティング会社です。同社は、ビジネス承継支援事業や営業支援サービス事業を展開しており、その他サービスやコンサルティング、経営コンサルに関するサービスも提供しています。	コンサルティング	経営コンサル
株式会社ＳＡＫＵ	6290801021821	4	https://www.pon-q-pon.com/contact/	https://www.pon-q-pon.com/		092-710-4343	8120033	福岡県	福岡市博多区大博町七丁目１２番１０２	福岡県福岡市博多区大博町七丁目１２番１０２	経営や菓子製造・販売を行う企業（グルテンフリー対応商品あり）企業	2015年8月に設立された福岡県を拠点とする企業であり、経営や菓子製造・販売を中心に事業展開しています。同社は、グルテンフリー対応商品を提供しており、マーケティングコンサルティング、菓子販売、菓子の生産・製造、菓子の卸売り業、そして地域開発など、さまざまな事業を展開しています。食品、IT、不動産、小売・販売・卸売、コンサルティング、洋菓子、販促コンサル、お菓子屋、デベロッパー、経営コンサル、eコマースなど、多岐にわたる業界で幅広い活動を行っています。	コンサルティング	経営コンサル
株式会社ＨＡＣ	6310001003543	9	http://www.hacg.jp/contact.html	https://www.hacg.jp/		095-894-8808	8500045	長崎県	長崎市宝町５番５号ＨＡＣビル内	長崎県長崎市宝町５番５号ＨＡＣビル内	税務サポート・保険販売企業		コンサルティング	経営コンサル
株式会社ストラテジックアライアンス	6330001023614	1	http://www.sa-mas.jp/contact	http://www.sa-mas.jp/about		096-334-1877	8600831	熊本県	熊本市中央区八王寺町３０番１号メインプレイス熊本南６Ｆ－Ｅ	熊本県熊本市中央区八王寺町３０番１号メインプレイス熊本南６Ｆ－Ｅ	｢MAS監査｣サービスで経営コンサルティングを提供する企業	2017年1月10日に熊本県で設立された経営コンサルティング企業です。同社は｢MAS監査｣サービスを提供し、コンサルティング業界で活動しています。	コンサルティング	経営コンサル
ルートの森株式会社	6330001025759	2	https://www.zai-ken.jp/contact/	https://www.zai-ken.jp/company/		096-374-7040	8600844	熊本県	熊本市中央区水道町８番１７号三島ビル１Ｆ	熊本県熊本市中央区水道町８番１７号三島ビル１Ｆ	企業コンサルティングの専門家ランチェスター法則や経営計画を活用したサービス提供企業	熊本県を拠点にする企業コンサルティングの専門家です。ランチェスター法則や経営計画を活用したサービス提供企業として、セミナー企画・運営事業、研修セミナー事業、経営研修事業を展開しています。2018年10月15日に設立され、人材・アウトソーシング、コンサルティング、企業研修、セミナー、経営コンサルの業界で活躍しています。	コンサルティング	経営コンサル
有限会社コストマネジメント	6330002025031	0	https://www.b-mall.ne.jp/secretaryinquiry/edit/	https://www.b-mall.ne.jp/company/sanbou/#cmpy_info		096-312-5858	8600004	熊本県	熊本市中央区新町２丁目４－１６ライオンズマンション古城堀端公園第２　６０５号	熊本県熊本市中央区新町２丁目４－１６ライオンズマンション古城堀端公園第２　６０５号	ビジネス支援やマーケティング手段の提供をする会社	2003年に熊本県で設立されたビジネス支援やマーケティング手段の提供をする会社です。同社はマーケティングコンサルティング事業、販売アドバイザリー事業、経営研修事業を展開し、人材・アウトソーシング、コンサルティング、企業研修、販促コンサル、経営コンサルの業界で活動しています。	コンサルティング	経営コンサル
株式会社アクロス	6340001016096	5	http://across-consul.com/contact/inq.html	http://across-consul.com/		099-202-0344	8910175	鹿児島県	鹿児島市桜ヶ丘５丁目３２番地２	鹿児島県鹿児島市桜ヶ丘５丁目３２番地２	福祉コンサルタント、労働者派遣、Web制作などを手掛ける企業		コンサルティング	経営コンサル
有限会社舞システム企画	6340002016194	0	http://www.maisystem.co.jp/premiumdoc_food_form.html	https://www.maisystem.co.jp/	iso@maisystem.co.jp	0995-66-0777	8900045	鹿児島県	鹿児島市武１丁目２－１０ＪＲ鹿児島中央ビル４Ｆ	鹿児島県鹿児島市武１丁目２－１０ＪＲ鹿児島中央ビル４Ｆ	ISO認証の支援を提供する企業	1995年に設立された鹿児島県を拠点とする企業です。同社は、主にISO認証の支援を提供するシステムインテグレーション事業を展開しており、IT、コンサルティング、Webアプリ・サービス運営、受託開発、経営コンサルの分野において幅広いサービスを提供しています。	コンサルティング	経営コンサル
株式会社一品堂	6350001004496	3	http://www.ippindo-group.com/mailform/index.html	https://www.ippindo-group.com/company.html	info.tokyo@ippindo.biz		1070052	東京都	港区赤坂４丁目２番８号	東京都港区赤坂４丁目２番８号	企業の経営相談をサポートする企業	東京都を拠点に、企業の経営相談をサポートする企業です。2004年5月に設立され、コンサルティング及び経営コンサル業界で活躍しています。主にグループ企業経営事業を展開しています。	コンサルティング	経営コンサル
株式会社スマイルリード	6350001013415	0	http://www.smile-lead.com/contact/index.html	http://smile-lead.com/		0986-51-6133	8891901	宮崎県	北諸県郡三股町大字樺山３２７６番地７	宮崎県北諸県郡三股町大字樺山３２７６番地７	中小企業向け、オンラインでの研修やコンサルティングを提供する企業	宮崎県を拠点に中小企業向けにオンラインでの研修やコンサルティングを提供する企業です。保険アドバイザリー事業やビジネスコンサルティング事業を展開し、人材・アウトソーシング、コンサルティング、企業研修、資産運用コンサル、経営コンサルの業界で活動しています。2015年5月に設立されました。	コンサルティング	経営コンサル
株式会社シー・エス・ジャパン	6360001018611	0	https://cs-japan.net/contact/	http://www.cs-japan.net/ja		0980-87-6450	1040061	東京都	中央区銀座１丁目１５番７号ＭＡＣ銀座ビル３階	東京都中央区銀座１丁目１５番７号ＭＡＣ銀座ビル３階	海外企業の顧客サポートアウトソーシング企業	東京都を拠点にする海外企業の顧客サポートアウトソーシング企業です。2014年9月に設立され、コンサルティングと経営コンサル業界で活動しています。	コンサルティング	経営コンサル
株式会社リベラ	6370001019402	1	http://www.rivela.jp/contactform/	http://www.libera-re.jp/	info2@rivela.jp	022-799-7222	9830824	宮城県	仙台市宮城野区鶴ケ谷１丁目３７番１号２０２	宮城県仙台市宮城野区鶴ケ谷１丁目３７番１号２０２	事業不動産と経営支援を提供する企業	宮城県に位置する事業不動産と経営支援を提供する企業であり、1989年8月に設立されました。主な業務としては土地取引事業と店舗デザイン企画事業を展開しており、建設、不動産、コンサルティング、不動産コンサル、土地売買・賃貸、店舗デザイン、その他不動産、経営コンサル、インテリア系デザインなどの業界で活動しています。	コンサルティング	経営コンサル
ピービーエスコンサルティング有限会社	6370002020697	1	http://www.pbsconsulting.co.jp/contact.html	http://www.pbsconsulting.co.jp/index.html	info@pbsconsulting.co.jp	022-358-3414	9813131	宮城県	仙台市泉区七北田字日野１６２番地	宮城県仙台市泉区七北田字日野１６２番地	ISO認証コンサルティング企業	宮城県に本社を置くISO認証コンサルティング企業です。2005年8月に設立され、営業支援サービス事業、衛生アドバイザリー事業、環境アドバイザリー事業、食品アドバイザリー業務を主な業務としています。コンサルティング業界を中心に、環境コンサル、飲食コンサル、起業コンサル、経営コンサルなど、さまざまなコンサルティングサービスを提供しています。	コンサルティング	経営コンサル
ニア・コンサルティング株式会社	6380001012141	1	https://near-consulting.jp/contact/	http://www.near-consulting.jp/	info@near-consulting.jp	024-525-0205	9608252	福島県	福島市御山字田中２２番地の７	福島県福島市御山字田中２２番地の７	労務や助成金診断、企業支援を提供する企業	福島県に位置する企業であり、労務や助成金診断、企業支援を提供しています。保険アドバイザリー事業や補助金申請支援事業を行っており、2009年12月に設立されました。その他サービス、コンサルティング、資産運用コンサル、経営コンサルなどの業界で活動しています。	コンサルティング	経営コンサル
有限会社インキューブ	6380002027329	1	http://in-cube.co.jp/?page_id=35	http://in-cube.co.jp/	sato@in-cube.co.jp	0246-46-1151	9708043	福島県	いわき市中央台鹿島１丁目４４番地の１３	福島県いわき市中央台鹿島１丁目４４番地の１３	ビジネスやITのプロフェッショナルが集う会社	福島県に所在するビジネスやITのプロフェッショナルが集う会社です。2003年に設立された同社は、ウェブサイトのコンサルティング事業や起業家養成セミナーの運営事業を行っています。主な業界は人材・アウトソーシング、コンサルティング、企業研修、ITコンサル、セミナー、経営コンサルです。	コンサルティング	経営コンサル
有限会社ＳＨＩＮコンサルティング	6380002033921	4	http://www.shin-consul.com/contact.html	http://www.shin-consul.com/company.html		0242-26-5140	9650874	福島県	会津若松市南花畑３番１６号	福島県会津若松市南花畑３番１６号	ERP導入や経営管理システムの開発に特化したコンサルティング企業	福島県に拠点を置くERP導入や経営管理システムの開発に特化したコンサルティング企業です。同社の主な業務は海外ビジネスアドバイザリー事業、経営管理システム開発・提供事業、およびシステムインテグレーション事業です。IT、コンサルティング、Webアプリ・サービス運営、受託開発、経営コンサルなどのさまざまな業界において展開しており、幅広いニーズに対応しています。	コンサルティング	経営コンサル
有限会社経営システム研究室	6390002007271	1	http://www.keiei-sys.co.jp/otoiawase/	http://www.keiei-sys.co.jp/		0234-31-0200	9980103	山形県	酒田市錦町５丁目６７番地の１２３	山形県酒田市錦町５丁目６７番地の１２３	社会福祉団体を中心にビジネスコンサルティングを提供する企業	山形県に所在する企業です。同社は主に社会福祉団体を中心にビジネスコンサルティングを提供しており、経営研修事業を行っています。人材・アウトソーシング、コンサルティング、企業研修、経営コンサルの業界で活動しています。	コンサルティング	経営コンサル
株式会社グッドフューチャー	6410001008425	1	http://www.good-future.jp/contact/index.html	http://www.good-future.jp/index.html		018-893-5828	0100943	秋田県	秋田市川尻御休町１４番１３号	秋田県秋田市川尻御休町１４番１３号	全国的にパチンコ店の総合コンサルティングを行なう企業	2009年9月に秋田県で設立された全国的にパチンコ店の総合コンサルティングを行なう企業です。主に営業支援サービス事業を展開し、コンサルティング業界や経営コンサル、その他コンサルの分野で活動しています。ロケーションや業務により、国内のパチンコ業界において強力なリーダーシップを発揮しています。	コンサルティング	経営コンサル
ワイデックス・コンサルティング株式会社	6420001008325	1	http://widex.co.jp/contact/	http://widex.co.jp/		0173-35-9825	0370044	青森県	五所川原市字元町４８番地	青森県五所川原市字元町４８番地	意思決定支援や経営相談を提供する事業企業	1994年に設立され、青森県に本社を置く意思決定支援や経営相談を提供する事業企業です。同社の主な業務はマーケティングコンサルティング事業、セミナー企画・運営事業、市場リサーチ事業、研修セミナー事業、企業内トレーニングアウトソーシング事業、商品開発アドバイザリー事業、ビジネスコンサルティング事業、経営研修事業などです。同社は人材・アウトソーシング、その他サービス、コンサルティング、企業研修、セミナー、販促コンサル、研究・調査・リサーチ、経営コンサル、その他コンサルの業界で活動しています。	コンサルティング	経営コンサル
三八城サポート有限会社	6420002010809	8	https://www.miyasapo.com/contact/	https://www.miyasapo.com/	info@a-miyagi.jp	0178-38-9275	0310075	青森県	八戸市内丸１丁目１番４７号	青森県八戸市内丸１丁目１番４７号	企業が代わりに帳簿をつけたり、ビジネスの講習を実施する会社	2006年1月に青森県で設立された企業です。同社は、企業が代わりに帳簿をつけたり、ビジネスの講習を実施することを主な業務としています。また、資産管理アドバイザリー事業や経営研修事業を展開しており、人材・アウトソーシング、コンサルティング、企業研修、事務処理代行、資産運用コンサル、経営コンサルなどの業界において幅広いサービスを提供しています。	コンサルティング	経営コンサル
株式会社アイカンシャ	6430001040707	1	https://aikansha.co.jp/contact	https://aikansha.co.jp/		011-887-8066	0040802	北海道	札幌市清田区里塚二条６丁目２１番５号	北海道札幌市清田区里塚二条６丁目２１番５号	経営のアドバイスや訪問美容、アプリの開発を手がける企業	2009年5月に北海道で設立された企業であり、経営のアドバイスや訪問美容、アプリの開発などの事業を手がけています。同社は、イベントプランニング事業、マーケティングコンサルティング事業、市場リサーチ事業、電話応対代行事業、訪問美容サービス事業、モバイルアプリケーション開発事業、営業支援サービス事業、クリーニング代行事業などを展開しており、広告・制作、美容・アパレル、IT、人材・アウトソーシング、エンタメ・娯楽、その他サービス、コンサルティングなどの多岐にわたる産業に活動領域を持っています。	コンサルティング	経営コンサル
チアリードエンジェル株式会社	6430001041655	0	https://chu-cheerlead-angel.ssl-lolipop.jp/html/inquiry.html	https://cheerlead-angel.co.jp/	info@cheerlead-angel.co.jp	011-211-0371	0640809	北海道	札幌市中央区南九条西３丁目１０番地９６札幌ＫＳビル３階３０４号	北海道札幌市中央区南九条西３丁目１０番地９６札幌ＫＳビル３階３０４号	個人・法人向け経営コンサルティング企業	2009年10月に北海道で設立された個人・法人向け経営コンサルティング企業です。同社はセミナー企画・運営事業、研修セミナー事業、健康講座運営事業、経営研修事業などを手がけています。人材・アウトソーシング、教育、コンサルティング、企業研修、セミナー、各種スクール・教室、経営コンサルなどの業界に取り組んでいます。	コンサルティング	経営コンサル
フレームコレクション有限会社	6430002009412	0	http://www.phrame.co.jp/contact.html	http://phrame.co.jp/	info@phrame.co.jp	011-596-9111	0600062	北海道	札幌市中央区南二条西１丁目１７番地	北海道札幌市中央区南二条西１丁目１７番地	美容に特化したコンサルティングファーム企業	1999年6月に北海道で設立された美容に特化したコンサルティングファーム企業です。同社は、給与処理アウトソーシング事業、美容室・サロン経営コンサルティング業、財務・会計業務アウトソーシング事業を主に展開しています。また、人材・アウトソーシング、コンサルティング、業務請負、人材派遣、経営コンサルの業界で活動しております。	コンサルティング	経営コンサル
有限会社ファインド	6430002037792	0	http://www.jagajaga.jp/index.php/inquiry/	https://jagajaga.jp/index.php/about/outline/	findsapporo@gmail.com		0640953	北海道	札幌市中央区宮の森三条４丁目２番５－４０５号	北海道札幌市中央区宮の森三条４丁目２番５－４０５号	飲食店専門のコンサルティング企業	2003年8月に北海道で設立された飲食店専門のコンサルティング企業です。主な業務は、広告クリエイティブ事業、マーケティングコンサルティング事業、顧客情報管理システム開発事業、商品開発アドバイザリー事業、食品アドバイザリー業務などを提供しています。広告・制作、IT、コンサルティング、Webアプリ・サービス運営などの業界において、幅広いサービスを提供しており、飲食業界における販促コンサルや経営コンサルなどのコンサルティングニーズに応えています。	コンサルティング	経営コンサル
株式会社みどり未来パートナーズ	6470001011885	0	https://midori-ma.jp/contact/	https://midori-ma.jp/		087-834-0109	7600073	香川県	高松市栗林町１丁目１８番３０号	香川県高松市栗林町１丁目１８番３０号	M&Aコンサルティング企業	1987年3月に設立された香川県を拠点にするM&Aコンサルティング企業である。同社は主にコンサルティング業務や経営コンサルティングに力を入れており、幅広い業界に向けたサービスを提供している。	コンサルティング	経営コンサル
株式会社ひまわりコンサルティング	6480001003304	0	http://www.himawari-consulting.com/asp/formitem.asp?fm_id=1	http://himawari-consulting.com/	info@himawari-consulting.com	088-653-3255	7700912	徳島県	徳島市東新町２丁目９番地１	徳島県徳島市東新町２丁目９番地１	企業の立ち上げや買収を支援するコンサルティング企業	徳島県に拠点を置き、企業の立ち上げや買収を支援するコンサルティング企業です。主な事業はビジネス承継支援であり、1996年10月に設立されました。業界はその他サービスの一環であり、経営コンサルティングにも取り組んでいます。	コンサルティング	経営コンサル
株式会社事業パートナー	7010001000990	3	https://saisei-jigyo-no1.com/contact01/	https://saisei-jigyo-no1.com/company		03-6228-7330	1040031	東京都	中央区京橋３丁目１２番１号エコー京橋ビル５Ｆ	東京都中央区京橋３丁目１２番１号エコー京橋ビル５Ｆ	中小企業のビジネスを再活性化する企業支援者	東京都を拠点に中小企業のビジネスを再活性化する企業支援者として活動しています。同社の主な事業は研修セミナーと経営研修であり、人材・アウトソーシング、コンサルティング、企業研修、セミナー、経営コンサルの分野で幅広いサービスを提供しています。株式会社事業パートナーは、中小企業の成長をサポートし、持続可能なビジネス環境の構築に貢献しています。	コンサルティング	経営コンサル
株式会社アセットパートナーズ	7010001009909	2	http://www.asset-p.co.jp/info/contact.html	http://www.asset-p.co.jp	asset@asset-p.co.jp	03-5296-2170	1010048	東京都	千代田区神田司町２丁目２番７号	東京都千代田区神田司町２丁目２番７号	企業の再生支援を専門とするコンサルティング会社	東京都に位置する企業の再生支援を専門とするコンサルティング会社です。1992年12月に設立され、人材・アウトソーシング、その他サービス、コンサルティング、セミナー、および資産運用コンサルなどの業界で活動しています。セミナー企画・運営事業、ビジネス承継支援事業、研修セミナー事業、および相続アドバイザリー事業を通じて、幅広いサービスを提供しています。	コンサルティング	経営コンサル
インターナショナル・ファイナンシャル・コンサルティング株式会社	7010001011229	7	http://www.ifcpr.co.jp/contact.html	https://www.ifcpr.co.jp/ja/overview		03-5532-8921	1000013	東京都	千代田区霞が関３丁目６番１５号	東京都千代田区霞が関３丁目６番１５号	海外の金融機関が日本市場に参入する際の支援を行うコンサルティング企業	1997年1月に東京都で設立されたコンサルティング企業です。同社は海外の金融機関が日本市場に参入する際の支援を専門に行っており、広告クリエイティブ事業、イベントプランニング事業、海外ビジネスアドバイザリー事業、営業支援サービス事業を提供しています。主に広告・制作、エンタメ・娯楽、コンサルティングなどの業界で活動しています。	コンサルティング	経営コンサル
株式会社ラザードフレール	7010001031895	17	https://www.lazard.com/contact/	https://www.lazard.com/locations/tokyo-fa		03-5511-6011	1000014	東京都	千代田区永田町２丁目１１番１号山王パークタワー	東京都千代田区永田町２丁目１１番１号山王パークタワー	経営・財務のアドバイスをする企業	東京都に拠点を置く、1989-08に設立された経営・財務のアドバイスをする企業です。同社はコンサルティング、財務コンサル、経営コンサルの分野で活動し、幅広いクライアントに対して高品質なサービスを提供しています。	コンサルティング	経営コンサル
株式会社創德企業情報	7010001065175	2	http://www.sotoku.co.jp/inquiry.html	http://www.sotoku.co.jp	info@sotoku.co.jp	03-3510-6241	1030027	東京都	中央区日本橋３丁目２番９号	東京都中央区日本橋３丁目２番９号	M&Aに注力する企業	東京都に本社を構えるM&Aに注力する企業で、1999年7月に設立されました。主にコンサルティングや経営コンサル業務を行い、顧客のニーズに合わせた戦略的なアドバイスを提供しています。	コンサルティング	経営コンサル
株式会社丸の内ビジネスコンサルティング	7010001065794	0	http://www.maru-biz.jp/contact	https://www.maru-biz.jp/		03-5288-8835	1000005	東京都	千代田区丸の内２丁目２番１号	東京都千代田区丸の内２丁目２番１号	相続や企業再編に関するコンサルティングと会計士業務を提供する企業	東京都を拠点に相続や企業再編に関するコンサルティングと会計士業務を提供しています。1996年11月に設立され、財務監査サービス、税務アドバイザリー事業、財務アドバイザリー事業、相続アドバイザリー事業、会計・税務アドバイザリー事業を行っています。丸の内ビジネスコンサルティングは、士業、コンサルティング、税理士、監査法人、会計士、財務コンサル、資産運用コンサル、経営コンサルの業界で活動しています。	コンサルティング	経営コンサル
ＰｗＣアドバイザリー合同会社	7010001067262	1278	https://www.pwc.com/gx/en/content/pwc/global/forms/contactUs.en_gx.html?parentPagePath=/content/pwc/gx/en&style=	https://www.pwc.com/jp/ja/about-us/member/deal-advisory.html	pwcjppr@jp.pwc.com	03-6212-6880	1000004	東京都	千代田区大手町１丁目１番１号大手町パークビルディング	東京都千代田区大手町１丁目１番１号大手町パークビルディング	企業のM&Aや事業再生・再編に関するコンサルティングを行う企業	東京都に拠点を置く1999年6月に設立された企業であり、企業のM&Aや事業再生・再編に関するコンサルティングを専門としています。また、会計システムコンサルティング事業も展開しており、主にコンサルティング、財務コンサル、経営コンサルの業界で活動しています。	コンサルティング	経営コンサル
株式会社ソリューションパートナーズ	7010001068590	1	http://www.solution-p.co.jp/contact.html	https://www.solution-p.co.jp/company.html		03-3518-2895	1010054	東京都	千代田区神田錦町３丁目２１番地	東京都千代田区神田錦町３丁目２１番地	流通やIT業界向けのM&Aコンサルティング企業	東京都を拠点に、流通やIT業界向けのM&Aコンサルティングを提供しています。また、人材戦略コンサルティング事業も展開しており、組織コンサルや経営コンサルの分野で幅広いサービスを提供しています。2000年4月に設立され、主にコンサルティング業界で活動しています。	コンサルティング	経営コンサル
株式会社イー・エージェンシーグループ	7010001071660	159	https://www.e-agency.co.jp/form/corporate	https://www.e-agency.co.jp/company/field		03-4334-9091	1000006	東京都	千代田区有楽町１丁目９番４号蚕糸会館４階	東京都千代田区有楽町１丁目９番４号蚕糸会館４階	デジタルマーケティングの支援を手掛ける企業	東京都に拠点を置き、デジタルマーケティングの支援を手掛ける企業です。1999年1月6日に設立され、マーケティングコンサルティング事業、データ解析事業、Webマーケティング支援事業、ネットショップ構築事業などを展開しています。主にIT、コンサルティング、Webマーケコンサル、その他IT、販促コンサル、経営コンサル、eコマース業界において活動しています。	コンサルティング	経営コンサル
株式会社東京スコットマネジメント	7010001075975	0	http://www.tokyo-scott.com/contact-top.html	http://www.tokyo-scott.com/index.html		03-5652-9975	1110053	東京都	台東区浅草橋２丁目６番２号	東京都台東区浅草橋２丁目６番２号	企業のビジネスアドバイザー企業	2001年10月に設立された東京都を拠点とする企業のビジネスアドバイザー企業です。同社は主に組織分析コンサルティング事業とリスクマネジメントコンサルティング事業を展開しており、機械、生活用品、コンサルティング、コスト削減コンサル、財務コンサル、空調機器、組織コンサル、その他コンサル、照明器具など多岐にわたる業界で活動しています。	コンサルティング	財務コンサル
バリューコンサルティング株式会社	7010001080463	1	http://value-cc.jp/contact.html	http://value-cc.jp/index.html		050-5576-2557	1010021	東京都	千代田区外神田２丁目２番３号	東京都千代田区外神田２丁目２番３号	企業が経営やマーケティングに関する助言や支援を行うコンサルティング企業	東京都を拠点にしている企業であり、企業が経営やマーケティングに関する助言や支援を行うコンサルティング企業です。同社は、マーケティングコンサルティング事業と不動産投資販売事業を展開しており、2002年7月に設立されました。また、金融、コンサルティング、投資、販促コンサル、経営コンサルという多岐にわたる業界で活動しています。	コンサルティング	経営コンサル
株式会社ビルネット	7010001082914	0	http://www.bmnet.ne.jp/contact/	http://www.bmnet.ne.jp	kunno@bmnet.ne.jp	03-6892-9016	1930832	東京都	八王子市散田町２丁目１３番１８号	東京都八王子市散田町２丁目１３番１８号	行政サポート企業	東京都を拠点にする行政サポート企業です。2000年10月に設立され、セミナー企画・運営事業や営業支援サービス事業を展開しています。主な業界は人材・アウトソーシング、コンサルティング、セミナー、経営コンサルなどです。	コンサルティング	経営コンサル
株式会社ルナックス	7010001083301	1	https://secure.lunax.co.jp/contact_us_inquiry.html	http://www.lunax.co.jp/aboutus.html		03-3524-0606	1040061	東京都	中央区銀座８丁目１８番１号	東京都中央区銀座８丁目１８番１号	ビジネスモデルやマーケティングに関するコンサルティングを提供する企業	東京都を拠点にビジネスモデルやマーケティングに関するコンサルティングを提供する企業です。2003年に設立され、エンタメ・娯楽、コンサルティング、イベント、販促コンサル、経営コンサルなどの業界で活動しています。同社の主な事業には、イベントプランニング事業、マーケティングコンサルティング事業、海外ビジネスアドバイザリー事業、販促企画事業が含まれています。	コンサルティング	経営コンサル
株式会社セントラル総合研究所	7010001091659	0	http://www.sodan.info/consultation/consultation_form/index.html	http://www.sodan.info	info@sodan.info	03-5297-6911	1010044	東京都	千代田区鍛冶町１丁目５番７号	東京都千代田区鍛冶町１丁目５番７号	中小企業向け事業再生・承継・Ｍ＆Ａのコンサルティングサービスを提供する会社	東京都に所在し、中小企業向け事業再生・承継・Ｍ＆Ａのコンサルティングサービスを提供している会社です。主要業務はビジネス承継支援であり、1996年12月に設立されました。その他サービスおよび経営コンサルティングの領域において活動し、産業分野はその他サービスに属します。	コンサルティング	経営コンサル
株式会社ディー・クエスト	7010001092863	25	https://www.d-quest.co.jp/contact/	https://www.d-quest.co.jp/aboutus/profile/		03-5296-8333	1010062	東京都	千代田区神田駿河台３丁目４番地	東京都千代田区神田駿河台３丁目４番地	ビジネスリスク管理や市場調査などを専門に扱う企業	ビジネスリスク管理や市場調査などを専門に扱う企業です。東京都を拠点にし、ビジネスリサーチ事業、マーケティングコンサルティング事業、市場リサーチ事業、背景調査事業、特許調査サービス、営業支援サービス事業、経済分析事業、Webマーケティング支援事業、リスクマネジメントコンサルティング事業を展開しています。2000年4月に設立され、主にITやその他サービス、コンサルティング、Webマーケコンサル等の業界で活動しています。	コンサルティング	経営コンサル
株式会社ホワイトパワフル	7010001093903	0	http://www.consulting.co.jp/inquiry/index.html	http://www.consulting.co.jp/company/index.html			1000005	東京都	千代田区丸の内１丁目８番３号	東京都千代田区丸の内１丁目８番３号	M&Aやファンディングに関するコンサルティングを提供する企業	東京都に拠点を置くM&Aやファンディングに関するコンサルティングを提供する企業であり、投資アドバイザリー事業を展開しています。1958年7月に設立され、主にコンサルティング業務や資産運用コンサル、経営コンサルなどのサービスを提供しています。	コンサルティング	経営コンサル
株式会社ヴィラージュ	7010001096955	4	https://village.vc/inquiry.html	https://village.vc/		03-3291-1211	3250302	栃木県	那須郡那須町大字高久丙１１４７番地６３１	栃木県那須郡那須町大字高久丙１１４７番地６３１	中規模のホテルや宿泊施設の立ち上げや再発展を支援する企業	東京都に本社を置く中規模のホテルや宿泊施設の立ち上げや再発展を支援する企業です。2005年12月に設立され、主に宿泊施設マネジメント事業、営業支援サービス事業、会計・税務アドバイザリー事業を展開しています。士業、コンサルティング、観光・宿泊・レジャー、会計士、経営コンサル、その他コンサル、ホテル・旅館の業界において幅広いサービスを提供しています。	コンサルティング	経営コンサル
株式会社麹町地所	7010001100205	0	http://www.kojimachi-estate.com/mail/index.html	http://www.kojimachi-estate.com		03-3237-3360	1010063	東京都	千代田区神田淡路町１丁目９番地５	東京都千代田区神田淡路町１丁目９番地５	不動産やコンサルティングを行う企業	東京都に位置する不動産やコンサルティングを行う企業です。2006年4月に設立され、税金対策事業と事業用不動産取引事業を主な業務としています。士業、不動産、コンサルティングなどの業界で税理士、不動産売買・仲介、経営コンサル、不動産コンサルのサービスを提供しております。	コンサルティング	経営コンサル
ハイブリッド・パートナーズ株式会社	7010001105303	2	http://www.hybrid-partners.com/contact.html	http://www.hybrid-partners.com/company/	info@hybrid-partners.com	03-5288-5140	1000005	東京都	千代田区丸の内１丁目８番３号丸の内トラストタワー本館２０階	東京都千代田区丸の内１丁目８番３号丸の内トラストタワー本館２０階	企業に対するセールス戦略の再評価と実装の援助を行う企業	2006年12月に東京都で設立された企業であり、企業に対するセールス戦略の再評価と実装の援助を行っています。同社では主に海外ビジネスアドバイザリー事業、ビジネス承継支援事業、営業支援サービス事業、経営コンサルティング事業を展開しており、その他サービス、コンサルティング、経営コンサルなどの分野で事業を展開しています。	コンサルティング	経営コンサル
株式会社オペレーション	7010001106499	1	http://www.operation-ipo.com/cgi-bin/g0000/index.cgi	http://www.operation-ipo.com/		03-5651-5331	1030027	東京都	中央区日本橋２丁目１２番９号	東京都中央区日本橋２丁目１２番９号	上場支援と内部統制報告書の文書化・運用に特化した企業	東京都を拠点に、上場支援と内部統制報告書の文書化・運用に特化した企業です。2007年1月に設立され、士業、人材・アウトソーシング、コンサルティング、税理士、企業研修、財務コンサルなどの業界で活動しています。主な事業は、企業内トレーニングアウトソーシング事業と税務申告書作成事業です。	コンサルティング	財務コンサル
株式会社アトラス・コンサルティング	7010001110708	0	https://www.atlas-c.co.jp/toiawase/	https://www.atlas-c.co.jp	atlas@atlas-c.co.jp	03-6826-8119	1360072	東京都	江東区大島４丁目６番２１－５０１号	東京都江東区大島４丁目６番２１－５０１号	ビジネス戦略とマーケティング支援を提供する企業	東京都を拠点にビジネス戦略とマーケティング支援を提供する企業です。2007年7月に設立され、ブランド戦略策定、マーケティングコンサルティング、市場リサーチなどの事業を展開しています。その他サービス、コンサルティング、販促コンサル、研究・調査・リサーチ、経営コンサルなどの業界で活動しています。	コンサルティング	経営コンサル
響きパートナーズ株式会社	7010001115525	15	https://www.hibikipartners.com/contact/	https://www.hibikipartners.com/company/	info@hibikipartners.com	03-5212-4360	1020083	東京都	千代田区麹町５丁目３番地	東京都千代田区麹町５丁目３番地	中小企業や新興企業のマネジメント支援と人材採用を手がける企業	東京都を拠点に中小企業や新興企業のマネジメント支援と人材採用を手がける企業です。2006年12月に設立され、営業支援サービス事業、人材戦略コンサルティング事業、会計・税務アドバイザリー事業を展開しています。士業、人材・アウトソーシング、コンサルティングなどの業界で活動し、人材紹介や組織コンサル、経営コンサルなども提供しております。	コンサルティング	経営コンサル
株式会社企業情報コンサルティング	7010001117488	4	http://www.k-j-c.co.jp/contact/index.html	https://k-j-c.co.jp/		03-6860-4710	1000006	東京都	千代田区有楽町２丁目７番１号	東京都千代田区有楽町２丁目７番１号	M&Aやパートナーシップのコンサルティングを提供する企業	東京都を拠点にM&Aやパートナーシップのコンサルティングを提供する企業です。2008年5月に設立され、主にコンサルティングや経営コンサルの業界で活動しています。	コンサルティング	経営コンサル
知的資産マネジメント支援機構株式会社	7010001119435	0	http://www.iconnect.jp/inquiry.html	http://www.iconnect.jp/		03-6380-8591	1030026	東京都	中央区日本橋兜町５番１号	東京都中央区日本橋兜町５番１号	知識資産を最適化する企業	東京都を拠点とする知識資産を最適化する企業です。主な事業は、ビジネスリサーチであり、その他サービス、コンサルティング、研究・調査・リサーチ、経営コンサルを提供しています。	コンサルティング	経営コンサル
株式会社エクスキャリバー	7010001119807	0	http://www.excalibur.co.jp/FormMail/soudan/form.php	http://www.excalibur.co.jp/		03-6661-1790	1030027	東京都	中央区日本橋３丁目２番１４号	東京都中央区日本橋３丁目２番１４号	経営コンサルティングを提供する企業	東京都に位置する経営コンサルティングを提供する企業です。2008年8月に設立され、主にコンサルティング業務および経営コンサルに従事しています。	コンサルティング	経営コンサル
株式会社カタリスタ	7010001120269	1	https://www.catalysta.jp/contact/	http://www.catalysta.jp	info@catalysta.jp	03-6240-4350	1040061	東京都	中央区銀座２丁目１４番５号	東京都中央区銀座２丁目１４番５号			コンサルティング	経営コンサル
株式会社共生基盤	7010001120590	0	https://www.kyoseikiban.com/contact/	https://www.kyoseikiban.com/corporation/		03-4530-8415	1010051	東京都	千代田区神田神保町２丁目３番地１	東京都千代田区神田神保町２丁目３番地１	M&A及び PMIアドバイザリー企業	東京都を拠点にするM&A及びPMIアドバイザリー企業です。2008年10月に設立され、ビジネス承継支援事業、営業支援サービス事業、人材戦略コンサルティング事業、ビジネスコンサルティング事業を提供しています。その他サービス、コンサルティング、組織コンサル、経営コンサルなどの産業において事業展開しています。	コンサルティング	経営コンサル
株式会社日本資産総研	7010001121226	96	https://www.nssg.co.jp/contact/web_consultation/	https://www.nssg.co.jp/company/		03-3525-8332	1010029	東京都	千代田区神田相生町１番地	東京都千代田区神田相生町１番地	ビジネス継承や不動産を含む幅広いコンサルティングを提供する企業	1990年7月に東京都に設立された企業です。同社はビジネス継承や不動産を含む幅広いコンサルティングを提供し、人材・アウトソーシング、総合系コンサル、セミナー、不動産コンサルなどの事業を展開しています。主な業務にはビジネス承継支援事業や研修セミナー事業があります。	コンサルティング	総合系コンサル
株式会社ＣＶＣ	7010001121572	5	http://cvc-ac.com/contact/	http://cvc-ac.com/	amano@cvc-ac.com	03-6276-4210	1510053	東京都	渋谷区代々木２丁目２３番１号ニューステイトメナー１３６１	東京都渋谷区代々木２丁目２３番１号ニューステイトメナー１３６１	税務やビジネス支援を提供する企業	東京都を拠点に税務やビジネス支援を提供する企業です。主な業務には財務監査サービス、セミナー企画・運営事業、財務アドバイザリー事業、税務アドバイザリー事業、海外ビジネスアドバイザリー事業、文書作成代行事業、研修セミナー事業、および税務申告書作成事業があります。ＣＶＣは士業、人材・アウトソーシング、コンサルティング業界で活動し、税理士、監査法人、セミナー、財務コンサル、その他コンサルに関連したサービスを提供しています。	コンサルティング	財務コンサル
株式会社ブレイクスルー・マネジメント	7010001121829	0	http://bt-m.biz/contact/	https://bt-m.co.jp/		03-6228-5434	1040061	東京都	中央区銀座７丁目１０番１０号	東京都中央区銀座７丁目１０番１０号	起業家向けにカウンセリングやコンサルティングを提供する企業	2008年12月に東京都に設立された企業であり、起業家向けにカウンセリングやコンサルティングを提供しています。主な事業として心理支援サービス事業や経営研修事業を展開しており、医療・製薬・福祉、人材・アウトソーシング、コンサルティング、企業研修、その他医療・福祉、経営コンサルといった業界に関与しています。	コンサルティング	経営コンサル
株式会社トラスト・エンタープライズ	7010001126373	0	http://www.trustenterprise.co.jp/FormMail/inquiry/FormMail.html	http://www.trustenterprise.co.jp/index.html		024-938-9116	9638877	福島県	郡山市堂前町６番１号エム・エフ・ティビル	福島県郡山市堂前町６番１号エム・エフ・ティビル	警備業界の企業に経営アドバイスを提供する企業	福島県に拠点を置く警備業界の企業に対し経営アドバイスを提供する企業です。同社ではビジネス承継支援事業、営業支援サービス事業、資金管理支援事業を展開しており、その他サービス、コンサルティング、財務コンサル、警備、組織コンサル、経営コンサルなどの業種に従事しています。	コンサルティング	経営コンサル
株式会社エムオープランニング	7010001127173	37	http://mo-plan.net/sphone/mailform.html	https://mo-plan.net/		03-5294-1351	1010041	東京都	千代田区神田須田町１丁目２６番地芝信神田ビル１０階	東京都千代田区神田須田町１丁目２６番地芝信神田ビル１０階	コンサルティングやシステム開発を手がける企業	東京都を拠点に、2003年5月に設立されたコンサルティングやシステム開発を手がける企業です。 主要な業務はIT、コンサルティング、受託開発、経営コンサルとなっています。	コンサルティング	経営コンサル
株式会社ＡＴＧＲＥＥＮ	7010001134005	5	http://www.atgreen.jp/inquiry/	https://www.atgreen.jp/about-us/company-profile/	info@atgreen.jp	0120-26-0589	8020006	福岡県	北九州市小倉北区魚町２丁目１番７号	福岡県北九州市小倉北区魚町２丁目１番７号	CO2やエネルギーについてのコンサルティングを提供する企業	2010年8月に福岡県で設立された企業です。CO2やエネルギーに関するコンサルティングを提供しており、海外ビジネスアドバイザリー事業と環境アドバイザリー事業を展開しています。業界では、コンサルティング、環境コンサル、経営コンサル、その他コンサルなどの分野で活動しています。	コンサルティング	経営コンサル
株式会社アジルパートナーズ	7010001134319	4	http://www.apltd.jp/inquiry/index.php	https://apltd.jp/company/		03-6386-4980	1040033	東京都	中央区新川１丁目３番２１号ＢＩＺＳＭＡＲＴ茅場町２階	東京都中央区新川１丁目３番２１号ＢＩＺＳＭＡＲＴ茅場町２階	利益向上のコンサルティング企業	東京都に所在する利益向上のコンサルティング企業です。同社は、金融機関向けアドバイザリー事業を展開しており、2006年12月に設立されました。主にコンサルティング、経営コンサル、その他コンサルの業界で活躍しています。	コンサルティング	経営コンサル
株式会社ＧＩコンサルティングパートナーズ	7010001135176	10	https://gicp.co.jp/contact/	https://gicp.co.jp/company/	info@gicp.tokyo	03-5846-9690	1010026	東京都	千代田区神田佐久間河岸７８－３神田ＮＹビル４階	東京都千代田区神田佐久間河岸７８－３神田ＮＹビル４階	中小企業の経営相談を受け付けるコンサルティング企業	東京都を拠点に中小企業の経営相談を受け付けるコンサルティング企業です。同社はセミナー企画・運営事業、地方創生事業、研修セミナー事業、企業内トレーニングアウトソーシング事業、Webマーケティング支援事業などを行っており、IT、人材・アウトソーシング、不動産、コンサルティングなど多岐にわたる産業に関与しています。GIコンサルティングパートナーズは、経営コンサルやセミナー、研修などの分野で高品質なサービスを提供しています。	コンサルティング	経営コンサル
株式会社協同経済経営研究所	7010001138328	2	http://www.ceam-ri.com/contact.html	http://www.ceam-ri.com/	rm@ceam-ri.com	03-6320-5285	1040054	東京都	中央区勝どき４丁目６番２号３４０９	東京都中央区勝どき４丁目６番２号３４０９	農業経営におけるリスクマネジメントや支援を提供する会社	2005年7月に東京都に設立された農業経営におけるリスクマネジメントや支援を提供する企業です。主な業務は農業支援事業であり、コンサルティングや経営コンサルなどの他コンサル事業も展開しています。	コンサルティング	経営コンサル
株式会社アンテナ	7010001138385	0	http://www.antenna2.co.jp/contact	http://www.antenna2.co.jp		03-6856-4701	1030024	東京都	中央区日本橋小舟町八丁目１３番天翔日本橋ビル４１１	東京都中央区日本橋小舟町八丁目１３番天翔日本橋ビル４１１	海外進出をサポートする事業者	東京都に拠点を置く海外進出をサポートする事業者です。同社はエンタメ・娯楽、その他サービス、コンサルティング、イベント、販促コンサル、研究・調査・リサーチ、経営コンサル、その他コンサルの各業界において、イベントプランニング事業やマーケティングコンサルティング事業、市場リサーチ事業、海外ビジネスアドバイザリー事業、企業の広報プランニング事業、イベント企画・運営事業を展開しています。	コンサルティング	経営コンサル
ＭＡＣホールディングス株式会社	7010001139037	83	http://www.mac-advisory.jp/contact/inquiry/	https://www.renge-ph.com/company/		03-6811-2886	1040031	東京都	中央区京橋２丁目７番１４号	東京都中央区京橋２丁目７番１４号	ドラッグストアや薬局の経営やM&Aの相談に応じる企業	東京都に拠点を置き、ドラッグストアや薬局の経営やM&Aの相談に応じる企業です。また、研修セミナー事業や薬局開業支援事業も展開しており、医療・製薬・福祉、人材・アウトソーシング、コンサルティングなどの産業に関与しています。当社は2009年11月に設立されました。	コンサルティング	経営コンサル
株式会社ヘミセルロース	7010001139367	10	https://bipc.co.jp/contact/	https://hemicellulose.jp/company/	info@bipc.co.jp	044-201-8390	2120032	神奈川県	川崎市幸区新川崎７番地７号	神奈川県川崎市幸区新川崎７番地７号	グローバルビジネス支援やコンサルティングを提供する企業	2009年4月に設立された神奈川県に拠点を置く企業です。同社はグローバルビジネス支援やコンサルティングを提供しており、市場リサーチ事業や海外ビジネスアドバイザリー事業を展開しています。主要業種は、その他サービス、コンサルティング、研究・調査・リサーチ、経営コンサル、その他コンサルです。	コンサルティング	経営コンサル
ＪＢＡＨＲソリューション株式会社	7010001141975	18	https://www.jbagroup.co.jp/hrs/entry/	https://www.jbahrsolution.co.jp/	hrs@jbagroup.co.jp	03-5215-7222	1020083	東京都	千代田区麹町１丁目３番	東京都千代田区麹町１丁目３番	JBAグループは、会計の人材紹介を専門としている企業	2007年4月に設立された東京都を拠点にする企業であり、人材紹介を専門としています。主に事務職種の人材派遣事業を展開し、人材・アウトソーシング、コンサルティング、人材紹介、人材派遣、経営コンサルの業界で活動しています。	コンサルティング	経営コンサル
株式会社プリンシプル	7010001143047	84	https://www.principle-c.com/contact/	https://www.principle-c.com/	info@principle-c.com	03-6206-9003	1010062	東京都	千代田区神田駿河台４丁目２番地５トライエッジ御茶ノ水１０階	東京都千代田区神田駿河台４丁目２番地５トライエッジ御茶ノ水１０階	データ解析を活用し、経営やWebマーケティングの効果を最適化する企業	東京都を拠点にしているデータ解析を活用し、経営やWebマーケティングの効果を最適化する企業です。2011年10月20日に設立され、営業支援サービス事業、Webマーケティング支援事業、検索エンジン最適化対策事業を展開しています。広告・制作、IT、コンサルティング、Webマーケコンサル、その他IT、経営コンサル、その他コンサル、総合広告代理店という幅広い業界に対応しています。	コンサルティング	経営コンサル
ＴＯＭＡコンサルタンツグループ株式会社	7010001143773	213	https://toma.co.jp/contact/	https://toma.co.jp/company/about/	toma@toma.co.jp	0120-944-533	1000005	東京都	千代田区丸の内１丁目８番３号	東京都千代田区丸の内１丁目８番３号	中小企業の税務会計や人事労務に関するコンサルティングを提供する企業	東京都に拠点を置き、中小企業の税務会計や人事労務に関するコンサルティングを提供している企業です。1982年12月1日に設立された同社は、セミナー企画・運営事業、ビジネス承継支援事業、研修セミナー事業、相続アドバイザリー事業、会計・税務アドバイザリー事業、グループ企業経営事業などを手掛けています。ＴＯＭＡコンサルタンツグループ株式会社は、士業、人材・アウトソーシング、その他サービス、コンサルティングなどの多岐にわたる業界へのサービス提供を行っています。	コンサルティング	経営コンサル
株式会社ルート	7010001150506	6	https://ic-root.com/contact/	https://ic-root.com/company/	info@ic-root.com	03-6712-5151	1050001	東京都	港区虎ノ門３丁目１番１号２Ｆ	東京都港区虎ノ門３丁目１番１号２Ｆ	事業開発コンサルティングとWebデザインに特化した企業	2012年11月に東京都に設立された、事業開発コンサルティングとWebデザインに特化した企業です。同社は、広告・制作、コンサルティング、デザイン、経営コンサルの業界で活動しており、主な業務としてロゴ制作事業を提供しています。	コンサルティング	経営コンサル
ビジネスストラテジックパートナーズ株式会社	7010001170727	3	http://www.bspartners.co.jp/	https://www.bspartners.co.jp/bsp		03-6262-6540	1020074	東京都	千代田区九段南１丁目６番５号九段会館テラス	東京都千代田区九段南１丁目６番５号九段会館テラス	企業の事業承継や組織再編に関するコンサルティングを提供する	東京都を拠点に、企業の事業承継や組織再編に関するコンサルティングを提供しています。同社は2012年3月に設立され、ビジネス承継支援事業と労務管理アウトソーシング事業に従事しています。人材・アウトソーシングやコンサルティング、医療コンサル、財務コンサル、不動産コンサルなど、様々な産業に関与しています。	コンサルティング	経営コンサル
フォックスマーク・リテール・サービス株式会社	7010001172401	0	http://foxmark-retail.co.jp/company/#contact	http://foxmark-retail.co.jp		03-6272-6912	1020083	東京都	千代田区麹町４丁目２番地１	東京都千代田区麹町４丁目２番地１	日本進出の欧米企業の店舗管理企業	2015年に設立された東京都に拠点を置く日本進出の欧米企業の店舗管理企業であり、主に海外ビジネスアドバイザリー事業を展開しています。同社はコンサルティング、飲食コンサル、経営コンサルを含む様々なコンサルティング業務を提供しており、日本市場への進出を支援しています。	コンサルティング	経営コンサル
株式会社サードインパクト	7010001174546	2	https://www.thirdimpact.net/form	https://www.thirdimpact.net		090-4178-1754	1040061	東京都	中央区銀座７丁目１３番６号サガミビル２階	東京都中央区銀座７丁目１３番６号サガミビル２階	採用者育成・キャリアコンサルティング企業	東京都に位置する2016年3月30日に設立された採用者育成・キャリアコンサルティング企業です。同社は主に職業相談事業を展開しており、人材・アウトソーシング、コンサルティング、その他人材、組織コンサル、経営コンサルの業界に従事しています。	コンサルティング	経営コンサル
株式会社ＮＩＤ	7010001180164	8	http://www.invest-d.com/contact/	https://nid-f.com/company-profile/		03-6261-6818	1020083	東京都	千代田区麹町４丁目４番４号	東京都千代田区麹町４丁目４番４号	中小企業向けの経営支援サービスを提供する企業	2016年12月12日に設立された東京都を拠点にする企業で、中小企業向けの経営支援サービスを提供しています。同社は主に金融、IT、コンサルティングなどの分野で事業展開を行っており、ペイメントサービス事業やクレジット・決済代行などのサービスを提供しています。また、Webアプリ・サービス運営および経営コンサルティングも取り扱っています。	コンサルティング	経営コンサル
株式会社プルータス・マネジメントアドバイザリー	7010001180973	23	https://plutusmaad.jp/contact/	https://plutusmaad.jp/company/		03-3502-1223	1000013	東京都	千代田区霞が関３丁目２番５号霞が関ビルディング３５階	東京都千代田区霞が関３丁目２番５号霞が関ビルディング３５階			コンサルティング	経営コンサル
株式会社ビズハブ	7010001215639	8	https://bizhub.co.jp/contact	https://bizhub.co.jp/company/		03-5427-1088	1080023	東京都	港区芝浦２丁目１４番６号ＣＯＡＳＴ芝浦３階	東京都港区芝浦２丁目１４番６号ＣＯＡＳＴ芝浦３階			コンサルティング	経営コンサル
ＲＥＧＡＺＥ株式会社	7010001239984	2	https://www.regaze.co.jp/contact/index.php	https://www.regaze.co.jp/company/index.php		03-6826-0969	1030012	東京都	中央区日本橋堀留町１丁目６番３号	東京都中央区日本橋堀留町１丁目６番３号			コンサルティング	総合系コンサル
ビジネス企画研究所有限会社	7010002050300	0	http://biz-kikaku.com/inquiry.html	http://biz-kikaku.com/index.html	info@biz-kikaku.com	03-5467-2084	1010032	東京都	千代田区岩本町１丁目４番１－２０２号	東京都千代田区岩本町１丁目４番１－２０２号	中小企業のマネジメントにコンサルティングを提供する会社	2004年4月に設立され、東京都に拠点を置いています。同社は中小企業のマネジメントにコンサルティングを提供しており、営業支援サービス事業とWebマーケティング支援事業を展開しています。主要な業界はIT、コンサルティング、Webマーケコンサル、経営コンサル、その他コンサルとなっています。	コンサルティング	経営コンサル
株式会社ウィステリアコンシェル	7010003023395	4	https://www.wisteria-concier.com/contact	https://www.wisteria-concier.com/	info@wisteria-concier.com	03-4405-6289	1040045	東京都	中央区築地２丁目７番１２号	東京都中央区築地２丁目７番１２号	中小企業向けコンサルティング企業	東京都に拠点を置く中小企業向けコンサルティング企業です。2016年4月15日に設立されました。同社はビジネス承継支援事業および資金管理支援事業を展開しており、その他サービス、コンサルティング、コスト削減コンサル、財務コンサル、経営コンサルなどの業界に所属しています。	コンサルティング	経営コンサル
株式会社シー・シー・アイ	7010401012660	1	http://cci-od.jp/contact/	https://cci-od.jp/company/	info@cci-od.jp	03-5778-5192	1070061	東京都	港区北青山３丁目６番７号青山パラシオタワー	東京都港区北青山３丁目６番７号青山パラシオタワー	企業の経営ソリューションを提供するコンサルティング企業	東京都に本社を置く経営ソリューションの提供を専門とするコンサルティング企業です。1986年10月に設立され、主にセミナー企画・運営事業、研修セミナー事業、企業内トレーニングアウトソーシング事業、人材戦略コンサルティング事業などに従事しています。その主要な業界は人材・アウトソーシング、コンサルティング、企業研修、セミナー、組織コンサル、経営コンサルです。	コンサルティング	経営コンサル
株式会社日本能率協会コンサルティング	7010401023055	259	https://dlabo.jmac.co.jp/inquiry	https://www.jmac.co.jp/aboutjmac/info/		03-4531-4300	1050011	東京都	港区芝公園３丁目１番２２号	東京都港区芝公園３丁目１番２２号	工業製品分野に特化したコンサルタント企業	東京都に本社を置く、工業製品分野に特化したコンサルタント企業です。1980年4月に設立され、主にコンサルティングおよび総合系コンサル業務を行なっています。国内外の企業に対し、経営戦略の立案や業績向上の支援など幅広いコンサルティングサービスを提供しています。	コンサルティング	総合系コンサル
株式会社アヴェンテ	7010401047616	4	http://www.1pg.co.jp/contact/index.html	http://www.1pg.co.jp/	1pg35781631@1pg.co.jp	03-6277-7142	1060032	東京都	港区六本木１丁目９番１０号	東京都港区六本木１丁目９番１０号	企業立ち上げの手続きや財務支援を提供する企業	2001年に東京都で設立された企業で、企業立ち上げの手続きや財務支援を提供しています。その主な事業はビジネス承継支援事業と資金管理支援事業であり、その他サービス、コンサルティング、財務コンサル、組織コンサル、経営コンサルの分野において活動しています。	コンサルティング	財務コンサル
株式会社ｔａｋｉｂｉ	7010401054125	4	https://www.atatakai.com/contact/	https://atatakai.com/company/	hello@atatakai.com	03-5843-1667	1070062	東京都	港区南青山４丁目９番６号	東京都港区南青山４丁目９番６号	経営や広告に関するアドバイスを提供する企業	2004年6月に東京都で設立された企業であり、経営や広告に関するアドバイスを提供しています。同社は広告クリエイティブ事業、イベントプランニング事業、市場リサーチ事業、営業支援サービス事業などさまざまな事業を展開しています。主要な業界は広告・制作、IT、エンタメ・娯楽、その他サービス、コンサルティングなどであり、Webマーケティング支援事業やロゴ制作事業なども行っています。また、グッズ制作・グッズ販売なども手掛けています。	コンサルティング	経営コンサル
株式会社クロスフィールド	7010401055692	62	http://crossfd.jp/contact	https://www.crossfields.co.jp/		03-6439-9630	1070061	東京都	港区北青山２丁目１２番１６号	東京都港区北青山２丁目１２番１６号	会計制度やシステムに関するコンサルティングを提供する企業	2001年7月3日に東京都で設立された会計制度やシステムに関するコンサルティングを提供する企業です。同社は財務アドバイザリー事業、営業支援サービス事業、ビジネスコンサルティング事業、システムインテグレーション事業を展開しており、ITやコンサルティング、Webアプリ・サービス運営、財務コンサル、経営コンサル、その他コンサル業界で活動しています。	コンサルティング	財務コンサル
株式会社コーポレイトディレクション	7010401056311	49	https://cdi-jp.sakura.ne.jp/form/	https://www.cdi-japan.co.jp/company		03-5783-4640	1400002	東京都	品川区東品川２丁目２番４号天王洲ファーストタワー２３階	東京都品川区東品川２丁目２番４号天王洲ファーストタワー２３階	企業の経営戦略や事業戦略に関するアドバイスを行うコンサルティング企業	1986年1月に東京都で設立されたコンサルティング企業です。同社は企業の経営戦略や事業戦略に関するアドバイスを提供しており、主な業務は人事制度アドバイザリー事業、マーケティングコンサルティング事業、営業支援サービス事業、人材戦略コンサルティング事業などです。同社は主にコンサルティング業界において、販促コンサル、組織コンサル、経営コンサルなどの分野でも活動しています。	コンサルティング	経営コンサル
ＳＷＣＣ株式会社	7010401061336	1889	https://www.swcc.co.jp/inquiry/form.php	https://www.swcc.co.jp/jpn/company/outline/index.html	kouho@hd.swcc.co.jp	0533-76-4600	2100024	神奈川県	川崎市川崎区日進町１番１４号	神奈川県川崎市川崎区日進町１番１４号			コンサルティング	経営コンサル
インタープロス株式会社	7010401061914	2	http://www.shikinguri.biz/otoiawase.html	http://www.shikinguri.biz/index.html	info@interpross.jp	03-6717-4600	3490218	埼玉県	白岡市白岡７３８番地１	埼玉県白岡市白岡７３８番地１	ビジネス相談や企業買収の手配をする企業	埼玉県に位置する企業であり、ビジネス相談や企業買収の手配をすることを専門としています。2006年5月に設立され、ビジネス承継支援事業や資金管理支援事業を展開しています。その他サービス、コンサルティング、財務コンサル、経営コンサルなどの業界で活動しています。	コンサルティング	経営コンサル
ビジョナリー・インベストメント株式会社	7010401065238	1	http://www.visionaries.co.jp/inquiry/input.html	http://www.visionaries.co.jp/	info@visionaries.co.jp	03-3560-3560	8190006	福岡県	福岡市西区姪浜駅南２丁目１９番２２号	福岡県福岡市西区姪浜駅南２丁目１９番２２号	M&AやIPOのコンサルティングを提供する企業	2006年10月に設立され、福岡県に拠点を置くM&AやIPOのコンサルティングを提供する企業です。同社はコンサルティング業界において経営コンサルやその他コンサルの分野で活躍しています。	コンサルティング	経営コンサル
ブルータグ株式会社	7010401065915	2	http://bluetag.jp/contact/	https://bluetag.jp/	info@bluetag.jp	03-6821-1258	1580094	東京都	世田谷区玉川３丁目２０番２号マノア玉川第３ビル５０１号室	東京都世田谷区玉川３丁目２０番２号マノア玉川第３ビル５０１号室	スポーツブランドの海外販売支援とロゴ制作を専門とする企業	東京都を拠点にスポーツブランドの海外販売支援とロゴ制作を専門とする企業です。2006年11月22日に設立され、マーケティングコンサルティング事業、ビデオプロダクション事業、ポスターデザイン制作事業、ロゴ制作事業などを展開しています。広告・制作、コンサルティング、Web制作、デザイン、広告制作、販促コンサル、経営コンサルなどの業界で活動しています。	コンサルティング	経営コンサル
株式会社ケーシープラスカンパニー	7010401067845	0	http://kc-plus.com/script/mailform/contact/	http://www.kc-plus.com	info@kc-plus.com	03-4360-9345	6040871	京都府	京都市中京区東洞院通竹屋町上る三本木町４５３番地	京都府京都市中京区東洞院通竹屋町上る三本木町４５３番地	企業の経営相談に応じるコンサルタント企業	東京都に拠点を置く企業の経営相談に応じるコンサルタント企業です。2007年3月に設立され、販売アドバイザリー事業、マーケティングコンサルティング事業、海外ビジネスアドバイザリー事業、営業支援サービス事業、経営コンサルティング事業、商取引事業などの業務を展開しています。主な業界は商社、コンサルティング、総合商社、販促コンサル、経営コンサル、その他コンサルです。	コンサルティング	経営コンサル
タイガーキャピタル株式会社	7010401072234	8	https://ssl.alpha-prm.jp/tiger-capital.co.jp/secure/contact/	https://www.tiger-capital.co.jp/	info@tiger-capital.co.jp	03-5511-7191	1050001	東京都	港区虎ノ門１丁目１６番４号	東京都港区虎ノ門１丁目１６番４号	M&Aや株式公開のコンサルティング、不動産事業などを手掛ける企業	2007年10月に東京都を拠点に設立された企業であり、M&Aや株式公開のコンサルティング、不動産事業などを手がけています。同社は、コンサルティング、経営コンサル、不動産コンサルという産業で活動しています。	コンサルティング	経営コンサル
株式会社スピアヘッド・アドバイザーズ	7010401074874	4	http://www.spearhead.co.jp/contact.php	https://www.spearhead.co.jp/		03-6432-0571	1050001	東京都	港区虎ノ門５丁目１１番２号	東京都港区虎ノ門５丁目１１番２号	企業を再建や買収支援する企業	東京都に所在する企業であり、2006年10月に設立されました。同社は主に企業の再建や買収支援を行っており、コンサルティングや経営コンサルの分野で活動しています。	コンサルティング	経営コンサル
インフィニティ・コミュニケーションズ株式会社	7010401074973	20	http://www.dccom.co.jp/contact/index.php	https://www.dccom.co.jp/about/		03-6712-6157	1500045	東京都	渋谷区神泉町１０番１０号	東京都渋谷区神泉町１０番１０号	アジア圏に進出をする国内企業のマーケティング支援を提供している企業	2007年4月に東京都に設立された企業です。同社はアジア圏に進出をする国内企業のマーケティング支援を提供しており、中国語翻訳・通訳サービス事業、海外ビジネスアドバイザリー事業、雑誌出版事業、韓国語通訳・翻訳事業、英語翻訳事業を行っています。主要な業界としては、IT、人材・アウトソーシング、コンサルティング、メディア・出版、Webアプリ・サービス運営、翻訳・通訳、出版、経営コンサル、その他コンサルが挙げられます。	コンサルティング	経営コンサル
アイドマックスリーディング株式会社	7010401077142	57	http://aidmax.co.jp/contact.html	https://www.aidmax.co.jp/company.html		03-5315-0971	1600022	東京都	新宿区新宿１丁目３６番７号２階	東京都新宿区新宿１丁目３６番７号２階	店舗運営のコンサルティングや広告制作などを提供する企業	東京都を拠点に店舗運営のコンサルティングや広告制作などを提供する企業です。2000年6月に設立され、広告クリエイティブ事業、営業支援サービス事業、看板・サイン製造業、内装施工事業、販売促進用品製作事業、名刺作成事業、事業用不動産取引事業、店舗貸し出し事業などを展開しています。主要な業界は建設、広告・制作、不動産、コンサルティングなど幅広い領域にわたります。	コンサルティング	経営コンサル
株式会社マーキュリーファイナンシャルブレイン	7010401079948	0	http://www.mercury.gr.jp/contact/index.html	http://www.mercury.gr.jp		03-5562-6767	1070062	東京都	港区南青山１丁目１番１号	東京都港区南青山１丁目１番１号			コンサルティング	経営コンサル
ＦＳパートナーズ株式会社	7010401080716	1	https://emzgroup.com/contact	http://emzgroup.com/	info@emzgroup.com	03-6206-1388	1060032	東京都	港区六本木２丁目２番６号六本木福吉町ビル７Ｆ	東京都港区六本木２丁目２番６号六本木福吉町ビル７Ｆ	会計・経理関連の業務を提供する企業、税務や記帳代行を含む企業	東京都に拠点を置く会計・経理関連業務を提供する企業です。海外ビジネスアドバイザリー事業、文書作成代行事業、相続アドバイザリー事業、財務・会計業務アウトソーシング事業、税務申告書作成事業を取り扱い、士業、人材・アウトソーシング、コンサルティング、税理士、医療コンサル、財務コンサル、業務請負、人材派遣、資産運用コンサルなどの分野にサービスを提供しています。	コンサルティング	財務コンサル
株式会社アウトバウンド・マネジメント	7010401082282	4	http://www.outbound-mgt.com/%E3%81%8A%E5%95%8F%E5%90%88%E3%81%9B/	https://www.outbound-mgt.com/会社案内/		03-3568-7017	1060032	東京都	港区六本木５丁目１７番６号	東京都港区六本木５丁目１７番６号	中国進出する日本企業向けの包括的なコンサルティングを提供する企業	東京都に位置する中国進出する日本企業向けの包括的なコンサルティングを提供する企業です。海外ビジネスアドバイザリー事業や研修セミナー事業を展開しており、2008年12月に設立されました。人材・アウトソーシング、コンサルティング、セミナー、経営コンサルなどの業界で活動しています。	コンサルティング	経営コンサル
データセクション株式会社	7010401083082	27	https://www.datasection.co.jp/contact	https://www.datasection.co.jp/company	info@datasection.co.jp	03-6427-2565	1410031	東京都	品川区西五反田１丁目３番８号五反田ＰＬＡＣＥ８階	東京都品川区西五反田１丁目３番８号五反田ＰＬＡＣＥ８階	ビッグデータを扱い、ソーシャルメディアの分析や調査を行う企業	2000年7月11日に東京都で設立されたIT企業です。同社は、ビッグデータの扱いに特化し、ソーシャルメディアの分析や調査を行っています。主な事業としては、データ管理システム構築、データ解析、データ処理ソフトウェアの開発、画像処理システムの開発などがあります。	コンサルティング	経営コンサル
プレコンサルファーム株式会社	7010401083487	1	http://www.svg-p.com/inquiry.php	https://svg-p.com/		03-5561-6971	1070052	東京都	港区赤坂２丁目８番１１号	東京都港区赤坂２丁目８番１１号	ビジネスの戦略的活用を支援する企業	東京都を拠点にビジネスの戦略的活用を支援する企業です。同社は市場リサーチ事業、営業支援サービス事業、人材戦略コンサルティング事業、グループ企業経営事業を提供しています。その他サービス、コンサルティング、組織コンサル、研究・調査・リサーチ、経営コンサル、その他コンサルなどの業界で幅広い事業展開を行っています。	コンサルティング	経営コンサル
日本ＡＭＣ株式会社	7010401084015	8	https://secure.japanamc.co.jp/contactform.html	http://www.japanamc.co.jp/index.html	info@japanamc.co.jp	03-3524-4200	1040061	東京都	中央区銀座８丁目１８番１号	東京都中央区銀座８丁目１８番１号	協会経営に関するコンサルタント活動を行う企業		コンサルティング	経営コンサル
ワールドアーチ株式会社	7010401084361	0	https://world-arch.co.jp/contact/	https://world-arch.jp/about	contact@world-arch.co.jp	03-6206-4207	1010047	東京都	千代田区内神田３丁目３番５号	東京都千代田区内神田３丁目３番５号	技術課題や知的財産に関するコンサルティング企業	東京都に拠点を構える技術課題や知的財産に関するコンサルティング企業です。同社は主にネットワークインフラ設置事業、海外ビジネスアドバイザリー事業、知的財産保護・活用事業を展開しており、IT、コンサルティング、財務コンサル、ITインフラストラクチャー、経営コンサル、その他コンサルの業界にて事業を展開しています。	コンサルティング	経営コンサル
株式会社みかん箱	7010401087752	13	http://www.mikan-b.co.jp/contact	https://mikan-b.co.jp/index.html		03-3527-3943	1030003	東京都	中央区日本橋横山町８番１３号	東京都中央区日本橋横山町８番１３号	香港進出をサポートするコンサルティングファーム企業	東京都に拠点を置くコンサルティングファーム企業です。同社は香港進出をサポートする業務を行っており、中国語翻訳・通訳サービス事業、海外ビジネスアドバイザリー事業、英語翻訳事業を展開しています。人材・アウトソーシング、コンサルティング、翻訳・通訳、経営コンサルなどの産業に従事しています。	コンサルティング	経営コンサル
株式会社グリット	7010401088346	0	http://grit-inc.com/contact/index.php	http://grit-inc.com	info@grit-inc.com	03-6427-6350	1070062	東京都	港区南青山６丁目８番８－５０１号	東京都港区南青山６丁目８番８－５０１号	総合的なデザインと販促を手がける企業	2010年7月に設立された東京都を拠点とする総合的なデザインと販促を手がける企業です。同社は商品パッケージングデザイン事業、Webマーケティング支援事業、デザイン制作事業、陳列デザイン事業、販促企画事業を展開しており、広告・制作、IT、コンサルティング、Webマーケコンサル、デザイン、販促コンサル、経営コンサルの業界に強みを持っています。	コンサルティング	経営コンサル
マクシブ・アドバイザーズ株式会社	7010401088916	15	http://www.maxiv.co.jp/modules/liaise/index.php?form_id=2	https://www.maxiv.co.jp/		03-6450-1117	1040061	東京都	中央区銀座３丁目１０番９号ＫＥＣ銀座ビル８階	東京都中央区銀座３丁目１０番９号ＫＥＣ銀座ビル８階	企業の事業計画策定や不動産投資に関するアドバイスを提供する会社	東京都を拠点に、企業の事業計画策定や不動産投資に関するアドバイスを提供する会社です。ビジネス承継支援事業、文書作成代行事業、相続アドバイザリー事業、財務・会計業務アウトソーシング事業を行っており、2008年に設立されました。主に人材・アウトソーシングやコンサルティング、事務処理代行、財務コンサル、人材派遣、資産運用コンサル、経営コンサル、不動産コンサルなどの業界において活動しています。	コンサルティング	経営コンサル
プライマル株式会社	7010401088957	44	https://www.primal-biz.co.jp/contact	https://www.primal-biz.co.jp/profile/access	info@primal-biz.co.jp	03-3457-5274	1050014	東京都	港区芝１丁目６番１０号	東京都港区芝１丁目６番１０号	新しいビジネスを企画・開始するためのコンサルティング専門企業	東京都を拠点とする新しいビジネスを企画・開始するためのコンサルティング専門企業です。同社は、市場リサーチ事業とビジネスコンサルティング事業を展開しており、その他サービス、コンサルティング、研究・調査・リサーチ、経営コンサルの産業に従事しています。2006年7月1日に設立されました。	コンサルティング	経営コンサル
株式会社スリーエー・コーポレーション	7010401091572	10	http://www.aaa-co.jp/contact/	http://www.aaa-co.jp/		03-6427-5681	1070062	東京都	港区南青山５丁目４番２９号伊万里南青山ビル２階	東京都港区南青山５丁目４番２９号伊万里南青山ビル２階	IR・CSRコンサルティングとWeb/印刷物制作を手がける企業	1990年10月に設立された東京都を拠点にする企業です。広告・制作、コンサルティング、デザイン、経営コンサルの業界で事業展開しており、IR・CSRコンサルティングとWeb/印刷物制作を専門としています。主にチラシ・パンフレット作成事業に取り組んでおり、幅広い業界に対して高品質なデザインとコンサルティングを提供しています。	コンサルティング	経営コンサル
エナジストワークス株式会社	7010401093420	2	https://energist.co.jp/contact/	https://energist.co.jp/company/profile/	info@energist.co.jp	03-6868-3628	1060032	東京都	港区六本木２丁目２番６号福吉町ビル６Ｆ	東京都港区六本木２丁目２番６号福吉町ビル６Ｆ	環境ビジネスを支援するコンサルティング及び営業支援企業	2011年4月に東京都で設立された環境ビジネスを支援するコンサルティング及び営業支援企業です。同社はセールスアウトソーシング事業、電話応対代行事業、営業支援サービス事業、商品開発事業、企業内トレーニングアウトソーシング事業、環境アドバイザリー事業などを展開しています。主に人材・アウトソーシング、その他サービス、コンサルティング、環境コンサル、営業代行・販売代行、企業研修、秘書代行・電話代行、業務請負、その他サービス、経営コンサル、その他コンサルの業界で活動しています。	コンサルティング	経営コンサル
株式会社ブルーシップコンサルティング	7010401094591	0	http://blueship-con.co.jp/contact.html	http://blueship-con.co.jp	info@blueship-con.co.jp	03-6277-7863	1070052	東京都	港区赤坂３丁目１１番１５号ＶＯＲＴ赤坂見附２階	東京都港区赤坂３丁目１１番１５号ＶＯＲＴ赤坂見附２階	企業に対する財務や税務の支援やM&Aの支援を行う会社	東京都に拠点を構える企業です。2011年7月に設立され、企業に対する財務や税務の支援やM&Aの支援を主な業務としています。また、財務アドバイザリー事業、給与処理アウトソーシング事業、ペイメントサービス事業、財務・会計業務アウトソーシング事業、税務申告書作成事業などを提供しています。主な業界は士業、金融、人材・アウトソーシング、コンサルティング、クレジット・決済代行、税理士、財務コンサル、人材派遣、経営コンサルです。	コンサルティング	財務コンサル
ルミナス・コンサルティング株式会社	7010401095722	1	https://luminous-con.com/contact.html	https://luminous-con.com/about.html	info@luminous-con.com		1070052	東京都	港区赤坂２丁目２０番５号	東京都港区赤坂２丁目２０番５号	経営や財務に関するコンサルティングを提供する企業	2009年5月に東京都に設立された経営や財務に関するコンサルティングを提供する企業です。主な業務は会計・税務アドバイザリー事業であり、士業、コンサルティング、会計士、財務コンサル、経営コンサルの業界で活動しています。	コンサルティング	経営コンサル
株式会社ホンモノ	7010401097611	1	http://honnmono.jp/contact/	https://honmono-japan.co.jp/		03-6869-9974	1500001	東京都	渋谷区神宮前６丁目２３番４号桑野ビル２階	東京都渋谷区神宮前６丁目２３番４号桑野ビル２階	個人事業主のビジネスを支援するコンサルティング企業	東京都を拠点に個人事業主のビジネスを支援するコンサルティング企業です。2012年1月に設立され、主に教育支援事業、研修セミナー事業、美容室・サロン経営コンサルティング業に従事しています。人材・アウトソーシング、教育、コンサルティング、塾・予備校、セミナー、経営コンサルの業界で活動しています。	コンサルティング	経営コンサル
株式会社ジャパンリスクソリューション	7010401103765	0	https://www.japanrisk.co.jp/inquiry/	https://www.japanrisk.co.jp/		03-6205-4975	1050003	東京都	港区西新橋１丁目１２番８号西新橋中ビル５階	東京都港区西新橋１丁目１２番８号西新橋中ビル５階	企業に対してクレーム対応や人的ミスによる事故を防止するアドバイスを提供するコンサルティングファーム	東京都に拠点を置き、企業に対してクレーム対応や人的ミスによる事故を防止するアドバイスを提供するコンサルティングファームです。2013年に設立され、主に企業内トレーニングアウトソーシング事業やリスクマネジメントコンサルティング事業を展開しています。主要業界は人材・アウトソーシング、コンサルティング、企業研修、組織コンサル、経営コンサルなど幅広く活動しています。	コンサルティング	経営コンサル
国城コンサルティング株式会社	7010401118152	1	http://9246consul.com/contact/	https://9246consul.com/		03-4330-0465	2510021	神奈川県	藤沢市鵠沼神明５丁目１３番１７号プレアマールⅢ１０２	神奈川県藤沢市鵠沼神明５丁目１３番１７号プレアマールⅢ１０２	外壁塗装企業のアドバイスや支援を提供する企業	神奈川県に拠点を置く外壁塗装企業のアドバイスや支援を提供する企業です。マーケティングコンサルティング事業と営業支援サービス事業を展開し、コンサルティング、販促コンサル、土木コンサル、経営コンサルなどの様々なコンサルティング業務を提供しています。	コンサルティング	経営コンサル
株式会社保育サポート	7010401125165	5	http://www.hoiku-support.co.jp/contact/	https://www.hoiku-support.co.jp/about/	info@hoiku-support.co.jp	03-5989-0567	1600023	東京都	新宿区西新宿６丁目６番３号新宿国際ビルディング新館４Ｆ	東京都新宿区西新宿６丁目６番３号新宿国際ビルディング新館４Ｆ	保育園経営のコンサルティングや業務効率化支援を提供している企業	東京都を拠点とし、2016年6月7日に設立された企業です。主に保育園経営のコンサルティングや業務効率化支援を提供しており、システムインテグレーション事業を展開しています。ITや教育、コンサルティング、児童保育、Webアプリ・サービス運営、経営コンサルなど、幅広い業界において活動しています。	コンサルティング	経営コンサル
バーチャレクス・コンサルティング株式会社	7010401134158	558	https://www.virtualex.co.jp/contact_form/inquiry-form.html	https://www.virtualex.co.jp/corporate/profile.html		03-3578-5300	1050001	東京都	港区虎ノ門４丁目３番１３号	東京都港区虎ノ門４丁目３番１３号	コンサルティングやテクノロジー提供、アウトソーシングなどを行う企業	2017年10月13日に東京都で設立されたIT・コンサルティング企業です。同社はマーケティングコンサルティング事業を中心に、コンサルティングやテクノロジー提供、アウトソーシングなどを幅広く展開しています。主要業界はIT、コンサルティング、販促コンサル、受託開発、経営コンサルです。	コンサルティング	経営コンサル
株式会社デジタルトランスフォーメーション研究所	7010401138943	2	https://www.dxlab.jp/contact	https://www.dxlab.jp	info@dxlab.jp		1020083	東京都	千代田区麹町６丁目６番地	東京都千代田区麹町６丁目６番地	デジタル技術による企業改革の啓発を支援している企業	東京都に位置する2018年6月13日に設立された企業であり、デジタル技術を活用した企業改革の啓発を支援しています。同社は主に人材・アウトソーシング、教育、コンサルティング、児童保育、企業研修、IT系教育、組織コンサル、経営コンサルなどの業界で幅広い活動を展開しています。また、幼児教育サービス事業も手がけています。	コンサルティング	経営コンサル
株式会社ＴＨＥ　Ｈ	7010401158652	0	https://www.the-h.co.jp/contact	https://www.the-h.co.jp/company/		03-6712-0785	1070062	東京都	港区南青山２丁目２番１５号ウィン青山９４２	東京都港区南青山２丁目２番１５号ウィン青山９４２			コンサルティング	経営コンサル
株式会社ミュゼオ一級建築士事務所	7010401159320	2	https://museo-aap-group.com/contact.html	http://museo-aap-group.com/index.html		03-6858-2011	1080023	東京都	港区芝浦４丁目９番２５号	東京都港区芝浦４丁目９番２５号			コンサルティング	総合系コンサル
フィデューシャリーアドバイザーズ株式会社	7010401159782	0	https://fiduciary-adv.com/contact-2/	https://fiduciary-adv.com/company-2/	info@fiduciary-adv.com	050-3135-3758	1050001	東京都	港区虎ノ門２丁目１０番４号	東京都港区虎ノ門２丁目１０番４号			コンサルティング	経営コンサル
株式会社フレンドツリー	7010401160014	4	https://www.friendtree.co.jp/%E3%81%8A%E5%95%8F%E3%81%84%E5%90%88%E3%82%8F%E3%81%9B	https://www.friendtree.co.jp/			1000005	東京都	千代田区丸の内１丁目８番３号丸の内トラストタワー本館２０階	東京都千代田区丸の内１丁目８番３号丸の内トラストタワー本館２０階			コンサルティング	経営コンサル
株式会社ＩＣＥＥＭ	7010401160823	4	https://iceem-group.com/contact/	https://iceem-group.com/		03-5413-6360	1060031	東京都	港区西麻布１丁目１１－６ホテル＆レジデンス六本木１１０４	東京都港区西麻布１丁目１１－６ホテル＆レジデンス六本木１１０４			コンサルティング	経営コンサル
有限会社第一宣伝社	7010402022700	0	https://www.1-senden.co.jp/?page_id=99	https://www.1-senden.co.jp/	info@1-senden.com	03-5340-7637	1070062	東京都	港区南青山５丁目１７－２－５０２	東京都港区南青山５丁目１７－２－５０２	顧客獲得施策を実施する企業	東京都に拠点を置く顧客獲得施策を実施する企業です。2001年12月に設立され、広告・制作、エンタメ・娯楽、不動産、コンサルティング、展示会・販促イベントなどの業界で展示会プランニング事業、イベントプランニング事業、展示会企画・運営事業、イベント企画・運営事業、メールマガジン配信サービス、テナント獲得事業を行っています。	コンサルティング	経営コンサル
有限会社イスタンテ	7010402027237	0	http://www.istante.jp/cgi-bin/contact/contact.html	http://www.istante.jp/index.html		03-5785-0535	1070062	東京都	港区南青山３丁目１番３号	東京都港区南青山３丁目１番３号	相続税申告や譲渡所得税確定申告に関する事務手続きを請け負う企業	東京都に拠点を置く相続税申告や譲渡所得税確定申告に関する事務手続きを請け負う企業です。2004年2月に設立され、文書作成代行事業や税務申告書作成事業を行っています。主な業種は士業、コンサルティング、税理士、財務コンサル、その他コンサルです。	コンサルティング	財務コンサル
株式会社ハキレート	7010501016925	0	http://www.d-brain.net/?page_id=203	https://d-brain.net/		03-5824-5005	1100008	東京都	台東区池之端４丁目１１番３号	東京都台東区池之端４丁目１１番３号	歯医者の事業立ち上げや経営のアドバイスを提供する企業	1996年4月に東京都に設立された会社です。同社は歯医者の事業立ち上げや経営のアドバイスを提供しており、歯科材料販売事業、研修セミナー事業、事業用不動産取引事業を展開しています。人材・アウトソーシング、不動産、小売・販売・卸売、コンサルティングなど様々な業界で幅広いサービスを提供しています。	コンサルティング	経営コンサル
株式会社ネットワークコミュニケーションズ	7010501029712	3	http://nwcom.jp/contact1/	https://nwcom.jp/about/		03-5830-8970	1110034	東京都	台東区雷門２丁目６番１号雷門ミハマビル３Ｆ	東京都台東区雷門２丁目６番１号雷門ミハマビル３Ｆ	PR業務を代行・支援する会社	東京都を拠点にPR業務を代行・支援する会社です。2009年7月に設立され、エンタメ・娯楽、コンサルティング、イベント、販促コンサル、経営コンサルの産業に従事しています。同社はイベントプランニング事業、イベント企画・運営事業、そして英語翻訳事業に力を入れています。	コンサルティング	経営コンサル
株式会社ＳＹＤ	7010501032575	6	https://www.syd-finance.com/contact	https://www.syd-finance.com/		03-5816-1520	1100008	東京都	台東区池之端１丁目１番１号	東京都台東区池之端１丁目１番１号	金融・不動産・高齢者施設・医療運営企業	2006年3月に東京都で設立された金融・不動産・高齢者施設・医療運営企業です。同社は、紹介型人材派遣事業、企業内トレーニングアウトソーシング事業、リラクゼーションサロン運営事業、高齢者向け施設運営事業を行っています。主要業界は医療・製薬・福祉、金融、生活関連サービス、人材・アウトソーシング、不動産、コンサルティング、障害者福祉、企業研修、不動産売買・仲介、人材紹介、財務コンサル、事業者金融、整体、その他医療・福祉です。	コンサルティング	財務コンサル
株式会社帝王経営コンサルタンツ	7010501035454	1	http://form1.fc2.com/form/?id=637746	http://srminotanaka.web.fc2.com/zimusyo.html	srminotanaka@mail.goo.ne.jp	03-5827-3667	1100015	東京都	台東区東上野３丁目１３番２号ＡＹビル４階	東京都台東区東上野３丁目１３番２号ＡＹビル４階	労務士による経営コンサルティング企業	東京都を拠点にする労務士による経営コンサルティング企業です。同社は労務管理アウトソーシング事業と社会保険手続き代行サービス事業を展開しており、主に人材・アウトソーシング、コンサルティング、人材派遣、経営コンサルという産業に関与しています。	コンサルティング	経営コンサル
株式会社ＩＰ　Ｂｒｉｄｇｅ	7010601044710	15	http://ipbridge.co.jp/contact	https://ipbridge.co.jp/company/	oe45432@ipbridge.co.jp	080-4439-0281	1020083	東京都	千代田区麹町１丁目７番地２５	東京都千代田区麹町１丁目７番地２５	知的財産を商業的価値に変換し、ビジネスに役立てる会社	2013年7月に東京都で設立された知的財産保護・活用事業に取り組む会社です。同社はコンサルティング業界における経営コンサルやその他コンサル業務を行い、知的財産を商業的な価値に変換し、ビジネスに活用しています。	コンサルティング	経営コンサル
合同会社リンクスコンサルティング	7010603005842	0	http://lc-llc.co.jp/entry2.html	http://lc-llc.co.jp/	info@lc-llc.co.jp	03-6658-5255	1300001	東京都	墨田区吾妻橋２丁目３番１１号	東京都墨田区吾妻橋２丁目３番１１号	企業が経営するためのコンサルティングや事務代行を行っている企業	東京都に拠点を置き、企業が経営するためのコンサルティングや事務代行を提供しています。2015年4月に設立されたこの企業は、文書作成代行事業、保険アドバイザリー事業、給与処理アウトソーシング事業、会計・税務アドバイザリー事業、補助金申請支援事業、財務・会計業務アウトソーシング事業を中心に展開しています。士業、人材・アウトソーシング、その他サービスなどの幅広い業界にサービスを提供しています。	コンサルティング	経営コンサル
日本ＮＣＲビジネスソリューション株式会社	7010701016139	155	https://www.ncr-bs.com/contact/form.html	https://www.ncr-bs.com/company/outline.html		03-5719-8800	1410032	東京都	品川区大崎５丁目１番１１号	東京都品川区大崎５丁目１番１１号	システム提案等を通じた、ソリューションサービスを提供する企業	1989年3月1日に設立された東京都を拠点とする企業です。同社はシステム提案を通じて、ソリューションサービスを提供し、主にシステムインテグレーション事業を展開しています。また、IT、コンサルティング、総合系コンサル、Webアプリ・サービス運営などの業界で活動しています。	コンサルティング	総合系コンサル
ＰＬＣパートナーズ株式会社	7010701027821	24	https://www.plc-partners.com/contact/	https://www.plc-partners.com/about/	info@plc-partners.com	03-6431-9782	1410032	東京都	品川区大崎１丁目６番１号	東京都品川区大崎１丁目６番１号	業務効率化のアドバイザーBPMシステムの開発、導入などを手掛ける企業	東京都を拠点として、業務効率化のアドバイザーとしてBPMシステムの開発や導入などを手掛ける企業です。2013年4月1日に設立され、海外ビジネスアドバイザリー事業やシステムアドバイザリー事業などを展開しており、IT、コンサルティング、Webアプリ・サービス運営、ITコンサル、経営コンサル、その他コンサルといった幅広い業界に対応しています。	コンサルティング	経営コンサル
アプロホールディングス株式会社	7010701029339	19	http://idh.jp/contact.html	https://www.apro-holdings.jp/		03-6459-6381	1400004	東京都	品川区南品川５丁目１６番１２号	東京都品川区南品川５丁目１６番１２号	自社グループの統括や運営に関するアドバイスを提供している企業	東京都を拠点に自社グループの統括や運営に関するアドバイスを提供している企業です。2014年4月に設立され、建設、人材・アウトソーシング、エネルギー、コンサルティングなどの多様な業界において、太陽光発電システム施工事業やグループ企業経営事業を展開しています。また、再生可能エネルギーや不動産コンサルなどにも積極的に取り組んでいます。	コンサルティング	経営コンサル
株式会社内部統制機構	7010801019553	1	http://www.naibukansa.jp/mail3/mail.html	http://www.naibukansa.jp/index.html		03-5909-0844	2994212	千葉県	長生郡白子町古所５０３２番地１	千葉県長生郡白子町古所５０３２番地１	内部監査アドバイザリーを提供する企業	千葉県に拠点を置き、内部監査アドバイザリーを提供する企業であり、財務監査サービスにも従事しています。2006年9月に設立され、主にコンサルティング、監査法人、財務コンサル業界で活動しています。	コンサルティング	財務コンサル
株式会社マーベリック	7010901015568	1	http://www.media-c.co.jp/contact/	https://www.media-c.co.jp/		03-5429-6235	1570062	東京都	世田谷区南烏山３丁目１１番２０号	東京都世田谷区南烏山３丁目１１番２０号	広告に特化したコンサルティング企業	東京都を拠点に広告に特化したコンサルティング企業です。1998年5月に設立され、IT、エンタメ・娯楽、コンサルティング、イベント、受託開発、経営コンサルの業界にて活動しています。主な業務はイベント企画・運営事業を行っています。	コンサルティング	経営コンサル
株式会社ヨナタン	7010901030303	0	http://www.yonatan.co.jp/mail	http://yonatan.tokyo/company.html		03-5442-9220	1060047	東京都	港区南麻布２丁目１１番１０号	東京都港区南麻布２丁目１１番１０号	小売業中小企業向けコンサルティング企業	東京都を拠点にしている小売業中小企業向けコンサルティング企業です。2012年5月に設立され、主に物流アドバイザリー事業とシステムインテグレーション事業を展開しています。IT、コンサルティング、Webアプリ・サービス運営、経営コンサル、その他コンサルの領域で事業を展開しています。	コンサルティング	経営コンサル
株式会社甲午社	7010901033751	0	https://www.kogosha.jp/%E3%81%8A%E5%95%8F%E5%90%88%E3%81%9B/	https://www.kogosha.jp	hirai@kogosha.com	090-8103-5873	1560054	東京都	世田谷区桜丘５丁目３２番９号	東京都世田谷区桜丘５丁目３２番９号	事業相続M&Aのアドバイザーを提供する企業	東京都を拠点に事業相続M&Aのアドバイザーを提供する企業です。2014年2月に設立され、広告・制作、その他サービス、コンサルティング、スタジオ・写真撮影、CM制作・映像制作、広告制作、その他サービス、経営コンサルの業界で活動しています。空中撮影事業、映画制作事業、広告クリエイティブ事業、ビジネス承継支援事業、テレビ広告制作事業、ビデオプロダクション事業を主要な業務としており、幅広いクライアントに対して高品質なサービスを提供しています。	コンサルティング	経営コンサル
プロアクション株式会社	7010901039658	4	http://www.p-action.com/525489465431	https://p-action.com/	info@p-action.com	03-5314-9186	1570062	東京都	世田谷区南烏山６丁目３番１５号	東京都世田谷区南烏山６丁目３番１５号	財務相談を提供する企業	2017年3月8日に東京都に設立された財務相談を提供する企業です。会計システムコンサルティング事業、税務アドバイザリー事業、財務アドバイザリー事業、税金対策事業、会計・税務アドバイザリー事業、資金管理支援事業を手掛けています。主に士業やコンサルティング業界における税理士、会計士、財務コンサルとして活動しています。	コンサルティング	財務コンサル
インフィニティ株式会社	7011001040754	2	http://infinity-japan.co.jp/formmail/form.html	https://infinity-japan.co.jp/profile-2-4/		03-3400-3170	1500002	東京都	渋谷区渋谷１丁目１９番１８－２１１０号	東京都渋谷区渋谷１丁目１９番１８－２１１０号	投資・経営コンサルティングおよびM&Aアドバイザリー	東京都に拠点を置く投資・経営コンサルティングおよびM&Aアドバイザリー企業であり、2002年10月に設立されました。同社は主にコンサルティング、財務コンサル、経営コンサル業界で活動しています。	コンサルティング	経営コンサル
株式会社グローバルヘルスコンサルティング・ジャパン	7011001052295	77	https://www.ghc-j.com/contact/	https://www.ghc-j.com/corporate_1/	info@ghc-j.com	03-6380-2401	1600022	東京都	新宿区新宿６丁目２７番３０号	東京都新宿区新宿６丁目２７番３０号	医療機関の経営改善に専門的に取り組むコンサルティング企業	東京都に本社を構える医療機関の経営改善に専門的に取り組むコンサルティング企業です。2004年3月1日に設立され、医療・製薬・福祉、人材・アウトソーシング、コンサルティング、セミナーなどの業界において活動しています。会社の主な業務は研修セミナー事業を中心に展開しています。	コンサルティング	経営コンサル
株式会社エム・イー・エル	7011001052337	0	http://www.mel-corp.co.jp/inquiry.html	http://www.mel-corp.co.jp/index.html	info@mel-corp.co.jp	03-5784-4515	1500042	東京都	渋谷区宇田川町３６－２	東京都渋谷区宇田川町３６－２	不動産やECサイトのコンサルや仲介をする企業	2007年5月に東京都で設立された企業です。主な事業は不動産やECサイトのコンサルや仲介を行い、物流アドバイザリー事業とネットショップ構築事業にも力を入れています。IT、不動産、コンサルティング、eコマースなどの業界で活動しており、不動産売買・仲介や経営コンサル、その他コンサル、不動産賃貸・仲介などにも関与しています。	コンサルティング	経営コンサル
ＮＶＤ株式会社	7011001061395	1	https://www.nvd.co.jp/contact/	https://www.nvd.co.jp/about/		044-865-0480	2130011	神奈川県	川崎市高津区久本１丁目１５番１６号レックス溝の口５０２	神奈川県川崎市高津区久本１丁目１５番１６号レックス溝の口５０２	新しいビジネスの立ち上げや成長支援などのコンサルティングを提供している企業	2002年に設立された神奈川県に拠点を置く企業で、新しいビジネスの立ち上げや成長支援などのコンサルティングを提供しています。主な事業には、セミナー企画・運営事業、研修セミナー事業、人材戦略コンサルティング事業、ビジネスコンサルティング事業があります。その他、人材・アウトソーシング、教育、コンサルティング、メディア・出版、セミナー、出版、各種スクール・教室、組織コンサル、経営コンサルなどの業界でも活動しています。	コンサルティング	経営コンサル
株式会社フォーカルワークス	7011001063037	3	http://www.focalworks.jp/contact	http://focalworks.jp/		03-3461-3755	1530061	東京都	目黒区中目黒１丁目８番１号ＶＯＲＴ中目黒Ⅰ．３Ｆ	東京都目黒区中目黒１丁目８番１号ＶＯＲＴ中目黒Ⅰ．３Ｆ	知財価値評価を行う企業	東京都に位置する知財価値評価を行う企業です。2009年11月に設立され、その主な業務はビジネスリサーチ事業と投資アドバイザリー事業です。その他サービス、コンサルティング、財務コンサル、資産運用コンサル、研究・調査・リサーチといった幅広い業界において活動しています。	コンサルティング	財務コンサル
株式会社コトヴィア	7011001063210	1	http://www.cotovia.net/contact/index.html	http://www.cotovia.net/	info@cotovia.asia	03-6416-9195	1500031	東京都	渋谷区桜丘町２６－１セルリアンタワー１５階	東京都渋谷区桜丘町２６－１セルリアンタワー１５階	企業や市場の戦略立案とデザインコンサルティングを提供する企業	東京都に拠点を置く企業であり、企業や市場の戦略立案とデザインコンサルティングを提供しています。2009年12月に設立された同社は、ブランド戦略策定事業、マーケティングコンサルティング事業、ロゴ制作事業を主に展開しており、広告・制作、コンサルティング、Web制作、デザイン、販促コンサル、経営コンサルの分野で幅広い業務を遂行しています。	コンサルティング	経営コンサル
株式会社プライスレス	7011001067938	3	http://priceless.co.jp/contact	https://priceless.co.jp/company		03-3605-4147	1540024	東京都	世田谷区三軒茶屋１丁目３２番３号	東京都世田谷区三軒茶屋１丁目３２番３号	代理店ネットワークの専門家	2005年4月に東京都で設立された代理店ネットワークの専門家です。同社はマーケティングコンサルティング事業、セミナー企画・運営事業、営業支援サービス事業、研修セミナー事業などを展開しており、主に人材・アウトソーシング、コンサルティング、セミナー、販促コンサル、経営コンサルなどの業界に携わっています。	コンサルティング	経営コンサル
株式会社プラットフォームホールディングス	7011001070421	4	https://pfhd.co.jp/contact/	http://pfhd.co.jp/	info@ysandpartners.co.jp	03-6812-9335	1070062	東京都	港区南青山１丁目１５番９号	東京都港区南青山１丁目１５番９号	企業がM&Aの仲介や不動産コンサルティングを担当している企業	2006年11月1日に設立された東京都に拠点を置く企業です。同社は、M&Aの仲介や不動産コンサルティングを主な業務としており、マーケティングコンサルティング事業、美容室・サロン経営コンサルティング業、ヘアスタイルサービス事業、事業用不動産取引事業などに従事しています。生活関連サービス、美容・アパレル、人材・アウトソーシング、不動産、コンサルティングなどの様々な業種に関わっており、多岐にわたるニーズに応えることが得意です。	コンサルティング	経営コンサル
株式会社ＶＴＬ	7011001105128	3	https://vitaly-cloud.com/contact_us/	https://vitaly-cloud.com/		03-4405-1202	1020083	東京都	千代田区麹町４丁目５番地２０	東京都千代田区麹町４丁目５番地２０	地方創生や新規市場開拓支援をしている会社がITCを活用しています (全て使い切っています)企業	2015年4月に東京都で設立されたコンサルティング企業です。地方創生や新規市場開拓支援を専門とし、ITC（情報通信技術）を活用して、営業支援サービス事業を展開しています。その他のコンサルティング業務も提供しており、経営コンサルティングを含め、幅広いサービスを提供しています。	コンサルティング	経営コンサル
株式会社デジタルシフトウェーブ	7011001115135	9	http://www.digitalshiftwave.co.jp/contact/	https://digitalshiftwave.co.jp/	info@digitalshiftwave.co.jp	03-5428-5510	1500044	東京都	渋谷区円山町２８－１渋谷道玄坂スカイビル１０階	東京都渋谷区円山町２８－１渋谷道玄坂スカイビル１０階	デジタルシフトのコンサルティング企業	東京都を拠点にデジタルシフトのコンサルティング企業として活動しています。2017年3月1日に設立された同社は、システムインテグレーション事業を展開し、IT、コンサルティング、Webアプリ・サービス運営、経営コンサルの業界で活躍しています。	コンサルティング	経営コンサル
三ッ輪ホールディングス株式会社	7011001130282	55	https://mhdg.co.jp/contact/	https://mhdg.co.jp/company-info/		03-6451-0374	1600023	東京都	新宿区西新宿８丁目１４番２４号	東京都新宿区西新宿８丁目１４番２４号			コンサルティング	経営コンサル
株式会社プランナー	7011002000484	0	https://www.innovations-i.com/contact/	http://www.innovations-i.com/is/14141.html#nav			1560043	東京都	世田谷区松原３丁目２７番４号	東京都世田谷区松原３丁目２７番４号	飲食店経営改善と請求システム販売企業	1988年9月に東京都で設立されたITおよび経営コンサルティング企業です。飲食店経営改善や請求システムの販売などを主な事業としており、販売管理ソフトウェアの販売も行っています。プランナーは、ITとコンサルティングの分野で豊富な経験と専門知識を持ち、顧客の経営改善をサポートしています。	コンサルティング	経営コンサル
有限会社ソルブ	7011002018254	0	http://sorb.co.jp/contact/	https://sorb.co.jp/		048-711-7195	1070062	東京都	港区南青山２丁目２番１５号	東京都港区南青山２丁目２番１５号	売り上げや出店のアドバイスをするコンサルティング企業	1994年に東京都で設立されたコンサルティング企業です。売り上げや出店に関するアドバイスを得意とし、主に経営コンサルティングを提供しています。ソルブは、コンサルティング業界において優れた実績を持つ信頼できる企業です。	コンサルティング	経営コンサル
エムエスティリスクコンサルティング株式会社	7011101023403	0	https://www.mstrc.co.jp/contact/	http://www.mstrc.co.jp		03-3340-3271	1600023	東京都	新宿区西新宿１丁目６番１号	東京都新宿区西新宿１丁目６番１号	企業に対し、損害保険や生命保険などの保険代理業務を提供している企業	1996年11月に東京都に設立された企業であり、企業に対して損害保険や生命保険などの保険代理業務を提供しています。また、海外ビジネスアドバイザリー事業や保険アドバイザリー事業、リスクマネジメントコンサルティング事業なども手掛けており、コンサルティング業界、資産運用コンサル、経営コンサルなどの産業に関与しています。	コンサルティング	経営コンサル
コーポレート・ドクター株式会社	7011101041215	0	http://www.corporatedoctor.co.jp/inquiry/index.html	http://www.corporatedoctor.co.jp/top.html		03-3348-3411	1420063	東京都	品川区荏原７丁目２番１２号	東京都品川区荏原７丁目２番１２号			コンサルティング	経営コンサル
ＪＣＷ株式会社	7011101051825	0	http://www.jcw-group.com/inquiry.html	http://www.jcw-group.com	info@jcw-group.com	03-5291-1508	1690072	東京都	新宿区大久保２丁目７番１号	東京都新宿区大久保２丁目７番１号	中国企業の日本進出や不動産投資をサポートする企業	2009年3月に東京都で設立された金融、不動産、コンサルティング業界を主に活動する企業です。同社は主に中国企業の日本進出や不動産投資をサポートすることに特化し、不動産投資販売事業を展開しています。不動産売買・仲介や投資、経営コンサルティングなども取り扱う幅広い業務を行っています。	コンサルティング	経営コンサル
株式会社ウィル	7011101068282	0	http://will-corp.net/index.php/contact/	http://will-corp.net/	info@will-corp.net	03-6380-1988	1600004	東京都	新宿区四谷４丁目１５番地８	東京都新宿区四谷４丁目１５番地８	金融と再生エネルギーに特化したコンサルティング企業	東京都に拠点を置く金融と再生エネルギーに特化したコンサルティング企業です。2013年に設立され、マーケティングコンサルティング事業、障がい児支援業、持続可能エネルギーコンサル業、検索エンジン最適化対策事業などを展開しています。主要な業界はIT、コンサルティング、コスト削減コンサル、その他IT、販促コンサル、経営コンサルです。	コンサルティング	経営コンサル
株式会社ファシリテイト	7011101068349	0	http://www.facilitate.co.jp/contact_as	http://www.facilitate.co.jp/		03-6264-4260	1040061	東京都	中央区銀座１丁目８番１４号	東京都中央区銀座１丁目８番１４号	新しいビジネスプロジェクトやマーケティングについてのアドバイスを提供する会社	東京都に拠点を置き、2013年11月に設立された会社です。同社は、新しいビジネスプロジェクトやマーケティングについてのアドバイスを提供することを主な業務としており、広告クリエイティブ事業と営業支援サービス事業を展開しています。主要業種は、広告・制作、コンサルティング、広告制作、経営コンサル、その他コンサルです。	コンサルティング	経営コンサル
ユメリアコンサルティング株式会社	7011101069669	1	https://www.yumerea.co.jp/contact	https://www.yumerea.co.jp/		03-5771-8073	1070062	東京都	港区南青山２丁目６番６号スカイカラー南青山２階	東京都港区南青山２丁目６番６号スカイカラー南青山２階	財務コンサルティング・セミナー企業	東京都に拠点を置く財務コンサルティング・セミナー企業です。同社は主に会計システムコンサルティング事業、セミナー企画・運営事業、営業支援サービス事業、経営研修事業などを展開しています。主要な業界は、人材・アウトソーシング、コンサルティング、企業研修、セミナー、財務コンサル、その他コンサルです。	コンサルティング	財務コンサル
株式会社ＴＫＳソリューション	7011101070833	0	http://tks-s.jp/contact.html	http://tks-s.co.jp/company.html		03-5937-5855	1640011	東京都	中野区中央２丁目９番１－１０１号	東京都中野区中央２丁目９番１－１０１号	医療施設の経営や開業に関する支援を提供する企業	東京都を拠点とする企業であり、医療施設の経営や開業に関する支援を提供しています。医師紹介サービスや医療職員斡旋事業、医薬品流通事業、医療開業支援業など、幅広い業務を展開しています。2014年8月に設立され、商社、人材・アウトソーシング、小売・販売・卸売、コンサルティング、医薬品販売、人材紹介、人材派遣、起業コンサル、経営コンサル、化学品・医療品商社といった業界で活動しています。	コンサルティング	経営コンサル
株式会社Ｃ２	7011101074363	1	http://c-2.co/information/contact/	https://c-2.co/	info@c-2.co	03-6457-7313	1600022	東京都	新宿区新宿５丁目１１番２５号アソルティ新宿五丁目２０４号室	東京都新宿区新宿５丁目１１番２５号アソルティ新宿五丁目２０４号室	ビジネス支援を行う企業が、経営戦略のコンサルティングや事務代行、ロゴやイラストの制作を手掛けています	東京都を拠点にビジネス支援を行う企業です。経営戦略のコンサルティングや事務代行、ロゴやイラストの制作などに取り組んでいます。広告クリエイティブ事業、ウェブサイトのコンサルティング事業、給与処理アウトソーシング事業など、幅広い分野で活動しています。株式会社Ｃ２は、2015年8月に設立され、士業、広告・制作、機械、IT、人材・アウトソーシング、コンサルティングなどの業界での経験を持っています。	コンサルティング	経営コンサル
株式会社アクアビット	7011201009541	1	https://www.aquabit.co.jp/contactus/	https://www.aquabit.co.jp/about/	info@aquabit.co.jp	03-5318-1488	1600022	東京都	新宿区新宿２丁目１２番１３号	東京都新宿区新宿２丁目１２番１３号	ビジネスプラン策定・市場分析を行う企業	2003年2月に東京都で設立されたビジネスプラン策定・市場分析を行う企業です。同社の事業はマーケティングコンサルティング、市場リサーチ、経営研修に関わるもので、人材・アウトソーシング、その他サービス、コンサルティング、企業研修、財務コンサル、販促コンサル、組織コンサル、研究・調査・リサーチ、経営コンサルなどの幅広い業界に携わっています。	コンサルティング	経営コンサル
株式会社マイノリティ	7011401023210	1	https://www.minority.works/%E3%81%8A%E5%95%8F%E3%81%84%E5%90%88%E3%82%8F%E3%81%9B	https://www.minority.works/		050-5275-5118	1040031	東京都	中央区京橋１丁目１７番３号内村京橋ビル２階	東京都中央区京橋１丁目１７番３号内村京橋ビル２階			コンサルティング	総合系コンサル
株式会社さいぶ編集総研	7011601011287	1	http://www.cibe.co.jp/j07Toiawase.html	https://cibe.co.jp/company/	info@cibe.co.jp	03-6271-0065	1030004	東京都	中央区東日本橋２丁目２８番４号日本橋ＣＥＴビル２階	東京都中央区東日本橋２丁目２８番４号日本橋ＣＥＴビル２階	ビジネスのマーケティングやマネジメント支援や教材の開発などを行う会社	2004年7月に東京都に設立されたビジネスのマーケティングやマネジメント支援、教材の開発などを行う会社です。主な事業としては、営業支援サービス事業および保険アドバイザリー事業を展開しています。幅広い業種に対応し、広告・制作、コンサルティング、Web制作、資産運用コンサル、経営コンサルなどの分野でサービスを提供しています。	コンサルティング	経営コンサル
エムストリームコンサルティング株式会社	7011601014678	2	http://www.ms-consul.co.jp/form/index.html	http://www.ms-consul.co.jp/	m-stream@ms-consul.co.jp	03-6913-1557	1770042	東京都	練馬区下石神井１丁目１５番１６号	東京都練馬区下石神井１丁目１５番１６号	企業向けコンサルティングと研修を提供している企業	東京都に拠点を置き、2008年12月に設立された企業向けコンサルティングと研修を提供している企業です。主に人材・アウトソーシング、コンサルティング、企業研修、経営コンサルの分野で活動しており、企業内トレーニングアウトソーシング事業を主力としています。	コンサルティング	経営コンサル
丸投げ経理株式会社	7011601016393	1	http://www.fees.tokyo/otoiawase.html	http://www.fees.tokyo/index.html	dogami@taxes.jp	03-5548-6007	1040052	東京都	中央区月島２丁目１０番１－２３１１号	東京都中央区月島２丁目１０番１－２３１１号	｢経営アドバイザー会社｣は、事業継承と個人起業の支援を提供する企業	東京都に拠点を置く「経営アドバイザー会社」です。主な事業は、事業継承と個人起業の支援を提供するビジネス承継支援事業です。その他サービス、コンサルティングおよび経営コンサルの業界に属しています。	コンサルティング	経営コンサル
株式会社カプセルマーケティング	7011701016269	0	http://capsule-m.jp/prg/contact/	http://capsule-m.jp/			1340083	東京都	江戸川区中葛西７丁目１２番１８号	東京都江戸川区中葛西７丁目１２番１８号	企業のマーケティング支援や教育を行う企業	2012年2月に東京都で設立された、企業のマーケティング支援や教育を行う企業です。主にマーケティングコンサルティング事業を展開しており、コンサルティング、販促コンサル、経営コンサルの分野で業務を行っています。	コンサルティング	経営コンサル
株式会社ＺｉｔｚＧｅｎ	7011701022382	5	https://zitzgen.com/contact	http://zitzgen.com	info@zitzgen.com	03-6663-9906	1430023	東京都	大田区山王４丁目２１番１６号	東京都大田区山王４丁目２１番１６号	中小企業の経営と人事のサポートを提供する専門企業	2019年1月18日に設立された東京都に拠点を置く専門企業です。同社は中小企業の経営と人事のサポートを提供し、マーケティングコンサルティング事業に特化しています。主な業務は販促コンサル、組織コンサル、および経営コンサルであり、コンサルティング業界において専門知識と経験を持つチームが顧客のニーズにお応えします。	コンサルティング	経営コンサル
クロスワンコンサルティング株式会社	7011801017480	6	http://www.xone-consulting.co.jp/contact/	https://www.xone-consulting.co.jp/		03-6810-9512	1030012	東京都	中央区日本橋堀留町１丁目８番１１号	東京都中央区日本橋堀留町１丁目８番１１号	企業に対し、経営改善や後継者育成などのコンサルティングを提供する企業	東京都を拠点に、企業に対し経営改善や後継者育成などのコンサルティングを提供する企業です。2006年5月に設立され、主なサービスはビジネス承継支援です。人材・アウトソーシング、その他サービス、コンサルティング、人材紹介、その他人材、その他サービス、経営コンサルの業界で活動しています。	コンサルティング	経営コンサル
株式会社エヌアンドエスコンサルティング	7012401016484	8	http://nands-consulting.com/%E3%81%8A%E5%95%8F%E3%81%84%E5%90%88%E3%82%8F%E3%81%9B/	https://nands-consulting.com/	info@nands-consulting.com	042-318-3947	1830056	東京都	府中市寿町２丁目１０番地の３宝栄府中ビル	東京都府中市寿町２丁目１０番地の３宝栄府中ビル	中小企業の簿記や財務管理を代行するサービスを提供している企業	2007年6月に設立された東京都を拠点とした会計・財務業務のアウトソーシングを専門にした企業です。中小企業の簿記や財務管理を代行するサービスを提供し、人材・アウトソーシング、コンサルティング、財務コンサル、人材派遣を主な事業としています。	コンサルティング	財務コンサル
株式会社フォースウェイブ・コンサルティング	7012401017400	2	http://157.205.177.65/contact/	http://www.fw-c.com/	info@fw-c.com	03-6868-3247	1820021	東京都	調布市調布ケ丘４丁目１６－２８	東京都調布市調布ケ丘４丁目１６－２８	海外進出支援を提供する企業	2008年に設立され、東京都に拠点を置く海外進出支援企業です。同社は市場リサーチ事業、海外ビジネスアドバイザリー事業、経営研修事業を提供しており、主に人材・アウトソーシング、その他サービス、コンサルティング、企業研修、研究・調査・リサーチ、経営コンサル、その他コンサルの業界に属しています。	コンサルティング	経営コンサル
ストラコム株式会社	7012401019966	1	http://stracomm.co.jp/inquiry.html	http://stracomm.co.jp/	info@stracomm.co.jp	03-6809-2420	1040061	東京都	中央区銀座７丁目１５番８号タウンハイツ銀座４０６	東京都中央区銀座７丁目１５番８号タウンハイツ銀座４０６	企業の営業改善や社員教育を支援する会社	東京都に拠点を置く企業の営業改善や社員教育を支援する会社です。主な業務は、営業支援サービス事業を展開しており、人材・アウトソーシング、コンサルティング、企業研修、経営コンサルなどのエキスパートisejp苞されています。ストラコム株式会社は、幅広い業界で高品質なサービスを提供することを目指しています。	コンサルティング	経営コンサル
株式会社ＳＣＩ	7012401021682	3	https://www.sciinc.jp/contact	http://www.sciinc.jp		03-5909-8628	1600004	東京都	新宿区四谷２丁目１４－３７	東京都新宿区四谷２丁目１４－３７	学校の運営・経営アドバイス業者	東京都に拠点を置く学校の運営・経営アドバイス業者です。同社は主に教育支援事業とセミナー企画・運営事業を手掛けており、人材・アウトソーシング、教育、コンサルティング、塾・予備校、セミナー、経営コンサルの業界に位置しています。	コンサルティング	経営コンサル
ビーグラッド株式会社	7012701012869	2	http://www.be-glad-kk.com/contact.html	http://www.be-glad-kk.com/		03-5807-7710	1870012	東京都	小平市御幸町１１７番地１－１０２	東京都小平市御幸町１１７番地１－１０２	企業の営業や経営を支援するコンサルティング業務や、利用者と印刷業者をつなぐ仲介サービスを提供する会社	東京都を拠点に、企業の営業や経営を支援するコンサルティング業務や、利用者と印刷業者をつなぐ仲介サービスを提供する会社です。主に営業支援サービス事業を展開し、コンサルティングや経営コンサルに関する幅広い知識とノウハウを持ち合わせています。ビーグラッド株式会社は、コンサルティングや経営コンサルなどの業界で大きな存在感を持ち、積極的なビジネスサポートを提供しています。	コンサルティング	経営コンサル
有限会社オリエントエンタープライズ	7013102001032	2	http://www.club-orient.co.jp/contact/index.php	http://www.club-orient.co.jp/company/index.php		0428-84-0131	1980036	東京都	青梅市河辺町１０丁目６番地の３	東京都青梅市河辺町１０丁目６番地の３	パチンコ店のコンサルティングを請け負う会社	1992年2月1日に設立された東京都を拠点とするコンサルティング会社であり、主にパチンコ店のコンサルティングに特化しています。経営コンサルティングの分野で優れた実績を持ち、業界内での信頼度も高く、幅広いクライアントに対して綿密なアドバイスと解決策を提供しています。	コンサルティング	経営コンサル
株式会社エグゼクティブ・コンサルティング	7013201010537	0	http://executive-consulting-j.com/jp/contactus/	http://executive-consulting-j.com/index.php	info@executive-consulting-j.com	03-3712-9739	1530052	東京都	目黒区祐天寺２丁目５番９号	東京都目黒区祐天寺２丁目５番９号	外国ビジネスに特化したコンサルティング企業	東京都を拠点に外国ビジネスに特化したコンサルティング企業です。2003年9月に設立され、主な業務は海外ビジネスアドバイザリー事業と経営研修事業です。人材・アウトソーシング、コンサルティング、企業研修、経営コンサル、その他コンサルの分野で幅広く活動しています。	コンサルティング	経営コンサル
株式会社パン・パシフィック・インターナショナルホールディングス	7013201016303	910	https://www.ppihgroup.com/form/pc/index.php?fn=1338	https://ppih.co.jp/corp/address/		03-5725-7532	1500043	東京都	渋谷区道玄坂２丁目２５番１２号	東京都渋谷区道玄坂２丁目２５番１２号	ドン・キホーテなどを含む割引ストアのグループ経営を担当する企業	1980年9月に設立された東京都を拠点とする企業です。同社は、ドン・キホーテなどを含む割引ストアのグループ経営を担当しており、生活用品、家電、日用品などの小売・販売・卸売業や経営コンサルティング事業を展開しています。	コンサルティング	経営コンサル
あすか総研株式会社	7013301014495	0	http://www.s-asuka.com/contact/index.html	http://www.s-asuka.com/index.html	asuka@s-asuka.com	03-6261-4500	1700013	東京都	豊島区東池袋３丁目２３番１３号	東京都豊島区東池袋３丁目２３番１３号	パチンコ業界に特化した経営コンサルティングを提供する企業	1995年11月1日に設立された東京都を拠点とする企業です。同社はパチンコ業界に特化した経営コンサルティングを提供し、組織分析コンサルティング事業、人事管理ソフトウェア開発事業、会計システムコンサルティング事業、営業支援サービス事業、企業内トレーニングアウトソーシング事業、出勤管理ソフトウェア開発事業などを展開しています。同社はIT、人材・アウトソーシング、コンサルティング、Webアプリ・サービス運営などの業界で幅広い活動を行っています。	コンサルティング	経営コンサル
エムラージ株式会社	7013301027605	0	http://mloj.co.jp/index.php?%E3%81%94%E7%9B%B8%E8%AB%87%E3%83%BB%E3%81%8A%E5%95%8F%E3%81%84%E5%90%88%E3%81%9B	http://mloj.co.jp/index.php?FrontPage	info@mloj.co.jp	03-5960-0262	1700013	東京都	豊島区東池袋２丁目６２番８号	東京都豊島区東池袋２丁目６２番８号	Iranにおいてビジネスをサポートする会社	東京都を拠点として、Iranにおいてビジネスをサポートする会社です。同社は広告クリエイティブ事業、海外ビジネスアドバイザリー事業、輸入手続き代行事業、ビデオプロダクション事業、飲料品卸売事業、言語通訳・翻訳サービス事業、海外輸出支援事業などを展開しています。2006年10月に設立され、広告・制作、食品、商社、人材・アウトソーシング、コンサルティング、輸出入業務代行、総合広告代理店、飲料品、広告制作、翻訳・通訳、経営コンサル、その他コンサル、食品専門商社などの業界で幅広く活動しています。	コンサルティング	経営コンサル
ソウルメイト株式会社	7013301030170	1	http://www.soulmate.co.jp/contact.html	https://www.soulmate.co.jp/company/	t-miyai@soulmate.co.jp		1030026	東京都	中央区日本橋兜町１７番２号	東京都中央区日本橋兜町１７番２号	ビジネスマッチングやコンサルティングを提供する企業	2011年2月に東京都に設立されたビジネスマッチングサービス事業を提供する企業であり、人材・アウトソーシング、コンサルティング、人材紹介などの業界で活動しています。経営コンサルに加え、ビジネスマッチングやコンサルティングを通じて顧客に最適な解決策を提供しています。	コンサルティング	経営コンサル
株式会社ベネフィットコンサルティング	7013303001483	1	http://www.benefit-consulting.net/contact/	https://www.benefit-csl.com/会社概要	info@benefit-csl.net	03-5957-3787	1510053	東京都	渋谷区代々木１丁目５１－７－３Ｆ	東京都渋谷区代々木１丁目５１－７－３Ｆ	企業の再生や再編に関するコンサルティングを提供する企業	1999年12月に東京都で設立されたコンサルティング会社であり、企業の再生や再編に関するコンサルティングを提供しています。同社は主に経営コンサルティングや不動産コンサルティングの分野で活動しており、企業の成功に向けた効果的な戦略や解決策を提供しています。	コンサルティング	経営コンサル
株式会社モリヤマ	7020001010675	2	http://www.moriyama-inc.co.jp/contact/index.html	http://www.moriyama-inc.co.jp/index.html		045-371-2341	2400042	神奈川県	横浜市保土ケ谷区上星川３丁目１番１号	神奈川県横浜市保土ケ谷区上星川３丁目１番１号	不動産管理・賃貸を行うモリヤマグループの子会社	神奈川県を拠点に不動産管理・賃貸事業を展開するモリヤマグループの子会社です。1954年1月に設立され、不動産、コンサルティングなどの業界において幅広い事業を展開しています。主にグループ企業の経営事業に従事しており、不動産および経営コンサルティング分野で高い信頼と実績を持っています。	コンサルティング	経営コンサル
株式会社ＲＥＡ	7020001019254	2	http://rediscovereating.co.jp/%e3%81%8a%e5%95%8f%e3%81%84%e5%90%88%e3%82%8f%e3%81%9b/	https://rediscovereating.co.jp/company/		011-301-4738	0640943	北海道	札幌市中央区界川２丁目２番１４号	北海道札幌市中央区界川２丁目２番１４号	小売業界のコンサルティング企業	北海道を拠点に活動する小売業界のコンサルティング企業です。1990年3月に設立され、コンサルティングや経営コンサル業を展開しています。	コンサルティング	経営コンサル
株式会社ソーホー	7020001033503	2	http://www.soho-inc.co.jp/contact.html	http://www.soho-inc.co.jp/soho_inc/index.html	info@soho-inc.co.jp	045-224-8080	2310023	神奈川県	横浜市中区山下町２４番地８	神奈川県横浜市中区山下町２４番地８	商社は、企業の支援、経営管理、オフィスビルの運営などを行う企業	神奈川県を拠点に、商社業を展開しています。1998年2月に設立され、企業の支援、経営管理、オフィスビルの運営などを行っています。主な事業は、ワークスペースレンタル、オフィスビル賃貸、賃貸物件運営、財務・会計業務のアウトソーシングです。人材・アウトソーシング、不動産、コンサルティング、事務処理代行、業務請負、人材派遣などの業界において、レンタルスペースや経営コンサル、不動産賃貸・仲介などのサービスを提供しています。	コンサルティング	経営コンサル
株式会社和田創研	7020001033890	1	http://wadasouken.co.jp/contact.html	http://wadasouken.co.jp/	info@wadasouken.co.jp	050-3786-3704	2891105	千葉県	八街市泉台２丁目１８番地８	千葉県八街市泉台２丁目１８番地８	企業がマーケティング、研修、経営力向上学校を運営する企業	1991年1月に神奈川県で設立された企業です。同社はマーケティング、研修、経営力向上学校を運営することを主な業務としており、マーケティングコンサルティング事業、市場リサーチ事業、経営研修事業を展開しています。和田創研は人材・アウトソーシング、その他サービス、コンサルティングを含む幅広い業界で活動しています。	コンサルティング	経営コンサル
株式会社ティオ	7020001035251	0	http://www.tio21.co.jp/administration/otoiawase.html	https://www.tio21.co.jp/		045-222-8295	2360046	神奈川県	横浜市金沢区釜利谷西５丁目４番２１号	神奈川県横浜市金沢区釜利谷西５丁目４番２１号	自動車業界向け経営コンサルティング企業	神奈川県に拠点を置く自動車業界向け経営コンサルティング企業です。営業支援サービス事業、メールマガジン配信サービス、自動車産業向けソフトウェア開発事業を展開しています。1994年5月に設立され、広告・制作、IT、コンサルティング、Webアプリ・サービス運営、受託開発、経営コンサルなどの業界で活躍しています。	コンサルティング	経営コンサル
株式会社イデア	7020001048518	3	https://www.idea-pd.com/contact	https://www.idea-pd.com/		0120-069-178	2230058	神奈川県	横浜市港北区新吉田東２丁目２２番８号	神奈川県横浜市港北区新吉田東２丁目２２番８号	人材派遣や就職支援、企業コンサルティングを提供する企業	神奈川県を拠点にし、人材派遣や就職支援、企業コンサルティングを提供している企業です。2006年8月に設立され、広告・制作、人材・アウトソーシング、コンサルティング、企業研修などの業界で活動しています。販売アドバイザリー事業、営業支援サービス事業、企業内トレーニングアウトソーシング事業、ポスターデザイン制作事業などを展開しています。	コンサルティング	経営コンサル
ヨコハマコンサルティング株式会社	7020001051182	0	http://www.yokohamaconsulting.com/contact.html	http://www.yokohamaconsulting.com/index.html		090-1538-9970	2310862	神奈川県	横浜市中区山手町２２３番地３	神奈川県横浜市中区山手町２２３番地３	家族経営のコンサルティングを行う企業	神奈川県に拠点を置く家族経営によるコンサルティングを行う企業です。主に、人材・アウトソーシング、その他サービス、コンサルティング、企業研修などの業務を手がけており、商品開発事業や経営研修事業にも力を入れています。経営コンサルティングにおいても多岐にわたるサービスを提供し、お客様のビジネスのプロセスをサポートしています。	コンサルティング	経営コンサル
株式会社フューチャー・コンサルティング	7020001059184	0	https://futureconsulting9.wixsite.com/future/contact	https://futureconsulting9.wixsite.com/future	future.consulting.9@gmail.com	03-6435-4616	1080014	東京都	港区芝５丁目２７番３号芝ハイツ３階Ａ－１１	東京都港区芝５丁目２７番３号芝ハイツ３階Ａ－１１	中小企業向けの経営コンサルティングと人材育成を専門とする企業		コンサルティング	経営コンサル
株式会社シンシアインターナショナル	7020001059671	0	http://www.sincere-intl.com/contact	https://www.sincere-intl.com/aboutus/overview	info@sincere-intl.com	044-299-7210	2150004	神奈川県	川崎市麻生区万福寺１丁目１番１号新百合ヶ丘シティビルディング３０４Ｂ号室	神奈川県川崎市麻生区万福寺１丁目１番１号新百合ヶ丘シティビルディング３０４Ｂ号室	企業が経営上の課題を解決し、中国でのビジネスを支援するコンサルティングサービスを提供してます	2008年11月に神奈川県で設立された企業です。商社、人材・アウトソーシング、コンサルティングなど様々な業種に携わりながら、中国でのビジネスを支援するコンサルティングサービスを提供しています。主な事業はセミナー企画・運営、研修セミナー、輸入手続き代行、海外輸出支援などです。	コンサルティング	経営コンサル
株式会社フロンティアーズ	7020001062122	0	http://frontiers-corp.jp/contact/	https://frontiers-corp.jp/about/company/	info@frontiers-corp.jp	03-6661-9151	2330016	神奈川県	横浜市港南区下永谷５丁目５３番１３号	神奈川県横浜市港南区下永谷５丁目５３番１３号	グループ企業の統括会社であり、経営コンサルティングも行う企業	神奈川県に拠点を置く統括会社であり、グループ企業の経営を一元管理するだけでなく、経営コンサルティングも提供しています。2009年6月に設立され、エンタメ・娯楽、コンサルティング、イベント、販促コンサルなどの業界で活動しています。イベントプランニング事業、マーケティングコンサルティング事業、そしてグループ企業経営事業を主要な業務として展開しています。	コンサルティング	経営コンサル
株式会社アズーロ	7020001091666	5	http://www.zeirishi-kato-satoshi.com/mailform/mailform_1/	http://www.zeirishi-kato-satoshi.com/basic/profile.html	info@zeirishi-kato-satoshi.com	045-222-0321	2310028	神奈川県	横浜市中区翁町１丁目６－７	神奈川県横浜市中区翁町１丁目６－７	起業や設立支援を提供する企業	神奈川県に本社を構える起業や設立支援を提供する企業です。2011年6月に設立され、その主な業務はビジネス承継支援事業と相続アドバイザリー事業です。その他サービス、コンサルティング、資産運用コンサル、経営コンサルなど、幅広い業種を対象にしています。	コンサルティング	経営コンサル
ミネルヴァインサイト合同会社	7020003010260	2	http://minerva-insight.jp/contact/	http://minerva-insight.jp		03-5422-6805	1080074	東京都	港区高輪３丁目１９番２０号高輪ＯＳビル	東京都港区高輪３丁目１９番２０号高輪ＯＳビル	ビジネスアドバイザリー企業、人財開発支援を提供企業	2015年8月に東京都に設立されたビジネスアドバイザリー企業であり、組織コンサルや経営コンサルに特化したサービスを提供しています。主な事業は、人財開発支援であり、クライアントの成長や競争力向上を支援しています。	コンサルティング	経営コンサル
アルコ株式会社	7021001030440	0	https://z441.secure.ne.jp/~z441040m03/form/toiawase.htm	http://www.arco.ne.jp/index.php		0467-70-3641	2521122	神奈川県	綾瀬市小園南２丁目１３番４号	神奈川県綾瀬市小園南２丁目１３番４号	ビジネスアドバイザー生産管理システムのコンサルタント	1998年1月に設立された神奈川県に拠点を置く企業です。同社は、ビジネスアドバイザー生産管理システムのコンサルタントとして、物流アドバイザリー事業、製造工程管理システム開発事業、物流システムの開発事業を展開しています。また、IT、人材・アウトソーシング、コンサルティング、Webアプリ・サービス運営、セミナー、経営コンサル、その他コンサルの様々な業界で活動しています。	コンサルティング	経営コンサル
株式会社ライトハウス	7021001035605	1	http://esthe-support.jp/contact.html	http://esthe-support.jp/		0466-82-0458	2520813	神奈川県	藤沢市亀井野１５４６番地	神奈川県藤沢市亀井野１５４６番地	エステサロンのコンサルティングを提供する企業	神奈川県を拠点にエステサロンのコンサルティングを提供する企業です。2010年9月に設立され、美容室・サロン経営コンサルティング業や研修セミナー事業を展開しています。人材・アウトソーシング、コンサルティング、セミナー、経営コンサルの産業に分類されます。	コンサルティング	経営コンサル
柴田ＣＳマネジメント株式会社	7021001043946	0	http://www.shibata-cs.com/mail.html	http://www.shibata-cs.com/index.html			2530025	神奈川県	茅ヶ崎市松が丘２丁目１０番５３号	神奈川県茅ヶ崎市松が丘２丁目１０番５３号	顧客満足と苦情対応に注目した企業経営のコンサルティング会社	神奈川県に拠点を置く顧客満足と苦情対応に注目した企業経営のコンサルティング会社です。同社は、営業支援サービス事業とリスクマネジメントコンサルティング事業を展開しており、人材・アウトソーシング、コンサルティング、企業研修、経営コンサルなどの分野で幅広いサービスを提供しています。	コンサルティング	経営コンサル
有限会社ワイイーワイ	7021002012660	1	https://yey.co.jp/contact/	http://www.yey.co.jp/		0467-84-3960	2530053	神奈川県	茅ヶ崎市東海岸北５丁目４番４８号	神奈川県茅ヶ崎市東海岸北５丁目４番４８号	終活や相続に関するアドバイスや葬儀写真を提供する会社	神奈川県を拠点にする終活や相続に関するアドバイスや葬儀写真を提供する会社です。相続アドバイザリー事業、フォトグラフィー事業、人材戦略コンサルティング事業、ビデオプロダクション事業、システムアドバイザリー事業などを展開しており、広告・制作、機械、その他サービス、小売・販売・卸売、コンサルティングなどの業界にサービスを提供しております。	コンサルティング	経営コンサル
株式会社第一経営相談所	7030001005121	1	http://www.daiichi-keiei.com/contact	https://www.daiichi-keiei.com/company/companyoutline/	info@daiichi-keiei.com	048-650-0101	3300835	埼玉県	さいたま市大宮区北袋町１丁目３３２番地	埼玉県さいたま市大宮区北袋町１丁目３３２番地	中小企業に対する経営相談や支援を提供する企業	1964年9月に設立され、埼玉県に位置する中小企業に対する経営相談や支援を提供する企業です。同社は損害保険エージェント事業、税務アドバイザリー事業、ビジネス承継支援事業、生命保険エージェント業を行っており、士業、金融、その他サービス、コンサルティング、税理士、保険代理店、組織コンサル、経営コンサルの業界において活動しています。	コンサルティング	経営コンサル
株式会社アイ・フィールド	7030001014089	1	https://wx06.wadax.ne.jp/~ifield-plus-co-jp/contact/index.html	http://ifield-plus.co.jp/index.html		048-838-9443	3360034	埼玉県	さいたま市南区内谷７丁目２番１０号７０８	埼玉県さいたま市南区内谷７丁目２番１０号７０８	美容品や生活用品の販売支援と現場での指導を提供する企業	2007年に設立された埼玉県を拠点とするコンサルティング企業です。同社は、美容品や生活用品の販売支援と現場での指導を提供しており、主に経営コンサルティングに特化しています。アイ・フィールドは、顧客のビジネスを効果的にサポートするための革新的なソリューションを提供しています。	コンサルティング	経営コンサル
株式会社アクアス	7030001049432	0	https://my.formman.com/form/pc/oqxnAwXOP46r5U0o/	http://aquas.cs.land.to/index.html		049-293-3244	3540024	埼玉県	富士見市鶴瀬東１丁目２番３３号	埼玉県富士見市鶴瀬東１丁目２番３３号	コスト削減とレンタカー事業を提供する企業	2008年10月に埼玉県に設立された、コスト削減とレンタカー事業を提供する企業です。主要な業務として、自動車リース事業、産廃処理事業、資金管理支援事業、自動車整備事業を展開しており、その他にもさまざまなサービスを提供しています。主にその他サービス、自動車・輸送、コンサルティング、レンタカー・リース、廃棄物処分、財務コンサル、自動車整備、経営コンサルの業界で活動しています。	コンサルティング	経営コンサル
株式会社ＵＳＰ	7040001033055	2	https://www.usp.co.jp/contact/		Unique@usp.co.jp	03-3235-0029	1040061	東京都	中央区銀座１丁目１５番７号ＭＡＣ銀座ビル３階	東京都中央区銀座１丁目１５番７号ＭＡＣ銀座ビル３階	外国人観光客を呼び込む企業	東京都に拠点を置く2012年5月に設立された企業です。同社は外国人観光客を呼び込むことを目指し、人材戦略コンサルティング事業に従事しています。主な業務としては、販促コンサル、組織コンサル、経営コンサルなどがあります。	コンサルティング	経営コンサル
ＩＰＯキャピタルパートナーズ株式会社	7040001041644	0	http://ipo-cp.com/index/ipo-page/	http://ipo-cp.com	ykuroda@ipo-cp.com	03-6869-5298	1010052	東京都	千代田区神田小川町１丁目８番３号小川町北ビル３階	東京都千代田区神田小川町１丁目８番３号小川町北ビル３階	IPOのアドバイスをする企業	東京都に拠点を置くIPOのアドバイスをする企業です。主にコンサルティング、財務コンサル、経営コンサルの業務を行っており、クライアントのニーズに合わせた独自の戦略を提案しています。	コンサルティング	経営コンサル
株式会社ジェイ・ストリーム	7040001064505	1	http://www.jstream.co.jp/contact.html	http://www.jstream.co.jp/		03-6435-4446	1080022	東京都	港区海岸３丁目７番３号	東京都港区海岸３丁目７番３号	企業が経営相談やグローバル展開をサポートする企業	東京都に拠点を置く企業であり、企業の経営相談やグローバル展開をサポートすることを専門としています。同社の主な業務には、美容商品販売事業、ファッション商品企画・開発事業、海外ビジネスアドバイザリー事業、食品プロダクト開発事業などがあります。ジェイ・ストリームは、美容・アパレル、商社、人材・アウトソーシング、小売・販売・卸売、コンサルティングなどの幅広い業界で活動しています。	コンサルティング	経営コンサル
株式会社東日本総合計算センター	7040001073588	8	https://www.kaikei-home.com/iwase-group/mailFormInput/	https://www.kaikei-home.com/iwase-group/corner1/article4/	iwasezeiken@lion.ocn.ne.jp	047-495-2117	2730025	千葉県	船橋市印内町４９７番地２	千葉県船橋市印内町４９７番地２	税務・相続・不動産コンサルティングの専門企業	千葉県に拠点を置く税務・相続・不動産コンサルティングの専門企業です。2012年1月に設立され、税務アウトソーシング事業、税金対策事業、相続アドバイザリー事業、労務管理アウトソーシング事業、財務・会計業務アウトソーシング事業を展開しています。士業、人材・アウトソーシング、コンサルティングの業界において、税理士、財務コンサル、人材派遣、資産運用コンサル、不動産コンサルのサービスを提供しています。	コンサルティング	財務コンサル
株式会社クロスフェイス	7040001097174	5	http://www.crossface.co.jp/contact/	https://crossface.co.jp/profile/		03-6886-0169	1030025	東京都	中央区日本橋茅場町２丁目１７番５号	東京都中央区日本橋茅場町２丁目１７番５号	企業に特化したWeb制作ツールと助成金申請サポートを提供する企業	2016年10月4日に東京都で設立された企業です。同社は広告・制作、コンサルティング、Web制作、デザイン、経営コンサルの業界で、企業に特化したWeb制作ツールと助成金申請サポートを提供しています。また、サイン・グラフィックデザイン事業も手掛けています。	コンサルティング	経営コンサル
株式会社マネジメントセンター	7050001005020	4	http://www.isommc.com/contact	http://www.isommc.com	info@isommc.com	029-219-4611	3100851	茨城県	水戸市千波町１３８４－７	茨城県水戸市千波町１３８４－７	介護事業や中小企業に対して、経営のコンサルティングを行っている企業	2004年に設立された茨城県に拠点を置く企業であり、介護事業や中小企業に対して経営のコンサルティングを提供しています。同社は営業支援サービス事業、デイサービス施設の経営・運営、フランチャイズチェーン事業、およびビジネスコンサルティング事業を展開しており、医療・製薬・福祉、その他サービス、コンサルティングなどの産業に関与しています。株式会社マネジメントセンターは、経験豊富な専門家チームと共に、お客様の経営の成功を支援しています。	コンサルティング	経営コンサル
ハルナグループホールディングス株式会社	7070001009523	17	http://www.harunabev.co.jp/form/	https://harunabev.co.jp/company/about/		03-3275-0191	3703531	群馬県	高崎市足門町３９番地３	群馬県高崎市足門町３９番地３	飲料製品のプロデュースに特化した経営コンサルティング企業	群馬県を拠点とする飲料製品のプロデュースに特化した経営コンサルティング企業です。1996年2月に設立された同社は、主にコンサルティングや経営コンサルの業界で活動しています。	コンサルティング	経営コンサル
有限会社ブレス	7070002025593	1	https://www.bless.gunma.jp/inquiry	https://www.bless.gunma.jp/	offiice@bless.gunma.jp		3760044	群馬県	桐生市永楽町７番４３号永楽町ビル２階	群馬県桐生市永楽町７番４３号永楽町ビル２階	経営･商品に関するアドバイザー事業を展開する企業	群馬県を拠点に経営・商品に関するアドバイザー事業を展開している企業です。2004年11月に設立され、広告クリエイティブ事業、商品開発アドバイザリー事業、ビデオプロダクション事業を主な業務としています。広告・制作、コンサルティング、広告制作、経営コンサル、その他コンサルの業界で活動しています。	コンサルティング	経営コンサル
株式会社小出宗昭事務所	7080001011684	2	http://idomu.jp/contact	http://idomu.jp	toiawase@idomu.jp	090-5009-9413	4200841	静岡県	静岡市葵区上足洗４丁目８番１４－２０２号	静岡県静岡市葵区上足洗４丁目８番１４－２０２号	f-Biz企業が運営する富士市の産業支援センター	静岡県に位置し、f-Biz企業が運営する富士市の産業支援センターです。2008年7月に設立され、公共施設運営業務、セミナー企画・運営事業、地方創生事業、経営研修事業を主な業務としています。建設、人材・アウトソーシング、不動産、コンサルティングなど幅広い業界で活躍しており、広告運用コンサル、企業研修、商業施設・店舗・公共施設建設、セミナー、デベロッパー、起業コンサル、経営コンサルなどを提供しています。	コンサルティング	経営コンサル
株式会社リョケン	7080101012921	10	http://www.ryoken-jp.com/contact_form/	https://www.ryoken-jp.com/		0557-83-2120	4130024	静岡県	熱海市和田町１６番１号	静岡県熱海市和田町１６番１号			コンサルティング	経営コンサル
有限会社エーアール	7080102012482	1	https://ar-co-ltd.wixsite.com/1192/form	https://ar-co-ltd.wixsite.com/1192/	ar@sa1192.com	055-989-6670	4110943	静岡県	駿東郡長泉町下土狩３８２番地の２コンコースＳ１０２	静岡県駿東郡長泉町下土狩３８２番地の２コンコースＳ１０２	経営コンサル、ソーラー発電などを手掛ける企業	静岡県に位置する建設・工事・土木業、材料・資源業、食品業、エネルギー業、小売り・販売・卸売業、コンサルティング業などを手掛ける企業です。主な事業としては、太陽光発電システム施工事業、塗装施工事業、栄養補助食品販売事業、ペイント販売事業を展開しています。有限会社エーアールは、健康食品や太陽光パネル、塗料などの販売から、経営コンサルティングや塗装工事・外装工事まで幅広い業務を提供しています。	コンサルティング	経営コンサル
株式会社アイ・アンド・プラス	7080401000023	5	https://www.hamanako.com/iplus/contact.html	https://www.hamanako.com/iplus/		053-571-8755	4338104	静岡県	浜松市中央区東三方町１９３番地３	静岡県浜松市中央区東三方町１９３番地３	マーケティング支援、店内装デザイン、ガーデニングを手掛ける企業	1988年4月に静岡県に設立された企業です。同社はマーケティング支援、店内装デザイン、ガーデニングを手掛けており、映像ソフト販売事業、マーケティングコンサルティング事業、DVD制作サービス事業、Webマーケティング支援事業を行っています。当社は建設、広告・制作、IT、小売・販売・卸売、コンサルティング、Webマーケコンサル、書籍・メディア販売、CM制作・映像制作、販促コンサル、経営コンサル、インテリア系デザインの業界で活動しています。	コンサルティング	経営コンサル
株式会社花井会計総合サービス	7080401011821	6	https://www.kaikei-home.com/hanakaikei/mailFormInput/	https://www.kaikei-home.com/hanakaikei	hanai@hanakai.jp	053-414-2205	4338113	静岡県	浜松市中央区小豆餅１丁目２５番３７号	静岡県浜松市中央区小豆餅１丁目２５番３７号	企業が経営コンサルティングを提供している企業	静岡県に拠点を置くコンサルティング会社であり、企業への経営コンサルティングを提供しています。当社は、豊富な経験と専門知識を活かし、お客様の経営課題を分析し、最適な解決策を提案します。私たちは、コンサルティング業界でのリーダーとして、お客様の成功を支援してまいります。	コンサルティング	経営コンサル
株式会社Ｆｉｒｓｔ　Ｌｉｎｅ	7080401021630	2	http://www.01-line.com/contact	http://www.01-line.com		053-415-8077	4300926	静岡県	浜松市中央区砂山町３５５番地の４ハマキョウレックス浜松駅南ビル４階	静岡県浜松市中央区砂山町３５５番地の４ハマキョウレックス浜松駅南ビル４階	企業が企画立案・営業支援・アプリ制作を行う企業	2016年7月26日に静岡県で設立された企業であり、主に海外ビジネスアドバイザリー事業と営業支援サービス事業を展開しています。また、企業は企画立案やアプリ制作なども手掛けており、主要業界はIT、コンサルティング、受託開発、経営コンサル、その他コンサルになります。	コンサルティング	経営コンサル
株式会社バイコナミ	7100001013868	9	http://byconami.com/contact/	http://byconami.com/		0263-47-8909	3900851	長野県	松本市大字島内５３０７番地３	長野県松本市大字島内５３０７番地３	美容室コンサルティング企業	長野県に拠点を置く美容室コンサルティング企業です。同社は営業支援サービス事業、店舗デザイン企画事業、美容室・サロン経営コンサルティング業を展開しており、建設、商社、コンサルティング、日用品・化粧品商社、店舗デザイン、経営コンサル、その他コンサルの業種に特化しています。	コンサルティング	経営コンサル
株式会社マスネットワーク	7100001014156	42	https://www.mas-net.jp/contact.html	https://www.mas-net.jp/index.html		0263-33-2223	3900817	長野県	松本市巾上９番９号	長野県松本市巾上９番９号	業務改善コンサルタントや評価サービスなどを提供する企業	1990年1月に設立され、長野県に拠点を置く業務改善コンサルタントや評価サービスを提供する企業である。主に介護事業のコンサルティングサービスを提供しており、コンサルティングや経営コンサルなど、幅広いコンサルティング業務に従事している。	コンサルティング	経営コンサル
カタバミ・マネジメント・サービス株式会社	7100001014651	26	http://www.katabami-management.com/contact/index.html	https://www.katabami-management.com/company/profile/		0263-27-6543	3900833	長野県	松本市双葉８番１０号	長野県松本市双葉８番１０号	企業の経営や組織運営を助言するコンサルタント企業	2001年10月に長野県で設立されたコンサルタント企業です。機械、IT、人材・アウトソーシング、コンサルティング、Webアプリ・サービス運営など、多岐にわたる事業領域で活動しています。セミナー企画・運営、人材派遣、研修セミナー、経営研修など、企業の経営や組織運営に関する助言やサービスを提供しています。	コンサルティング	経営コンサル
株式会社岳南マネジメントプラットフォーム	7100001026267	0	http://www.gakunan-mp.com/inquiry.html	https://gakunan-mp.com/	h.namiki@gakunan-mp.com	0267-77-7610	3850022	長野県	佐久市岩村田１３５５－１２ＷＲビルⅡ２－２号室	長野県佐久市岩村田１３５５－１２ＷＲビルⅡ２－２号室	企業の経営計画や財務管理についてコンサルティングを行う企業	長野県に拠点を置く企業であり、企業の経営計画や財務管理についてコンサルティングを行うことを専門としています。2013年3月に設立された当社は、経営コンサルティング事業や経営研修事業を展開しています。主要業界は人材・アウトソーシング、コンサルティング、企業研修、経営コンサルです。	コンサルティング	経営コンサル
株式会社経営システムアカデミー	7120001014765	0	http://www.mac-web.co.jp/contact/index.html	http://www.mac-web.co.jp/index.html	toiawase@mac-web.co.jp	03-5487-6840	5360004	大阪府	大阪市城東区今福西３丁目２番２０５号	大阪府大阪市城東区今福西３丁目２番２０５号	企業の経営力を向上させるため、経営コンサルティングを行う企業	大阪府に所在する企業であり、企業の経営力を向上させるために経営コンサルティングを専門に行っています。1972年2月に設立され、士業、コンサルティング、税理士、財務コンサル、起業コンサル、経営コンサルの業界で活動しています。主な事業は財務アドバイザリー事業と税務アウトソーシング事業です。	コンサルティング	経営コンサル
株式会社クオリス	7120001065247	23	http://www.qualis-fa.com/toiawase.html	https://www.qualis-fa.com/company.html		06-6458-6141	5310076	大阪府	大阪市北区大淀中４丁目３番１号	大阪府大阪市北区大淀中４丁目３番１号	業種別コンサルタント企業	大阪府に位置する業種別コンサルタント企業です。1964年11月に設立され、物流アドバイザリー事業、販売アドバイザリー事業、商品開発アドバイザリー事業、食品アドバイザリー業務を展開しています。コンサルティング、総合系コンサル、飲食コンサル、販促コンサル、その他コンサル等の分野で業界をリードしています。	コンサルティング	総合系コンサル
株式会社マックブレーン	7120001070569	12	http://mac-8812.co.jp/contact/	http://mac-8812.co.jp/		06-6359-8812	5300012	大阪府	大阪市北区芝田２丁目２番１７号	大阪府大阪市北区芝田２丁目２番１７号	中小企業に対する経営支援・コンサルティング業務を行う企業	1994年に大阪府に設立された企業です。中小企業に対して経営支援・コンサルティング業務を提供し、税務アドバイザリー事業、税金対策事業、給与処理アウトソーシング事業、会計・税務アドバイザリー事業、財務・会計業務アウトソーシング事業を展開しています。株式会社マックブレーンは士業、人材・アウトソーシング、コンサルティング、税理士、会計士、人材派遣、経営コンサルの業界で活動しています。	コンサルティング	経営コンサル
株式会社シグナス	7120001099732	1	http://www.sign-us.jp/contact/index.html	http://www.sign-us.jp/index.html			5300047	大阪府	大阪市北区西天満５丁目２番６号	大阪府大阪市北区西天満５丁目２番６号	情報・教育工学を活かし、経営・ITコンサルティングや研修を提供する企業		コンサルティング	経営コンサル
日本都市開発株式会社	7120001103980	2	http://nt-21.com/Contact.html	http://www.nt-21.com/About.html		06-6531-7900	5500005	大阪府	大阪市西区西本町１丁目１２番７号	大阪府大阪市西区西本町１丁目１２番７号	専門的な駐車場経営コンサルティングを提供する企業	1998年4月に設立された大阪府を拠点にするコンサルティング企業であり、専門的な駐車場経営コンサルティングを提供しています。主な業務は、経営コンサルティングやコンサルティングに関連するサービスの提供です。日本都市開発株式会社は、コンサルティング業界での経験と専門知識を活かし、クライアントのニーズに適した最適な駐車場経営ソリューションを提案しています。	コンサルティング	経営コンサル
株式会社ＩＳＯ研究所	7120001104293	1	http://www.nmr-iso.co.jp/form.html	http://www.nmr-iso.co.jp/index.html	nmr-info@nmr-iso.co.jp	06-6940-3843	5400036	大阪府	大阪市中央区船越町１丁目３番６号	大阪府大阪市中央区船越町１丁目３番６号	ISO、セキュリティ、環境問題に関するセミナーとコンサルティングを提供する企業	大阪府を拠点に、ISO、セキュリティ、環境問題に関するセミナーとコンサルティングを提供している企業です。2003年に設立され、セキュリティアドバイザリー事業、環境アドバイザリー事業を展開しています。主要業種は人材・アウトソーシング、コンサルティング、環境コンサル、企業研修、ITコンサル、経営コンサルとなっています。	コンサルティング	経営コンサル
株式会社日本オートプラザ	7120001114912	32	https://entrenet.jp/0000308/form.html?cc=ccenhstd00005	http://www.autoplaza.co.jp/		06-6101-0015	5320011	大阪府	大阪市淀川区西中島６丁目２番３号	大阪府大阪市淀川区西中島６丁目２番３号	カービジネスの創業支援を提供する会社	2001年3月に設立された大阪府を拠点とするカービジネスの創業支援を提供する会社です。主な事業として、営業活動支援システム開発事業と検索エンジン最適化対策事業を展開しています。また、IT、コンサルティング、Webアプリ・サービス運営、その他IT、経営コンサルなどの業界にも参入しています。	コンサルティング	経営コンサル
株式会社空心	7120001118450	1	https://www.keiei-support.com/inquiry.html	https://www.keiei-support.com/	information@keiei-support.com	06-6360-1806	5300044	大阪府	大阪市北区東天満２丁目２番１８号	大阪府大阪市北区東天満２丁目２番１８号	企業の経営や開業をサポートするコンサルティング企業	2006年9月に大阪府で設立されたコンサルティング企業です。主に企業の経営や開業をサポートしており、マーケティングコンサルティング事業、セールスアウトソーシング事業、営業支援サービス事業を展開しています。主要な業界は人材・アウトソーシング、コンサルティング、コスト削減コンサル、営業代行・販売代行、販促コンサル、起業コンサル、経営コンサル等です。	コンサルティング	経営コンサル
株式会社セイワ	7120001132377	1	https://www.saywa.info/inquiry-form	http://www.saywa.info/	info@saywa.info	06-6377-0250	5310072	大阪府	大阪市北区豊崎３丁目１番２２号	大阪府大阪市北区豊崎３丁目１番２２号	携帯電話販売店の起業支援と、加盟店に商品を提供している会社	2006年3月に設立された大阪府を拠点とする会社です。同社は携帯電話販売店の起業支援や加盟店への商品提供を行っており、モバイル端末販売事業やインターネット接続サービス販売事業、営業支援サービス事業を展開しています。通信・PC、コンサルティング、PC・スマホ機器販売・修理、その他通信、経営コンサル、その他コンサルの業界に位置しています。	コンサルティング	経営コンサル
株式会社コズミックホールディングス	7120001132550	64	http://cosmicdiner.com/contact.html	https://cosmichldgs.co.jp/		06-6312-7479	5300055	大阪府	大阪市北区野崎町９番１３号	大阪府大阪市北区野崎町９番１３号	コズミックホールディングスグループのビジネス運営や支援を行う企業	大阪府に拠点を置き、コズミックホールディングスグループのビジネス運営や支援を行う企業です。2004年12月1日に設立され、主な業務にはフランチャイズチェーン運営支援事業、人材戦略コンサルティング事業、グループ企業経営事業、人材採用支援事業が含まれています。人材・アウトソーシング、コンサルティング、飲食コンサル、その他人材、組織コンサル、経営コンサル、その他コンサルの各業界で活動しています。	コンサルティング	経営コンサル
株式会社グローバル・マネジメント	7120001135314	0	http://www.global-management.co.jp/reference.html	http://www.global-management.co.jp/index.php	info@global-management.co.jp	06-6121-3085	5410041	大阪府	大阪市中央区北浜１丁目１番２７号	大阪府大阪市中央区北浜１丁目１番２７号	会計事務所が提供するサービスには、コンサルティング業務と税務・会計相談などが含まれています企業	大阪府に拠点を置く会計事務所です。同社はコンサルティング業務や税務・会計相談などのサービスを提供しており、財務監査、会計システムコンサルティング、税務アドバイザリー、財務アドバイザリー、給与処理アウトソーシング、研修セミナーなどの幅広い業務を展開しています。士業、人材・アウトソーシング、コンサルティング、税理士、監査法人、セミナー、財務コンサル、人材派遣などの業界において同社は活躍しています。	コンサルティング	財務コンサル
株式会社シードリーフ	7120001136295	1	https://seed-leaf.com/form.html	https://seed-leaf.com/		06-7639-8796	5410057	大阪府	大阪市中央区北久宝寺町２丁目１番７号	大阪府大阪市中央区北久宝寺町２丁目１番７号	食品業界を対象としたコンサルティングサービスを提供する企業	2007年4月に設立された大阪府を拠点とする企業で、食品業界を対象としたコンサルティングサービスを提供しています。同社は、販売アドバイザリー事業、財務アドバイザリー事業、営業支援サービス事業、商品開発アドバイザリー事業、ビジネスコンサルティング事業、食品アドバイザリー業務などを展開しており、主にコンサルティング、財務コンサル、飲食コンサル、販促コンサル、製造業コンサル、経営コンサルなどの業界で活動しています。	コンサルティング	経営コンサル
株式会社エイトジー	7120001138754	0	http://oicy-inc.com/contact/			06-6534-0141	5500015	大阪府	大阪市西区南堀江１丁目２６番２７号	大阪府大阪市西区南堀江１丁目２６番２７号	飲食店の企画、経営、コンサルティングを手がける企業	大阪府に位置する2006年11月に設立された企業である。同社は飲食店の企画、経営、コンサルティングを手がける他、店舗デザイン企画事業も展開している。これらの業務において、建設、コンサルティング、店舗デザイン、経営コンサルの様々な分野で活躍している。	コンサルティング	経営コンサル
株式会社ハイブリッドマーケティング	7120001145585	2	http://www.hybridmarketing.co.jp/contact/	https://www.hybridmarketing.co.jp/about/	info@hybridmarketing.co.jp	06-4708-7423	5300001	大阪府	大阪市北区梅田３丁目２番１２３号	大阪府大阪市北区梅田３丁目２番１２３号	経営コンサルティング企業	2010年8月1日に設立された大阪府を拠点にする経営コンサルティング企業です。同社は広告・制作、IT、コンサルティングの業界において、ウェブアプリケーション開発、マーケティングコンサルティング、営業支援サービス、Webマーケティング支援などの事業を展開しています。また、Webアプリ・サービス運営、Web制作、販促コンサル、経営コンサルなどのサービスも提供しています。	コンサルティング	経営コンサル
株式会社リブウェル	7120001153547	1	http://www.live-well.jp/miscs/contact.html	http://www.live-well.jp/	info@live-well.jp	06-6346-9077	5300001	大阪府	大阪市北区梅田１丁目１１番４－１０００号	大阪府大阪市北区梅田１丁目１１番４－１０００号	コンサルティングや職訓校、セミナーを手掛ける企業	2009年1月1日に設立され、大阪府を拠点にコンサルティングや職訓校、セミナーを手掛ける企業です。主な事業には、資格取得サポート事業、販売アドバイザリー事業、マーケティングコンサルティング事業、海外ビジネスアドバイザリー事業、オンライン教育サービス事業、企業内トレーニングアウトソーシング事業、経営研修事業があります。広告・制作、人材・アウトソーシング、教育、コンサルティング、メディア・出版などの業界にて幅広い活動を展開しています。	コンサルティング	経営コンサル
株式会社ルクールプラス	7120001154470	0	http://lecoeul.co.jp/contact/	https://lecoeul.wiki.fc2.com/	info@lecoeul.co.jp	0800-111-9900	1010051	東京都	千代田区神田神保町３丁目１２－３	東京都千代田区神田神保町３丁目１２－３	コスト削減優先のオフィス戦略提案企業	東京都を拠点とするコスト削減優先のオフィス戦略提案企業です。2010年10月に設立され、主要な事業はネットワークインフラ設置、営業支援サービス、人材戦略コンサルティング、及び人材採用支援です。主にIT、人材・アウトソーシング、及びコンサルティング業界において活動しています。	コンサルティング	経営コンサル
株式会社Ｆｕｌｌ　Ａｈｅａｄ	7120001155122	1	http://full-ahead.jp/contact/	http://full-ahead.jp	info@full-ahead.jp	06-6599-9672	5460044	大阪府	大阪市東住吉区北田辺４丁目２７番１７号	大阪府大阪市東住吉区北田辺４丁目２７番１７号	Web集客の支援とコンサルティングを提供する企業、アフィリエイトシステムの構築に特化している企業	株式会社Ｆｕｌｌ Ａｈｅａｄは、2010年11月に設立された大阪府に拠点を置く企業です。同社は、Web集客の支援とコンサルティングを提供し、またアフィリエイトシステムの構築にも特化しています。ウェブアプリケーション開発およびWebマーケティング支援など、幅広い業務を展開しています。同社はIT、コンサルティング、Webマーケコンサル、Webアプリ・サービス運営、経営コンサルの業界で活躍しています。	コンサルティング	経営コンサル
株式会社アボカド	7120001165212	1	http://e-avocado.net/contact.html	http://e-avocado.net/index.html	yoshimoto@e-avocado.net	06-6948-8436	5300057	大阪府	大阪市北区曾根崎１丁目４番５号	大阪府大阪市北区曾根崎１丁目４番５号	美容雑貨コンサルティング企業	大阪府に拠点を置く美容雑貨コンサルティング企業であり、広告クリエイティブ事業、販売アドバイザリー事業、販売促進用品製作事業を提供しています。2009年7月に設立され、広告・制作、エンタメ・娯楽、コンサルティング、広告制作、販促コンサル、グッズ制作・グッズ販売、経営コンサルの業界で活動しています。	コンサルティング	経営コンサル
スーパープロジェット株式会社	7120001165410	10	https://superprojet.jp/contact/	https://superprojet.jp/profile/	info@superprojet.jp	06-6543-8111	5500014	大阪府	大阪市西区北堀江１丁目１９番１号	大阪府大阪市西区北堀江１丁目１９番１号	商業施設の企画・開発に特化した企業	2011年8月に大阪府に設立され、商業施設の企画・開発に特化した企業です。主な業務は、ショッピングセンター運営事業とショッピングセンター開発事業です。建設、小売・販売・卸売、コンサルティングの産業に関わりながら、ショッピングセンターや商業施設の企画・設計、経営コンサルに取り組んでいます。	コンサルティング	経営コンサル
株式会社ＴＵＭ	7120001166202	4	https://tum.vc/contact/	http://tum.vc		06-6632-1808	5500004	大阪府	大阪市西区靱本町２丁目５－２横井第７ビル２３号	大阪府大阪市西区靱本町２丁目５－２横井第７ビル２３号	学生向けマーケティング・イベント企業	2008年4月に大阪府で設立された学生向けマーケティング・イベント企業です。同社はイベントプランニング事業、写真撮影サービス事業、イベント企画・運営事業、研修セミナー事業、会議室レンタル事業を展開しており、広告・制作、人材・アウトソーシング、エンタメ・娯楽、不動産、コンサルティング、企業研修、スタジオ・写真撮影、セミナー、イベント、レンタルスペース、経営コンサルの業界で幅広い活動をしています。	コンサルティング	経営コンサル
株式会社環境管理会計研究所	7120001176151	0	https://www.iema.co.jp/contact.php	https://www.iema.co.jp/		06-6765-0303	5420062	大阪府	大阪市中央区上本町西５丁目１番３５－１４０７号	大阪府大阪市中央区上本町西５丁目１番３５－１４０７号	環境や社会的責任を重視した経営に関するコンサルティングを提供している企業	2003年4月に設立され、大阪府に拠点を置く環境や社会的責任を重視した経営に関するコンサルティングを提供している企業です。同社は経営コンサルティング事業や環境アドバイザリー事業を展開し、主に人材・アウトソーシング、コンサルティング、環境コンサルなどの業種で活動しています。	コンサルティング	財務コンサル
株式会社アンダーバー	7120001188502	1	http://u-bar.info/%E3%81%8A%E5%95%8F%E3%81%84%E5%90%88%E3%82%8F%E3%81%9B/	http://u-bar.info/		080-1522-7890	5810801	大阪府	八尾市山城町５丁目３番２５号	大阪府八尾市山城町５丁目３番２５号	販売促進ビジネスを展開している企業	大阪府を拠点に販売促進ビジネスを展開している企業です。2015年1月に設立され、広告・制作、IT、エンタメ・娯楽、コンサルティングなどの業界で活動しています。同社はイベントプランニング事業、Webマーケティング支援事業、販促企画事業などを展開し、Webマーケコンサル、デザイン、イベント、販促コンサル、経営コンサルなど多岐にわたるサービスを提供しています。	コンサルティング	経営コンサル
株式会社イークラウド	7120001203822	0	http://www.ecrowd.jp/contact.php	http://www.ecrowd.jp	info@ecrowd.jp	06-6616-9611	5560011	大阪府	大阪市浪速区難波中３丁目１７番１８－６０３号	大阪府大阪市浪速区難波中３丁目１７番１８－６０３号	経営コンサルティングやWebサイト制作を行う企業	大阪府に拠点を置く経営コンサルティングやWebサイト制作を行う企業です。2017年2月22日に設立され、主に広告・制作、IT、コンサルティング、Webアプリ・サービス運営、Web制作、販促コンサル、経営コンサルの業界で活動しています。主な事業にはブランド戦略策定事業やウェブアプリケーション開発事業があります。	コンサルティング	経営コンサル
アセンスソーシャルグループ株式会社	7120901002200	0	https://asence.co.jp/#section-15	https://asence-sg.jp/		06-6966-0505	5400012	大阪府	大阪市中央区谷町２丁目５番４号	大阪府大阪市中央区谷町２丁目５番４号	経営支援と芸能リスク対策サービスを提供する企業	大阪府を拠点とし、1990年5月に設立された金融、コンサルティング、債権回収、資産運用コンサル、組織コンサル、経営コンサルの各業種で事業活動を展開しています。同社は、経営支援と芸能リスク対策サービスを提供する企業であり、主な事業として相続アドバイザリー事業や債務回収事業を行っています。	コンサルティング	経営コンサル
株式会社ネクストフェイズ	7120901015144	3	http://www.npc.bz/contact.html	http://www.npc.bz/	info@npc.bz	06-6380-1259	5640051	大阪府	吹田市豊津町４０－６	大阪府吹田市豊津町４０－６	専門家やアドバイザーを支援する企業	2003年2月に大阪府で設立された専門家やアドバイザーを支援する企業です。主な事業は営業支援サービス事業と研修セミナー事業で、人材・アウトソーシング、コンサルティング、セミナー、経営コンサル、その他コンサルの業界に従事しています。	コンサルティング	経営コンサル
株式会社日本経営リスクマネジメント	7120901023436	31	https://form.k3r.jp/nkgr/riskinquiry	https://rm.nkgr.co.jp/aboutus/		06-6868-1173	5610872	大阪府	豊中市寺内２丁目１３番３号	大阪府豊中市寺内２丁目１３番３号	個人や経営者の未来計画やリスクをサポートするコンサルティング会社	大阪府に拠点を置くコンサルティング会社です。同社は個人や経営者の未来計画やリスクに関するサポートを提供しており、セミナー企画・運営事業、保険アドバイザリー事業、研修セミナー事業、相続アドバイザリー事業、およびリスクマネジメントコンサルティング事業を展開しています。1967年に設立され、金融、人材・アウトソーシング、セミナー、保険代理店、資産運用コンサル、経営コンサル、その他コンサルの業界で活動しています。	コンサルティング	経営コンサル
株式会社ティーズプランニング	7120901033435	1	https://sec.alpha-mail.jp/tplan-osaka.com/contact.php	http://www.tplan-osaka.com/page/organization	info@tplan-osaka.com	06-6459-9540	5320011	大阪府	大阪市淀川区西中島６丁目３番３２号	大阪府大阪市淀川区西中島６丁目３番３２号	商業施設の計画と運営をサポートする企業	大阪府を拠点に商業施設の計画と運営をサポートする企業です。1996年4月に設立され、商業施設デザイン事業、テナント獲得事業、商業施設運営管理事業、ランドスケープデザイン事業を展開しています。建設、不動産、小売・販売・卸売、コンサルティングなどの業界において、商業施設・店舗・公共施設建設、百貨店、建築デザイン、その他不動産、経営コンサルに関する幅広いサービスを提供しています。	コンサルティング	経営コンサル
株式会社おはな	7122001030180	7	https://www.ohana-net.co.jp/contact/	https://www.ohana-net.co.jp/company/		06-6723-8901	5770803	大阪府	東大阪市下小阪２丁目７番１２号	大阪府東大阪市下小阪２丁目７番１２号	相続、会計、不動産について相談できるコンサルティング企業	2016年12月14日に設立された大阪府を拠点とするコンサルティング企業です。同社は相続、会計、不動産に関する相談を受けることができます。主な事業は相続アドバイザリー事業と会計・税務アドバイザリー事業であり、士業、コンサルティング、会計士、財務コンサル、資産運用コンサル、不動産コンサルの業界で活動しています。	コンサルティング	財務コンサル
株式会社ｆｐｋｉｎｇ	7130001025415	4	http://www.fpking.co.jp/contact/	https://www.fpking.co.jp/		0773-25-4116	6200000	京都府	福知山市字堀上高田２０９０番地５	京都府福知山市字堀上高田２０９０番地５	FPサービスを提供する会社		コンサルティング	経営コンサル
フィッツ株式会社	7130001029713	5	http://www.fi2.jp/form/	http://www.fi2.jp/	ogishi.m@fi2.jp	075-925-0041	6018205	京都府	京都市南区久世殿城町３３０番地１	京都府京都市南区久世殿城町３３０番地１	マーケティング支援企業がデータウェアハウスを活用	2007年9月に設立された京都府を拠点とするマーケティング支援企業です。同社はデータウェアハウスを活用し、マーケティングコンサルティング事業に従事しており、コンサルティング、販促コンサル、経営コンサルの業界において活動しています。	コンサルティング	経営コンサル
ＦＶＣアドバイザーズ株式会社	7130001042377	8	https://sec26.alpha-lt.net/fvc-ad.co.jp/inquiry/index.html	http://www.fvc-ad.co.jp/company/index.html#outline		075-253-0501	6048162	京都府	京都市中京区烏丸通六角下る七観音町６２３	京都府京都市中京区烏丸通六角下る七観音町６２３	経営・人材コンサル企業	２００９年７月に設立された経営・人材コンサル企業であり、京都府に拠点を置いています。同社は主に人材・アウトソーシング、コンサルティング、人材紹介、経営コンサルの業界に従事しています。	コンサルティング	経営コンサル
株式会社ＳＯＬＥ	7130001046972	0	https://www.sole-japan.com/%E3%81%8A%E5%95%8F%E5%90%88%E3%82%8F%E3%81%9B/	https://www.sole-japan.com/会社概要/	info@sole-japan.com	090-3677-8514	6038035	京都府	京都市北区上賀茂朝露ケ原町２７－１７－１０５	京都府京都市北区上賀茂朝露ケ原町２７－１７－１０５	中小企業向け経営コンサルティング企業	2011年4月に京都府に設立された中小企業向け経営コンサルティング企業です。主にコンサルティングや経営コンサルの業界で活動しており、中小企業に対して幅広い経営支援サービスを提供しています。	コンサルティング	経営コンサル
株式会社８０＆Ｃｏｍｐａｎｙ	7130001063191	1	https://80and.co/contact	https://80and.co/company			5330033	大阪府	大阪市東淀川区東中島１丁目１７番５－５２５号	大阪府大阪市東淀川区東中島１丁目１７番５－５２５号			コンサルティング	経営コンサル
株式会社プロス	7140001020984	9	http://prosbeauty.com/contact	https://prosbeauty.com/		075-414-6181	6510084	兵庫県	神戸市中央区磯辺通１丁目１番２０号	兵庫県神戸市中央区磯辺通１丁目１番２０号	美容室や美容用品に関するコンサルティングや卸売を行う企業	2000年8月に京都府に設立された美容室や美容用品に関するコンサルティングや卸売を行う企業です。その業務内容には、美容商品販売事業、美容機器販売事業、研修セミナー事業、美容室・サロン経営コンサルティング業、美容品卸売事業が含まれています。主な業界は人材・アウトソーシング、商社、小売・販売・卸売、コンサルティング、セミナー、化粧品商社などです。	コンサルティング	経営コンサル
株式会社ＫＨＣ	7140001034712	14	http://www.khc-ltd.co.jp/contact.html	https://www.khc-ltd.co.jp/company.html		078-929-8315	6730015	兵庫県	明石市花園町２番地の２	兵庫県明石市花園町２番地の２	住宅建築工事子会社の株主企業	兵庫県を拠点とし、1981年10月に設立された住宅建築工事子会社の株主企業です。主な業務は、コンサルティングおよび経営コンサルティングを提供しています。	コンサルティング	経営コンサル
株式会社オフィスドットライン	7140001065484	3	http://www.officedotline.jp/contact.html	http://www.officedotline.jp/		079-262-6520	6728048	兵庫県	姫路市飾磨区三宅１丁目４１番地	兵庫県姫路市飾磨区三宅１丁目４１番地	経営管理コンサルティングとシステム開発を手がける企業	兵庫県に拠点を置き、経営管理コンサルティングとシステム開発を手がける企業です。2009年7月に設立され、主に情報管理ソフトウェア販売、情報管理ソフトウェア開発、経営管理システム開発・提供、出勤管理ソフトウェア開発などの事業を展開しています。業界ではIT、コンサルティング、Webアプリ・サービス運営、経営コンサル、ソフトウェア販売として活動しています。	コンサルティング	経営コンサル
株式会社コアブレイン	7140001094228	1	https://corebrain.net/contact	http://www.corebrain.net		078-242-2127	6570015	兵庫県	神戸市灘区篠原伯母野山町１丁目１番六甲グランドヒルズ２棟４０６号	兵庫県神戸市灘区篠原伯母野山町１丁目１番六甲グランドヒルズ２棟４０６号	企業の経営を支援するコンサルティングファーム企業	兵庫県に拠点を置く経営コンサルティングファームであり、企業の経営を効果的に支援するサービスを提供しています。2014年5月に設立された当社は、人材・アウトソーシング、コンサルティング、セミナーなどの業界において、研修セミナー事業を展開し、幅広いニーズに応えています。	コンサルティング	経営コンサル
グローバル・シー有限会社	7140002038555	0	https://ss1.coressl.jp/www.global-c.biz/otoiawase.html	http://www.global-c.biz/		079-497-7869	6750039	兵庫県	加古川市加古川町粟津１０５９番地	兵庫県加古川市加古川町粟津１０５９番地	国際的なコミュニケーションやアドバイザリーサービスを提供する会社	兵庫県を拠点に国際的なコミュニケーションやアドバイザリーサービスを提供する会社です。2004年7月に設立されたこの会社は、海外ビジネスアドバイザリー事業と営業支援サービス事業を展開しています。主な業界はコンサルティングであり、経営コンサルやその他のコンサル業務も手掛けています。	コンサルティング	経営コンサル
株式会社ＧＫＯホールディングス	7160001000778	1	https://www.shiga-daihatsu.co.jp/goto-keiei/110-2/	https://www.shiga-daihatsu.co.jp/goto-keiei/	goto-keiei@shiga-daihatsu.co.jp	077-551-0088	5203046	滋賀県	栗東市大橋４丁目１番５号	滋賀県栗東市大橋４丁目１番５号	企業向け経営コンサルティングやセミナーを提供する事業体企業	滋賀県に位置する事業体企業であり、企業向け経営コンサルティングやセミナーを提供しています。1988年に設立された当社は、セミナー企画・運営事業、企業内トレーニングアウトソーシング事業、経営研修事業を主な業務としており、人材・アウトソーシング、コンサルティング、企業研修、セミナー、経営コンサルの業界で活動しています。	コンサルティング	経営コンサル
株式会社風神経営	7170001000777	2	https://kazetax.com/contact/	https://kazekami.net/company/	soumu@kazetax.com	073-471-1329	6408341	和歌山県	和歌山市黒田８７番地の７	和歌山県和歌山市黒田８７番地の７	「風神会計事務所」の運営を担当している企業	和歌山県に本社を置き、「風神会計事務所」の運営を担当している企業です。1987年に設立され、会計・税務アドバイザリー事業と農業支援事業を展開しています。主要業種は士業、コンサルティング、医療コンサル、会計士、経営コンサル、その他コンサルです。	コンサルティング	経営コンサル
ＧＬアウトソーシング株式会社	7180001033875	0	http://www.ask-consult.co.jp/contact/	http://www.ask-consult.co.jp/	sannomiya@ask-consult.co.jp	052-971-1122	4530872	愛知県	名古屋市中村区平池町４丁目６０番地の１２	愛知県名古屋市中村区平池町４丁目６０番地の１２	経営コンサルと税務スタッフの育成支援をする企業	愛知県に拠点を置く経営コンサルと税務スタッフの育成支援をする企業です。1983年12月に設立され、会計システムコンサルティング事業、セミナー企画・運営事業、研修セミナー事業、会計・税務アドバイザリー事業、補助金申請支援事業を展開しています。士業、人材・アウトソーシング、その他サービス、コンサルティング、企業研修、会計士、セミナー、財務コンサル、その他サービス、経営コンサルなどの業界で活動しています。	コンサルティング	経営コンサル
株式会社サンビジネスコンサルティング	7180001050805	0	http://sunbiz-net.com/contact	http://sunbiz-net.com/company/		052-414-6781	4500002	愛知県	名古屋市中村区名駅２丁目４１番１０号	愛知県名古屋市中村区名駅２丁目４１番１０号	財務や株式公開、経営支援を提供するコンサルティング企業	愛知県に位置する財務や株式公開、経営支援を提供するコンサルティング企業です。2005年9月に設立されました。主な事業は人材戦略コンサルティング事業、会計・税務アドバイザリー事業、金融機関向けアドバイザリー事業です。	コンサルティング	財務コンサル
株式会社キザワ・アンド・カンパニー	7180001053155	1	http://kizawacompany.com/contact/	https://kizawacompany.com/	yuji@kizawacompany.com	052-846-7970	4660848	愛知県	名古屋市昭和区長戸町３丁目２２番地１	愛知県名古屋市昭和区長戸町３丁目２２番地１	企業向けコンサルティングや研修を提供する企業	愛知県に拠点を置き、企業向けコンサルティングや研修を提供している企業です。2003年に設立され、営業支援サービス事業や経営研修事業を展開しています。主な業界は人材・アウトソーシング、コンサルティング、企業研修、経営コンサルなどです。	コンサルティング	経営コンサル
株式会社ワニマネジメントコンサルティング	7180001054244	2	https://www.wani-mc.com/cgi-bin/seminar_form/mail.cgi?id=inq	http://www.wani-mc.com/		052-739-7206	4650024	愛知県	名古屋市名東区本郷２丁目８１Ｌｕｍｉｎｏｕｓ１０７	愛知県名古屋市名東区本郷２丁目８１Ｌｕｍｉｎｏｕｓ１０７	ビジネスコンサルタントとして、経営コンサルティングやセミナーを提供する企業	2001年4月に愛知県で設立されたビジネスコンサルティング企業です。主な業務として、経営コンサルティングやセミナーを提供しており、ビジネス研修セミナー運営事業、映像ソフト販売事業、セミナー企画・運営事業、研修セミナー事業、経営研修事業などが展開されています。主要業界はIT、人材・アウトソーシング、小売・販売・卸売、コンサルティング、企業研修、書籍・メディア販売、その他小売・販売、セミナー、経営コンサル、eコマースなどです。	コンサルティング	経営コンサル
株式会社プロシード	7180001055408	20	http://www.pro-seed.jp/contact/	http://www.pro-seed.jp		052-871-7843	4660051	愛知県	名古屋市昭和区御器所３丁目１０番５号	愛知県名古屋市昭和区御器所３丁目１０番５号	中小企業の財務アドバイス事業を提供する企業	2002年5月に設立された愛知県を拠点とする企業であり、中小企業の財務アドバイス事業を提供しています。同社の主な業務には、財務アドバイザリー事業、補助金申請支援事業、資金管理支援事業、財務・会計業務アウトソーシング事業が含まれています。株式会社プロシードは、人材・アウトソーシング、その他のサービス、コンサルティング、財務コンサル、業務請負、人材派遣などの業界で活動しています。	コンサルティング	財務コンサル
株式会社ＭＡＲＫコンサルタンツ	7180001061752	6	https://mark-c.jp/contact	http://mark-c.jp/company		052-265-8861	4600008	愛知県	名古屋市中区栄４丁目１４番３１号栄オークリッジ４階	愛知県名古屋市中区栄４丁目１４番３１号栄オークリッジ４階	企業の経営支援やバックオフィス業務をサポートするサービス提供企業	2007年に設立され、愛知県を拠点に、企業の経営支援やバックオフィス業務をサポートするサービスを提供しています。同社の主な事業には、ビジネス承継支援、会計・税務アドバイザリー、経営研修などがあります。士業や人材・アウトソーシングなどの業界で活動しており、経営コンサルティングや企業研修の分野でも高い評価を得ています。	コンサルティング	経営コンサル
クロスロードジャパン株式会社	7180001062164	0	https://www.crossroad-j.com/contact	https://www.crossroad-j.com/	job@crossroad-j.com	052-838-8909	4650051	愛知県	名古屋市名東区社が丘１丁目３０１番地	愛知県名古屋市名東区社が丘１丁目３０１番地	グローバル展開を支援する企業	愛知県に拠点を置くグローバル展開を支援する企業です。2006年9月に設立され、旅行商品販売・旅行プラン提案事業、マーケティングコンサルティング事業、海外ビジネスアドバイザリー事業、輸入手続き代行事業、言語通訳・翻訳サービス事業、海外輸出支援事業などを展開しています。商社、人材・アウトソーシング、コンサルティング、観光・宿泊・レジャー、海外旅行・海外留学、翻訳・通訳、販促コンサル、輸出入業務代行、その他コンサル、経営コンサルなどの業種に関与しています。	コンサルティング	経営コンサル
アサップシステム株式会社	7180001063947	2	http://www.asapsystem.com/contact/	https://www.asapsystem.com/company/		052-569-2382	4510046	愛知県	名古屋市西区牛島町６番１号	愛知県名古屋市西区牛島町６番１号	法務や許認可についてコンサルティングを提供する企業	2004年9月に設立された愛知県を拠点とする企業であり、 主に法務や許認可に関するコンサルティングサービスを提供しています。また、労務管理アウトソーシング事業にも従事しており、人材・アウトソーシング、コンサルティング、人材派遣、経営コンサルなどの業界で活動しています。	コンサルティング	経営コンサル
株式会社ジェイライズ	7180001099264	1	http://www.j-rise.net/?page_id=15	http://www.j-rise.net/		052-445-0545	4901134	愛知県	海部郡大治町大字東條字高松４４番地	愛知県海部郡大治町大字東條字高松４４番地	製造業中心の経営アドバイザーと技術教育カンパニー	1998年に愛知県に設立され、製造業中心の経営アドバイザリーと技術教育カンパニーとして事業を展開しています。セミナー企画・運営事業、営業支援サービス事業、研修セミナー事業、経営研修事業などがその主要業務であり、人材・アウトソーシング、コンサルティング、企業研修、セミナー、製造業コンサル、経営コンサル、その他コンサルにおいても幅広く活動しています。	コンサルティング	経営コンサル
株式会社クラウド	7180001101748	1	http://drone-cloud.com/pg57.html	http://drone-cloud.com/index.html		0568-93-6655	4860851	愛知県	春日井市篠木町３丁目１２８２番地１９	愛知県春日井市篠木町３丁目１２８２番地１９	ドローンで空撮して、経営コンサルタントする企業	愛知県に拠点を置くドローンによる空撮と経営コンサルティングを提供する企業です。2010年4月に設立され、建設、機械、コンサルティング、土地測定・設計、計測機器・センサー、経営コンサルの業界で活動しています。立体測定事業、航空計測事業、測量事業を主要な事業として展開しています。	コンサルティング	経営コンサル
株式会社スタメン	7180001121985	200	https://stmn.co.jp/	https://stmn.co.jp/company/outline	info@stmn.co.jp	052-462-1450	4500006	愛知県	名古屋市中村区下広井町１丁目１４－８	愛知県名古屋市中村区下広井町１丁目１４－８	「TUNAG」という経営コンサルティングシステムを運営している企業	愛知県を拠点にして「TUNAG」という経営コンサルティングシステムを運営している企業です。2016年1月1日に設立され、主にIT、コンサルティング、Webアプリ・サービス運営、ITコンサル、経営コンサルの業界でシステムマネジメント事業を展開しています。	コンサルティング	経営コンサル
株式会社ＦＫマネジメント	7180001124022	2	http://www.fk-m.jp/contact/	https://www.fk-m.jp/	info@fk-m.jp	052-732-2776	4660062	愛知県	名古屋市昭和区狭間町１２番地の３	愛知県名古屋市昭和区狭間町１２番地の３	経営・事業・人材関連のコンサルティング事業を行う企業	愛知県に位置する経営・事業・人材関連のコンサルティング事業を行う企業です。2016年7月12日に設立され、セミナー企画・運営事業、ビジネス承継支援事業、研修セミナー事業、会計・税務アドバイザリー事業、経営研修事業などを展開しています。主要業界は士業、人材・アウトソーシング、エンタメ・娯楽、その他サービス、コンサルティング、企業研修などです。	コンサルティング	経営コンサル
有限会社竹内アイ・エス・オー技術事務所	7180002045960	1	http://www.takeuchi-iso.com/contact.html	https://www.takeuchi-iso.com/		052-741-7455	4640075	愛知県	名古屋市千種区内山１丁目１９番２６号	愛知県名古屋市千種区内山１丁目１９番２６号			コンサルティング	経営コンサル
有限会社ひかり計算センター	7180002077384	1	http://www.hikari-keisan.jp/contact.html	https://www.hajime-tax.com/office		0587-92-0177	4910053	愛知県	一宮市今伊勢町本神戸字東出１５番地	愛知県一宮市今伊勢町本神戸字東出１５番地	税務および財務コンサルティングを提供する企業	愛知県に拠点を置き、税務および財務コンサルティングを提供している企業です。1975年11月に設立され、税務アドバイザリー事業、税金対策事業、会計・税務アドバイザリー事業、財務・会計業務アウトソーシング事業、税務申告書作成事業を展開しています。士業、人材・アウトソーシング、コンサルティングなどの業界で活動しており、税理士、会計士、財務コンサルによるサービスを提供しています。	コンサルティング	財務コンサル
楽学夢現合同会社	7180003012547	0	https://rakugaku-mugen.com/inquiry/	http://rakugaku-mugen.com/idea/#sec05	info@rakugaku-mugen.ne.jp	052-541-1566	4670861	愛知県	名古屋市瑞穂区二野町３－３４ネクストステージ７Ｆ	愛知県名古屋市瑞穂区二野町３－３４ネクストステージ７Ｆ	ビジネス戦略やマーケティングの専門知識を提供する企業	愛知県に位置するビジネス戦略やマーケティングの専門知識を提供する企業です。2010年5月に設立され、主な業務はイベントプランニング事業、企業の広報プランニング事業、経営研修事業です。楽学夢現合同会社は、人材・アウトソーシング、エンタメ・娯楽、コンサルティング、企業研修、イベント、経営コンサル、その他コンサル業界で活動しています。	コンサルティング	経営コンサル
株式会社平石会計コンサルティング	7180301008065	15	https://www.kaikei-home.com/hiraishi-kaikei/mailFormInput/	https://www.kaikei-home.com/hiraishi-kaikei/		0532-31-5111	4418019	愛知県	豊橋市花田町字越水１６８番地	愛知県豊橋市花田町字越水１６８番地	中小企業に支援を提供する企業	2002年に愛知県に設立された中小企業支援企業です。主な事業は社会保険手続き代行サービス事業、税務アドバイザリー事業、ビジネス承継支援事業など多岐にわたります。士業、人材・アウトソーシング、その他サービスなどの分野で活躍し、企業研修や経営コンサルなど幅広いニーズに対応しています。	コンサルティング	財務コンサル
株式会社東海経営	7180301008627	4	https://gc5app.gcserver.jp/cgi-bin/www.tmcg-j.com/inquiry/_view_9876/?blog_id=10344&amp;form_id=9876&amp;type=view&amp;token=gUr5zXRCwgfXfdTpmyKl6ujBS7c2vddpcQ2pinq2	http://www.tokai-hrm.jp	info@tmcg-ri.com	0532-34-5757	4400881	愛知県	豊橋市広小路３丁目４４－２	愛知県豊橋市広小路３丁目４４－２	人材と労務に特化した企業の経営コンサルティング	愛知県を拠点に人材と労務に特化した経営コンサルティングを提供しています。同社はビジネス研修セミナー運営事業、財務アドバイザリー事業、営業支援サービス事業、人材戦略コンサルティング事業、補助金申請支援事業などを展開しており、主に人材・アウトソーシング、その他サービス、コンサルティングの分野で事業を展開しています。経営のプロフェッショナルとして、クライアントのビジネスの成功と成長を支えています。	コンサルティング	経営コンサル
株式会社アーリー・バード	7190001007515	6	http://ebird.co.jp/contents/contact.php	https://ebird.co.jp/about/	info@ebird.co.jp	0596-20-0170	5160011	三重県	伊勢市一色町１５００番地４	三重県伊勢市一色町１５００番地４	経営支援やWEB制作などの販促支援に特化した企業	三重県に拠点を置く経営支援やWEB制作などの販促支援に特化した企業です。2006年1月に設立され、ウェブアプリケーション開発事業、広告用写真制作事業、地方創生事業、ビジネス承継支援事業、キャリア支援事業などを展開しています。主な業界は広告・制作、IT、人材・アウトソーシング、不動産、コンサルティングなど多岐にわたります。	コンサルティング	経営コンサル
株式会社山本本店	7190001012688	33	https://ymtg.actmail.net/contact/	http://www.ymtg.co.jp		0594-22-1000	5110068	三重県	桑名市中央町３丁目２３番地	三重県桑名市中央町３丁目２３番地	不動産賃貸やグループ企業の経営管理を手がける企業	1939年11月に設立され、三重県を拠点に不動産賃貸やグループ企業の経営管理を手がける企業です。同社は、賃貸物件管理事業、賃貸物件事業、オフィスビル賃貸事業を展開し、不動産やコンサルティング、不動産管理、その他不動産、経営コンサル、不動産賃貸・仲介などの業種で活動しています。	コンサルティング	経営コンサル
株式会社サンポーコーポレーション	7200001002274	15	https://sanpoco.net/corporation/contact/index.html	https://sanpoco.net/outline/corporation/		058-253-6223	5008362	岐阜県	岐阜市西荘３丁目１０番２２号	岐阜県岐阜市西荘３丁目１０番２２号	サンポーグループの財務・行政サポートを担当する企業	岐阜県に所在する企業であり、1995年9月に設立されました。同社は、サンポーグループの財務・行政サポートを担当し、主にグループ企業の経営事業を展開しています。主な業種はコンサルティングおよび経営コンサルです。	コンサルティング	経営コンサル
株式会社スターシップホールディングス	7220001009739	1	https://www.starship-hd.co.jp/mail/	https://www.starship-hd.co.jp/		076-252-0930	1000005	東京都	千代田区丸の内３丁目２番２号丸の内二重橋ビル２階	東京都千代田区丸の内３丁目２番２号丸の内二重橋ビル２階	企業のM&Aや事業承継、資金調達に関するアドバイスを行う会社	東京都に位置する企業です。同社は2006年3月に設立され、企業のM&Aや事業承継、資金調達に関するアドバイスを専門に行っています。主な業務は、ビジネス承継支援事業であり、その他サービスやコンサルティング業務、経営コンサルも提供しています。	コンサルティング	経営コンサル
株式会社宿楽	7220001018632	6	https://www.yadoraku.co.jp/entry/	https://www.yadoraku.co.jp/company/		076-254-5550	9208203	石川県	金沢市鞍月５丁目１８１番地	石川県金沢市鞍月５丁目１８１番地	ホテル業を対象とした経営コンサルティング会社	石川県に拠点を構えるホテル業を対象とした経営コンサルティング会社です。広告・制作、コンサルティング、コンテンツ制作、ITコンサル、Web制作、経営コンサルといったさまざまな業界において、メディアコンテンツ制作事業やウェブサイトのコンサルティング事業を展開しています。	コンサルティング	経営コンサル
株式会社ライフホールディングス	7220001018905	25	http://lifeholdings-lg.com/contact/	http://lifeholdings-lg.com/		076-291-8050	9218062	石川県	金沢市新保本４丁目６５番地１６	石川県金沢市新保本４丁目６５番地１６	複数企業が共有するサービスを提供する企業	2013年1月に石川県に設立されたグループ企業経営事業を手掛ける企業です。同社は人材・アウトソーシング、コンサルティング、人材紹介、人材派遣、経営コンサルの業界で活動し、複数企業が共有するサービスを提供しています。	コンサルティング	経営コンサル
あおぞら経営株式会社	7230001006149	0	https://aozorakeiei.com/contact/	https://aozorakeiei.net/		076-493-1110	9300039	富山県	富山市東町１丁目６番６号東町ビル	富山県富山市東町１丁目６番６号東町ビル	リスクマネジメントや経営戦略のコンサルティングを行う企業	富山県に拠点を置くリスクマネジメントや経営戦略のコンサルティングを行う企業であり、主な業務は相続アドバイザリー事業です。 この企業は、人材・アウトソーシング、コンサルティング、事務処理代行、人材派遣、資産運用コンサル、経営コンサルの業界に位置しています。	コンサルティング	経営コンサル
株式会社流通プランニング研究所	7240001014480	1	http://dpl.gr.jp/%E3%81%94%E4%BE%9D%E9%A0%BC%E3%83%BB%E3%81%8A%E5%95%8F%E3%81%84%E5%90%88%E3%82%8F%E3%81%9B	http://dpl.gr.jp/	info@dpl.gr.jp	082-263-1153	7392209	広島県	東広島市入野中山台３丁目５番１１号	広島県東広島市入野中山台３丁目５番１１号	販路拡大支援に特化したコンサルティング企業	広島県に所在する、販路拡大支援に特化したコンサルティング企業です。1999年11月に設立された当社は、人材・アウトソーシング、コンサルティング、企業研修、人材派遣および経営コンサルの業種で事業を展開しています。主要な業務としては、講義者の派遣を行っております。	コンサルティング	経営コンサル
株式会社アクティブ	7240001014539	0	http://www.active-inf.co.jp/contact/	http://www.active-inf.co.jp/company/		082-247-9571	7300045	広島県	広島市中区鶴見町３番９号	広島県広島市中区鶴見町３番９号	美容関連事業のコンサルティングと美容機器などの卸売を行う会社	広島県を拠点に、美容関連事業のコンサルティングと美容機器などの卸売を行っている。主な業務には、美容機器流通卸売事業とヘルスフード卸売事業が含まれる。1995年9月に設立され、食品、商社、小売・販売・卸売、コンサルティング、健康食品、美容グッズ販売、日用品・化粧品商社、経営コンサルの業界において展開をしている。	コンサルティング	経営コンサル
株式会社ファインサポート	7240001015909	2	http://fine-support.net/%E3%81%8A%E5%95%8F%E3%81%84%E5%90%88%E3%82%8F%E3%81%9B/	http://fine-support.net/		082-889-6330	7360085	広島県	広島市安芸区矢野西４丁目５８番２号	広島県広島市安芸区矢野西４丁目５８番２号	企業の事業承継や再生についてコンサルティングを提供する会社	広島県に位置する企業の事業承継や再生についてコンサルティングを提供している会社です。2000年7月に設立され、士業、人材・アウトソーシング、不動産、コンサルティング、企業研修などの多岐にわたる業界で活動しています。セミナー企画・運営事業、研修セミナー事業、会計・税務アドバイザリー事業、不動産再開発事業などを展開し、経営の改善や持続可能な成長をサポートしています。	コンサルティング	経営コンサル
株式会社Ｌａ　ｆｅｄｅ	7240001016618	1	http://www.lafede.jp/contact.html	http://www.lafede.jp/index.html		082-545-5661	7300813	広島県	広島市中区住吉町２１番４－７０１号	広島県広島市中区住吉町２１番４－７０１号	店舗調査、人材支援、業務代行を提供する企業	広島県に拠点を置く企業で、店舗調査、人材支援、業務代行を提供しています。2005年9月に設立され、主な業務としては、給与処理のアウトソーシングを手掛けています。人材・アウトソーシング、コンサルティング、事務処理代行、人材派遣、起業コンサル、経営コンサルなどの業界で活動しています。	コンサルティング	経営コンサル
株式会社日本植生グループ本社	7260001020114	68	http://www.nisshoku-group.co.jp/inquiry/index.html	https://www.nisshoku-group.co.jp/		0868-28-5522	7080876	岡山県	津山市高尾５７３番地の１	岡山県津山市高尾５７３番地の１	関連企業の経営支援や従業員の教育訓練を行う企業	岡山県に拠点を置く関連企業の経営支援や従業員の教育訓練を行う企業です。1981年1月に設立され、人材・アウトソーシング、コンサルティング、企業研修、経営コンサルの業界で活動しています。グループ企業経営事業に取り組んでおり、円滑な経営をサポートしています。	コンサルティング	経営コンサル
高林産業株式会社	7270001003357	3	http://www.sanmedia.or.jp/t-sangyo/contact.html	https://www.taka-sangyo.jp/		0859-33-9290	6830811	鳥取県	米子市錦町３丁目６８番地６	鳥取県米子市錦町３丁目６８番地６	高林グループの運営と商品開発を担当する企業	鳥取県を拠点に、高林グループの運営と商品開発を担当する企業です。1941年に設立され、その他サービス、小売・販売・卸売、コンサルティング、その他小売・販売、研究・調査・リサーチ、経営コンサルの業界で活動しています。高林産業株式会社は、グループ企業経営を通じて、お客様に価値あるサービスと商品を提供し続けています。	コンサルティング	経営コンサル
株式会社グロースアシスト	7290001019830	1	http://growth-assist.co.jp/%E3%81%8A%E5%95%8F%E3%81%84%E5%90%88%E3%82%8F%E3%81%9B	http://growth-assist.co.jp/		092-781-8817	8100075	福岡県	福岡市中央区港１丁目２番１８号	福岡県福岡市中央区港１丁目２番１８号			コンサルティング	経営コンサル
株式会社フクデン	7290001022537	39	http://www.fdental.co.jp/contact/	https://fdental.co.jp/company		092-629-1491	8130034	福岡県	福岡市東区多の津４丁目７番５号	福岡県福岡市東区多の津４丁目７番５号			コンサルティング	経営コンサル
株式会社アビリティー	7290001025399	0	http://www.ability-j.com/info.htm	https://jikomado.com/introduce/株式会社アビリティー/		092-261-6030	8120011	福岡県	福岡市博多区博多駅前３丁目２３番２１号	福岡県福岡市博多区博多駅前３丁目２３番２１号	ネットワーク配線工事とビジネスコンサルティング業の企業		コンサルティング	経営コンサル
株式会社コアマネジメント	7290001030259	2	https://www.coremanagement.jp/contact/	https://www.coremanagement.jp/		092-985-0502	8140171	福岡県	福岡市早良区野芥２丁目２５番３－１０７号	福岡県福岡市早良区野芥２丁目２５番３－１０７号	専門的に間接金融資本を扱う財務コンサルティング企業	2007年9月に福岡県にて設立された、専門的に間接金融資本を扱う財務コンサルティング企業です。同社は主に財務アドバイザリー事業に従事し、コンサルティング業界および財務コンサルの分野において活動しています。	コンサルティング	財務コンサル
株式会社エクスプレオ	7290001055891	3	http://www.expleo.co.jp/index.html#list04	http://expleo.co.jp/		092-282-4020	8120039	福岡県	福岡市博多区冷泉町５番３２号	福岡県福岡市博多区冷泉町５番３２号	企業の改善や合併と財務のコンサルテーションサービスを提供する会社	福岡県を拠点に、企業の改善や合併と財務のコンサルテーションサービスを提供する会社です。2011年4月に設立され、財務アドバイザリー事業とビジネス承継支援事業を展開しています。その他サービス、コンサルティング、財務コンサル、起業コンサル、経営コンサルの業界で活動しています。	コンサルティング	経営コンサル
株式会社プロネット	7290001059224	0	http://pronetjp.com/inquiry/inquiry.html	https://www.pronetjp.com/	post@pronetjp.com	092-474-7838	8120007	福岡県	福岡市博多区東比恵２丁目７番１４号	福岡県福岡市博多区東比恵２丁目７番１４号	経営戦略の改善をサポートするコンサルティング企業	福岡県を拠点に経営戦略の改善をサポートするコンサルティング企業です。2012年4月に設立され、マーケティングコンサルティング事業、市場リサーチ事業、資金管理支援事業を展開しています。その他サービス、コンサルティング、医療コンサル、財務コンサル、販促コンサル、研究・調査・リサーチ、経営コンサルという幅広い業界に対応しています。	コンサルティング	経営コンサル
Ｎｅｗ　Ｏｒｄｅｒ株式会社	7290001061097	1	http://office-neworder.com/contact/	http://office-neworder.com		092-518-5108	8100012	福岡県	福岡市中央区白金１丁目８番２号	福岡県福岡市中央区白金１丁目８番２号	販売に関するコンサルティングやトレーニング、イベントを提供する企業	Ｎｅｗ Ｏｒｄｅｒ株式会社は、2012年10月に福岡県で設立された販売に関するコンサルティングやトレーニング、イベントを提供する企業です。主な事業としては、営業支援サービス事業と企業内トレーニングアウトソーシング事業を展開しており、人材・アウトソーシング、コンサルティング、企業研修、経営コンサルなどの幅広い業界に対してサービスを提供しています。	コンサルティング	経営コンサル
有限会社フロントオフィス企画	7290002054455	2	https://www.frontoffice.jp/contact	https://www.frontoffice.jp/company		0944-74-2400	8320006	福岡県	柳川市東蒲池１４９３番地１	福岡県柳川市東蒲池１４９３番地１	経営に関するアドバイスを提供する企業	2002年10月に福岡県に設立された企業です。経営に関するアドバイスを提供し、市場リサーチ事業、セミナー企画・運営事業、研修セミナー事業、経営研修事業などを展開しています。主に人材・アウトソーシングおよびコンサルティング業界において、販促コンサル、組織コンサル、研究・調査・リサーチ、経営コンサルなどのサービスを提供しています。	コンサルティング	経営コンサル
有限会社ケイ・アール・シーほし事務所	7290002055271	1	http://sojm.s5.valueserver.jp/502334test/contact-us/	http://ganbaruhosi.com/	krc@hosi.jp	0944-51-1351	8360034	福岡県	大牟田市小浜町３丁目１番地の１５	福岡県大牟田市小浜町３丁目１番地の１５	社会保険や人事相談に力を入れる企業	福岡県を拠点にしており、社会保険や人事相談に力を入れる企業です。同社は1991年に設立され、文書作成代行事業、人材戦略コンサルティング事業、社会保険手続き代行サービス事業などを展開しています。主要業種はIT、人材・アウトソーシング、コンサルティング、Webアプリ・サービス運営、企業研修、事務処理代行、人材派遣、組織コンサル、経営コンサルなどです。	コンサルティング	経営コンサル
徳間コンサルティング株式会社	7290801010352	0	http://tokumakaikei.com/mailform/contact.html	https://tokumakaikei.com/campany/		093-645-0645	8060067	福岡県	北九州市八幡西区引野２丁目３番１号	福岡県北九州市八幡西区引野２丁目３番１号	経営相談や給与処理代行を提供する企業	福岡県に拠点を置く給与処理アウトソーシング事業を提供する企業です。人材・アウトソーシング、コンサルティング、事務処理代行、人材派遣、経営コンサルの産業に従事しています。徳間コンサルティング株式会社は、経営相談や給与処理代行に優れたサービスを提供するプロフェッショナル集団として知られています。	コンサルティング	経営コンサル
株式会社経営支援センター	7310001013797	0	http://ksien.com/%E3%81%8A%E5%95%8F%E3%81%84%E5%90%88%E3%82%8F%E3%81%9B/	http://ksien.com/	info@ksien.com	095-895-5950	8500053	長崎県	長崎市玉園町１番１１号	長崎県長崎市玉園町１番１１号	企業に経営、事業継承、M&Aに関するコンサルティングとセミナーを提供している企業	2015年に長崎県に設立され、企業に対して経営、事業継承、M＆Aに関するコンサルティングとセミナーを提供しています。士業、人材・アウトソーシング、会計士、セミナーなどの業界に所属し、ビジネス承継支援事業、相続アドバイザリー事業、会計・税務アドバイザリー事業、経営研修事業の分野で活動しています。	コンサルティング	経営コンサル
株式会社ネクスト・プラス	7310002014852	8	http://next-plus.nagasaki.jp/contact/	http://next-plus.nagasaki.jp/		0957-23-0006	8540022	長崎県	諫早市幸町３２番８号	長崎県諫早市幸町３２番８号	事務代行や管理コンサルティングなどを提供する企業	長崎県に拠点を置く企業であり、事務代行や管理コンサルティングなどのサービスを提供しています。同社は1986年12月に設立され、金融、生活関連サービス、人材・アウトソーシング、教育、コンサルティングなどの幅広い業界で活動しています。具体的には、保育施設運営事業、セミナー企画・運営事業、研修セミナー事業、生命保険エージェント業などに取り組んでいます。	コンサルティング	経営コンサル
株式会社湊屋総研	7330001005735	1	https://www.minatoyacs.co.jp/%E5%95%8F%E5%90%88%E3%81%9B%E3%83%95%E3%82%A9%E3%83%BC%E3%83%A0/	https://www.minatoyacs.co.jp/	msg@minatoyacs.co.jp	096-363-1065	8620972	熊本県	熊本市中央区新大江２丁目１１番６－２０１号	熊本県熊本市中央区新大江２丁目１１番６－２０１号	経営、人事、工事に関するコンサルティングを提供している企業	2002年に設立された熊本県を拠点にする企業です。同社は経営、人事、工事に関するコンサルティングを提供しており、主な業務には経営管理システム開発・提供事業、経営研修事業があります。IT、人材・アウトソーシング、コンサルティング、Webアプリ・サービス運営、企業研修、組織コンサル、経営コンサルの業界で活動しています。	コンサルティング	経営コンサル
株式会社マネージメント・データ・リサーチ	7330001010165	2	http://www.m-d-r.jp/contact/index.html	http://www.m-d-r.jp/		096-278-8330	8600078	熊本県	熊本市中央区京町２丁目２番３７号	熊本県熊本市中央区京町２丁目２番３７号	建設業者の財務状況診断サービスを提供する会社	熊本県を拠点に建設業者の財務状況診断サービスを提供する会社です。主にデータ解析事業に従事し、IT、コンサルティング、その他IT、経営コンサルの業界において活動しています。	コンサルティング	経営コンサル
有限会社パラテック	7330002008489	34	http://www.paratech.jp/contact/	https://www.paratech.jp/company/		096-349-0909	8618010	熊本県	熊本市東区上南部２丁目１番８５号	熊本県熊本市東区上南部２丁目１番８５号	歯科医院経営のコンサル企業	熊本県に位置し、1998年に設立されました。同社は、歯科医院経営のコンサルティングを行うと共に、ロゴ制作事業にも従事しています。広告・制作、IT、コンサルティング、デザイン、経営コンサル、ソフトウェア販売などの多岐にわたる業界で活動しています。	コンサルティング	経営コンサル
株式会社ビユーテイサポートウイズ	7340001003622	17	http://bswith.co.jp/contact/	http://bswith.co.jp	with@bswith.co.jp	099-256-1021	8900045	鹿児島県	鹿児島市武１丁目３２番１号	鹿児島県鹿児島市武１丁目３２番１号			コンサルティング	経営コンサル
株式会社オフィスワーク宮崎	7350001004958	0	http://www.pdca-pro.jp/contact	http://www.pdca-pro.jp/		0985-28-0877	8800872	宮崎県	宮崎市永楽町１３７番地	宮崎県宮崎市永楽町１３７番地	財務アドバイザリーを提供する企業	2000年に設立された宮崎県を拠点とする会社で、財務アドバイザリーを提供しています。同社はセミナー企画・運営事業、研修セミナー事業、会計ソフトウェア開発事業、会計・税務アドバイザリー事業を主要業務としており、士業、IT、人材・アウトソーシング、コンサルティング、Webアプリ・サービス運営、会計士、セミナー、財務コンサルの分野で活動しています。	コンサルティング	財務コンサル
テラスマイル株式会社	7350001012738	7	https://www.terasuma.jp/inquiry	https://www.terasuma.jp/		0537-28-7770	8800818	宮崎県	宮崎市錦本町４番５号	宮崎県宮崎市錦本町４番５号	「RightARM」という農業経営管理クラウドサービスを運営する企業	2014年4月1日に宮崎県で設立された企業であり、農業経営管理クラウドサービス「RightARM」の運営を行っています。同社はデータ解析事業、経営コンサルティング事業、農業支援事業を展開しており、主にIT、コンサルティング、Webアプリ・サービス運営を中心とした業界で活動しています。	コンサルティング	経営コンサル
株式会社ノイズ・バリュー社	7360001016333	11	http://noisevalue.co.jp/contact-form/	http://noisevalue.co.jp/		098-987-5775	9000021	沖縄県	那覇市泉崎２丁目２番７号	沖縄県那覇市泉崎２丁目２番７号	ブランドデザインやビジネスモデルの開発コンサルティングを提供している企業	2012年10月に沖縄県に設立された企業です。同社は、ブランドデザインやビジネスモデルの開発コンサルティングを提供しており、営業支援サービス事業、商品開発アドバイザリー事業、ビジネスコンサルティング事業を展開しています。主にコンサルティング業界で活動し、総合系コンサル、販促コンサル、経営コンサル、その他コンサルを含む幅広い分野でサービスを提供しています。	コンサルティング	総合系コンサル
株式会社ＡＢＫビジネスパートナーズ	7370001021019	2	http://www.abk-bp.co.jp/inquiry	https://www.abk-bp.co.jp/profile		022-344-9441	9810904	宮城県	仙台市青葉区旭ケ丘１丁目４２番１２号	宮城県仙台市青葉区旭ケ丘１丁目４２番１２号	中小企業に対して、助成金の活用支援や経営コンサルティングを提供する企業	2011年10月に宮城県で設立された企業です。中小企業に対して助成金の活用支援や経営コンサルティングを提供しています。主な事業は財務アドバイザリー、補助金申請支援、資金管理支援です。その他サービスやコンサルティング業界で幅広い活動を展開しています。	コンサルティング	総合系コンサル
株式会社シーカーズプランニング	7370001021555	2	https://seekers-planning.com/contact/	https://seekers-planning.com/		022-393-7271	9800804	宮城県	仙台市青葉区大町１丁目１番８号	宮城県仙台市青葉区大町１丁目１番８号	ビジネスと不動産のアドバイザー企業	宮城県を拠点にビジネスと不動産のアドバイザー企業として活動しています。2012年3月に設立され、人事管理ソフトウェア開発事業、財務アドバイザリー事業、ビジネス承継支援事業、顧客情報管理システム開発事業、人材戦略コンサルティング事業を展開しています。主な業界はIT、その他サービス、コンサルティング、Webアプリ・サービス運営、財務コンサル、組織コンサル、経営コンサル、不動産コンサルです。	コンサルティング	経営コンサル
株式会社グッドビジネスパートナーズ	7380001005359	0	https://sanbe.co.jp/contact/index.html	https://g-biz.co.jp/		024-921-2733	9638023	福島県	郡山市緑町１６番１号	福島県郡山市緑町１６番１号	ビジネスプロセスや人材育成、ファイナンスプランニングなどを支援する会社	福島県に拠点を置く士業、コンサルティング企業です。ビジネスプロセスや人材育成、ファイナンスプランニングなどの分野で支援を行っており、会計システムコンサルティング事業、税務アドバイザリー事業、資産管理アドバイザリー事業、ビジネス承継支援事業、営業支援サービス事業、会計・税務アドバイザリー事業、人材戦略コンサルティング事業、農業支援事業など幅広い業務を展開しています。	コンサルティング	財務コンサル
未来創造株式会社	7390001012593	1	http://www.mirai-souzou.net/index.php?%E3%81%8A%E5%95%8F%E3%81%84%E5%90%88%E3%82%8F%E3%81%9B	http://mirai-souzo.net/	info@mirai-souzo.net	023-674-7425	9902421	山形県	山形市上桜田４丁目２番１８号	山形県山形市上桜田４丁目２番１８号	フランチャイズと事業継承に関するコンサルティングを提供する企業	2011年9月に山形県で設立された企業であり、フランチャイズと事業継承に関するコンサルティングを提供しています。同社は、ビジネス承継支援事業、フランチャイズチェーン運営支援事業、ビジネスマッチングサービス事業を展開しており、主に人材・アウトソーシング、その他サービス、コンサルティング、事務処理代行、人材派遣、経営コンサルに関する業界で活動しています。	コンサルティング	経営コンサル
株式会社若山経営	7420001004348	2	http://wakayama-keiei.jp/contact/	https://wakayama-keiei.jp/about/		017-752-9933	0300944	青森県	青森市大字筒井字八ツ橋１３７２番地１	青森県青森市大字筒井字八ツ橋１３７２番地１	経営コンサルティング企業	青森県を拠点に活動する経営コンサルティング企業です。1986年に設立され、人材・アウトソーシング、コンサルティング、企業研修、セミナー、経営コンサルの業界で活躍しています。主な事業には、セミナー企画・運営事業、研修セミナー事業、企業内トレーニングアウトソーシング事業、ビジネスコンサルティング事業があります。	コンサルティング	経営コンサル
株式会社ＡＢＣオフィス	7420001007788	9	http://o-abc.com/contact/	https://www.abc-office.co.jp/		019-656-1473	0200045	岩手県	盛岡市盛岡駅西通２丁目９番１号マリオス３Ｆ	岩手県盛岡市盛岡駅西通２丁目９番１号マリオス３Ｆ	コンサルティングやセミナーを提供する企業	2008年4月に設立された岩手県を拠点にしたコンサルティングやセミナーを提供する企業です。主な事業は経営研修であり、人材・アウトソーシング、コンサルティング、企業研修、経営コンサル業界において幅広いサービスを提供しています。	コンサルティング	経営コンサル
フュージョン株式会社	7430001015237	89	https://www.fusion.co.jp/ir/contact/	https://www.fusion.co.jp/about/overview/	info@fusion.co.jp	011-271-8055	0600004	北海道	札幌市中央区北四条西４丁目１番地	北海道札幌市中央区北四条西４丁目１番地	販売に関するアドバイザー＆リサーチ企業	1991年12月27日に北海道で設立された販売に関するアドバイザー＆リサーチ企業です。同社は広告・制作、人材・アウトソーシング、その他サービス、コンサルティング、営業代行・販売代行、ITコンサル、その他広告・制作、セミナー、販促コンサル、研究・調査・リサーチ、経営コンサルの業界で活動しており、市場リサーチ事業、市場調査モニター事業、電話営業事業を展開しています。	コンサルティング	経営コンサル
北清ホールディングス株式会社	7430001027505	34	http://www.kk-hokusei.jp/contact	https://www.kk-hokusei.jp/		011-788-1055	0070884	北海道	札幌市東区北丘珠四条４丁目３番１２号	北海道札幌市東区北丘珠四条４丁目３番１２号	北清グループの管理業務と環境商品の販売を手掛ける企業	北海道に拠点を置く企業であり、北清グループの管理業務と環境商品の販売を手掛けています。主な事業としては、建設労働者派遣事業、オフィス用品販売事業、および清掃関連商品販売事業を展開しています。2001年10月に設立され、生活用品・人材アウトソーシング・小売・販売・卸売・コンサルティングなどの情報サービス業に従事しています。	コンサルティング	経営コンサル
株式会社ネクストビジネス	7430001035689	0	https://next-biz.jimdo.com/%E3%81%94%E7%9B%B8%E8%AB%87-%E3%81%94%E8%B3%AA%E5%95%8F/	https://next-biz.jimdo.com		011-887-6437	0650008	北海道	札幌市東区北八条東１７丁目３番２０－１１０号	北海道札幌市東区北八条東１７丁目３番２０－１１０号	企業の補助金活用や経営診断などのアドバイスを提供するコンサルティング企業	北海道を拠点に、企業の補助金活用や経営診断などのアドバイスを提供するコンサルティング企業です。2007年6月に設立された同社は、人材・アウトソーシング、コンサルティング、企業研修、セミナー、経営コンサルの分野で幅広い業務を展開しています。さらに、セミナー企画・運営事業や研修セミナー事業も行っています。	コンサルティング	経営コンサル
ＰＭＣ株式会社	7430001036695	12	http://www.pmc-h.jp/contact/index.html	https://pmc-h.jp/corporate/		011-200-2805	0600003	北海道	札幌市中央区北三条西２丁目２番１	北海道札幌市中央区北三条西２丁目２番１	歯科医院の改善やスタッフ育成を手伝う企業	2007年10月に北海道で設立された企業であり、主な業務は歯科医院の改善やスタッフ育成を手伝うことです。同社は人材戦略コンサルティング事業と医療開業支援業を展開しており、人材・アウトソーシング、コンサルティング、医療コンサル、企業研修、組織コンサル、経営コンサルなどの業界に関与しています。	コンサルティング	経営コンサル
株式会社ＴＳＰ	7430001037974	0	https://tsp-global.co.jp/contact.html	https://tsp-global.co.jp		011-798-0709	0640807	北海道	札幌市中央区南七条西２３丁目１番２０－１１０５号	北海道札幌市中央区南七条西２３丁目１番２０－１１０５号	国内外での経営コンサルティングを提供する企業	北海道に拠点を置く企業であり、国内外での経営コンサルティングを提供しています。同社の主な業務には、海外ビジネスアドバイザリー事業、資金管理支援事業、ビジネスコンサルティング事業、および起業家養成セミナーの運営事業が含まれています。株式会社ＴＳＰの業界は、人材・アウトソーシング、コンサルティング、セミナー、財務コンサル、起業コンサル、経営コンサル、およびその他コンサルに属しています。	コンサルティング	経営コンサル
株式会社古道ホールディングス	7440001007720	1	http://www.furumichi.co.jp/contact	https://furumichi.co.jp/	info@furumichi.co.jp	050-3000-2091	0400014	北海道	函館市中島町２５番１８号	北海道函館市中島町２５番１８号	経営相談や金融コンサルタントなどを提供する会社	2015年に北海道に設立されたIT・コンサルティング企業であり、経営相談や金融コンサルタントなどのサービスを提供しています。主な業務は海外ビジネスアドバイザリー事業であり、IT、コンサルティング、受託開発、経営コンサルなどの幅広い業種に対応しています。	コンサルティング	経営コンサル
イシンデンシン株式会社	7470001008666	2	https://sec21.alpha-lt.net/ishindenshin.co.jp/contact.php	http://www.ishindenshin.co.jp/	info@ishindenshin.co.jp	0877-43-3083	7650073	香川県	善通寺市中村町１７８０番地６	香川県善通寺市中村町１７８０番地６	美容サロン運営のコンサルティングや運営をしている企業	香川県に拠点を置く美容サロン運営のコンサルティングや運営をする企業です。同社の主な業務には、ネイルサービス業、ヘアケア製品販売事業、美容室・サロン経営コンサルティング業、商品開発事業などが含まれます。美容・アパレル、IT、その他サービス、小売・販売・卸売、コンサルティング、美容グッズ販売、販促コンサル、美容サロン、経営コンサル、eコマースなどの業界で活動しています。	コンサルティング	経営コンサル
株式会社マスエージェント	7480001002247	10	https://masagent.co.jp/contact/	https://masagent.co.jp/	info@masagent.co.jp	088-632-6228	7700002	徳島県	徳島市春日２丁目３番３３号	徳島県徳島市春日２丁目３番３３号	企業を経営面で支援するビジネスコンサルタント企業	徳島県に位置するビジネスコンサルタント企業です。同社は、1985年に設立され、教育支援事業、ブランド戦略策定事業、環境アドバイザリー事業を展開しています。教育、コンサルティング、環境コンサル、塾・予備校、販促コンサル、組織コンサル、経営コンサルなど、幅広い業界にサービスを提供しています。	コンサルティング	経営コンサル
株式会社スタジオエスアンドシー	7500001005379	4	https://studiosc.co.jp/contact/	https://studiosc.co.jp/	info@studiosc.co.jp	089-909-5039	7900006	愛媛県	松山市南堀端町５番地１０清水ビル６階	愛媛県松山市南堀端町５番地１０清水ビル６階	マーケティング支援やWebサイト制作などを手がける企業	愛媛県に拠点を置くマーケティング支援やWebサイト制作などを手がける企業です。1991年に設立され、主に検索エンジン最適化対策事業に従事しています。広告・制作、IT、コンサルティング、Webマーケコンサル、Web制作、その他IT、デジタル系コンテンツ、経営コンサル、ソフトウェア販売の業界に所属しています。	コンサルティング	経営コンサル
株式会社フック・ホールディングス	7500001006864	6	http://hook-hd.com/hook-hd/html/contact.html	https://hook.co.jp/		089-968-6600	7918042	愛媛県	松山市南吉田町２３５３番地１	愛媛県松山市南吉田町２３５３番地１	企業がM&A戦略を加速させるための取り組みを行っていることを示す表現	愛媛県に位置し、2007年6月に設立された企業です。同社は、コンサルティングおよび経営コンサル業界で活動し、M&A戦略の加速をサポートする取り組みを行っています。	コンサルティング	経営コンサル
株式会社シナジー・パートナーズ	8010001019824	1	http://synergyp.com/inquiry/	http://synergyp.sixcore.jp/comp.shtml	info@synergyp.com	03-3253-8333	1040061	東京都	中央区銀座１丁目２２番１１号銀座大竹ビジデンス２階	東京都中央区銀座１丁目２２番１１号銀座大竹ビジデンス２階	企業経営のコンサルティングを提供する人材育成やマーケティングにもアドバイスを行う企業	東京都に位置する企業で、1996年7月に設立されました。同社は広告・制作、人材・アウトソーシング、コンサルティング、企業研修、セミナー、デザイン、販促コンサル、経営コンサルなどの業界で活動しており、企業経営のコンサルティングや人材育成、マーケティングへのアドバイスなどを提供しています。主要な業務には、マーケティングコンサルティング事業、セミナー企画・運営事業、研修セミナー事業があります。	コンサルティング	経営コンサル
株式会社セリク	8010001020963	13	http://www.seric-japon.com/japanese/contact/index.html	http://www.seric-japon.com/japanese/introduction/index.html		03-5542-1856	1030027	東京都	中央区日本橋１丁目４番１号日本橋一丁目三井ビルディング７階	東京都中央区日本橋１丁目４番１号日本橋一丁目三井ビルディング７階	異文化ビジネス構築企業	東京都に拠点を置く異文化ビジネス構築企業です。1981年7月に設立され、主要な事業は海外ビジネスアドバイザリーです。コンサルティング、経営コンサル、その他コンサルなどの業界で活動しています。	コンサルティング	経営コンサル
株式会社東京創研	8010001061438	1	http://www.tokyosoken.com/otoiawase.html	http://www.tokyosoken.com/company.html		03-5250-9271	1040061	東京都	中央区銀座１丁目３番３号Ｇ１ビル７階	東京都中央区銀座１丁目３番３号Ｇ１ビル７階	戦略的コンサルティング企業、新規事業開発を支援企業	東京都を拠点にする戦略的コンサルティング企業であり、新規事業開発を支援しています。1996年9月に設立され、コンサルティングと経営コンサルの業界で活動しています。	コンサルティング	経営コンサル
株式会社ケイ・サポート	8010001069514	0	http://www.k-support.com/about/cntct.html	http://www.k-support.com/index.html		03-3263-2120	1020072	東京都	千代田区飯田橋４丁目３番３号第１１相信ビル２Ｂ	東京都千代田区飯田橋４丁目３番３号第１１相信ビル２Ｂ	企業にソリューションを提供する会社	東京都に位置する企業にソリューションを提供する会社であり、主な業務は税務申告書作成事業です。2000年6月に設立され、士業、コンサルティング、税理士、財務コンサル、経営コンサル業界に従事しています。	コンサルティング	財務コンサル
株式会社みらい共創アドバイザリー	8010001077764	18	https://www.mirai-fp.co.jp/inquiry/	https://www.mirai-fp.co.jp/about/index.html	info@mirai-fp.co.jp	03-5860-9581	1000004	東京都	千代田区大手町２丁目６番４号ＴＯＫＹＯＴＯＲＣＨ常盤橋タワー９階	東京都千代田区大手町２丁目６番４号ＴＯＫＹＯＴＯＲＣＨ常盤橋タワー９階	M&Aや企業再生に関する財務アドバイザリーを提供する企業	2002年3月に設立され、東京都に本社を構える企業である。同社は、M&Aや企業再生に関する財務アドバイザリーを提供し、コンサルティングおよび財務コンサル業を展開している。現在、みらいエフピー株式会社は、日本国内外の多くの企業に対し、経済的な成功と成長を支援している。	コンサルティング	財務コンサル
株式会社フォアサイト	8010001085809	1	https://www.4sight.jp:6005/contact/c_index.cfm	http://www.4sight.jp/		03-5211-1441	1010054	東京都	千代田区神田錦町２丁目２番地１	東京都千代田区神田錦町２丁目２番地１	外食業界の企業のために戦略を立案するサービスを提供している企業	2003年12月に東京都に設立されたIT、人材・アウトソーシング、コンサルティング、Webアプリ・サービス運営、セミナーなどの業界に携わる企業です。外食業界の企業に対して戦略を立案するサービスを提供し、ネットワークインフラ設置事業やマーケティングコンサルティング事業、セミナー企画・運営事業、研修セミナー事業、ソフトウェア流通事業などを展開しています。	コンサルティング	経営コンサル
コーポレート・アドバイザリー株式会社	8010001092805	0	https://www.f-ca.com/form.html	https://f-ca.com/	info-qa@f-ca.com	03-5200-2811	1000004	東京都	千代田区大手町２丁目１番１号	東京都千代田区大手町２丁目１番１号	企業の合併や再建に関するアドバイスを提供する企業	東京都に位置する企業です。2004年4月に設立され、主に企業の合併や再建に関するアドバイスを提供しています。同社は投資アドバイザリー事業を展開し、コンサルティング、資産運用コンサル、経営コンサルの業界に取り組んでいます。	コンサルティング	経営コンサル
株式会社福田総合研究所	8010001093571	1	http://www.fukuda-ir.jp/contact/	http://www.fukuda-ir.jp/	fukuda@fukuda-ir.jp	03-4588-6706	1030027	東京都	中央区日本橋１丁目２番１０号	東京都中央区日本橋１丁目２番１０号	IR・経営コンサル企業	東京都に位置するIR・経営コンサル企業です。同社はコンサルティングと経営コンサル業界で活動しています。	コンサルティング	経営コンサル
アドバンスト・ビジネス・ダイレクションズ株式会社	8010001094958	26	http://www.abd-jp.com/contact/	https://www.abd-jp.com/about-us/	info@abd-jp.com	03-3588-7600	1070052	東京都	港区赤坂３丁目１番２号	東京都港区赤坂３丁目１番２号	企業に戦略や経営改善のアドバイスを行っているコンサルティング企業	2005年8月に設立された東京都に拠点を置くコンサルティング企業です。同社は主に企業に対して戦略や経営改善のアドバイスを提供しており、マーケティングコンサルティング事業、営業支援サービス事業、会計・税務アドバイザリー事業を展開しています。アドバンスト・ビジネス・ダイレクションズ株式会社は士業、コンサルティング、会計士、販促コンサル、経営コンサル、その他コンサルの業界で活動しています。	コンサルティング	経営コンサル
ビバルコ・ジャパン株式会社	8010001096129	0	http://www.bvcj.co.jp/contact/index.html	https://www.bvcj.co.jp/company/		03-5214-2727	1020072	東京都	千代田区飯田橋１丁目８番９号ニューシティハイツ飯田橋７０７	東京都千代田区飯田橋１丁目８番９号ニューシティハイツ飯田橋７０７	財務的評価や事業再建に特化したコンサルティング企業	2005年10月に東京都で設立された財務的評価や事業再建に特化したコンサルティング企業です。主な事業は研修セミナーであり、人材・アウトソーシング、コンサルティング、セミナー、財務コンサル、経営コンサルの業界で活動しています。	コンサルティング	経営コンサル
サイモン・クチャーアンドパートナーズジャパン株式会社	8010001104147	28	https://www.simon-kucher.com/en/contact	https://www.simon-kucher.com/ja/contact	tokyo@simon-kucher.com	03-3261-6988	1020094	東京都	千代田区紀尾井町１番３号東京ガーデンテラス紀尾井町紀尾井タワー１４階	東京都千代田区紀尾井町１番３号東京ガーデンテラス紀尾井町紀尾井タワー１４階	企業の経営に関する助言や支援を提供している企業	東京都に位置するコンサルティング企業です。2001年に設立され、企業の経営に関する助言や支援を提供しています。同社はマーケティングコンサルティング事業に従事しており、主に販促コンサルや経営コンサルに関わっています。	コンサルティング	経営コンサル
株式会社ジェナックスアソシエイツ	8010001104626	4	http://www.genax.co.jp/inquiry.html	http://www.genax.co.jp/aboutus.html	info@genax.co.jp	03-5606-8319	1040045	東京都	中央区築地１丁目２番１号	東京都中央区築地１丁目２番１号	知的資産の評価と経営アドバイザリーを提供する企業	東京都に拠点を置き、知的資産の評価と経営アドバイザリーを提供する企業です。会計システムコンサルティング事業、障がい者雇用促進事業、システムインテグレーション事業、知的財産保護・活用事業などを展開しており、医療・製薬・福祉、IT、コンサルティング、Webアプリ・サービス運営、障害者福祉、財務コンサル、経営コンサル、その他コンサルなどの幅広い業界に携わっています。	コンサルティング	経営コンサル
株式会社ＢＡＭＣ　ａｓｓｏｃｉａｔｅｓ	8010001108940	56	https://sv59.wadax.ne.jp/~bamc-jp/front.php?page=/contact/	https://bamc.jp/company/		03-3541-2242	1040061	東京都	中央区銀座７丁目１６番１４号	東京都中央区銀座７丁目１６番１４号	税務や会計に関するコンサルティングを提供している企業	東京都を拠点にしており、税務や会計に関するコンサルティングを提供しています。ビジネス承継支援事業や相続アドバイザリー事業も展開しており、2004年8月に設立されました。同社はその他サービスやコンサルティング、財務コンサル、資産運用コンサルなどの業界に属しています。	コンサルティング	財務コンサル
バリュークリエイト株式会社	8010001110112	3	https://www.valuecreate.net/vc_inquiry/			03-6263-0777	1030013	東京都	中央区日本橋人形町２丁目７番２号	東京都中央区日本橋人形町２丁目７番２号	経営やIRのコンサルティングを提供する企業	東京都を拠点に経営やIRのコンサルティングを提供する企業です。2001年5月に設立され、広告クリエイティブ事業、チラシ・パンフレット作成事業、店頭広告制作事業、文書作成代行事業、企業内トレーニングアウトソーシング事業、販売促進用品製作事業などのサービスを展開しています。主要な業界は広告・制作、人材・アウトソーシング、エンタメ・娯楽、コンサルティング、企業研修、Web制作、広告制作、グッズ制作・グッズ販売、経営コンサルです。	コンサルティング	経営コンサル
株式会社明誠リサーチ	8010001110228	0	http://meiseirc.jp/contact/index.html	https://meiseirc.jp/company		03-6897-8794	1110041	東京都	台東区元浅草３丁目７番１号	東京都台東区元浅草３丁目７番１号	IT会計監査と関連業務のコンサルティングを提供する企業	東京都に位置する、IT会計監査と関連業務のコンサルティングを提供する企業である。2005年12月に設立され、財務監査サービス、会計システムコンサルティング事業、市場リサーチ事業、会計・税務アドバイザリー事業を展開している。株式会社明誠リサーチは、士業、その他サービス、コンサルティング、監査法人、会計士、財務コンサル、研究・調査・リサーチの業界で活動している。	コンサルティング	財務コンサル
株式会社Ｖコンサル	8010001111886	2	http://www.vcon.jp/inquiry/	https://www.vcon.jp/company/profile/	info@vcon.jp	03-6231-0200	1040045	東京都	中央区築地１丁目１２－２２コンワビル１Ｆ	東京都中央区築地１丁目１２－２２コンワビル１Ｆ	中小企業に経営上のアドバイスを提供する会社	東京都に位置する2004年08月に設立されたコンサルティング会社であり、中小企業に対して経営上のアドバイスを提供しております。主に経営コンサルティングの分野で活躍し、顧客の成長と発展をサポートいたします。	コンサルティング	経営コンサル
株式会社ディープインパクト	8010001115549	21	http://www.deepimpact.co.jp/contact/	https://www.deepimpact.co.jp/		03-3262-1307	1020083	東京都	千代田区麹町２丁目３番地９	東京都千代田区麹町２丁目３番地９	株式公開やM&Aなどを支援する企業	東京都を拠点とし、コンサルティングおよび経営コンサルの業界で活躍しています。同社は株式公開やM&Aなどの事業を支援し、クライアントの成長と発展に貢献しています。	コンサルティング	経営コンサル
株式会社ＳＢＳ	8010001116992	4	http://www.sakebs.co.jp/inquiry.php	http://www.sakebs.co.jp/index.html		03-6228-4706	1040061	東京都	中央区銀座７丁目１２番５号	東京都中央区銀座７丁目１２番５号	アルコール関連ビジネスのサポート企業	東京都を拠点にアルコール関連ビジネスのサポート企業として、物流アドバイザリー事業、販売アドバイザリー事業、酒類販売卸し事業を展開しております。2008年4月の設立から、食品、人材・アウトソーシング、コンサルティング、人材紹介、販促コンサル、酒類、経営コンサルなどの幅広い業界においてサービスを提供しています。	コンサルティング	経営コンサル
株式会社Ｂｉｚａｕｔｈ	8010001117677	105	http://www.bizauth.com/contact/	https://bizauth.com/company/		03-6278-7732	1060032	東京都	港区六本木３丁目２番１号	東京都港区六本木３丁目２番１号	ITを含む経営コンサルティング企業	東京都に拠点を置くITを含む経営コンサルティング企業です。2006年10月に設立され、主にビジネスコンサルティング事業を展開しています。主要業界はコンサルティングおよび経営コンサルです。	コンサルティング	経営コンサル
アクティブ・メディア株式会社	8010001125028	10	https://activemedia.co.jp/form-2/	https://activemedia.co.jp/	ushio.tanaka@active111.co.jp	03-6256-8996	1020093	東京都	千代田区平河町１丁目８番９号半蔵門ＫＤビル	東京都千代田区平河町１丁目８番９号半蔵門ＫＤビル	ITシステムで店舗経営支援する企業、美容、飲食、小売関連企業	2009年5月に東京都で設立されたITシステムで店舗経営を支援する企業です。主な業務は、美容、飲食、小売関連企業向けの顧客情報管理システム開発事業と営業活動支援システム開発事業を行っています。さらに、IT、コンサルティング、総合系コンサル、Webアプリ・サービス運営の業界においても活動しています。	コンサルティング	総合系コンサル
株式会社アクアードコンサルティング	8010001128848	66	http://aqured.co.jp/ja/contact/	https://aqured.co.jp/		03-3564-2009	1040061	東京都	中央区銀座１丁目２７番８号セントラルビル	東京都中央区銀座１丁目２７番８号セントラルビル	プロジェクトマネジメントに特化したコンサルティング企業	東京都に位置し、2009年11月17日に設立されたプロジェクトマネジメントに特化したコンサルティング企業です。同社はコンサルティングおよび経営コンサルの業界で活動しています。	コンサルティング	経営コンサル
インターナショナル・レジスター・オブ・サーティフィケイテッド・オーディターズ・ジャパン株式会社	8010001130705	6	https://japan-irca-s.cms2.jp/contact_form.html?_ga=2.120096328.1989788054.1526117171-519659339.1526117171	http://japan.irca.org/index.html	ircajapan@irca.org	03-6272-6307	1020083	東京都	千代田区麹町３丁目５番２号ビュレックス麹町８階	東京都千代田区麹町３丁目５番２号ビュレックス麹町８階	登録マネジメントシステム審査/監査企業	東京都に位置する登録マネジメントシステム審査/監査企業です。2006年6月に設立された当社は、イベントプランニング事業、セミナー企画・運営事業、企業内トレーニングアウトソーシング事業を展開しています。人材・アウトソーシング、エンタメ・娯楽、コンサルティング、企業研修、セミナー、財務コンサル、イベントなどの業界で活動しています。	コンサルティング	財務コンサル
株式会社マネジメントパートナーズ	8010001135349	6	http://www.managementpartners.co.jp/contact/index.php	https://managementpartners.co.jp/company/profile/	info@managementpartners.co.jp	03-6894-4060	1080075	東京都	港区港南２丁目１６番１号品川イーストワンタワー７階	東京都港区港南２丁目１６番１号品川イーストワンタワー７階	企業の経営についてアドバイスや支援を行うサービスを提供する企業	2010年9月に東京都で設立された企業です。同社は、企業の経営についてアドバイスや支援を行うサービスを提供しており、セミナー企画・運営事業、研修セミナー事業、金融機関向けアドバイザリー事業などを展開しています。人材・アウトソーシング、コンサルティング、セミナー、経営コンサル、その他コンサルなどの業界で活動しています。	コンサルティング	経営コンサル
アヴェイル・パートナーズ株式会社	8010001137477	0	http://www.availpartners.co.jp/contact/	http://www.availpartners.co.jp			1010054	東京都	千代田区神田錦町３丁目１９番地	東京都千代田区神田錦町３丁目１９番地	企業経営コンサルタント｡事業承継支援も提供します	東京都に本社を置く企業経営コンサルタントです。事業承継支援や不動産再開発事業も提供しており、2010年4月に設立されました。その他サービス、不動産、コンサルティング、デベロッパー、経営コンサルの業界で活動しています。	コンサルティング	経営コンサル
エックスアイティー株式会社	8010001140761	2	http://www.xit.co.jp/mailform.html	http://www.xit.co.jp	office@xit.co.jp	03-6277-2915	1410001	東京都	品川区北品川５丁目１２番５号御殿山１０１ビル５０１号室	東京都品川区北品川５丁目１２番５号御殿山１０１ビル５０１号室	ビジネスやIT、不動産などの相談に応じる企業		コンサルティング	経営コンサル
究和エンタープライズコンコード株式会社	8010001141322	0	http://kiwa-ec.co.jp/contact/	http://kiwa-ec.co.jp/		03-6384-5691	1010003	東京都	千代田区一ツ橋２丁目４番３号	東京都千代田区一ツ橋２丁目４番３号	企業の戦略や人事戦略のコンサルティング支援を提供する企業	2011年7月に東京都に設立された企業であり、企業の戦略や人事戦略のコンサルティング支援を提供しています。同社は主に海外ビジネスアドバイザリー事業、人材戦略コンサルティング事業、人材採用支援事業、精神保健支援事業を展開しており、主要業界は医療・製薬・福祉、人材・アウトソーシング、コンサルティングに属しています。究和エンタープライズコンコード株式会社は、その他医療・福祉、組織コンサル、経営コンサルなどの活動も行なっています。	コンサルティング	経営コンサル
株式会社黒沢総研	8010001141603	1	https://www.kurosawa-consul.com/inquiry	http://kurosawa-consul.com/	info@kurosawa-consui.com	03-3248-8891	1040045	東京都	中央区築地２丁目１４番１２号	東京都中央区築地２丁目１４番１２号	企業の経営や事業の未来を支援する企業	東京都に位置し、企業の経営や事業の未来を支援する企業です。同社は1999年11月に設立され、人事管理ソフトウェア開発事業、フランチャイズチェーン運営支援事業、商品開発アドバイザリー事業、人材戦略コンサルティング事業、ビジネスコンサルティング事業、不動産開発事業などを展開しています。主要な業界はIT、その他サービス、不動産、コンサルティング、Webアプリ・サービス運営、デベロッパー、組織コンサル、研究・調査・リサーチ、経営コンサル、その他コンサルなどです。	コンサルティング	経営コンサル
株式会社日本ビジネスイノベーション	8010001143021	1	http://jbii.co.jp/contact	https://www.jbii.co.jp/aboutus	info@jbii.co.jp	03-4567-6015	1040031	東京都	中央区京橋２丁目７番８号	東京都中央区京橋２丁目７番８号	M&AコンサルティングやIPO支援を提供する企業	1999年7月に東京都で設立され、M&AコンサルティングやIPO支援を提供しています。また、セミナー企画・運営事業や研修セミナー事業を展開しています。主な業界は人材・アウトソーシング、コンサルティング、企業研修、セミナー、経営コンサルです。	コンサルティング	経営コンサル
ＫＰＭＧコンサルティング株式会社	8010001144647	2437	https://home.kpmg/xx/en/home/misc/contact.html	https://kpmg.com/jp/ja/	webmaster@jp.kpmg.com	03-3548-5111	1000004	東京都	千代田区大手町１丁目９番７号	東京都千代田区大手町１丁目９番７号	ITやビジネスのアドバイスをする企業	東京都に位置し、2014年07月07日に設立されたコンサルティング企業です。同社は主にITやビジネスに関するアドバイスを提供しており、人事制度アドバイザリー事業とブランド戦略策定事業を行っています。さらに、ＫＰＭＧコンサルティング株式会社は、総合系コンサル、販促コンサル、組織コンサルなどのさまざまな業界で活動しています。	コンサルティング	総合系コンサル
アグリホールディングス株式会社	8010001144845	4	https://farmbank.co.jp/#map	https://agri-hd.com/			1030012	東京都	中央区日本橋堀留町１丁目３番１１号	東京都中央区日本橋堀留町１丁目３番１１号	農業の生産と人材をサポートする企業	2012年1月に東京都に設立された農業の生産と人材をサポートする企業です。同社は農産物販売事業、農作物栽培事業、農業支援事業などを展開しており、食品、人材・アウトソーシング、コンサルティング、企業研修、農産物、経営コンサル、その他コンサル業界で活動しています。	コンサルティング	経営コンサル
グルーヴィ株式会社	8010001145843	2	https://www.groo-vy.jp/%E3%81%8A%E5%95%8F%E3%81%84%E5%90%88%E3%82%8F%E3%81%9B/	https://www.groo-vy.jp/会社案内/		03-6280-5051	1030025	東京都	中央区日本橋茅場町２丁目１１－４	東京都中央区日本橋茅場町２丁目１１－４	国内外で営業に関するアドバイスを提供する企業	東京都を拠点に国内外で営業に関するアドバイスを提供する企業です。2011年4月に設立された当社は、海外ビジネスアドバイザリー事業と営業支援サービス事業を展開しています。主にコンサルティング、経営コンサル、その他コンサル業界で活動しています。	コンサルティング	経営コンサル
株式会社Ｓｔａｎｄ　ｂｙ　Ｃ	8010001150380	19	https://standbyc.com/contact	https://standbyc.com/company/		03-5510-2424	1000013	東京都	千代田区霞が関３丁目２番５号	東京都千代田区霞が関３丁目２番５号	M&Aや組織再編に関する手続きの支援を提供する企業	2010年1月に東京都に設立されたM&Aや組織再編に関する手続きの支援を提供する企業です。主な業務は、組織分析コンサルティング事業であり、コンサルティング、財務コンサル、組織コンサルなどの業界で活動しています。	コンサルティング	財務コンサル
株式会社ウィルリンク	8010001150926	2	https://willlink.jp/contact/	https://willlink.jp/company/	info@willlink.jp		1020074	東京都	千代田区九段南１丁目５番６号りそな九段ビル	東京都千代田区九段南１丁目５番６号りそな九段ビル	ビジネスマッチングや支援事業を手がける企業	東京都に拠点を置くビジネスマッチングや支援事業を手がける企業です。2012年12月に設立され、人材・アウトソーシング、コンサルティング、販促コンサルなどの業界で活動しています。主な事業としてはマーケティングコンサルティング事業とビジネスマッチングサービス事業を展開しております。	コンサルティング	経営コンサル
株式会社ビー・ファイン	8010001171971	1	http://haradasayuri.com/contact	http://haradasayuri.com/	info@haradasayuri.com	03-5770-7833	1040061	東京都	中央区銀座１丁目３－３Ｇ１ビル７Ｆ	東京都中央区銀座１丁目３－３Ｇ１ビル７Ｆ	企業向け、販売促進に特化したコンサルティングやイベント運営を手掛ける会社	東京都を拠点に、企業向け販売促進に特化したコンサルティングやイベント運営を手掛ける会社です。イベントプランニング、セミナー企画・運営、営業支援サービス、商品開発アドバイザリーなど、幅広い業務を展開しています。人材・アウトソーシング、エンタメ・娯楽、コンサルティングなどの多岐にわたる業界で活躍し、経営コンサルティングや研修セミナーなどのサービスを提供しています。	コンサルティング	経営コンサル
株式会社アンビジネスサポート	8010001174776	0	http://www.anbusiness.tokyo/inquiry.html	http://www.anbusiness.tokyo/		03-5843-6475	7400001	山口県	岩国市装束町４丁目１０番１５号	山口県岩国市装束町４丁目１０番１５号	中小企業向けの経営コンサルティングを提供する企業	東京都を拠点に中小企業向けの経営コンサルティングを提供している企業です。2016年4月12日に設立され、組織分析コンサルティング事業、人材戦略コンサルティング事業、補助金申請支援事業を展開しています。さらに、人材・アウトソーシング、コンサルティング、組織コンサル、経営コンサルを含む複数の業務領域で活動しています。	コンサルティング	経営コンサル
パナックス株式会社	8010001175601	0	http://www.panaxx.jp/contact.html	http://www.panaxx.jp		03-5275-0600	1020093	東京都	千代田区平河町２丁目１６番６号	東京都千代田区平河町２丁目１６番６号			コンサルティング	経営コンサル
株式会社プレディクトパートナーズ	8010001176533	0	https://www.predict-group.co.jp/contact/	https://www.predict-group.co.jp/company/#group		03-6265-6305	1020073	東京都	千代田区九段北４丁目１番５号市ヶ谷法曹ビル２０１号	東京都千代田区九段北４丁目１番５号市ヶ谷法曹ビル２０１号	会計や経営上のコンサルティングを提供する企業	東京都を拠点に、2016年6月22日に設立された会計や経営上のコンサルティングを提供する企業です。同社は、相続アドバイザリー事業と会計・税務アドバイザリー事業を展開しており、士業、コンサルティング、会計士、財務コンサル、資産運用コンサル、経営コンサルの業界で活動しています。	コンサルティング	財務コンサル
アクティブビジョン株式会社	8010001182184	0	http://www.aktivevision.com/#contact	https://www.aktivevision.com/			1020093	東京都	千代田区平河町１丁目６番１５号ＵＳビル８Ｆ	東京都千代田区平河町１丁目６番１５号ＵＳビル８Ｆ	スタートアップ支援企業	東京都に所在するスタートアップ支援企業です。2017年3月17日に設立され、コンサルティング、経営コンサル、その他コンサルといった業界で海外ビジネスアドバイザリー事業を展開しています。	コンサルティング	経営コンサル
ブルーム株式会社	8010001183273	1	https://bloom-groups.com/contact/	https://bloom-groups.com/profile/	info@bloom-groups.com	03-4405-5632	1010051	東京都	千代田区神田神保町２丁目３番１号岩波書店アネックスＬＥＡＧＵＥ神保町３０３	東京都千代田区神田神保町２丁目３番１号岩波書店アネックスＬＥＡＧＵＥ神保町３０３	ビジネスコンサルティングとWebマーケティングのサポートを提供する会社	2017年5月2日に東京都に設立されたビジネスコンサルティングとWebマーケティングのサポートを提供する会社です。主な業務は、Webマーケティング支援事業であり、IT、コンサルティング、Webマーケコンサル、経営コンサルという業界で活動しています。	コンサルティング	経営コンサル
株式会社インベスコアジャパン	8010001199897	25	https://invescore.jp/contact/	https://invescore.jp/company/information/			2200012	神奈川県	横浜市西区みなとみらい２丁目３番１号クイーンズタワーＡ４階４０１	神奈川県横浜市西区みなとみらい２丁目３番１号クイーンズタワーＡ４階４０１			コンサルティング	経営コンサル
株式会社セールスクルー	8010001213245	8	https://salescrew.jp/contact	https://salescrew.jp/company	info@salescrew.jp	03-5458-7202	1500042	東京都	渋谷区宇田川町１０番２号いちご渋谷宇田川町ビル８Ｆ	東京都渋谷区宇田川町１０番２号いちご渋谷宇田川町ビル８Ｆ			コンサルティング	経営コンサル
株式会社ＧｅａＲａｉｓｅ	8010001216867	2	https://gearaise.co.jp/contact/	https://gearaise.co.jp/company-profile/	support@gearaise.co.jp		1030026	東京都	中央区日本橋兜町９－５兜町平和ダイヤビル６０２	東京都中央区日本橋兜町９－５兜町平和ダイヤビル６０２			コンサルティング	経営コンサル
株式会社Ｍ＆Ａ　Ｄｏ	8010001217238	1	https://www.atotsuginomadoguchi.com/	https://ma-mado.com/会社概要/	support＠atotsuginomadoguchi.com	03-4560-0084	1070061	東京都	港区北青山１丁目３番１号アールキューブ青山３階	東京都港区北青山１丁目３番１号アールキューブ青山３階			コンサルティング	経営コンサル
有限会社楽々	8010002041158	0	https://suzuryou.com/contact/contact-form	https://suzuryou.com/	info@senda-shiki.com	03-3237-8183	1020084	東京都	千代田区二番町１１番７号	東京都千代田区二番町１１番７号	企業向け研修・セミナーの企画・運営を手がける会社	東京都に位置する企業向け研修・セミナーの企画・運営を手がける会社です。広告クリエイティブ事業、セミナー企画・運営事業、書籍販売卸売事業、雑誌出版事業、研修セミナー事業、出版事業、雑誌制作事業などのジョブを担っており、2004年に設立されました。主要業界は広告・制作、人材・アウトソーシング、小売・販売・卸売、メディア・出版、コンサルティング、書籍・メディア販売、セミナー、広告制作、出版、その他マスコミ・出版、経営コンサル、総合広告代理店です。	コンサルティング	経営コンサル
有限会社モノス	8010002047279	0	http://monos-inc.jp/contact/	http://monos-inc.jp/	monos@w3.dion.ne.jp	03-5835-0580	3640033	埼玉県	北本市本町２丁目５８番地	埼玉県北本市本町２丁目５８番地	マーケティング調査や経営相談、新規事業支援などを提供している企業	埼玉県を拠点に、マーケティング調査や経営相談、新規事業支援などを提供している企業です。2005年11月に設立され、ネットワークインフラ設置事業、市場リサーチ事業、Webマーケティング支援事業などを展開しています。主にIT、その他サービス、コンサルティング、Webマーケコンサル、ITインフラストラクチャー、研究・調査・リサーチ、経営コンサルの業界で活動しています。	コンサルティング	経営コンサル
ＰｗＣビジネスアシュアランス合同会社	8010003022693	413	https://www.pwc.com/gx/en/content/pwc/global/forms/contactUs.en_gx.html?parentPagePath=/content/pwc/gx/en&style=	https://www.pwc.com/jp/ja/about-us/member/business-assurance.html		03-6212-6830	1000004	東京都	千代田区大手町１丁目１番１号大手町パークビルディング	東京都千代田区大手町１丁目１番１号大手町パークビルディング	企業のリスク管理を支援するサービスを提供する企業	金融やその他のサービス業界を中心に、企業のリスク管理を支援するサービスを提供しています。東京都を拠点とし、ビジネスリサーチ事業、研究開発サポート事業、クレジットチェック事業、リスクマネジメントコンサルティング事業を展開しています。2015年11月に設立された同社は、ITコンサルティング、研究・調査・リサーチ、経営コンサルティングなど、コンサルティング業務も手掛けています。	コンサルティング	経営コンサル
株式会社青木コンセプト事務所	8010401000417	2	https://acd.co.jp/contact/	https://acd.co.jp/company/	office@acd.co.jp	813-3486-8629	1070062	東京都	港区南青山６丁目８番３号	東京都港区南青山６丁目８番３号	ビジネスコンサルタントやウェブメディアのマネジメントを手がける企業	東京都に本社を置く、ビジネスコンサルタントやウェブメディアのマネジメントを手がける企業です。1983年に設立され、マーケティングコンサルティング事業を展開しています。主にIT、コンサルティング、Webアプリ・サービス運営、販促コンサル、経営コンサルの業界において活動しています。	コンサルティング	経営コンサル
伊藤忠フィナンシャルマネジメント株式会社	8010401002883	160	https://www.itochu-fm.co.jp/inquiry/	https://www.itochu-fm.co.jp/		03-3497-8354	1070061	東京都	港区北青山２丁目５番１号	東京都港区北青山２丁目５番１号	伊藤忠商事に関連する企業で、会計や財務のサービスを提供している企業	東京都に所在し、伊藤忠商事に関連した会計や財務のサービスを提供している企業です。会計システムコンサルティング事業、経営コンサルティング事業、およびペイメントサービス事業を展開しています。1983年4月に設立され、金融、コンサルティング、クレジット・決済代行、財務コンサル、組織コンサル、経営コンサルといった業界で活動しています。	コンサルティング	財務コンサル
マークスクエア株式会社	8010401027740	8	http://www.marksquare.co.jp/contact.cgi	https://www.marksquare.co.jp/mp.cgi/company	info@marksquare.co.jp	03-5733-6770	1050011	東京都	港区芝公園２丁目３番１号芝加賀ビル３階	東京都港区芝公園２丁目３番１号芝加賀ビル３階	商業施設や店舗の計画から完成までを担う企業	東京都に拠点を置き、商業施設や店舗の計画から完成までを担う企業です。1997年4月に設立され、建設監理事業や商業施設デザイン事業などを手掛けています。主に建設、工事・土木、コンサルティング、商業施設・店舗・公共施設建設などの業界で活動しており、土木コンサルや経営コンサルのサービスも提供しています。	コンサルティング	経営コンサル
株式会社アンサーコーポレーション	8010401036790	0	https://answer-corp.sakura.ne.jp/answer/contact/index.html	http://www.answer-corp.co.jp/		03-5545-4411	1070052	東京都	港区赤坂１丁目５番２号	東京都港区赤坂１丁目５番２号	省エネやコスト削減に特化したコンサルティングやWebサイト運営を行う企業	東京都を拠点にし、1998年12月に設立された企業です。同社は省エネやコスト削減に特化したコンサルティングやWebサイト運営を行いながら、広告・制作、IT、エネルギー、コンサルティング、Web制作、経営コンサル、eコマース、ガス・燃料製品・採掘の業界で活動しています。また、ネットショップ構築事業も行っています。	コンサルティング	経営コンサル
株式会社日本トーマス・モア・コンサルティング社	8010401046955	0	https://xb102.secure.ne.jp/~xb102064/inquiry.html	http://www.thomasmore.co.jp/index.html		03-5563-7698	1060032	東京都	港区六本木２丁目２番２号	東京都港区六本木２丁目２番２号	経営・人事のコンサルティングを提供する企業	1995年3月に東京都で設立された企業です。同社は経営・人事のコンサルティングを提供しており、市場リサーチ事業、職業訓練支援事業、キャリア支援事業を展開しています。主要な業界は人材・アウトソーシング、サービス、コンサルティングであり、人材、組織コンサルティング、研究・調査・リサーチ、経営コンサルなどの分野に力を入れています。	コンサルティング	経営コンサル
株式会社タイム・アンド・タイド	8010401054818	0	http://www.timeandtide.co.jp/contact.html	http://www.timeandtide.co.jp/index.html		050-3597-4412	1040061	東京都	中央区銀座６丁目１６番１２号	東京都中央区銀座６丁目１６番１２号	観光施設のビジネス推進・マネジメントに特化したコンサルティング企業	1994年6月に東京都で設立されたコンサルティング企業です。同社は観光施設のビジネス推進・マネジメントに特化し、許認可手続き代行事業も手がけています。人材・アウトソーシング、データ入力・事務作業代行、業務請負、経営コンサルの分野で活動しています。	コンサルティング	経営コンサル
株式会社コーポレート・アドバイザーズ	8010401058942	45	https://co-ad.jp/contact	https://co-ad.co.jp/company/access/		03-3593-3238	1000013	東京都	千代田区霞が関３丁目２番５号霞が関ビルディング３３階	東京都千代田区霞が関３丁目２番５号霞が関ビルディング３３階	ビジネスや個人の経営を補助する企業財務、税務、M&Aに関与	東京都に位置し、2002年9月に設立された企業です。同社は、ビジネスや個人の経営を補助する企業財務、税務、M&Aに関与しており、ビジネス承継支援事業と投資アドバイザリー事業を提供しています。その他サービス、コンサルティング、財務コンサル、資産運用コンサル、経営コンサルの業界で活動しています。	コンサルティング	財務コンサル
株式会社ブラビス・インターナショナル	8010401063240	64	https://www.bravis.com/contact/	https://www.bravis.com/		03-6455-1240	1500031	東京都	渋谷区桜丘町１０番１０号	東京都渋谷区桜丘町１０番１０号	ブランド戦略やパッケージデザインを手がける企業	東京都に拠点を置くブランド戦略やパッケージデザインを手がける企業です。1996年6月に設立され、広告・制作、コンサルティング、デザイン、販促コンサル、経営コンサルの業界で活動しています。主な事業としては、ブランド戦略策定、商品パッケージングデザイン、デザイン制作、キャラクターデザイン、ロゴ制作を展開しています。	コンサルティング	経営コンサル
株式会社ガルベラ・パートナーズ	8010401067357	13	https://gerbera.co.jp/contact/	https://gerbera.co.jp/	swbs@gerbera.co.jp	03-5405-2815	1050001	東京都	港区虎ノ門３丁目２３番６号	東京都港区虎ノ門３丁目２３番６号	財務、事業承継、人事・労務などの支援企業	東京都を拠点とする支援企業であり、財務、事業承継、人事・労務などの業務を手掛けています。2005年11月に設立され、ビジネス承継支援事業、フランチャイズチェーン運営支援事業、グループ企業経営事業、マニュアル作成事業などに取り組んでいます。その他サービス、コンサルティング、財務コンサル、組織コンサルなどのさまざまな業界で活動しています。	コンサルティング	財務コンサル
株式会社ユニバーサル・デベロップメント	8010401069114	13	http://www.uni-dev.jp/contact/	https://www.uni-dev.jp/company/		03-6281-8882	1050004	東京都	港区新橋１丁目１番１３号	東京都港区新橋１丁目１番１３号	クレジットカードの導入支援や医療・介護施設の経営コンサル業務を担う企業	東京都に拠点を置き、クレジットカードの導入支援や医療・介護施設の経営コンサル業務を展開する企業です。財務アドバイザリー事業や営業支援サービス事業を提供しており、コンサルティング、財務コンサル、経営コンサルなどの業界で活動しています。2005年4月に設立されました。	コンサルティング	経営コンサル
株式会社赤坂共同事務所	8010401069287	0	http://www.akasaka-kyodo.com/top/contact/tabid/463/Default.aspx	https://www.akasaka-kyodo.com/	info@akasaka-kyodo.com	03-5545-7630	1070052	東京都	港区赤坂２丁目２３番１号アークヒルズフロントタワー	東京都港区赤坂２丁目２３番１号アークヒルズフロントタワー	会計・税務コンサルティング企業	東京都に位置する会計・税務コンサルティング企業です。2004年7月に設立され、税務アドバイザリー事業、相続アドバイザリー事業、財務・会計業務アウトソーシング事業を展開しています。士業、人材・アウトソーシング、コンサルティングなどの業種において税理士、財務コンサル、人材派遣、資産運用コンサルのサービス提供を主軸としています。	コンサルティング	財務コンサル
株式会社グローバルクリエイト	8010401073578	0	http://global-create-ltd.co.jp/inquiry.html	http://global-create-ltd.co.jp		03-5771-8104	1070062	東京都	港区南青山１丁目２６番１６号	東京都港区南青山１丁目２６番１６号	国際的なビジネスを展開し、貿易、エンターテインメント、コンサルタントサービスを提供する企業	2007年12月に東京都に設立された国際的な企業です。同社は、貿易、エンターテインメント、コンサルタントサービスの提供を通じて、幅広いビジネス活動を展開しています。主要な事業は、マーケティングコンサルティング、輸入手続き代行、遊技機器卸売、商取引と多岐にわたります。同社は機械、商社、コンサルティング、総合商社、販促コンサル、アミューズメント機器、輸出入業務代行、経営コンサルの業界に位置しています。	コンサルティング	経営コンサル
株式会社エディ	8010401076003	0	http://www.edy.co.jp/info.html	http://www.edy.co.jp/index.html	info@edy.co.jp	03-6365-6365	1080075	東京都	港区港南２丁目１６番７号	東京都港区港南２丁目１６番７号	経営アドバイザーとオンラインショップを運営する企業	東京都に本社を置き、経営アドバイザーとオンラインショップを運営する企業です。2008年5月に設立され、主にWebマーケティング支援事業やヘッドフォン・イヤホンの販売事業に従事しています。生活用品、IT、小売・販売・卸売、コンサルティング、Webマーケコンサル、雑貨販売、音響・映像機器、経営コンサル、eコマースなどの業界において幅広く活動しています。	コンサルティング	経営コンサル
ＩＮＳＯＵ東日本株式会社	8010401081977	278	http://www.insou-east.co.jp/contact/index.php	https://www.insou-east.co.jp/company/profile/index.html		03-6674-2186	1060041	東京都	港区麻布台３丁目５番７号	東京都港区麻布台３丁目５番７号	飲食店経営コンサルタントの企業	東京都を拠点にする飲食店経営コンサルタントの企業であり、市場リサーチ事業と販促企画事業に従事しています。2002年4月に設立され、その他サービス、コンサルティング、販促コンサル、研究・調査・リサーチ、経営コンサルの産業に属しています。	コンサルティング	経営コンサル
株式会社青山ビジネスフォーラム	8010401082397	0	http://aoyama-biz.com/contact/contact.html	http://aoyama-biz.com/			1070061	東京都	港区北青山１丁目３番２号	東京都港区北青山１丁目３番２号	ビジネスコンサルティング及びトレーニング・講演の企画会社	東京都を拠点とするビジネスコンサルティング及びトレーニング・講演の企画会社です。2009年に設立され、主な業務はイベントプランニング事業、マーケティングコンサルティング事業、セミナー企画・運営事業、企業内トレーニングアウトソーシング事業、知的財産保護・活用事業などです。人材・アウトソーシング、エンタメ・娯楽、コンサルティング、企業研修、セミナー、イベント、販促コンサル、経営コンサルなどの業界で活動しています。	コンサルティング	経営コンサル
株式会社メップス	8010401084419	2	http://www.meps.co.jp/contact/	http://www.meps.co.jp/		03-6438-1901	1070062	東京都	港区南青山１丁目１５番３９号Ｙ’ｓハウス南青山	東京都港区南青山１丁目１５番３９号Ｙ’ｓハウス南青山	企業の運営に関するコンサルティングやセミナーなどを提供する企業	東京都を拠点にしている企業であり、企業の運営に関するコンサルティングやセミナーなどを提供しています。セミナー企画・運営事業、研修セミナー事業、および出版事業を展開しており、2009年10月に設立されました。人材・アウトソーシング、コンサルティング、メディア・出版、コスト削減コンサル、企業研修、セミナー、出版、経営コンサルの業界で活動しています。	コンサルティング	経営コンサル
ウインベスト株式会社	8010401085920	10	http://www.winbest.jp/html/ContactInputForm.html	http://www.winbest.jp/html/CompanyProfile.html	sales@winbest.jp	03-3523-2578	1040041	東京都	中央区新富１丁目３番９号	東京都中央区新富１丁目３番９号	経営支援やシステム構築を手がける企業	東京都を拠点に経営支援やシステム構築を手がける企業です。2010年1月1日に設立され、主な事業はネットワークインフラ設置事業、組み込みシステム開発事業、福祉機器販売事業、衛生アドバイザリー事業などを展開しています。医療・製薬・福祉、IT、コンサルティング、介護用品、ITインフラストラクチャー、受託開発、経営コンサル、その他コンサル業界において幅広い活動を行っています。	コンサルティング	経営コンサル
株式会社ＫＳＧキャピタルパートナーズ	8010401090838	7	https://k-s-g.jp/contact/	https://k-s-g.jp/		03-3436-8282	1050004	東京都	港区新橋３丁目８番８号	東京都港区新橋３丁目８番８号	企業のM&A支援・再生や経営戦略支援を行う企業	2007年3月に東京都に設立された企業であり、金融、不動産、コンサルティングの業界においてM&A支援・再生や経営戦略支援を提供しています。また、不動産売買・仲介、投資、財務コンサル、経営コンサルにも関与しています。	コンサルティング	財務コンサル
株式会社ｉＮＴＯ	8010401092000	1	http://www.in2jp.com/contact	https://in2jp.com/company-info/	info@in2jp.com	050-1722-8916	1080014	東京都	港区芝５丁目２６番２４号	東京都港区芝５丁目２６番２４号	香港市場でマーケティングやPRを行う企業	2010年10月に東京都で設立された企業です。当社は主に香港市場でマーケティングやPRを行っており、広告・制作、エンタメ・娯楽、コンサルティングなどの業界に携わっています。イベントプランニング事業、販売アドバイザリー事業、マーケティングコンサルティング事業、海外ビジネスアドバイザリー事業、ビデオプロダクション事業など、幅広いサービスを提供しています。	コンサルティング	経営コンサル
株式会社時空	8010401093956	0	http://www.synos.co.jp/contact/	https://synos.co.jp	privacy@synos.co.jp	03-3275-6644	1040031	東京都	中央区京橋３丁目１番１号	東京都中央区京橋３丁目１番１号	中小・ベンチャー企業の国内外拡販支援企業	東京都を拠点に中小・ベンチャー企業の国内外拡販支援を行っている企業です。2011年5月に設立され、主に海外ビジネスアドバイザリー事業と営業支援サービス事業を展開しています。主要業種は人材・アウトソーシング、コンサルティング、人材紹介、経営コンサル、その他コンサルになります。	コンサルティング	経営コンサル
株式会社ダイセイ・パートナーズ	8010401094913	0	http://daisei-partners.com/contact-us/	https://daisei-partners.com/		03-6859-7317	1010041	東京都	千代田区神田須田町２丁目２５番地	東京都千代田区神田須田町２丁目２５番地	経営者や起業家にビジネス戦略や資金調達のアドバイスを提供する企業	東京都に位置する2009年2月に設立された経営コンサルティングの企業です。同社は、経営者や起業家に対してビジネス戦略や資金調達のアドバイスを提供しています。主な業務はコンサルティングおよび経営コンサルです。	コンサルティング	経営コンサル
株式会社ヒューマンクラッチ	8010401099656	2	http://humanclutch.co.jp/contact/	https://www.humanclutch.co.jp/		045-532-5272	2270062	神奈川県	横浜市青葉区青葉台２丁目３番地１９べりえビル３Ｆ	神奈川県横浜市青葉区青葉台２丁目３番地１９べりえビル３Ｆ			コンサルティング	経営コンサル
モード・マーケティング株式会社	8010401120306	2	http://salescollege.jp/askme/	http://salescollege.jp/		03-6869-6948	1050001	東京都	港区虎ノ門１丁目１番２１号新虎ノ門実業会館５Ｆ	東京都港区虎ノ門１丁目１番２１号新虎ノ門実業会館５Ｆ	ビジネス研修を提供している企業	東京都を拠点にビジネス研修を提供している企業です。営業支援サービス事業、研修セミナー事業、企業内トレーニングアウトソーシング事業を展開しており、人材・アウトソーシング、コンサルティング、企業研修、セミナー、経営コンサル、その他コンサルの業界に関わっています。	コンサルティング	経営コンサル
株式会社プロジェクトホールディングス	8010401122459	39	http://projectcompany.co.jp/contact	https://phd.co.jp/	contact@projectcompany.co.jp	03-6206-1250	1060041	東京都	港区麻布台１丁目３番１号	東京都港区麻布台１丁目３番１号	ウェブマーケティング支援企業がSNSの運用を担当企業	2016年1月12日に設立された東京都に拠点を置くウェブマーケティング支援企業です。同社の事業は、マーケティングコンサルティングおよびWebマーケティング支援に焦点を当てており、特にSNSの運用を担当しています。主要な業界はIT、コンサルティング、Webマーケコンサル、販促コンサル、経営コンサルです。	コンサルティング	経営コンサル
株式会社フランクジャパン	8010401124018	16	http://www.frankinter.jp/inquiry.html	http://www.frankinter.jp/company.html		03-6426-5956	1070062	東京都	港区南青山１丁目１５番１５号乃木坂パークフロント９階	東京都港区南青山１丁目１５番１５号乃木坂パークフロント９階	中国のグローバルECコンサルタント兼買付業者	2016年4月4日に東京都で設立された中国のグローバルECコンサルタント兼買付業者です。同社は物流アドバイザリー事業、販売アドバイザリー事業、市場リサーチ事業、海外ビジネスアドバイザリー事業、商取引事業を展開しており、商社、その他サービス、コンサルティング、総合商社、販促コンサル、研究・調査・リサーチ、経営コンサル、その他コンサルなどの業界で活動しています。	コンサルティング	経営コンサル
株式会社松風	8010401124083	1	http://www.pine-wind.jp/contact/index.cgi	http://www.pine-wind.jp		03-5575-3901	1070052	東京都	港区赤坂２丁目５番４号赤坂室町ビル１０階	東京都港区赤坂２丁目５番４号赤坂室町ビル１０階	企業の事業再生とM&A支援、財務戦略に特化したコンサルティングファーム企業	東京都に位置する企業の事業再生とM&A支援、財務戦略に特化したコンサルティングファームです。2016年4月12日に設立され、主に財務アドバイザリー事業とビジネス承継支援事業を展開しています。金融、その他サービス、コンサルティング、投資、財務コンサル、その他サービス、経営コンサルの業界で活動しています。	コンサルティング	経営コンサル
ホワイトナイト株式会社	8010401124372	0	http://white-knight-s.com/contact.html	http://white-night.jp/		03-6890-0787	1060032	東京都	港区六本木４丁目８番７号	東京都港区六本木４丁目８番７号	企業の経営支援や顧客獲得のための業務を代行する会社	2016年4月28日に東京都で設立された企業です。同社は製造、人材・アウトソーシング、コンサルティングなどの業界で、企業の経営支援や顧客獲得のための業務を代行しています。主な事業には営業支援サービス事業、鋳造業務事業、人材採用支援事業があります。	コンサルティング	経営コンサル
ＡＩＧＡＴＥ株式会社	8010401136995	10	http://aigate.co.jp/contact/	https://aigate.co.jp/		03-6416-4663	1620817	東京都	新宿区赤城元町４番１１号３Ｆ	東京都新宿区赤城元町４番１１号３Ｆ			コンサルティング	経営コンサル
株式会社Ｍａｉｓｏｎ９	8010401158222	0	https://docs.google.com/forms/d/e/1FAIpQLSfK4rJiTTFPVpg5a-_nVg0aq-LHjOOJBWMtLKUMevGzXWE67A/viewform	https://maison9.jp/			1080072	東京都	港区白金３丁目１番１３号日恵ビル２階	東京都港区白金３丁目１番１３号日恵ビル２階			コンサルティング	総合系コンサル
株式会社エフパートナーズ	8010401159286	0	https://www.monkeypod.insure/contact/#navi	https://www.monkeypod.insure/		03-6822-5826	1070062	東京都	港区南青山１丁目１０番３号南青山Ｄビル６Ｆ	東京都港区南青山１丁目１０番３号南青山Ｄビル６Ｆ			コンサルティング	経営コンサル
プロシアホールディングス株式会社	8010401159897	2	https://proxia-hd.com/contact/	https://proxia-hd.com/			1030006	東京都	中央区日本橋富沢町６番４号	東京都中央区日本橋富沢町６番４号			コンサルティング	経営コンサル
株式会社ＲｉｓｋＴａｋｅｒ	8010401160178	1	https://risktaker.world/contact/	https://risktaker.world/		050-3172-5257	1060032	東京都	港区六本木４丁目３番１１号六本木ユニハウス２２３	東京都港区六本木４丁目３番１１号六本木ユニハウス２２３			コンサルティング	経営コンサル
株式会社Ｌｕｐｉｎｕｓ	8010401162141	65	https://www.lupinus.com/#contact	https://www.lupinus.com/company			1080073	東京都	港区三田３丁目２－８Ｎｅｔ２三田ビル４階	東京都港区三田３丁目２－８Ｎｅｔ２三田ビル４階			コンサルティング	総合系コンサル
株式会社アイ・ティー・ピー	8010401162637	2	https://www.ichidai-tp.co.jp/contact/	https://www.ichidai-tp.co.jp/		03-3504-2600	1050003	東京都	港区西新橋２丁目８番１号ワカサビル４階	東京都港区西新橋２丁目８番１号ワカサビル４階			コンサルティング	総合系コンサル
株式会社東京コンサルティング研究所	8010501040346	4	http://www.tic-web.co.jp/contact/	https://www.tic-web.co.jp/		03-5829-4181	1010047	東京都	千代田区内神田３丁目４番１２号	東京都千代田区内神田３丁目４番１２号	業界特化型ソリューションや経営コンサルティングを提供する企業	2016年12月1日に設立された東京都を拠点とする企業で、業界特化型ソリューションや経営コンサルティングを提供しています。主要な業務はコンサルティングおよび経営コンサルであり、お客様のビジネス成果を最大化するために幅広いサービスを提供しています。	コンサルティング	経営コンサル
株式会社フィデス	8010601037168	0	https://compliance-ad.jp/contact/	http://www.fides-cd.co.jp		03-6676-7844	1320003	東京都	江戸川区春江町３丁目２７番２号	東京都江戸川区春江町３丁目２７番２号	ECサイトの広告法務チェックや販促支援を行う企業	2009年2月に東京都で設立された、ECサイトの広告法務チェックや販促支援を行う企業です。主な事業はネットショップ構築で、IT、コンサルティング、経営コンサル、eコマースの業界において活動しています。	コンサルティング	経営コンサル
株式会社ＮＴＴデータ・グローバルソリューションズ	8010601043042	610	http://www.nttdata-gsl.co.jp/form/contact/	http://www.nttdata-gsl.co.jp	info@nttdata-gsl.co.jp	03-6746-5580	1030027	東京都	中央区日本橋２丁目７番１号	東京都中央区日本橋２丁目７番１号	SAPやERPのシステム導入コンサルティング企業	2012年7月2日に東京都で設立されたSAPやERPのシステム導入コンサルティング企業です。同社は海外ビジネスアドバイザリー事業とシステムインテグレーション事業を展開しており、IT、コンサルティング、Webアプリ・サービス運営、経営コンサルなどの業界で活躍しています。	コンサルティング	経営コンサル
株式会社エムズコミュニケイト	8010701017680	2	https://form.run/@emscom	https://www.emscom.co.jp/company		03-3404-7111	1070061	東京都	港区北青山２丁目１２番１５号	東京都港区北青山２丁目１２番１５号	CRMを専門とする戦略コンサルタント企業	2003年9月に東京都に設立されたCRM専門の戦略コンサルタント企業です。同社はマーケティングコンサルティング事業を展開し、コンサルティング、販促コンサル、経営コンサルの業界で活動しています。	コンサルティング	経営コンサル
株式会社コプログローバルマネジメント	8010701026079	40	https://www.e-uketsuke.jp/cgm_japan/index.php	https://www.coproglobalmanagement.co.jp/company-info		03-6277-1944	1410022	東京都	品川区東五反田１丁目６番３号	東京都品川区東五反田１丁目６番３号	日本企業のASEAN進出マーケティング支援企業	東京都に拠点を置く日本企業のASEAN進出マーケティング支援企業です。物流アドバイザリー事業、海外ビジネスアドバイザリー事業、投資アドバイザリー事業を展開しており、2012年1月に設立されました。主な業界はコンサルティングで、資産運用コンサル、経営コンサル、その他コンサルを提供しています。	コンサルティング	経営コンサル
ヴィーナスアンドマーズ株式会社	8010701027382	5	http://www.venus-and-mars-inc.biz/form/venus-and-mars-inc/contact	http://www.venus-and-mars-inc.biz/page8	info@venus-and-mars.co.jp	03-5925-8018	1600016	東京都	新宿区信濃町１１番地２１	東京都新宿区信濃町１１番地２１	結婚式の相談に乗る会社	東京都に位置し、結婚式の相談に乗る会社です。2012年12月に設立され、営業支援サービス事業や研修セミナー事業を展開しています。人材・アウトソーシング、コンサルティング、セミナー、経営コンサル、その他コンサルなどの業界に属しています。	コンサルティング	経営コンサル
株式会社パーソンズデザインスタジオ	8011001043855	6	http://persons-ds.com/contact/	https://www.persons-ds.com/company/		03-5728-3320	1500031	東京都	渋谷区桜丘町２９番３５号	東京都渋谷区桜丘町２９番３５号	ファッションブランドの許諾を管理している企業	東京都に拠点を置き、1989年6月に設立されたファッションブランドの許諾を管理する企業です。主な事業はネイルサービス業および知的財産保護・活用事業であり、美容・アパレル、コンサルティング、美容サロン、経営コンサル、その他コンサル業界での活動を行っています。	コンサルティング	経営コンサル
株式会社グラスティ	8011001047724	4	http://www.grasty.jp/contact	https://grasty.jp/profile/	grasty_info@grasty.jp	03-5459-3918	1500042	東京都	渋谷区宇田川町２番１号	東京都渋谷区宇田川町２番１号	家族経営企業のアドバイザリーを提供している会社	東京都を拠点とし、2006年6月に設立された家族経営企業のアドバイザリーを提供している会社です。同社はビジネス承継支援事業や人材戦略コンサルティング事業を展開しており、その他サービス、コンサルティング、組織コンサル、経営コンサルなどの業界に属しています。	コンサルティング	経営コンサル
株式会社ロイヤル・ストラテジー	8011001052402	4	http://www.loyal-pro.com/mail.html	http://www.loyal-pro.com/		03-5456-9633	1500041	東京都	渋谷区神南１丁目１５番３号	東京都渋谷区神南１丁目１５番３号	企業経営コンサルティング企業	2005年10月に設立された東京都を拠点とする企業経営コンサルティング企業です。同社は主に人材・アウトソーシング、コンサルティング、事務処理代行、財務コンサル、人材派遣、起業コンサル、経営コンサルなどの業界で活動しており、特に給与処理アウトソーシング事業に力を入れています。	コンサルティング	経営コンサル
パイロットビジョン株式会社	8011001059703	1	http://www.pilotvision.co.jp/inquiry.html	http://www.pilotvision.co.jp/company.html	info@pilotvision.co.jp	03-6681-5447	2250002	神奈川県	横浜市青葉区美しが丘２丁目９番地５、２０３号	神奈川県横浜市青葉区美しが丘２丁目９番地５、２０３号	経営アドバイザリー企業（中期計画策定や業務改善の支援を行う）	神奈川県に拠点を置く経営アドバイザリー企業です。中期計画策定や業務改善の支援を行うことを主な事業としており、さらに企業内システム販売事業、セキュリティアドバイザリー事業、市場リサーチ事業、営業支援サービス事業、セキュリティモニタリング事業も展開しています。主にIT、その他サービス、コンサルティングなどの業界で幅広いサービスを提供しています。	コンサルティング	経営コンサル
ウェルス・コンサルティング株式会社	8011001060363	11	http://w-c.co.jp/contact/	https://w-c.co.jp/		03-5774-0201	1500011	東京都	渋谷区東１丁目２６－３０ＳＨＩＢＵＹＡＥＡＳＴＢＬＤＧ８階	東京都渋谷区東１丁目２６－３０ＳＨＩＢＵＹＡＥＡＳＴＢＬＤＧ８階	医療・飲食業界の経営相談や相続支援などを提供する会社	2009年に設立された東京都を拠点とする会社です。同社は、医療・飲食業界の経営相談や相続支援などのサービスを提供しています。店頭広告制作事業、ビジネス承継支援事業、研修セミナー事業など、幅広い業務を展開しており、広告・制作、IT、人材・アウトソーシングなどのさまざまな産業に関与しています。	コンサルティング	経営コンサル
合同会社カンター・ジャパン	8011001065305	91	https://www.kantar.jp/contact	https://kantar.jp/company/	webmaster@kantar.jp	03-6859-5300	1510053	東京都	渋谷区代々木２丁目１番１号	東京都渋谷区代々木２丁目１番１号	マーケティング・ブランド支援企業	東京都を拠点にマーケティング・ブランド支援企業として活動しています。同社は主に販売アドバイザリー事業と営業支援サービス事業を展開しており、コンサルティング、販促コンサル、経営コンサルなどの幅広いコンサルティング業務を提供しています。合同会社カンター・ジャパンは、クライアント企業の成長を支えるために、幅広い専門知識と経験を活かしたサービスを提供しています。	コンサルティング	経営コンサル
アークアウトソーシング株式会社	8011001066781	35	https://www.ark-outsourcing.jp/contact/	https://www.ark-outsourcing.jp/		03-6821-9455	1500013	東京都	渋谷区恵比寿１丁目２１番３号	東京都渋谷区恵比寿１丁目２１番３号	外資系企業向けのアウトソーシング企業（会計など）	東京都を拠点に、外資系企業向けのアウトソーシング企業として2006年5月に設立されました。同社は、財務監査サービス、会計システムコンサルティング事業、税務アドバイザリー事業など、多岐にわたるサービスを提供しています。また、文書作成代行事業や人材戦略コンサルティング事業など、幅広い範囲で企業のニーズに応えるサポートを行っています。	コンサルティング	財務コンサル
株式会社フォリウム	8011001067581	390	https://www.truegio.com/contacts/	https://www.folium.co.jp/company/outline/	info@truegio.com	03-6459-0207	1050012	東京都	港区芝大門１丁目６番１１号Ｂｉｚ－ａｒｋ芝大門５階	東京都港区芝大門１丁目６番１１号Ｂｉｚ－ａｒｋ芝大門５階	BPO支援企業	2010年12月1日に東京都で設立されたBPO支援企業です。主に契約書代行業務を行い、人材・アウトソーシング、コンサルティング、データ入力・事務作業代行、経営コンサルなどの業界で活動しています。	コンサルティング	経営コンサル
株式会社リエート	8011001068043	1	http://lieto-ltd.com/contact	http://lieto-ltd.com/company-info		03-5413-5333	1510051	東京都	渋谷区千駄ヶ谷３丁目３番８号第５スカイビル３０５号	東京都渋谷区千駄ヶ谷３丁目３番８号第５スカイビル３０５号	ファッションブランドのコンサルティング、PR業務、広告代行を行う企業	東京都に拠点を置くファッションブランドコンサルティング企業です。同社は、マーケティングコンサルティング、海外ビジネスアドバイザリー、広報プランニング、販促企画などの業務に取り組んでいます。コンサルティング、販促コンサル、経営コンサルなどの各種コンサル業も提供しています。	コンサルティング	経営コンサル
株式会社ビーエーシー・アーバンプロジェクト	8011001070379	13	http://www.bac-up.co.jp/pm_contact/	http://www.bac-up.co.jp/	info@bac-up.co.jp	03-5728-3538	1500041	東京都	渋谷区神南１丁目６番６号	東京都渋谷区神南１丁目６番６号	商業開発マネジメントや店舗不動産の分析を行う企業	東京都を拠点に商業開発マネジメントや店舗不動産の分析を行う企業です。同社は1972年に設立され、主にショッピングセンター開発事業に携わっています。建設、コンサルティング、販促コンサル、商業施設企画・設計、経営コンサルなど、幅広い業界で事業展開しています。	コンサルティング	経営コンサル
ＡＸＲ株式会社	8011001101332	38	https://dxhr.inc/form	https://dxhr.inc/company			1500002	東京都	渋谷区渋谷２丁目２４番１２号渋谷スクランブルスクエア３９Ｆ	東京都渋谷区渋谷２丁目２４番１２号渋谷スクランブルスクエア３９Ｆ	デジタル人材に関連するコンサルティングを提供する企業	DXHR株式会社は、2014年7月に設立された東京・渋谷に本社を置く企業で、「Delight eXperience by Humans and Robots」を理念に掲げ、デジタル人材育成と新規事業創出を支援しています。 主な事業は、生成AIやサイバーセキュリティ分野に特化した人材育成を行う「ヒューマンキャピタル事業」と、事業開発やコンサルティングを通じて企業の成長を支援する「ベンチャービルダー事業」です。	コンサルティング	経営コンサル
株式会社エコンテ	8011001103312	20	http://econte.co.jp/contact/	https://econte.co.jp/		03-6261-4010	1500013	東京都	渋谷区恵比寿３丁目４６番３号	東京都渋谷区恵比寿３丁目４６番３号	経営コンサルタントとして、戦略立案、コンテンツ制作、Webデザインなどを提供する企業	東京都に所在する経営コンサルタント企業です。2014年12月17日に設立され、戦略立案、コンテンツ制作、Webデザインなどのサービスを提供しています。ブランド戦略策定事業、ウェブアプリケーション開発事業、データ解析事業など、幅広いビジネス領域に取り組んでいます。	コンサルティング	経営コンサル
ＣａｎｏｐｙＡｇｅｎｔ株式会社	8011001138639	1	https://canopyagent.co.jp/contact/	https://canopyagent.co.jp/		03-6854-0133	1500001	東京都	渋谷区神宮前６丁目２３番４号２Ｆ	東京都渋谷区神宮前６丁目２３番４号２Ｆ			コンサルティング	総合系コンサル
株式会社Ｆｕｔｕｒｅ　Ｖｉｓｉｏｎ	8011001140173	1	https://design-futurevision.com/contact/	https://design-futurevision.com/about/	info@design-futurevision.com	070-3871-9546	1050012	東京都	港区芝大門１丁目２番１４号Ｈ１Ｏ浜松町７１９号室	東京都港区芝大門１丁目２番１４号Ｈ１Ｏ浜松町７１９号室			コンサルティング	経営コンサル
株式会社Ｃｌｕｅ＆Ｓ	8011001142681	1	https://clue8s.com/contact-page/	https://clue8s.com/		03-6869-3825	1500001	東京都	渋谷区神宮前６丁目２３番４号桑野ビル２階	東京都渋谷区神宮前６丁目２３番４号桑野ビル２階			コンサルティング	経営コンサル
株式会社ばんそう	8011001142855	9	https://banso-corp.com/contact/	https://banso-corp.com/			1500021	東京都	渋谷区恵比寿西２丁目２番６号恵比寿ファイブビル６０８号室	東京都渋谷区恵比寿西２丁目２番６号恵比寿ファイブビル６０８号室			コンサルティング	経営コンサル
株式会社アジアブレーン	8011101023740	1	http://www.asiabrain.jp/cgis/asiabrainmail.html	https://www.sakaya3japan.com/%E7%89%B9%E5%AE%9A%E5%95%86%E5%8F%96%E5%BC%95%E6%B3%95%E3%81%AB%E5%9F%BA%E3%81%A5%E3%81%8F%E8%A1%A8%E8%A8%98		03-5050-4263	1600022	東京都	新宿区新宿２丁目１２番１３号新宿アントレサロンビル２階	東京都新宿区新宿２丁目１２番１３号新宿アントレサロンビル２階			コンサルティング	経営コンサル
ＳＥホールディングス・アンド・インキュベーションズ株式会社	8011101028203	11	http://www.sehi.co.jp/contact/	https://www.sehi.co.jp/company/	soumu@sehi.co.jp	03-5362-3700	1600006	東京都	新宿区舟町５	東京都新宿区舟町５	ITを利用した技術情報を提供する子会社を統括する企業		コンサルティング	経営コンサル
株式会社ＯＡＧコンサルティング	8011101029845	124	https://oag-c.com/inquiry/	https://www.oag-group.co.jp/about/company/		03-3237-7500	1020076	東京都	千代田区五番町６番地２	東京都千代田区五番町６番地２	企業の改善や再生を支援するコンサルティング企業	東京都に拠点を置く企業の改善や再生を支援するコンサルティング企業です。2000年6月に設立され、海外ビジネスアドバイザリー事業とビジネス承継支援事業を行っています。その他サービス、コンサルティング、財務コンサル、組織コンサル、経営コンサルなどの業界に関与しています。	コンサルティング	経営コンサル
株式会社エイチアンドエイチ	8011101037006	0	http://www.naraharaiu.com/contact.html	https://www.naraharaiu.com/office.html		03-5367-3031	1600022	東京都	新宿区新宿２丁目８番８号とみん新宿ビル３Ｆ	東京都新宿区新宿２丁目８番８号とみん新宿ビル３Ｆ	ビジネス・コンサルティング企業	東京都を拠点にするビジネス・コンサルティング企業であり、税務アドバイザリー事業、相続アドバイザリー事業、会計・税務アドバイザリー事業、ペイメントサービス事業を展開しています。2003年9月に設立され、士業、金融、コンサルティング、クレジット・決済代行などの業界において、税理士、会計士、資産運用コンサル、経営コンサルを提供しています。	コンサルティング	経営コンサル
株式会社ヒューマンテック	8011101048754	4	https://k-humantech-co-jp.secure-web.jp/contact	http://www.k-humantech.co.jp		03-5969-8043	1020073	東京都	千代田区九段北１丁目１４番１３号	東京都千代田区九段北１丁目１４番１３号	製造業企業に対してコンサルティングやシステム開発を提供	東京都を拠点に、製造業企業に対してコンサルティングやシステム開発を提供しています。2008年3月に設立され、セミナー企画・運営事業、研修セミナー事業、システムインテグレーション事業、製造システム開発事業などを展開しています。主要な業界はIT、人材・アウトソーシング、コンサルティング、Webアプリ・サービス運営、企業研修、セミナー、受託開発、経営コンサルです。	コンサルティング	経営コンサル
株式会社ＹＯＺＥ	8011101049513	19	http://yoze.jp/inquiry/	http://yoze.jp/		03-6808-5080	1620065	東京都	新宿区住吉町１番１２号	東京都新宿区住吉町１番１２号	歯科医療に関わるコンサルティングサービスを提供する企業	東京都を拠点として、歯科医療に関わるコンサルティングサービスを提供する企業です。2008年2月に設立され、広告・制作、生活関連サービス、人材・アウトソーシングなどの業界で活動しています。主な事業としては、医師紹介サービス、医療施設清掃事業、医療従事者派遣事業を展開しております。	コンサルティング	経営コンサル
株式会社エル・ティー・エス	8011101053812	561	https://lt-s.jp/contact	https://lt-s.jp/company	info@lt-s.jp	03-5312-7010	1070051	東京都	港区元赤坂１丁目３番１３号	東京都港区元赤坂１丁目３番１３号	ビジネスの助言やデジタルサービスの提供を行う企業	東京都に拠点を置く企業であり、ビジネスの助言やデジタルサービスの提供を行っています。2002年3月1日に設立され、マーケティングコンサルティング事業、ネットワークインフラ設置事業、研修セミナー事業などを展開しています。主要業界はIT、人材・アウトソーシング、コンサルティング、総合系コンサル、セミナー、ITインフラストラクチャー、販促コンサル、その他コンサルです。	コンサルティング	総合系コンサル
株式会社フォーディメンション	8011101061220	11	https://4-dimensions.jp/contact/	https://4-dimensions.jp/		03-5244-9481	1030026	東京都	中央区日本橋兜町２０番６号	東京都中央区日本橋兜町２０番６号	ブライダルコンサルティング企業	東京都に位置するブライダルコンサルティング企業であり、2007年6月に設立されました。同社は、結婚式の企画・プランニング事業、営業支援サービス事業、研修セミナー事業、企業内トレーニングアウトソーシング事業を展開しており、生活関連サービス、人材・アウトソーシング、コンサルティング、企業研修、ブライダル、セミナー、経営コンサル、その他コンサル業界に属しています。	コンサルティング	経営コンサル
柴山会計ラーニング株式会社	8011101063803	3	https://ssl.formman.com/form/pc/MoI17thWvMx49K57/	https://shibayama-kaikei.jp/	contact@bokikaikei.net	03-6265-9540	1690075	東京都	新宿区高田馬場１丁目３３番１３号	東京都新宿区高田馬場１丁目３３番１３号	企業向け経営コンサルティングと経理業務代行サービス	2004年4月に東京都に設立された企業向け経営コンサルティングと経理業務代行サービスを提供する会社です。主な事業は税務アドバイザリー事業、研修セミナー事業、財務・会計業務アウトソーシング事業、遠隔教育事業です。柴山会計ラーニング株式会社は、士業、人材・アウトソーシング、教育、コンサルティング、資格取得、税理士、企業研修、セミナー、人材派遣、経営コンサル、通信教育の業界に活動の中心を置いています。	コンサルティング	経営コンサル
みつきコンサルティング株式会社	8011101067614	23	http://www.mitsukijapan.com/contact/index.html	https://mitsukijapan.com/	info@mitsukijapan.com	03-5366-1905	1600022	東京都	新宿区新宿１丁目９番１号	東京都新宿区新宿１丁目９番１号	経営、会計、法務の観点から税務コンサルティングを提供する企業	2013年8月に設立された、東京都新宿区に拠点を置く税理士法人を母体としたM＆A仲介会社です。公認会計士や税理士が直接伴走し、財務・税務の専門知見を活かした精緻な企業価値算定やリスクを抑えたスキーム構築を一貫して支援します。500件超の支援実績を誇り、着手金・中間金無料の「完全成功報酬制」を採用しているため、初期コストを抑えた相談が可能です。現在は国内2拠点とタイのバンコクにも拠点を構え、中小企業の経営権移転や成長戦略を幅広く支えるプロフェッショナル集団として、経営者の決断を力強くサポートしています。	コンサルティング	財務コンサル
株式会社ディーバ	8011101081441	645	https://www.fiertecorp.com/contact/	https://www.diva.co.jp/corporate/overview		03-5909-5177	1600023	東京都	新宿区西新宿６丁目５番１号	東京都新宿区西新宿６丁目５番１号	企業の会計、決算、システム運用、資金管理を代行するアウトソーシング企業	東京都を拠点にするアウトソーシング企業です。2017年8月14日に設立された同社は、企業の会計、決算、システム運用、資金管理を代行するサービスを提供しています。また、ネットワークインフラ設置事業、財務アドバイザリー事業、研修セミナー事業なども展開しています。同社の主要な業界はIT、人材・アウトソーシング、その他サービス、コンサルティング、セミナー、財務コンサル、ITインフラストラクチャー、業務請負、その他サービスです。	コンサルティング	財務コンサル
株式会社Ｍｏｒｑｕｅｓｔａ　Ｐａｒｔｎｅｒ	8011101107106	1	https://morquesta.co.jp/contact	https://morquesta.co.jp/	kanri@morquesta.co.jp	03-5050-4613	1500031	東京都	渋谷区桜丘町２６番１号セルリアンタワー１５階	東京都渋谷区桜丘町２６番１号セルリアンタワー１５階			コンサルティング	経営コンサル
株式会社スタイル・エッジ	8011201014326	456	https://styleedge.co.jp/contact/	https://styleedge.co.jp/	contactus@styleedge.co.jp	03-5361-7457	1600022	東京都	新宿区新宿４丁目１番６号ＪＲ新宿ミライナタワー１７Ｆ	東京都新宿区新宿４丁目１番６号ＪＲ新宿ミライナタワー１７Ｆ	専門職団体にコンサルティングやマーケティング支援を提供する企業	東京都に拠点を構える専門職団体にコンサルティングやマーケティング支援を提供する企業です。2008年6月19日に設立され、販売アドバイザリー事業、マーケティングコンサルティング事業、営業支援サービス事業、Webマーケティング支援事業、人材戦略コンサルティング事業、人材採用支援事業などの業務を展開しています。主な業界はIT、人材・アウトソーシング、コンサルティングなど幅広い領域にわたります。	コンサルティング	経営コンサル
一般社団法人世界ビジネスアドバイザー協会	8011205002384	0	https://sekaiadviser.com/contact-2/	https://sekaiadviser.com/	info@sekaiadviser.com	03-6822-3722	1640012	東京都	中野区本町２丁目４番１１号	東京都中野区本町２丁目４番１１号	日系企業の海外進出やインバウンド事業のサポートを行う企業	2020年5月14日に東京都に設立された企業です。同社は、日系企業の海外進出やインバウンド事業のサポートを専門としており、コンサルティング、広告運用コンサル、飲食コンサル、起業コンサル、経営コンサルなどの業務を展開しています。	コンサルティング	経営コンサル
株式会社エヌキューテンゴ	8011301019167	1	https://www.n95.jp/contact	http://www.n95.jp			1660004	東京都	杉並区阿佐谷南３丁目４５番９号－１Ｆ	東京都杉並区阿佐谷南３丁目４５番９号－１Ｆ			コンサルティング	経営コンサル
株式会社ＧＲＡＮＤ　ＬＩＮＥ	8011301020397	1	http://grandline-w.com/contact.html	http://grandline-w.com/	info@grandline-w.com	03-6271-0828	1070052	東京都	港区赤坂３丁目４－３	東京都港区赤坂３丁目４－３	美容・輸出入コンサルティング・インテリア製作施工企業	東京都を拠点に活動する美容・輸出入コンサルティング・インテリア製作施工企業で、2014年5月に設立されました。同社の主な事業には、家具デザイン事業、物流アドバイザリー事業、海外ビジネスアドバイザリー事業、化粧品インポート事業、コスメティック輸出事業、商取引事業があります。グランドラインは建設、商社、小売・販売・卸売、コンサルティングなど、多岐にわたる事業領域で高い専門知識と経験を持っています。	コンサルティング	経営コンサル
株式会社ドリームエアウェイズ	8011601014842	0	https://csp-japan.com/inquiry/	https://csp-japan.com/		03-6215-8721	1030006	東京都	中央区日本橋富沢町８番７号	東京都中央区日本橋富沢町８番７号	アジア進出のコンサルティングを提供する日本企業支援企業	千葉県に拠点を置き、アジア進出のコンサルティングを提供する日本企業支援企業です。2009年2月に設立され、市場リサーチ事業、海外ビジネスアドバイザリー事業、品質管理サービス事業を展開しています。主な業界はその他サービス、コンサルティング、観光・宿泊・レジャー、研究・調査・リサーチ、経営コンサル、その他コンサル、国内旅行となります。	コンサルティング	経営コンサル
ユーダイモニアマネジメント株式会社	8011601015345	1	https://www.eudaimonia-mgt.com/inquiry	http://www.eudaimonia-mgt.com/about	info@eudaimonia-mgt.com		1030004	東京都	中央区東日本橋２丁目２８番４号日本橋ＣＥＴビル２階	東京都中央区東日本橋２丁目２８番４号日本橋ＣＥＴビル２階	企業が経営コンサルティングや教育研修事業を手がけている企業	2009年9月に東京都で設立された企業です。同社は、企業の経営コンサルティングや教育研修事業を手がけており、特に人材戦略コンサルティング事業に力を入れています。その主な事業領域は、人材・アウトソーシング、コンサルティング、企業研修、組織コンサル、経営コンサルとなっています。	コンサルティング	経営コンサル
株式会社ｋｏｋｏｎｏｔｓｕ	8011601020106	2	https://www.kokonotsu.jp/contact	https://www.kokonotsu.jp/	info@kokonotsu.jp		1790085	東京都	練馬区早宮４丁目３４番２５号	東京都練馬区早宮４丁目３４番２５号	人材サポート企業、人材開発企業	東京都に拠点を置く人材サポート企業であり、人材開発企業です。2014年11月に設立され、人事制度アドバイザリー事業、雇用支援事業、人材採用支援事業を展開しています。主に人材・アウトソーシング、コンサルティング、企業研修、人材紹介、組織コンサル、経営コンサル、職業紹介所の業界で活動しています。	コンサルティング	経営コンサル
ＭＡメンテナンス株式会社	8011701020344	7	http://www.ma-maintenance.jp/contact.php	http://www.ma-maintenance.jp/		03-5244-9530	1440045	東京都	大田区南六郷３丁目２４番地１４アポロラーニングセンター１階	東京都大田区南六郷３丁目２４番地１４アポロラーニングセンター１階	ビルメンテナンス企業や施設コンサルティング企業	2016年11月7日に東京都に設立されたビルメンテナンス企業や施設コンサルティング企業です。同社は電気設備メンテナンス事業、商業施設設備保守・メンテナンス事業、空調設備点検・保守サービス業、配管設備保守・メンテナンス事業などを提供しており、建設、工事・土木、その他サービス、不動産、コンサルティング、その他の電気設備工事、商業施設・店舗・公共施設建設、財務コンサルなどの産業に従事しています。	コンサルティング	財務コンサル
トップマネジメント株式会社	8012301007046	0	https://topmanagement.co.jp/contact/	https://topmanagement.co.jp		042-721-8821	1940004	東京都	町田市鶴間４丁目６番１０号鈴木テラスハウス１０３	東京都町田市鶴間４丁目６番１０号鈴木テラスハウス１０３	ドラッカー専門のコンサルティングファーム企業	2008年に東京都で設立されたドラッカー専門のコンサルティングファーム企業です。同社は人材・アウトソーシング、コンサルティング、企業研修、セミナー、経営コンサルの業界で活動し、セミナー企画・運営事業や研修セミナー事業を展開しています。	コンサルティング	経営コンサル
株式会社ディマンドクリエイション	8012301009397	1	http://www.demacre.co.jp/04.html	http://www.demacre.co.jp/index.html		03-5333-2347	1510053	東京都	渋谷区代々木１丁目２５番５号	東京都渋谷区代々木１丁目２５番５号	ビジネスプランとマッチングを専門とする企業	東京都に拠点を置くビジネスプランとマッチングを専門とする企業です。同社はマーケティングコンサルティング事業、展示会企画・運営事業、商品開発アドバイザリー事業、Webマーケティング支援事業、ビジネスマッチングサービス事業などを展開しており、広告・制作、IT、人材・アウトソーシング、コンサルティング、Webマーケコンサル、展示会・販促イベント、企業研修、販促コンサル、その他人材、経営コンサル、その他コンサルなどの幅広い業界にサービスを提供しています。2013年10月に設立されました。	コンサルティング	経営コンサル
株式会社シーエムエスコンサルティング	8012401011261	6	http://www.cms-89.co.jp/form	http://www.cms-89.co.jp/profile.html	info@cms-89.co.jp	0422-51-1011	1800006	東京都	武蔵野市中町１丁目６番４号三鷹山田ビル５階	東京都武蔵野市中町１丁目６番４号三鷹山田ビル５階	税務・経営コンサルティング企業	東京都に拠点を置く税務・経営コンサルティング企業です。1954年11月に設立され、税務アドバイザリー事業、相続アドバイザリー事業、会計・税務アドバイザリー事業を展開しています。士業、コンサルティング、税理士、会計士、起業コンサル、資産運用コンサル、経営コンサルの業界で活動しています。	コンサルティング	経営コンサル
株式会社ｅ－Ｄａｙ	8012401020155	1	https://e-bcs.jp/contact	https://e-bcs.jp/about		042-505-5726	1860002	東京都	国立市東１丁目１４番地の２グランフォルム国立４０２	東京都国立市東１丁目１４番地の２グランフォルム国立４０２	企業の経営を支援するとともに、ビジネスのマッチングを行う企業	東京都に位置する企業です。2010年3月に設立され、企業の経営を支援するとともに、ビジネスのマッチングを行う事業を展開しています。同社の主な業務には、アンケート調査代行事業、市場リサーチ事業、ビジネスマッチングサービス事業、販促企画事業が含まれており、人材・アウトソーシング、その他サービス、コンサルティング、業務請負、販促コンサル、その他人材、組織コンサル、研究・調査・リサーチ、経営コンサルなどの業界で活動しています。	コンサルティング	経営コンサル
株式会社アイビーシーネットワークス	8013201000116	2	http://ibc-networks.co.jp/inquiry/index.html	http://ibc-networks.co.jp/index.html		03-5720-7247	1520004	東京都	目黒区鷹番３丁目８番１７号	東京都目黒区鷹番３丁目８番１７号	企業や個人に対して、保険や不動産、経営のコンサルティングを提供する会社	東京都を拠点に、1990年3月に設立された企業や個人向けに保険や不動産、経営のコンサルティングを提供しています。同社の事業は損害保険エージェント事業、税務アドバイザリー事業、ビジネス承継支援事業、保険アドバイザリー事業、相続アドバイザリー事業、生命保険エージェント業を中心に展開しています。株式会社アイビーシーネットワークスは士業、金融、その他サービスの分野で活動し、資産運用コンサル、組織コンサル、経営コンサルなどのサービスを提供しています。	コンサルティング	経営コンサル
株式会社フィンテックス	8013201005016	18	https://fintecs.co.jp/contact/form.php	https://www.fintecs.co.jp/profile/		03-3491-0981	1530064	東京都	目黒区下目黒２丁目１３番１０号ＲＫビル	東京都目黒区下目黒２丁目１３番１０号ＲＫビル	マニュアル作成企業	1987年9月に設立された東京都を拠点にするマニュアル作成企業です。同社は人材・アウトソーシング、その他サービス、コンサルティング、業務請負、その他サービス、経営コンサルの業界で活動しています。主な業務はマニュアル作成事業です。	コンサルティング	経営コンサル
マーケティングセバスチャン株式会社	8013201013704	7	http://www.shokuhin-factory.com/contact	https://mksjapan.net/	info@shokuhin-meister.com	03-6303-1103	1530063	東京都	目黒区目黒２丁目６番１４－Ｃｅｌｌｓ２０２号	東京都目黒区目黒２丁目６番１４－Ｃｅｌｌｓ２０２号	食品業界のアウトソーシングサービスを提供する企業	2006年4月1日に東京都で設立された企業です。食品業界のアウトソーシングサービスを提供しており、食品受託製造事業、商品開発アドバイザリー事業、ビジネスコンサルティング事業、マッチングプラットフォーム運営事業、食品アドバイザリー業務、インターネット販売事業などが主な業務です。機械、IT、人材・アウトソーシング、その他サービス、不動産、コンサルティング、受託製造、業務請負、飲食コンサル、その他サービス、レンタルスペース、経営コンサル、eコマース、その他コンサルなどの様々な業界で活動しています。	コンサルティング	経営コンサル
株式会社シャイニンググローバルエンターテイメント	8013301023545	4	https://www.shining-group.jp/contact	https://shining-group.jp/	info@shining-group.jp	03-6709-0046	1710014	東京都	豊島区池袋２丁目６２番１号	東京都豊島区池袋２丁目６２番１号	レクリエーション関連のコンサルティングやコンテンツの企画制作を行う企業	1994年8月に東京都で設立されたレクリエーション関連のコンサルティングやコンテンツの企画制作を行う企業です。主な事業は店舗空間デザイン事業、商品開発事業、人材戦略コンサルティング事業、ビジネスコンサルティング事業を展開しています。また、建設、その他サービス、コンサルティング、店舗デザイン、組織コンサル、経営コンサル、インテリア系デザインの業界において活動しています。	コンサルティング	経営コンサル
株式会社ＯＭＧホールディングス	8013301028305	21	https://omg-holdings.co.jp/contact/	https://omg-holdings.co.jp/company/		03-5829-4160	1110053	東京都	台東区浅草橋５丁目５番５号	東京都台東区浅草橋５丁目５番５号	グループ会社の経営や指導を担当する企業	東京都に拠点を置き、2009年11月に設立されたコンサルティングおよび経営コンサルの企業です。同社は、グループ会社の経営や指導を担当し、グループ企業経営事業を展開しています。	コンサルティング	経営コンサル
パラウェイ株式会社	8013301028370	7	http://pwg-inc.jp/contact.php	http://pwg-inc.jp	info@pwg-inc.jp	03-3986-9533	1710014	東京都	豊島区池袋２丁目４２番３号	東京都豊島区池袋２丁目４２番３号	企業がコンサルティング、店舗プロデュース、人材派遣を行う企業	2006年12月に東京都に設立された企業です。パラウェイ株式会社は、建設、飲食・外食などのさまざまな業界で、店舗デザイン企画事業や日本料理店の運営事業を行っています。また、コンサルティングや人材派遣も行っており、総合系コンサルティングやIT、受託開発などの業務も手がけています。	コンサルティング	総合系コンサル
コル・レーニョ株式会社	8013301031663	5	http://www.col-legno.co.jp/contact	https://www.col-legno.co.jp/about_us		03-5391-4705	1710052	東京都	豊島区南長崎２丁目１２番２１－１０４号	東京都豊島区南長崎２丁目１２番２１－１０４号	M&Aや事業のアドバイスを提供する企業	東京都を拠点にM&Aや事業のアドバイスを提供する企業です。2009年6月に設立され、主に教育支援事業とビジネス承継支援事業に従事しています。人材・アウトソーシング、その他サービス、教育、コンサルティング、塾・予備校、企業研修、経営コンサルの業界で活動しています。	コンサルティング	経営コンサル
株式会社ＭＥＴＳ	8013301040053	1	https://mets.bizweb.jp/contact.html	https://mets.bizweb.jp/	Info@mets-japan.com	03-6823-2326	1700013	東京都	豊島区東池袋１丁目３４番５号いちご東池袋ビル６階	東京都豊島区東池袋１丁目３４番５号いちご東池袋ビル６階	日本企業が海外市場へ進出する際に支援する企業	2017年2月10日に東京都に設立された企業です。同社は、日本企業が海外市場へ進出する際に支援を提供しており、マーケティングコンサルティング事業、市場リサーチ事業、海外ビジネスアドバイザリー事業、文書作成代行事業、輸入手続き代行事業、言語通訳・翻訳サービス事業、海外輸出支援事業などを展開しています。ＭＥＴＳは商社、人材・アウトソーシング、その他サービス、コンサルティングなどの多岐にわたる業界で活動しています。	コンサルティング	経営コンサル
株式会社ｅｌｍｉａ	8013301048121	8	https://elmia.co.jp/inquiry/	https://elmia.co.jp/		080-1825-7812	1530061	東京都	目黒区中目黒１丁目１番１７号ＬＡＮＴＩＱＵＥ４０２	東京都目黒区中目黒１丁目１番１７号ＬＡＮＴＩＱＵＥ４０２			コンサルティング	総合系コンサル
有限会社リスクニュートラル	8013302021622	1	http://risk-neutral.co.jp/contact.html	http://risk-neutral.co.jp	kenkurai@risk-neutral.co.jp	03-5326-3004	1710033	東京都	豊島区高田１丁目２番１号	東京都豊島区高田１丁目２番１号	リスクマネジメントアドバイザー	東京都に位置するリスクマネジメントアドバイザー企業です。2001年に設立されました。同社は市場リサーチ事業、財務アドバイザリー事業、投資アドバイザリー事業、リスクマネジメントコンサルティング事業、および経営研修事業を展開しており、人材・アウトソーシング、その他サービス、コンサルティング、企業研修、財務コンサル、資産運用コンサル、研究・調査・リサーチ、その他コンサルの業界に専門知識を持っています。	コンサルティング	財務コンサル
ＡＸＥＳ株式会社	8013303005483	1	https://www.axesgroup.biz/contact/	https://axesgroup.co.jp/company/		080-6610-4448	1710014	東京都	豊島区池袋２丁目３６番１号ＩＮＦＩＮＩＴＹＩＫＥＢＵＫＵＲＯ８Ｆ	東京都豊島区池袋２丁目３６番１号ＩＮＦＩＮＩＴＹＩＫＥＢＵＫＵＲＯ８Ｆ			コンサルティング	経営コンサル
株式会社エム・エス・コンサルティング	8020001022546	14	https://cms.plimo.com/cgi-bin/inquiry/www.ms-cpa.co.jp/?blog_id=2350&amp;form_id=11736&amp;type=view&amp;token=EQey09r0x50GG8SaHReoG3y4JJF2WbJIU0NEpN2n	http://www.ms-cpa.co.jp/		045-482-2400	2210865	神奈川県	横浜市神奈川区片倉３丁目２９番１５号ＭＳビル	神奈川県横浜市神奈川区片倉３丁目２９番１５号ＭＳビル	経営コンサルティングを提供する企業	1988年9月に神奈川県に設立された経営コンサルティング会社です。主な事業は人事制度アドバイザリー、会計システムコンサルティング、税務アドバイザリー、海外ビジネスアドバイザリー、ビジネス承継支援、経営管理システム開発・提供など、幅広い分野におけるコンサルティングを提供しています。エム・エス・コンサルティングは士業、IT、その他サービスなどの業界で活動し、 組織コンサルや経営コンサルなども行っています。	コンサルティング	経営コンサル
ヒューマンマネージコンサルティング株式会社	8020001055876	1	https://www.hm-consul.co.jp/contact/	https://www.hm-consul.co.jp/	info@hm-consul.co.jp	045-718-5792	2300051	神奈川県	横浜市鶴見区鶴見中央４丁目２９番１７－２０２号室	神奈川県横浜市鶴見区鶴見中央４丁目２９番１７－２０２号室	企業が法人向けのコンサルティングや研修、個人向けのスクールを運営している企業	2008年1月に設立された神奈川県を拠点とする企業です。同社は、法人向けのコンサルティングや研修、個人向けのスクールを運営しており、人事制度アドバイザリー事業、企業内トレーニングアウトソーシング事業、人材戦略コンサルティング事業、経営学校運営事業を行っています。主な業界としては、人材・アウトソーシング、教育、コンサルティング、資格取得などが挙げられます。	コンサルティング	経営コンサル
株式会社エイトランド	8020001056016	1	http://www.8land.jp/#contact	http://www.8land.jp/		045-212-0688	2310002	神奈川県	横浜市中区海岸通４丁目１７番地	神奈川県横浜市中区海岸通４丁目１７番地	企業の経営や営業を支援し、事業計画などのコンサルティング業務を行う企業	神奈川県に所在地を置く、企業の経営や営業を支援し、事業計画などのコンサルティング業務を行う企業です。主に営業支援サービス事業を展開し、2003年10月に設立されました。コンサルティング、経営コンサル、その他コンサルという業界で活動しています。	コンサルティング	経営コンサル
バリューアップ株式会社	8020001061370	6	https://www.itssoken.co.jp/mail/form.html	https://www.itssoken.co.jp/company		045-226-0922	2310011	神奈川県	横浜市中区太田町５丁目６１番１号	神奈川県横浜市中区太田町５丁目６１番１号	モーター業界向けのビジネスモデルを提供する企業	神奈川県を拠点に、モーター業界向けのビジネスモデルを提供する企業です。2000年3月に設立され、広告クリエイティブ事業、営業支援サービス事業、販売管理ソフトウェア販売事業を展開しています。主な業界は広告・制作、IT、コンサルティングであり、広告制作、経営コンサル、その他コンサル、ソフトウェア販売などのサービスを提供しています。	コンサルティング	経営コンサル
株式会社コレリーアンドアトラクト	8020001061759	3	https://www.collely-at.com/form/contact/index.php	https://www.collely-at.com/about/outline/		03-6427-9513	1070062	東京都	港区南青山７丁目１番５号	東京都港区南青山７丁目１番５号	宿泊施設のWebマーケティングに特化したコンサルティング企業	東京都に拠点を置く宿泊施設のWebマーケティングに特化したコンサルティング企業です。2009年に設立され、広告・制作、IT、人材・アウトソーシング、コンサルティングなどの複数の業界で幅広いサービスを提供しています。セミナー企画・運営事業、データ解析事業、研修セミナー事業、Webマーケティング支援事業、検索エンジン最適化対策事業などを通じて、顧客のビジネス成果の向上に貢献しています。	コンサルティング	経営コンサル
株式会社翼コンサルティング	8020001077920	1	http://www.tsubasa-consulting.com/inquiry.html	https://tsubasa-consulting.com/company/		044-750-3104	2130022	神奈川県	川崎市高津区千年３５９番地	神奈川県川崎市高津区千年３５９番地	助成金や補助金の相談や手続きをサポートする事業支援企業	2006年7月に設立された神奈川県に拠点を置く事業支援企業です。同社は助成金や補助金の相談や手続きをサポートするだけでなく、マーケティングコンサルティングや会計・税務アドバイザリーなどの幅広いサービスを提供しています。士業、人材・アウトソーシング、コンサルティングなどのさまざまな業界における経験を活かし、クライアントの経営課題に的確に対応しています。	コンサルティング	財務コンサル
株式会社マイルストーン・コンサルティング・グループ	8020001079578	9	https://www.milestone-inc.co.jp/contact/?situation=inquiry	https://www.milestone-inc.co.jp/company/	milestone@milestone-inc.co.jp	044-223-6871	2100002	神奈川県	川崎市川崎区榎町１番８号ニッコービル５０１	神奈川県川崎市川崎区榎町１番８号ニッコービル５０１	中小企業の財務アドバイザー企業	神奈川県に拠点を構える中小企業の財務アドバイザー企業です。2005年10月に設立され、文書作成代行事業、人材戦略コンサルティング事業、資金管理支援事業、財務・会計業務アウトソーシング事業などを展開しており、主に人材・アウトソーシング、コンサルティング、財務コンサル、人材派遣、組織コンサルの業界において活動しています。	コンサルティング	財務コンサル
株式会社ポリスター	8020001108972	1	http://www.polystar.yokohama/contact/	https://www.polystar.yokohama/company/	info@polystar.yokohama	045-323-9334	2310023	神奈川県	横浜市中区山下町１９４番地横浜ニューポートビル２階Ｂ号室	神奈川県横浜市中区山下町１９４番地横浜ニューポートビル２階Ｂ号室	日本企業の中国展開支援や手続き代行を行う会社	神奈川県に拠点を置き、日本企業の中国展開支援や手続き代行を行う会社です。ブランド戦略策定事業、化粧品インポート事業、コスメティック輸出事業、Webマーケティング支援事業、雑貨輸入事業、販促企画事業、海外輸出支援事業を展開しています。2014年12月に設立され、IT、商社、小売・販売・卸売、コンサルティングなど幅広い業界で活動しています。	コンサルティング	経営コンサル
株式会社ＡＣＳ	8020001116918	1	http://acs523.co.jp/contactus/	http://acs523.co.jp/		045-366-5730	2410812	神奈川県	横浜市旭区金が谷１丁目５番３号	神奈川県横浜市旭区金が谷１丁目５番３号	企業の戦略的および業務的課題に対する支援を提供する企業	神奈川県に位置する企業であり、2016年7月7日に設立されました。同社は、コンサルティング業界で活動しており、企業の戦略的および業務的課題に対する支援を提供しています。主に経営コンサルティングを行っており、クライアント企業の成長や競争力の向上をサポートしています。	コンサルティング	経営コンサル
株式会社アット・アップ	8021001031388	7	https://at-up.net/contact	https://at-up.net/	info@at-up.net	050-3189-0000	2210052	神奈川県	横浜市神奈川区栄町５－１	神奈川県横浜市神奈川区栄町５－１	総合的なコンサルティングサービスを提供する企業	神奈川県を拠点に総合的なコンサルティングサービスを提供する企業です。2010年6月に設立され、教育支援事業、カスタマーサービス研修事業、店頭広告制作事業、営業支援サービス事業、映像制作事業、システムアドバイザリー事業などの業務を展開しています。広告・制作、人材・アウトソーシング、教育、コンサルティングなどの幅広い業界で活動しており、多くのお客様に価値あるサービスを提供しています。	コンサルティング	経営コンサル
ローズマインド株式会社	8021001033335	0	http://lordsmind.com/contact.html	https://lordsmind.com/company	info@lordsmind.com	0465-44-1020	2560802	神奈川県	小田原市小竹７８１番地２２	神奈川県小田原市小竹７８１番地２２	企業の営業部門を支援し、経営上のアドバイスを提供する企業	神奈川県に位置する企業の営業部門を支援し、経営上のアドバイスを提供する企業です。マーケティングコンサルティング事業、セミナー企画・運営事業、Webマーケティング支援事業、投資教育セミナー運営事業を行っており、金融、IT、人材・アウトソーシング、コンサルティング、Webマーケコンサル、企業研修、投資、セミナー、販促コンサル、経営コンサルなどの幅広い業界で活動しています。1994年1月に設立されました。	コンサルティング	経営コンサル
有限会社ニジュウイチティキカク	8021002035371	2	http://www.21t.co.jp/outline/data02.html	http://www.21t.co.jp/index.html	info@21t.co.jp	0463-90-4756	2591132	神奈川県	伊勢原市桜台５丁目５番４４号	神奈川県伊勢原市桜台５丁目５番４４号	収益向上コンサルティングと産業用ゴムや金型の製作を手掛ける企業	1996年に設立された神奈川県を拠点にする企業です。同社は収益向上コンサルティングと産業用ゴムや金型の製作を手掛けており、機械、材料・資源、製造、自動車・輸送、小売・販売・卸売、コンサルティングなどの幅広い業界に関与しています。また、包装資材卸売事業、刃物卸売事業、刃物製造事業、工業用コンベヤーベルト製造事業なども展開しており、多様なニーズに応える幅広い業務を行っています。	コンサルティング	経営コンサル
株式会社運送経営改善社	8030001012983	1	http://www.handlecover.com/kaizen/contact.html	http://www.handlecover.com/kaizen/	info@handlecover.com	03-6757-7093	1040061	東京都	中央区銀座６丁目１３番９号ｂｉｚｃｕｂｅ	東京都中央区銀座６丁目１３番９号ｂｉｚｃｕｂｅ	運送会社の経営に関するコンサルティングを提供する企業	東京都を拠点にし、運送会社の経営に関するコンサルティングを提供する企業です。同社の事業は、映像ソフト販売事業、教育用具販売事業、イベントプランニング事業、イベント企画・運営事業、音楽ディスク販売業など多岐にわたります。主要業界は、人材・アウトソーシング、エンタメ・娯楽、教育、小売・販売・卸売、コンサルティング、企業研修、書籍・メディア販売、イベント、CD・レコード販売、経営コンサル、教材などです。	コンサルティング	経営コンサル
ヒューマネコンサルティング株式会社	8030001040638	2	http://humane-c.co.jp/contact.html	http://humane-c.co.jp/	info@humane-c.co.jp	044-400-2042	2100007	神奈川県	川崎市川崎区駅前本町１１番地２川崎フロンティアビル４階	神奈川県川崎市川崎区駅前本町１１番地２川崎フロンティアビル４階	企業のマネジメント支援や教育・研修などを行う企業	神奈川県を拠点に、企業のマネジメント支援や教育・研修などを行っています。2010年9月に設立された同社は、資産管理アドバイザリー事業、研修セミナー事業、企業内トレーニングアウトソーシング事業を展開しており、主に人材・アウトソーシング、コンサルティング、企業研修、セミナー、資産運用コンサル、経営コンサルの業界で活動しています。	コンサルティング	経営コンサル
株式会社こども保育環境研究所	8030001047278	10	https://www.kodomoken.co.jp/contact/	http://www.kodomoken.co.jp/		04-2969-1550	3510022	埼玉県	朝霞市東弁財２丁目１５番４号	埼玉県朝霞市東弁財２丁目１５番４号	幼稚園や保育園の運営をサポートするコンサルティング企業	埼玉県に位置する幼稚園や保育園の運営をサポートするコンサルティング企業です。教育支援事業、セミナー企画・運営事業、研修セミナー事業を展開しており、2002年4月に設立されました。人材・アウトソーシング、教育、コンサルティング、児童保育、塾・予備校などの業界において、セミナーや経営コンサルティングを提供しています。	コンサルティング	経営コンサル
株式会社ＺＥＮ	8030001072994	0	http://zen-tokyo.co.jp/#	http://zen-tokyo.co.jp/会社概要/			1140021	東京都	北区岸町１丁目５番２０号太春ビル２階	東京都北区岸町１丁目５番２０号太春ビル２階	エコ技術コンサル企業	東京都に拠点を置くエコ技術コンサル企業です。主な業務は、持続可能エネルギーコンサル業および商取引事業です。商社、コンサルティング、医療コンサル、総合商社、組織コンサル、経営コンサルなどの業界で幅広い経験を持っています。	コンサルティング	経営コンサル
株式会社関東中央エムアンドエーセンター	8030001084552	0	http://www.mmg.jpn.org/inquiry.html	http://www.mmg.co.jp/fzcmmg/index.html		048-525-1281	3600815	埼玉県	熊谷市本石１丁目６３番地	埼玉県熊谷市本石１丁目６３番地	M&Aや企業再生支援などを提供する企業	1993年7月に設立された埼玉県に拠点を置く企業です。同社はM&Aや企業再生支援などを提供し、主にビジネス承継支援事業に従事しています。その他サービス、コンサルティング、および経営コンサル業界で活動しています。	コンサルティング	経営コンサル
株式会社未来航海	8030001097694	1	http://miraikoukai.com/contact/	http://miraikoukai.com	info-mk@miraikoukai.com	042-974-0323	3570065	埼玉県	飯能市大字大河原５０４番地の１	埼玉県飯能市大字大河原５０４番地の１	起業に必要な手続きや記帳をサポートする企業	2013年9月に埼玉県で設立された企業です。同社は、起業に必要な手続きや記帳をサポートすることを主な目的としており、文書作成代行事業や資金管理支援事業などを展開しています。人材・アウトソーシング、コンサルティング、事務処理代行、財務コンサル、業務請負、経営コンサルなどの業界において幅広く活動しています。	コンサルティング	経営コンサル
株式会社リアルウイン	8030001098313	0	http://realwin.co.jp/contact.html	http://realwin.co.jp/company.html		048-254-8870	3320023	埼玉県	川口市飯塚１丁目９番５２－２０５号	埼玉県川口市飯塚１丁目９番５２－２０５号	経営者倶楽部を主催する企業	埼玉県を拠点にする経営者倶楽部を主催する企業です。彼らの主な業務には研修セミナー事業および経営研修事業が含まれます。人材・アウトソーシング、コンサルティング、企業研修、セミナー、経営コンサルなどの業界で活動しています。	コンサルティング	経営コンサル
株式会社アンシャンテ	8030001119052	0	https://form.mjs-hp.jp/enchante2017/	http://www.enchante2017.co.jp/	info@enchante2017.co.jp	050-5240-9054	3330862	埼玉県	川口市北園町１４番６号マシハイム北園Ｂ２２１号室	埼玉県川口市北園町１４番６号マシハイム北園Ｂ２２１号室	ビジネス支援企業	2017年3月7日に埼玉県で設立されたビジネス支援企業です。主な事業として、セールスアウトソーシング事業、営業支援サービス事業、人材戦略コンサルティング事業を展開しています。人材・アウトソーシング、コンサルティング、営業代行・販売代行、人材紹介、業務請負、組織コンサル、経営コンサル、その他コンサルなどの分野で幅広く活動しています。	コンサルティング	経営コンサル
株式会社アンサーブ	8040001034399	2	http://www.answerve.co.jp/contact/	http://www.answerve.co.jp/	info@answerve.co.jp	047-498-9262	2740060	千葉県	船橋市坪井東５丁目５番２７号	千葉県船橋市坪井東５丁目５番２７号	企業のコンサルティングを提供する企業	千葉県に位置する企業で、企業のコンサルティングを提供しています。2010年12月に設立されました。同社は営業支援サービス事業、相続アドバイザリー事業、人材戦略コンサルティング事業、起業家養成セミナーの運営事業、および遺言作成支援事業を展開しています。人材・アウトソーシング、コンサルティング、セミナーなどの総合系コンサルに関連する業界で活動しています。	コンサルティング	総合系コンサル
株式会社解決バンク	8040001038714	0	https://kaiketsubank.com/contactus/	http://kaiketsubank.com	info@kaiketsubank.com	03-6820-8188	1710014	東京都	豊島区池袋２丁目３１番１６号宇高ビル	東京都豊島区池袋２丁目３１番１６号宇高ビル	事業戦略や暮らしの改善提案を行う企業	東京都を拠点に事業戦略や暮らしの改善提案を行う企業です。2000年9月の設立以来、教育用具販売事業、教材制作事業、セミナー企画・運営事業、税務アドバイザリー事業、保険アドバイザリー事業、研修セミナー事業、相続アドバイザリー事業、結婚情報サービス運営事業などを展開しています。当社は士業、人材・アウトソーシング、その他サービス、教育、コンサルティング、税理士、セミナー、起業コンサル、資産運用コンサル、経営コンサル、その他コンサル、教材など、多岐にわたる業界で幅広いサービスを提供しています。	コンサルティング	経営コンサル
株式会社神田どんぶり勘定事務所	8040001064850	1	https://don-buri.net/contact/	https://don-buri.net/		043-205-0622	2670066	千葉県	千葉市緑区あすみが丘３丁目２７番地８ソレイユ１０３号	千葉県千葉市緑区あすみが丘３丁目２７番地８ソレイユ１０３号	会計や財務に関するコンサルティングを提供する企業	2011年に設立された千葉県を拠点とする企業です。同社は会計や財務に関するコンサルティングを提供しており、また、教育用具販売事業や会計・税務アドバイザリー事業も展開しています。士業、人材・アウトソーシング、教育、コンサルティング、企業研修、会計士、財務コンサル、教材の業界において幅広い経験を持つ同社は、お客様に最適なソリューションを提供しています。	コンサルティング	財務コンサル
株式会社ビジネスモデル研究所	8040001076565	0	http://bmodel-lab.com/%E5%95%8F%E3%81%84%E5%90%88%E3%82%8F%E3%81%9B	https://bmodel-lab.com/会社案内	info@bmodel-lab.com	080-6769-5655	2740065	千葉県	船橋市高根台１丁目１１番１－２０３号	千葉県船橋市高根台１丁目１１番１－２０３号	経営助言や陽だまり訪問介護を営む企業	2012年4月に設立された千葉県を拠点にする企業です。同社は経営助言や陽だまり訪問介護を営み、健康長寿支援事業を展開しています。主に医療・製薬・福祉、コンサルティング、その他医療・福祉、経営コンサルの業界で活動しています。	コンサルティング	経営コンサル
株式会社エンカレッジジャパン	8040001079758	4	http://encourage-japan.co.jp/contact/	http://encourage-japan.co.jp/		03-6822-8777	1050022	東京都	港区海岸１丁目２番２０号汐留ビルディング	東京都港区海岸１丁目２番２０号汐留ビルディング	自動車学校運営のコンサルティング企業	東京都を拠点にする自動車学校運営のコンサルティング企業です。同社は、ビジネス承継支援事業、雇用支援事業、研修セミナー事業を展開しており、人材・アウトソーシング、その他サービス、コンサルティング、セミナー、経営コンサル、職業紹介所の業界に従事しています。	コンサルティング	経営コンサル
あさひ未来経営パートナーズ株式会社	8040001082126	1	http://www.miraikeiei.net/contact/	http://www.miraikeiei.net/		04-7166-5551	2770005	千葉県	柏市柏４丁目５番１０号	千葉県柏市柏４丁目５番１０号	企業の経営を支援するコンサルティング企業で、MAS監査や事業再生なども取り扱う	2013年に千葉県で設立された企業です。このコンサルティング企業は、企業の経営を支援することを主な目的としており、MAS監査や事業再生などのサービスも提供しています。また、会計・税務アドバイザリー事業や経営研修事業などを展開しており、士業、人材・アウトソーシング、コンサルティング、企業研修、会計士、経営コンサルの業界において幅広いサービスを提供しています。	コンサルティング	経営コンサル
エスティコンサルティング株式会社	8050001000532	9	https://www.stconsulting.co.jp/contact	https://www.stconsulting.co.jp/		029-304-1000	3100847	茨城県	水戸市米沢町３９２番地	茨城県水戸市米沢町３９２番地	税務・財務・会計のコンサルサービスを提供する企業	茨城県に拠点を置き、税務・財務・会計のコンサルサービスを提供しています。同社は、ビジネス承継支援事業、税金対策事業、会計・税務アドバイザリー事業、税務申告書作成事業を主な業務としており、1987年に設立されました。エスティコンサルティングは、士業、その他サービス、コンサルティング、税理士、会計士、財務コンサル、その他サービスの業界に属しています。	コンサルティング	財務コンサル
株式会社エフ・ティー・ジー	8050001004541	2	http://www.f-t-g.co.jp/html/form.html	http://www.f-t-g.co.jp/s/index.html		029-302-1888	3100063	茨城県	水戸市五軒町１丁目４番２０長谷川ビル２Ｆ	茨城県水戸市五軒町１丁目４番２０長谷川ビル２Ｆ	ISOなどの取得支援、経営コンサルを行う企業	茨城県を拠点に、ISOなどの取得支援と経営コンサルティングを行う企業です。2000年10月に設立されたこの会社は、セミナー企画・運営事業、研修セミナー事業、そしてシステムアドバイザリー事業に取り組んでいます。主にIT、人材・アウトソーシング、およびコンサルティング分野を中心に活動し、さらにITコンサル、セミナー、経営コンサルなどを展開しています。また、ソフトウェア販売も取り扱っております。	コンサルティング	経営コンサル
株式会社ＡＭＩ	8050001022576	0	https://ami.bz/index.php/contact/	http://ami.bz/	info@ami.bz	03-6202-2020	2720033	千葉県	市川市市川南２丁目９－３４フェルヴェール市川３０３	千葉県市川市市川南２丁目９－３４フェルヴェール市川３０３	企業が総合的なコンサルティングと人材派遣を行っている企業	1999年3月に東京都で設立された企業です。同社はIT、人材・アウトソーシング、コンサルティング、Webマーケティング支援などの業種において総合的なコンサルティングと人材派遣を行っています。営業支援サービス事業、雇用支援事業、Webマーケティング支援事業、人材戦略コンサルティング事業などを展開しています。	コンサルティング	経営コンサル
株式会社サクシード	8060001021750	19	http://succeed-biz.jp/contact/	https://succeed-biz.jp/	info@succeed-biz.jp	03-5213-4230	3210932	栃木県	宇都宮市平松本町３２６番地９	栃木県宇都宮市平松本町３２６番地９	ビジネスサポート総合企業	栃木県に位置するビジネスサポート総合企業です。2010年4月に設立され、主な事業としてビジネス承継支援事業、ウェブサイトのコンサルティング事業、営業支援サービス事業、カタログ作成事業を展開しています。広告・制作、その他サービス、コンサルティング、ITコンサル、Web制作、デザイン、経営コンサルなどの業種で活動しています。	コンサルティング	経営コンサル
株式会社ＣＲＩ中央総研	8070001000951	9	http://gcri.co.jp/company/?page_id=49	http://gcri.co.jp/		027-254-3220	3710844	群馬県	前橋市古市町１丁目４９番地１中央カレッジグループ本部館	群馬県前橋市古市町１丁目４９番地１中央カレッジグループ本部館	企業の組織体系や賃金体系を再設計するコンサルティング企業	1988年12月に群馬県に設立されたコンサルティング企業です。主な事業内容は、企業の組織体系や賃金体系の再設計を行うコンサルティングサービスであり、営業支援や企業内トレーニングのアウトソーシング、会計・税務のアドバイザリーサービスなども提供しています。ＣＲＩ中央総研は、士業、人材・アウトソーシング、コンサルティング、企業研修などの産業分野で活躍し、経営者や専門家に幅広いサービスを提供しています。	コンサルティング	経営コンサル
株式会社ビー・エフ・ディー	8070001015066	4	http://www.m-mari.com/bfd/contact.html	http://www.mercuropgunma.com/		0270-40-5400	3720812	群馬県	伊勢崎市連取町３１００番地１	群馬県伊勢崎市連取町３１００番地１	コインランドリー経営のアドバイザーを提供する企業	群馬県に拠点を置き、コインランドリー経営のアドバイザーを提供している企業です。また、洗剤等の卸売業や中古機器買取事業、経済分析事業、ソフトドリンク販売事業、ウォーターサーバー事業など、様々な業務を展開しています。食品、商社、その他サービス、コンサルティング、飲料品、リサイクル、日用品・化粧品商社、その他リース、研究・調査・リサーチ、経営コンサルなどの業界において、幅広い分野で活動しています。	コンサルティング	経営コンサル
株式会社未来サポートアスカ	8070002015965	0	http://asuka-souken.jp/14597466868445	http://asuka-souken.jp/		0274-74-5852	3702213	群馬県	甘楽郡甘楽町大字白倉６１番地１	群馬県甘楽郡甘楽町大字白倉６１番地１			コンサルティング	経営コンサル
藤井経営株式会社	8070002019066	1	http://www.fcmg.co.jp/access.php	http://www.fcmg.co.jp/	soumu@fcmg.co.jp	0270-25-7696	3720801	群馬県	伊勢崎市宮子町３２２０番地	群馬県伊勢崎市宮子町３２２０番地	経営相談のサービスを提供する企業	1997年10月に群馬県で設立された士業およびコンサルティング会社です。同社は、経営相談のサービスを提供しており、主な業務には財務監査サービス、税務アドバイザリー事業、税務アウトソーシング事業、会計・税務アドバイザリー事業が含まれています。藤井経営株式会社は、税理士や監査法人、会計士などの専門家からなるチームを通じて、幅広い経営コンサルティングサービスを提供しています。	コンサルティング	経営コンサル
株式会社ハマムラコンサルティングビューロウ	8080001012649	6	https://bbhcb.jp/mailform/	https://bbhcb.jp/profile/about_us/	contac@bbhcb.jp	054-260-5318	4200852	静岡県	静岡市葵区紺屋町１７番地の１	静岡県静岡市葵区紺屋町１７番地の１	経営アドバイザリーや保険代理店業を行う企業	静岡県に位置する経営アドバイザリーや保険代理店業を行う企業です。1957年に設立され、セミナー企画・運営事業、税務アドバイザリー事業、住宅融資相談事業、相続アドバイザリー事業、PC流通卸売事業、オフィス機器卸売事業などを展開しています。主要業種は士業、金融、通信・PC、人材・アウトソーシング、小売・販売・卸売、コンサルティング、税理士、PC・スマホ機器販売・修理、セミナー、オフィス用品販売、資産運用コンサル、経営コンサル、その他金融関連サービスです。	コンサルティング	経営コンサル
株式会社あおいパートナーズ	8080001018423	0	http://aoi-partners.co.jp/contact/	http://www.aoi-partners.co.jp/	info@aoi-partners.co.jp	054-269-5548	4200033	静岡県	静岡市葵区昭和町５番地の１１昭和町ビル７階	静岡県静岡市葵区昭和町５番地の１１昭和町ビル７階			コンサルティング	経営コンサル
株式会社ロゼッタ・トラスト	8080001020115	1	https://www.rosetta-trust.com/%EF%BD%99%EF%BD%8F%EF%BD%95%EF%BD%92-%EF%BD%8F%EF%BD%92%EF%BD%84%EF%BD%85%EF%BD%92/	https://www.rosetta-trust.com/	kakiuchi@rosetta-t.com	054-289-1414	4228053	静岡県	静岡市駿河区西中原２丁目７番６３－１２０４号	静岡県静岡市駿河区西中原２丁目７番６３－１２０４号	企業が経営や資産コンサルティング、事業提携を担当する企業	静岡県に拠点を置く、2015年2月に設立されたコンサルティング企業です。同社は、企業が経営や資産コンサルティング、事業提携を行うことを専門としており、主にコンサルティング、資産運用コンサル、経営コンサルの業界において活動しています。	コンサルティング	経営コンサル
インテリジェンス・ダイナミクス株式会社	8080401015557	2	https://lolipop-5904c3e70913a255.ssl-lolipop.jp/form1/clipmail.html	http://intelligence-dynamics.jp/index.html		0537-61-1616	4360222	静岡県	掛川市下垂木２７０７番地の１	静岡県掛川市下垂木２７０７番地の１	経営助言を提供する企業	静岡県に拠点を構え、経営助言を提供する企業です。同社は営業支援サービス事業や保険アドバイザリー事業を展開しており、コンサルティング、資産運用コンサル、経営コンサル、その他コンサルにおいて幅広い業界で活動しています。インテリジェンス・ダイナミクス株式会社は、顧客のビジネス成長をサポートするサービスを提供しています。	コンサルティング	経営コンサル
株式会社サン・グローバル総合研究所	8090001004406	2	https://3gc.co.jp/inquiry/	https://3gc.co.jp/	main@3gc.co.jp	055-233-3130	4000858	山梨県	甲府市相生１丁目７番３号	山梨県甲府市相生１丁目７番３号	企業の経営やISO認証に関する支援を提供するコンサルティング企業	山梨県を拠点とするコンサルティング企業です。2001年6月に設立され、企業の経営やISO認証に関する支援を提供しています。セキュリティアドバイザリー事業、マーケティングコンサルティング事業、市場リサーチ事業、販売アドバイザリー事業、営業支援サービス事業、食品アドバイザリー業務などのジョブを展開しており、主に人材・アウトソーシング、その他サービス、コンサルティングの業界で活動しています。	コンサルティング	総合系コンサル
株式会社気づきの経営計画	8100001017042	1	https://kiduki.co.jp/contact/	http://www.kiduki.co.jp/		0263-32-8107	3900872	長野県	松本市北深志１丁目９番２２号	長野県松本市北深志１丁目９番２２号	経営コンサルティング事業を行う企業	長野県を拠点に経営コンサルティング事業を展開する企業です。同社は、会計・税務アドバイザリー事業、人材戦略コンサルティング事業、資金管理支援事業、起業家養成セミナーの運営事業、経営研修事業を手がけており、士業、人材・アウトソーシング、コンサルティング、企業研修、会計士、セミナー、財務コンサル、組織コンサル、経営コンサルの業界で活躍しています。株式会社気づきの経営計画は2010年1月に設立されました。	コンサルティング	経営コンサル
長野日本ソフトウエア株式会社	8100001018528	107	https://www.nnsk.co.jp/contact/	https://www.nnsk.co.jp/	nnsk@nsk-japan.co.jp	0266-58-9888	3920027	長野県	諏訪市湖岸通り５丁目１７番２６号	長野県諏訪市湖岸通り５丁目１７番２６号	ITや経営について助言する企業	1987年10月に設立された長野県を拠点にするITや経営について助言する企業です。同社は、CRMシステム販売卸売事業、営業支援サービス事業、製造工程管理システム開発事業、システムマネジメント事業、ドキュメント管理システム開発事業など、幅広い業務を展開しています。主要な業界はIT、コンサルティング、Webアプリ・サービス運営、ITコンサル、ITインフラストラクチャー、経営コンサルなどです。	コンサルティング	経営コンサル
株式会社ジェノベーション	8100001026530	2	http://gennovation.co.jp/contact/	http://gennovation.co.jp/		0266-22-3055	3940045	長野県	岡谷市川岸東４丁目１８番１１号	長野県岡谷市川岸東４丁目１８番１１号	新製品開発を支援し、中小企業に対するコンサルティングサービスを提供する企業	長野県に拠点を置き、新製品開発の支援や中小企業向けのコンサルティングサービスを提供する企業です。同社はスポーツイベントマネジメント事業、スポーツイベント運営事業、スポーツ用具販売事業、商品開発アドバイザリー事業にも従事しており、2013年6月に設立されました。主に生活用品、人材・アウトソーシング、エンタメ・娯楽、小売・販売・卸売、コンサルティングなどの業界において、組織コンサルや経営コンサルを含む様々なサービスを提供しています。	コンサルティング	経営コンサル
株式会社ビーワン・クリエイト	8100001032685	1	https://www.beone-c.com/inquiry.html	https://www.beone-c.com/	info-all@beone-c.com	0263-87-0881	3997201	長野県	東筑摩郡生坂村７０９５番地１	長野県東筑摩郡生坂村７０９５番地１	企業に経営アドバイスや資金調達を提供する企業	長野県に所在する企業で、企業に経営アドバイスや資金調達を提供しています。2019年11月6日に設立され、主な業務としてセミナー企画・運営事業、研修セミナー事業、資金管理支援事業、経営研修事業を展開しています。人材・アウトソーシング、コンサルティング、企業研修、セミナー、財務コンサル、製造業コンサル、経営コンサルなどの業界で活動しています。	コンサルティング	経営コンサル
有限会社エス・エム・エスコンサルティング	8100002015441	2	https://docs.google.com/forms/d/e/1FAIpQLScifpKSQKbC8af2BdgbEckSJz-MQ4jGqnvDrTq93Rd81B2hzg/viewform	http://www.smscon.co.jp/index.html		0268-55-7466	3860012	長野県	上田市中央２丁目５番１０号	長野県上田市中央２丁目５番１０号	中小企業に経営革新支援を提供する事業者	2001年に設立され、長野県を拠点に中小企業に経営革新支援を提供している事業者です。同社は市場リサーチ事業、許認可手続き代行事業、補助金申請支援事業などを展開し、人材・アウトソーシング、コンサルティング、データ入力・事務作業代行などの幅広い業務に取り組んでいます。また、研究・調査・リサーチ、販促コンサル、製造業コンサル、経営コンサルなど、多岐にわたる業界への支援も行っています。	コンサルティング	経営コンサル
ファジー・マネジメント創研株式会社	8120001069635	0	http://www.myfuzzy.jp/contact.html	https://www.biz.ne.jp/company/myfuzzy/		06-6371-3311	5310071	大阪府	大阪市北区中津１丁目２番１８号	大阪府大阪市北区中津１丁目２番１８号	企業向け経営支援や研修を提供する会社	大阪府に本社を置き、企業向け経営支援や研修を提供する会社です。1987年に設立された当社は、セミナー企画・運営事業、研修セミナー事業、販促企画事業、経営研修事業を展開しています。人材・アウトソーシング、コンサルティング、企業研修、セミナー、販促コンサル、経営コンサルの業界で活動しています。	コンサルティング	経営コンサル
株式会社関総研	8120001077274	21	http://www.sekisoken.co.jp/contact	https://www.sekisoken.co.jp/	info@sekisoken.co.jp	06-6947-1313	5400022	大阪府	大阪市中央区糸屋町１丁目３番１１号	大阪府大阪市中央区糸屋町１丁目３番１１号	税務や会計、企業再生などのコンサルティングを提供する企業	大阪府に本社を構える企業であり、税務や会計、企業再生などのコンサルティングを提供しています。主な事業は会計システムコンサルティング事業、税務アドバイザリー事業、財務アドバイザリー事業、研修セミナー事業、相続アドバイザリー事業です。1978年に設立され、士業、人材・アウトソーシング、コンサルティングなどの業界で活動しています。	コンサルティング	経営コンサル
株式会社ケー・エス・ケー夢テク研究所	8120001078867	0	http://yumeteku.com/?page_id=17	http://yumeteku.com/	ksk@yumeteku.com	06-6202-2425	5410051	大阪府	大阪市中央区備後町２丁目５番８号	大阪府大阪市中央区備後町２丁目５番８号			コンサルティング	経営コンサル
大阪ガスビジネスクリエイト株式会社	8120001082687	726	https://www.ogbc.co.jp/contact/	https://www.ogbc.co.jp/company/outline/	somu@ogbc.co.jp	06-6446-4300	5500003	大阪府	大阪市西区京町堀１丁目４番１６号	大阪府大阪市西区京町堀１丁目４番１６号	事務サポートやイベントプランニング、通信サービスなどを提供している企業	大阪府を拠点に、事務サポートやイベントプランニング、通信サービスなどを提供している企業です。1977年に設立され、イベントプランニング事業、ネットワークインフラ設置事業、展示会企画・運営事業、施設運営管理事業、イベント企画・運営事業、駐車場運営事業などを展開しています。主な業界は工事・土木、広告・制作、IT、エンタメ・娯楽、不動産、コンサルティングなど多岐にわたります。	コンサルティング	総合系コンサル
パルコンサルタンツ株式会社	8120001087521	13	http://www.pal-web.co.jp/contact/index.php	https://www.pal-web.co.jp/		06-6314-6727	5400012	大阪府	大阪市中央区谷町２丁目４番５号	大阪府大阪市中央区谷町２丁目４番５号	企業コンサルティングと経理を提供する企業	大阪府に位置する企業コンサルティングと経理を提供する企業です。同社は1992年11月に設立され、主に財務監査サービスを提供しています。コンサルティング、監査法人、財務コンサル、経営コンサルの産業に焦点を当てています。	コンサルティング	経営コンサル
株式会社オフィスシャッツ	8120001111108	38	http://www.schz.jp/inq/contact.php	https://www.schz.jp/company/		06-4390-6720	5500015	大阪府	大阪市西区南堀江１丁目１１番１－４０８号	大阪府大阪市西区南堀江１丁目１１番１－４０８号	中小企業のアドバイスと不動産管理を担当する会社	大阪府を拠点に中小企業のアドバイスと不動産管理を行う会社です。当社の業務は、主に貯水槽クリーニング事業と消防設備点検・修理事業に従事しています。2001年11月に設立され、建設、生活関連サービス、製造、コンサルティング、消防設備用品、クリーニング、リフォーム、経営コンサル、不動産コンサルの業界で活動しています。	コンサルティング	経営コンサル
インタープレイコンサルティング株式会社	8120001115059	1	http://www.ipbc.co.jp/contact.html	http://www.ipbc.co.jp/index.html	inf@ipbc.co.jp	06-6225-1208	6570064	兵庫県	神戸市灘区山田町３丁目１番４０－７０３号	兵庫県神戸市灘区山田町３丁目１番４０－７０３号	企業の戦略立案や支援を手掛けるビジネス企業	大阪府に本社を構えるビジネス企業です。2006年の設立以来、企業の戦略立案や支援に取り組んでいます。主な事業は人事制度アドバイザリー、セミナー企画・運営、経営研修です。人材・アウトソーシング、コンサルティング、企業研修、セミナー、組織コンサル、経営コンサルの業界で活動しています。	コンサルティング	経営コンサル
株式会社フェアコンサルティング	8120001125132	127	http://www.faircongrp.com/contact/	https://www.faircongrp.com/		06-6451-9201	5300001	大阪府	大阪市北区梅田２丁目５番２５号	大阪府大阪市北区梅田２丁目５番２５号	海外ビジネスのコンサルティングを提供する企業	大阪府を拠点に、2004年8月8日に設立された海外ビジネスのコンサルティング企業です。同社は、主に海外ビジネスアドバイザリー事業に従事しており、コンサルティング、組織コンサル、経営コンサルなどのコンサルティング業務を提供しています。	コンサルティング	経営コンサル
株式会社ネクサスパートナーズ	8120001129802	0	http://www.next-success.jp/contact	http://www.next-success.jp/	info@next-success.jp	06-6345-2935	5300001	大阪府	大阪市北区梅田１丁目１番３－２９００号	大阪府大阪市北区梅田１丁目１番３－２９００号	企業経営支援や医療事業の承継・相続に特化した税理士事務所企業	大阪府に拠点を置く、企業経営支援や医療事業の承継・相続に特化した税理士事務所企業です。2008年5月に設立され、主な事業は税務アドバイザリーです。士業、コンサルティング、税理士、経営コンサルなどの業種に位置づけられます。	コンサルティング	経営コンサル
株式会社プロデキューブ	8120001131072	3	http://www.prodecube.com/contact/	http://www.prodecube.com/	info@prodecube.com	06-6136-7518	5320036	大阪府	大阪市淀川区三津屋中１丁目３番５号	大阪府大阪市淀川区三津屋中１丁目３番５号	物流企業の指導者養成と運転手の安全教育を行う企業	大阪府に位置する物流企業の指導者養成と運転手の安全教育を行う企業です。2008年5月に設立され、研修セミナー事業、企業内トレーニングアウトソーシング事業、講義者派遣事業を展開しています。人材・アウトソーシング、コンサルティング、企業研修、セミナー、人材派遣、経営コンサルの業界におけるリーディングカンパニーとして活動しています。	コンサルティング	経営コンサル
株式会社ブループリント	8120001141724	1	https://www.blueprintinc.co/contact	https://www.blueprintinc.co	info@blueprintinc.co	050-6872-9446	6610045	兵庫県	尼崎市武庫豊町２丁目１番２０－６０４号	兵庫県尼崎市武庫豊町２丁目１番２０－６０４号	ビジネス戦略や事業開発のサポートを提供するコンサルティングファーム企業	兵庫県を拠点にビジネス戦略や事業開発のサポートを提供するコンサルティングファーム企業です。2006年6月に設立され、商品開発アドバイザリー事業、人材戦略コンサルティング事業、補助金申請支援事業を展開しています。その他サービス、コンサルティング、組織コンサル、経営コンサルなどの多岐にわたる業界で活動しています。	コンサルティング	経営コンサル
株式会社ライフサポート	8120001142581	0	https://contact.ktmhp.com/about_link.php	https://www4.hp-ez.com/hp/lifesupport2010/page7	lifesupport2010@gmail.com	06-6264-6778	5410054	大阪府	大阪市中央区南本町１丁目３番２３号	大阪府大阪市中央区南本町１丁目３番２３号	個人事業者の経営サポートを提供する会社	大阪府に拠点を置き、個人事業者の経営サポートを提供するコンサルティング会社です。主に経営コンサル業務に従事し、幅広い分野でクライアントのビジネス成果を最大化するための戦略的アドバイスを提供しています。	コンサルティング	経営コンサル
株式会社ギブ・スパイラル・ジャパン	8120001144215	40	http://www.give-spiral.co.jp/contact/	http://www.give-spiral.co.jp/	info@give-spiral.co.jp	06-6311-8337	5300001	大阪府	大阪市北区梅田３丁目２－２ＪＰタワー大阪１３Ｆ	大阪府大阪市北区梅田３丁目２－２ＪＰタワー大阪１３Ｆ	交渉アドバイザリー業や交渉力向上のセミナーを主催する企業	2010年5月11日に設立された大阪府に拠点を置く企業です。同社は、交渉アドバイザリー業や交渉力向上のセミナーを主催するほか、研修セミナー事業、企業内トレーニングアウトソーシング事業、投資アドバイザリー事業などを展開しています。主要な業界は人材・アウトソーシング、コンサルティング、企業研修、セミナー、資産運用コンサル、経営コンサルです。	コンサルティング	経営コンサル
ＣＳコンサルティング株式会社	8120001166507	20	http://www.cs-consulting.co.jp/contact/	http://www.cs-consulting.co.jp/company/	info@cs-consulting.co.jp	06-6303-1414	5320011	大阪府	大阪市淀川区西中島３丁目１０番１３号新大阪物産ビル５階	大阪府大阪市淀川区西中島３丁目１０番１３号新大阪物産ビル５階	飲食業界のアドバイザー兼ラーメン店FC本部運営企業	大阪府に拠点を置く飲食業界のアドバイザー兼ラーメン店FC本部運営企業です。2007年6月に設立され、ラーメン店舗運営事業、洋菓子店運営事業、中国料理店経営事業、フランチャイズチェーン事業など、さまざまな事業を展開しています。主要な業界は飲食・外食、食品、その他サービス、コンサルティング、洋菓子、その他団体、中華・ラーメン、経営コンサル、その他外食です。	コンサルティング	経営コンサル
株式会社ＳＥＶＥＮ	8120001171184	0	http://seven-7.co.jp/contact/		info@seven-7.co.jp	06-6345-7750	5300002	大阪府	大阪市北区曾根崎新地１丁目３番３１号	大阪府大阪市北区曾根崎新地１丁目３番３１号	コンサルティング等7種の事業と新規事業を展開する企業	大阪府に拠点を置き、2011年03月に設立された企業です。同社はコンサルティング等7種の事業と新規事業を展開しており、主に保険アドバイザリー事業や投資アドバイザリー事業に従事しています。コンサルティングや資産運用コンサルを中心に、総合系コンサル業界で幅広いサービスを提供しています。	コンサルティング	総合系コンサル
株式会社オレコン	8120001176860	3	https://www.orecon.co.jp/contact	https://orecon.co.jp/company/	customer-relations@orecon.co.jp	050-3754-3452	1070051	東京都	港区元赤坂１丁目２－７赤坂Ｋタワー４Ｆ	東京都港区元赤坂１丁目２－７赤坂Ｋタワー４Ｆ	ウェブ広告コンサル企業	東京都を拠点にするウェブ広告コンサル企業です。2013年4月18日に設立され、セミナー企画・運営事業、研修セミナー事業、Webマーケティング支援事業、経営研修事業などを展開しています。主要な業種はIT、人材・アウトソーシング、コンサルティング、Webマーケコンサル、企業研修、セミナー、経営コンサルです。	コンサルティング	経営コンサル
亜洲日生株式会社	8120001178428	0	http://mukyoku.jp/contact.html	http://mukyoku.jp	sekihara@asianistec.com.tw	06-6300-7838	5620034	大阪府	箕面市西宿３丁目５番７号	大阪府箕面市西宿３丁目５番７号	台湾や中国と取引し、街路灯などの照明の卸売を行う企業	2000年6月に大阪府で設立された照明器具卸売事業を行う会社です。台湾や中国との取引を通じて、街路灯などの照明製品の卸売を手掛けています。また、商取引事業や品質管理サービス事業なども展開しています。亜洲日生株式会社は、機械・生活用品・商社・その他サービス・コンサルティングなどの業界で幅広い活動を行っています。	コンサルティング	経営コンサル
株式会社アドバンスシフト	8120001181332	0	https://advance-shift.jp/contact/	https://advance-shift.co.jp/	info@advance-shift.jp		5470027	大阪府	大阪市平野区喜連４丁目８番７１－４０５号	大阪府大阪市平野区喜連４丁目８番７１－４０５号	コンサルティング及びセミナー事業を展開する企業	2013年12月に設立され、大阪府に拠点を置くコンサルティング及びセミナー事業を展開する企業です。主な業務は、研修セミナー事業と企業内トレーニングアウトソーシング事業であり、人材・アウトソーシング、コンサルティング、企業研修、セミナー、経営コンサルの分野で活動しています。	コンサルティング	経営コンサル
ビーワン株式会社	8120001183080	6	http://beonefood.co.jp/contact/	http://beonefood.co.jp/outline	info@beonefood.co.jp	03-6434-7078	5300001	大阪府	大阪市北区梅田１丁目１番３号	大阪府大阪市北区梅田１丁目１番３号	飲食店オーナーのための、資金調達から事務手続きまでをサポートする企業	大阪府に拠点を置き、飲食店オーナーのための資金調達から事務手続きまでをサポートする企業です。2010年2月に設立され、給与処理アウトソーシング事業と社会保険手続き代行サービス事業を展開しています。人材・アウトソーシング、コンサルティング、人材派遣、経営コンサルの業界で活躍しています。	コンサルティング	経営コンサル
九彦株式会社	8120001190184	0	http://mstage.biz/contact/	https://www.kyugen.co.jp/		06-4862-5989	5300047	大阪府	大阪市北区西天満５丁目１５番９号アバンセ西天満ビル３Ｆ	大阪府大阪市北区西天満５丁目１５番９号アバンセ西天満ビル３Ｆ	経営コンサルティング企業がビジネスマッチングを活用	2015年4月に設立され、大阪府に拠点を置く経営コンサルティング企業です。同社は経営コンサルティングを通じてビジネスマッチングを活用し、主に人材戦略コンサルティング事業に従事しています。コンサルティング、組織コンサル、経営コンサルの業界で活躍しています。	コンサルティング	経営コンサル
株式会社ティーアイエム	8120001196826	0	http://tim-h.co.jp/contact/	http://tim-h.co.jp		06-6225-1256	5500002	大阪府	大阪市西区江戸堀２丁目１－１	大阪府大阪市西区江戸堀２丁目１－１	ビジネスマッチング＆健康製品・消臭剤販売企業	2016年3月10日に大阪府で設立されたビジネスマッチング＆健康製品・消臭剤販売企業です。同社は、消臭商品販売事業、栄養補助食品販売事業、ビジネスマッチングサービス事業を展開しており、生活用品、食品、人材・アウトソーシング、コンサルティング、健康食品、その他人材、清掃用器具・用品、トイレタリー、経営コンサルなどの業界で幅広く活動しています。	コンサルティング	経営コンサル
ホテルマネジメント株式会社	8120001197758	0	http://www.hotel-management.jp/contact.html	http://hotel-management.jp	info@hotel-management.jp	06-6136-5545	5310076	大阪府	大阪市北区大淀中２丁目１１番８号	大阪府大阪市北区大淀中２丁目１１番８号	施設運営企業が宿泊施設を全体的に借り上げ、管理を行う	2016年4月22日に大阪府で設立された施設運営企業です。同社は宿泊施設を全体的に借り上げ、管理業務を行っており、宿泊施設マネジメント事業やホテルマネジメント事業などを展開しています。また、Webマーケティング支援事業やホテル経営支援事業なども行い、ITやコンサルティング、観光・宿泊・レジャー業界で幅広いサービスを提供しています。	コンサルティング	経営コンサル
株式会社グローバルコミュニケーションズ	8120001204068	0	https://globalcommunications.jimdo.com/%E3%81%8A%E5%95%8F%E3%81%84%E5%90%88%E3%82%8F%E3%81%9B/	https://globalcommunications.jimdo.com		090-9628-2606	5450052	大阪府	大阪市阿倍野区阿倍野筋５丁目５番８号	大阪府大阪市阿倍野区阿倍野筋５丁目５番８号	ビジネスコンサルティング業者、企業・個人向け	2017年3月6日に大阪府で設立されたビジネスコンサルティング業者です。同社は主に企業や個人を対象に、人材戦略コンサルティング事業を展開しています。コンサルティング、組織コンサル、経営コンサルの分野において幅広い経験を持つ同社は、お客様の目標達成に向け、効果的な戦略策定と実行支援を提供しています。	コンサルティング	経営コンサル
有限会社グロウメイツ	8120002068363	0	http://growmates.com/inquiry/	http://growmates.com/	info@growmates.com	06-6125-5682	5410056	大阪府	大阪市中央区久太郎町３丁目１番２７号５階	大阪府大阪市中央区久太郎町３丁目１番２７号５階	フランチャイズをサポートする企業		コンサルティング	経営コンサル
株式会社アスコ	8120101020844	45	http://www.usco.jp/About/Inquiry	https://www.usco.jp/company/		06-6210-5435	5500004	大阪府	大阪市西区靱本町１丁目１２番４号	大阪府大阪市西区靱本町１丁目１２番４号	アスコグループ傘下の経営・ITコンサルタント企業	大阪府に拠点を置くアスコグループ傘下の経営・ITコンサルタント企業であり、主にネットワークインフラ設置事業に従事しています。2003年7月に設立され、IT、コンサルティング、ITインフラストラクチャー、経営コンサルの業界で活動しています。	コンサルティング	経営コンサル
株式会社せんたくウサギチェーン	8120101049140	4	http://s-usagi.co.jp/form/form_1.html	http://s-usagi.co.jp/	cs@s-usagi.co.jp	072-449-4150	5960822	大阪府	岸和田市額原町８４番地の１	大阪府岸和田市額原町８４番地の１	コインランドリー事業者を支援する企業	大阪府を拠点に、コインランドリー事業者を支援する企業です。セールスアウトソーシング事業と産業用機器の貸し出し事業を展開しています。2012年12月に設立され、機械、人材・アウトソーシング、コンサルティング、営業代行・販売代行、機械レンタル・リース、経営コンサルの業界で活動しています。	コンサルティング	経営コンサル
株式会社アルチエ	8120101049479	2	https://www.archie.co.jp/contact	https://www.archie.co.jp/	info@archie.co.jp	0120-882-821	5800033	大阪府	松原市天美南５丁目５番１７号	大阪府松原市天美南５丁目５番１７号	中東でのビジネス展開支援を行う企業	2013年2月に大阪府で設立された企業です。同社は中東でのビジネス展開支援を行う海外ビジネスアドバイザリー事業に取り組んでおり、コンサルティング、経営コンサル、その他コンサルという業界で活動しています。	コンサルティング	経営コンサル
株式会社ＣＭＭ	8120101052689	0	http://cmm-japan.com/#section04	http://cmm-japan.com		06-6147-7990	5890005	大阪府	大阪狭山市狭山１丁目７３４番地の５	大阪府大阪狭山市狭山１丁目７３４番地の５	薬局業務コンサルティング会社	大阪府を拠点にしている薬局業務コンサルティング会社です。同社は2015年2月に設立され、人材・アウトソーシング、コンサルティング、営業代行・販売代行、セミナー、販促コンサル、経営コンサルなどの業界で、マーケティングコンサルティング事業、セールスアウトソーシング事業、研修セミナー事業を展開しています。	コンサルティング	経営コンサル
有限会社ヒルママネージメントオフィス	8120102023895	8	https://cms.plimo.com/cgi-bin/inquiry/www.taxbiz.co.jp/?blog_id=1142&amp;form_id=5696&amp;type=view&amp;token=5MfbP4UwX4FCyABmZh5KCoSjj3DqToMVBLY0O38u	http://www.taxbiz.co.jp/		072-462-8778	5980011	大阪府	泉佐野市高松北１丁目５番３５号	大阪府泉佐野市高松北１丁目５番３５号	戦略と計画の策定を支援する経営コンサルタント企業	1991年に設立された大阪府に拠点を置く経営コンサルタント企業です。同社は戦略と計画の策定を支援し、さまざまな事業を展開しており、その中には会計・税務アドバイザリー事業、補助金申請支援事業、農業支援事業、医療開業支援業などが含まれています。主要な業界は士業、人材・アウトソーシング、その他サービス、コンサルティングであり、会計士、事務処理代行、人材派遣、その他サービス、経営コンサル、その他コンサルなどの分野にも力を入れています。	コンサルティング	経営コンサル
株式会社ＭＩＳ	8120901030514	2	https://mis-medical.jp/contact/	https://mis-medical.jp		06-6323-5110	5650872	大阪府	吹田市上山田６番８－９０６号	大阪府吹田市上山田６番８－９０６号	東淀川区にある企業で、総合コンサルティング業務を行っています	大阪府に拠点を置き、総合コンサルティング業務を行っている企業です。同社は2011年10月に設立され、医師紹介サービス、税務アドバイザリー事業、不動産活用相談事業を展開しています。主に士業、人材・アウトソーシング、コンサルティング、総合系コンサル、税理士、医療コンサル、人材紹介、経営コンサル、不動産コンサルの業界で活動しています。	コンサルティング	総合系コンサル
有限会社プラン．ドゥ	8122002010148	0	https://plan-do.jp/form	http://plan-do.jp/index.html	plan.do@cup.ocn.ne.jp	072-275-4908	5918022	大阪府	堺市北区金岡町７０４番地２エバーグリーン金岡３号館７０１号室	大阪府堺市北区金岡町７０４番地２エバーグリーン金岡３号館７０１号室	活性化支援のコンサルティング会社、中小・零細企業対象	大阪府に拠点を置く活性化支援のコンサルティング会社です。中小・零細企業をターゲットに、経営コンサルティングを提供しています。コンサルティング業界で長年の経験を持ち、中小企業の成長や発展に貢献しています。	コンサルティング	経営コンサル
皆幸一番株式会社	8130001031321	0	https://kaiko-ichiban-s.cms2.jp/contact.html	http://kaiko-ichiban.net/		075-604-5501	6020858	京都府	京都市上京区寺町通広小路下る東桜町７番地	京都府京都市上京区寺町通広小路下る東桜町７番地	京都市伏見区の販促コンサル企業	2008年1月に京都府に設立された広告・制作、コンサルティング、販促コンサルの事業を展開している会社です。主な事業内容は、宣伝物印刷事業、名刺作成事業、販促企画事業です。皆幸一番株式会社は、京都市伏見区に拠点を置く販促コンサル企業として、紙媒体印刷や経営コンサルにも力を入れています。	コンサルティング	経営コンサル
アンビシャス株式会社	8130002024472	0	http://www.ambitious-kyoto.co.jp/contact/	https://ambitious-kyoto.co.jp/		075-254-5315	6048166	京都府	京都市中京区三条通烏丸西入御倉町８５番地１烏丸ビル８階	京都府京都市中京区三条通烏丸西入御倉町８５番地１烏丸ビル８階	財務と経営のコンサルタント企業	2006年4月に京都府に設立された財務と経営のコンサルタント企業です。同社はブランド戦略策定事業、税務アドバイザリー事業、会計・税務アドバイザリー事業を展開しており、士業、コンサルティング、税理士、会計士、財務コンサル、販促コンサル、起業コンサル、組織コンサル、経営コンサルの業界で活動しています。	コンサルティング	財務コンサル
平安監査法人	8130005014479	2	http://www.sogokeiei.co.jp/contact/index.html	http://www.sogokeiei.co.jp/heian/		075-211-7550	6040847	京都府	京都市中京区烏丸通二条下る秋野々町５２９番地ヒロセビル	京都府京都市中京区烏丸通二条下る秋野々町５２９番地ヒロセビル	中小企業及び医療、介護、社会福祉法人を対象にした支援サービスと会計監査を提供する企業	2016年2月4日に京都府に設立された企業であり、中小企業及び医療、介護、社会福祉法人を対象にした支援サービスと会計監査を提供しています。主な業務は財務監査サービスであり、コンサルティング、監査法人、財務コンサル、経営コンサルを含む業界に位置しています。	コンサルティング	財務コンサル
株式会社シリウス	8140001029240	0	http://www.sirius555.com/contact/	https://www.sirius555.com/profile/index.html	info@sirius555.com	078-851-0697	6570034	兵庫県	神戸市灘区記田町２丁目３番１３号	兵庫県神戸市灘区記田町２丁目３番１３号	保険と事業承継に関するコンサルティングを提供している企業	2008年4月に設立された兵庫県に拠点を置く企業であり、保険と事業承継に関するコンサルティングを提供しています。同社の主な事業は、保険アドバイザリー事業と相続アドバイザリー事業であり、コンサルティング、資産運用コンサル、経営コンサルの業界において活動しています。	コンサルティング	経営コンサル
株式会社観光文化研究所	8140001032203	2	https://www.tourism-culture.co.jp/inquiry/	https://www.tourism-culture.co.jp/	info@tourism-culture.co.jp	078-945-7250	6510094	兵庫県	神戸市中央区琴ノ緒町５丁目２番２－４０１号	兵庫県神戸市中央区琴ノ緒町５丁目２番２－４０１号	経営課題に対応するコンサルティング企業	兵庫県を拠点とする経営課題に対応するコンサルティング企業です。2010年1月に設立され、人材・アウトソーシング、その他サービス、コンサルティング、企業研修、販促コンサル、研究・調査・リサーチ、経営コンサルの業界で活動しています。主な事業はカスタマーサービス研修事業です。	コンサルティング	経営コンサル
株式会社総研	8140001082611	1	http://soken33.jp/%E3%82%B3%E3%83%B3%E3%82%B5%E3%83%AB%E3%83%86%E3%82%A3%E3%83%B3%E3%82%B0%E3%81%8A%E5%95%8F%E3%81%84%E5%90%88%E3%82%8F%E3%81%9B/	http://soken33.jp		0797-83-0070	6650867	兵庫県	宝塚市売布東の町１６番３号	兵庫県宝塚市売布東の町１６番３号	経営相談や企業研修などを提供する会社	2005年6月に設立された兵庫県を拠点にマーケティングコンサルティング事業や研修セミナー事業を提供する会社である。主な業務には経営相談や企業研修が含まれ、人材・アウトソーシング、コンサルティング、セミナー、販促コンサル、経営コンサルの業界で活動している。	コンサルティング	経営コンサル
株式会社ベストパートナーズ	8140001088807	0	https://www.hyogo-houjin.or.jp/contact	http://senoo.net/index.html	hyogo@hyogo-houjin.or.jp	06-6429-1301	6610012	兵庫県	尼崎市南塚口町２丁目６番２７号	兵庫県尼崎市南塚口町２丁目６番２７号	税務・行政・会計の専門事務所を運営する企業	兵庫県に拠点を置き、税務・行政・会計の専門事務所を運営する企業です。1989年8月に設立され、士業、人材・アウトソーシング、コンサルティングなどの業界で活動しています。同社の主な業務には、会計システムコンサルティング事業、相続アドバイザリー事業、財務・会計業務アウトソーシング事業、税務申告書作成事業が含まれています。	コンサルティング	財務コンサル
株式会社プレジデンツビジョン	8140001088831	1	http://presidents-vision.com/contact/	http://presidents-vision.com/		079-246-5018	6728013	兵庫県	姫路市白浜町宇佐崎北３丁目４５０番地	兵庫県姫路市白浜町宇佐崎北３丁目４５０番地	キャッシュフロー改善の財務コンサルティング専門企業	兵庫県に拠点を置くキャッシュフロー改善の財務コンサルティング専門企業です。同社は主に財務アドバイザリー事業を展開し、コンサルティング業界や財務コンサル、経営コンサルにおいて幅広いサービスを提供しています。	コンサルティング	経営コンサル
ＭＹソリューション合同会社	8140003006221	1	http://www.mysolution.jp/contact.html	https://www.mysolution.jp/		078-982-4311	6511114	兵庫県	神戸市北区鈴蘭台西町１丁目１９－９サングレイ西鈴１０１	兵庫県神戸市北区鈴蘭台西町１丁目１９－９サングレイ西鈴１０１	中小企業のマーケティングやIT戦略に特化した、セールスプロモーションの支援を行う企業	2011年7月に設立された兵庫県に拠点を置く、中小企業のマーケティングやIT戦略に特化した、セールスプロモーションの支援を行う企業です。主な業務はWebマーケティング支援事業であり、ITやコンサルティング、Webマーケコンサル、経営コンサルの分野で活動しています。	コンサルティング	経営コンサル
ケイアイエス株式会社	8160001000678	9	http://kis-iso.co.jp/inq/form/	http://kis-iso.co.jp/	kiskk@grn.mmtr.or.jp	0748-41-0568	5211341	滋賀県	近江八幡市安土町上豊浦１０３０番地	滋賀県近江八幡市安土町上豊浦１０３０番地	ISO認証コンサルティングとパソコン教室を運営する企業	滋賀県に拠点を置き、ISO認証コンサルティングとパソコン教室を運営する企業です。パソコン学習支援事業と人材戦略コンサルティング事業を主力とし、1998年に設立されました。教育、コンサルティング、IT系教育、各種スクール・教室、組織コンサル、経営コンサルの業界で活躍しています。	コンサルティング	経営コンサル
株式会社シード	8170001005503	3	http://www.seed-inc.com/contact.htm	http://www.seed-inc.com	nishitani@seed-inc.com		6408331	和歌山県	和歌山市美園町３丁目３４番地	和歌山県和歌山市美園町３丁目３４番地	商品パッケージやその他デザインを手がける会社	和歌山県に拠点を置き、商品パッケージやその他デザインを手がける会社です。1990年8月に設立され、主な業務としては商品パッケージングデザイン事業とデザイン制作事業を展開しています。広告・制作、コンサルティング、デザイン、経営コンサルの業界で活動しています。	コンサルティング	経営コンサル
スターフードジャパン株式会社	8170001007029	0	http://starfood-japan.com/contact/	https://starfood-japan.com/		073-419-2402	6408329	和歌山県	和歌山市田中町５丁目１番地の８エンゼルヴィフラッツ和歌山８０３号	和歌山県和歌山市田中町５丁目１番地の８エンゼルヴィフラッツ和歌山８０３号	食品マーケティングのサポートを提供する企業商品開発や販路拡大なども行う企業	2010年4月に和歌山県に設立された食品マーケティングのサポートを提供する企業であり、商品開発や販路拡大なども行っています。同社の主な事業には、ブランド戦略策定事業、マーケティングコンサルティング事業、研修セミナー事業、商品開発事業、商品開発アドバイザリー事業があります。スターフードジャパンは、人材・アウトソーシング、その他サービス、コンサルティング、企業研修、セミナー、販促コンサル、経営コンサルなどの業界で活動しています。	コンサルティング	経営コンサル
株式会社セイコーグループ	8170001008332	0	http://seikogroup.co.jp/contact	http://seikogroup.co.jp/		0736-77-3777	6496412	和歌山県	紀の川市黒土３１２番地２	和歌山県紀の川市黒土３１２番地２	葬儀やビジネスアドバイザリーを提供している会社	和歌山県に位置し、葬儀やビジネスアドバイザリーを提供しています。2007年11月に設立され、葬祭施設運営事業、グループ企業経営事業、野菜販売事業を展開しています。その他サービス、エネルギー、小売・販売・卸売、コンサルティング、八百屋・鮮魚店、食品店、葬儀、経営コンサル、ガス・燃料製品・採掘の業界で活動しています。	コンサルティング	経営コンサル
株式会社アリビオ	8170001012862	4	http://www.alivio-co.jp/otoiawase.php	http://www.alivio-co.jp/	info@alivio-co.jp	0739-26-5654	6460027	和歌山県	田辺市朝日ヶ丘２１番１号	和歌山県田辺市朝日ヶ丘２１番１号	企業の経理サポートを提供する事業者	和歌山県に拠点を置く企業の経理サポートを提供する事業者です。2013年3月に設立され、主な業務は会計システムコンサルティング事業です。コンサルティング、財務コンサル、経営コンサルを中心に展開しています。	コンサルティング	財務コンサル
株式会社笑顔創造	8170001013200	3	http://egaosouzou.jp/contact	http://egaosouzou.jp/	e-info@egaosouzou.jp	073-424-3445	6408024	和歌山県	和歌山市元寺町４丁目４番地元寺ウィンビル４Ｆ	和歌山県和歌山市元寺町４丁目４番地元寺ウィンビル４Ｆ	ビジネス支援・イベント主催企業	和歌山県に拠点を置くビジネス支援・イベント主催企業です。2013年12月に設立され、主に補助金申請支援事業と経営研修事業を提供しています。同社は人材・アウトソーシング、その他サービス、コンサルティング、企業研修、事務処理代行、経営コンサルなどの業界に従事しています。	コンサルティング	経営コンサル
株式会社北見式賃金研究所	8180001045317	1	https://ss1.xrea.com/www.zubari-tingin.com/c-forms.html	http://tingin.jp/	kitami@tingin.jp	052-505-6237	4520805	愛知県	名古屋市西区市場木町４７８番地	愛知県名古屋市西区市場木町４７８番地	中小企業の給与診断を実施している企業	愛知県に位置する企業で、中小企業の給与診断を実施しています。ビジネスリサーチ事業や経営研修事業を手がけており、1995年に設立されました。人材・アウトソーシング、その他サービス、コンサルティング、企業研修、財務コンサル、研究・調査・リサーチの業界で活動しています。	コンサルティング	財務コンサル
株式会社トヨタアカウンティングサービス	8180001048204	166	https://www.tasc2000.net/contact/	https://www.tasc2000.net/		052-581-7770	4500002	愛知県	名古屋市中村区名駅３丁目２５番９号	愛知県名古屋市中村区名駅３丁目２５番９号	会計業務や人材派遣を手がける企業	愛知県に拠点を置く会計業務や人材派遣を手がける企業です。1999年に設立され、主な業務として財務監査サービス、セミナー企画・運営事業、文書作成代行事業、事務職種の人材派遣事業、研修セミナー事業、会計・税務アドバイザリー事業、財務・会計業務アウトソーシング事業、英語翻訳事業などを展開しています。主な業界は士業、人材・アウトソーシング、コンサルティング、監査法人、会計士、セミナー、人材紹介、事務処理代行、業務請負、翻訳・通訳、人材派遣、経営コンサルです。	コンサルティング	経営コンサル
株式会社ＧＭアソシエイツ	8180001055563	6	http://www.gmaso.com/contact.html	http://www.gmaso.com/company.html		052-857-1155	4600003	愛知県	名古屋市中区錦３丁目１５番１号	愛知県名古屋市中区錦３丁目１５番１号	発電やカフェなどの事業を展開する戦略コンサルティングファーム	愛知県に拠点を置く戦略コンサルティングファームです。同社は、発電やカフェなどの事業を展開しており、幅広い業界において会計システムコンサルティング事業、営業支援サービス事業、ソーラーパワー事業、環境アドバイザリー事業を提供しています。2005年05月に設立されたＧＭアソシエイツは、建設、飲食・外食、エネルギー、コンサルティング、環境コンサルなどの多岐にわたる業界で活躍しています。	コンサルティング	経営コンサル
株式会社ピアズ	8180001056958	531	https://peers.jp/contact/	https://peers.jp/	info@peers.jp	03-6811-2211	1080075	東京都	港区港南２丁目１６番４号	東京都港区港南２丁目１６番４号	店舗経営や人材育成、販促活動などをサポートする企業	東京都を拠点に、店舗経営や人材育成、販促活動などをサポートする企業です。2005年1月1日に設立され、販売アドバイザリー事業、店舗デザイン企画事業、販促企画事業を展開しています。建設、人材・アウトソーシング、コンサルティング、人材紹介、人材派遣、販促コンサル、店舗デザイン、経営コンサルなど、幅広い業界にサービスを提供しています。	コンサルティング	経営コンサル
セレンディップ・ホールディングス株式会社	8180001058335	82	https://www.serendip-c.com/contact/	https://www.serendip-c.com/company/		052-222-5306	4600003	愛知県	名古屋市中区錦１丁目５番１１号	愛知県名古屋市中区錦１丁目５番１１号	事業再生や継承、資金調達などのコンサルティングを提供する企業	愛知県を拠点とする企業であり、事業再生や継承、資金調達などのコンサルティングを提供しています。2006年12月に設立されたセレンディップ・ホールディングスは、ビジネス承継支援事業、営業支援サービス事業、会計・税務アドバイザリー事業を展開し、士業、その他サービス、コンサルティング、会計士、経営コンサル、その他コンサルという広い範囲の業界において活動しています。	コンサルティング	経営コンサル
株式会社名古屋コンサル２１	8180001086451	0	http://www.nc21.jp/contact/	https://www.nc21.jp/		0586-25-8380	4910015	愛知県	一宮市大赤見字下河原１７２９番地３	愛知県一宮市大赤見字下河原１７２９番地３	ITや経営に関するサポートを提供する企業	2007年6月に愛知県で設立されたITや経営に関するサポートを提供する企業です。営業支援サービス事業、企業内トレーニングアウトソーシング事業、システムインテグレーション事業を展開しており、IT、人材・アウトソーシング、コンサルティング、Webアプリ・サービス運営、企業研修、経営コンサル、その他コンサル、ソフトウェア販売などの産業に携わっています。	コンサルティング	経営コンサル
株式会社心経営	8180001090230	40	https://kokoro-556.sakura.ne.jp/form-group/about-group.html	http://www.bengoshi-kokoro.com/about/keiei/index.php	info@kokoro.law	052-485-5463	4530015	愛知県	名古屋市中村区椿町１４番１３号ウエストポイント７Ｆ	愛知県名古屋市中村区椿町１４番１３号ウエストポイント７Ｆ	企業の経営相談業務を行う企業	愛知県に拠点を置く企業であり、企業の経営相談業務を提供しています。2010年9月に設立され、建設、コンサルティング、ITコンサル、店舗デザイン、組織コンサル、経営コンサル、その他コンサルの業界で活動しています。主な事業は、ウェブサイトのコンサルティング事業、営業支援サービス事業、店舗デザイン企画事業です。	コンサルティング	経営コンサル
株式会社ＨＮＴ	8180001116324	1	http://hnt.link/contact/	http://hnt.link	elle-volage@shop.rakuten.co.jp	052-521-3025	5520016	大阪府	大阪市港区三先１丁目１番７号	大阪府大阪市港区三先１丁目１番７号	オンラインストアのコンサルティングを提供する企業	大阪府に位置するオンラインストアのコンサルティングを提供する企業です。主な事業は財布製品販売事業、営業支援サービス事業、Webマーケティング支援事業、検索エンジン最適化対策事業を展開しています。ＨＮＴはIT、小売・販売・卸売、コンサルティング、Webマーケコンサル、レディースアパレル販売、その他IT、雑貨販売、経営コンサル、その他コンサル、メンズアパレル販売などの幅広い業界でサービスを提供しています。	コンサルティング	経営コンサル
創ビジネスコンサルティング株式会社	8180001124418	5	http://sohkei-sc.com/contact/	https://sohkei-sbc.com/		052-581-0030	4510046	愛知県	名古屋市西区牛島町６番１号名古屋ルーセントタワー３６階	愛知県名古屋市西区牛島町６番１号名古屋ルーセントタワー３６階	財務相談を提供している企業	愛知県に拠点を置く財務相談を提供している企業です。会社はビジネス承継支援事業と相続アドバイザリー事業に従事しており、2016年8月9日に設立されました。その業界はその他サービス、コンサルティング、財務コンサル、その他サービス、資産運用コンサルの範疇に属しています。	コンサルティング	財務コンサル
ビジネスアートコンサルツ有限会社	8180002033790	1	https://www.business-art.org/otoiawase	https://www.business-art.org/blank-1	yhibi@business-art.org	052-700-7259	4901114	愛知県	あま市下萱津山伏４３番３	愛知県あま市下萱津山伏４３番３	戦略や人材開発について支援するコンサルティング企業	愛知県を拠点にする戦略や人材開発について支援するコンサルティング企業です。1994年12月に設立された同社は、マーケティングコンサルティング事業、商品開発アドバイザリー事業、人材戦略コンサルティング事業、システムインテグレーション事業を展開しており、IT、コンサルティング、Webアプリ・サービス運営、販促コンサル、組織コンサル、経営コンサルなどの幅広い業界に対応しています。	コンサルティング	経営コンサル
ＩＤルーブル株式会社	8180002049853	1	http://id-louvre.com/contact/	http://id-louvre.com/	Tomotomi@id-louvre.com	052-806-0361	4701201	愛知県	豊田市豊栄町１２丁目３１番地	愛知県豊田市豊栄町１２丁目３１番地	韓国ビジネス進出コンサル企業	2001年11月に愛知県で設立された韓国ビジネス進出コンサル企業です。同社はマーケティングコンサルティング事業、セールスアウトソーシング事業、海外ビジネスアドバイザリー事業、韓国語通訳・翻訳事業を提供しています。主にIT、人材・アウトソーシング、コンサルティング、Webアプリ・サービス運営、営業代行・販売代行、翻訳・通訳、販促コンサル、経営コンサルなどの産業に関与しています。	コンサルティング	経営コンサル
株式会社アンドリュウ	8180301002703	2	https://x-yz.jp/contact.html	https://x-yz.jp/andryu.html	eiko-yamamoto@tkcnf.or.jp	0564-71-2333	4440814	愛知県	岡崎市羽根町字小豆坂１６５番地１	愛知県岡崎市羽根町字小豆坂１６５番地１	企業が経営コンサルティングや税務セミナーを行う企業	愛知県に位置し、2001年12月に設立された税理士事務所です。同社は主に経営コンサルティングや税務セミナーを提供する士業企業であり、税務アドバイザリー事業、保険アドバイザリー事業、研修セミナー事業を展開しています。主要な業界は不動産、コンサルティング、税理士、セミナーなどの人材・アウトソーシング、不動産、資産運用コンサル、経営コンサルです。	コンサルティング	経営コンサル
芙蓉ホールディングス株式会社	8180301008493	0	http://fuyou-h.com/contact/index.htm	https://www.fuyou-h.com/		0532-55-1936	4400081	愛知県	豊橋市大村町字仲田１１２番地の２	愛知県豊橋市大村町字仲田１１２番地の２			コンサルティング	経営コンサル
株式会社エムアンドシー	8180301012487	4	http://welfare-aichi.com/%E3%81%8A%E5%95%8F%E5%90%88%E3%81%9B/	https://m-and-c.net/		0533-75-6061	4420889	愛知県	豊川市南大通２丁目１７番地	愛知県豊川市南大通２丁目１７番地	介護施設の売却や譲渡の仲介業者	愛知県に拠点を置く介護施設の売却や譲渡の仲介業者です。さらに、介護事業のコンサルティングサービスも提供しています。同社は主にコンサルティング、経営コンサル、その他コンサルの分野で活動しています。	コンサルティング	経営コンサル
株式会社Ｋａｉｒｏｓ	8190001003174	1	http://kairos-i.co.jp/?page_id=305	https://kairos-i.co.jp/	kairos-i@kairos-i.co.jp	059-222-1213	5140006	三重県	津市広明町１１２番地５	三重県津市広明町１１２番地５	企業に対し、経営や人事に関するアドバイスや支援を提供する企業	2005年6月に設立された三重県を拠点に、企業に対し経営や人事に関するアドバイスや支援を提供しています。同社はマーケティングコンサルティング事業、ビジネス承継支援事業、営業支援サービス事業、人材戦略コンサルティング事業、講義者派遣事業など、幅広い活動を展開しており、人材・アウトソーシング、コンサルティング、人材派遣、販促コンサル、組織コンサル、経営コンサルなどの業界にサービスを提供しています。	コンサルティング	経営コンサル
株式会社ウェルコ	8190001011953	6	http://welco-company.com/contact.html	http://welco-company.com/index.html		059-253-3281	5140819	三重県	津市高茶屋６丁目１０番１４号	三重県津市高茶屋６丁目１０番１４号	医療・福祉分野のコンサルティング企業	三重県を拠点とした医療・福祉分野のコンサルティング企業です。同社は福祉人材派遣事業、医療器具販売事業、そして高齢者向け施設運営事業を展開しています。医療・製薬・福祉、人材・アウトソーシング、コンサルティング、医療機器、障害者福祉、介護用品など幅広い業界をカバーし、経営コンサルティングも提供しています。	コンサルティング	経営コンサル
株式会社ミッドランド経営	8190001016119	81	http://www.midland-g.jp/contact/	http://midland-g-mie.jp/	office@fmi-g.co.jp	059-353-6767	5100821	三重県	四日市市久保田１丁目６番８号	三重県四日市市久保田１丁目６番８号			コンサルティング	経営コンサル
株式会社開成堂	8200001020234	1	https://www.kaiseido.co.jp/contact	https://www.kaiseido.co.jp/company		0575-29-7077	5013911	岐阜県	関市肥田瀬２７７３番地４	岐阜県関市肥田瀬２７７３番地４	寺院の再生支援や仏具の製造・販売を手がける企業	岐阜県を拠点に寺院の再生支援や仏具の製造・販売を手がける企業です。仏教用具販売事業、仏具修繕事業、仏教用具製造事業を展開しており、IT、エンタメ・娯楽、小売・販売・卸売、コンサルティング、仏具、イベント、経営コンサル、eコマースなどの業界で活動しています。	コンサルティング	経営コンサル
株式会社ＩＤＥＮＴＩＴＹ	8200001033087	1	https://form.run/@corp-contact	https://identity.city/about/	contact@identity.city		5050041	岐阜県	美濃加茂市太田町２６８９番地１４	岐阜県美濃加茂市太田町２６８９番地１４	地域企業のデジタルマーケティング支援をする会社	2016年7月25日に岐阜県に設立された地域企業のデジタルマーケティングを支援する会社です。同社の事業は、ブランド戦略策定事業、マーケティングコンサルティング事業、営業支援サービス事業に焦点を当てています。広告・制作、コンサルティング、Web制作、販促コンサル、経営コンサルなどのさまざまな業界で活動しています。	コンサルティング	経営コンサル
中央経研株式会社	8220001007832	4	http://www.hotbiz.co.jp/toiawse.html	http://www.hotbiz.co.jp/	yasu123@tkcnf.or.jp	176-263-5088	9200043	石川県	金沢市長田２丁目２５番１８号	石川県金沢市長田２丁目２５番１８号	企業の経営改善を支援するコンサルティング企業	石川県に拠点を置くコンサルティング企業です。同社は企業の経営改善を支援し、人材戦略コンサルティング事業や経営研修事業などを展開しています。主な業種は人材・アウトソーシング、コンサルティング、企業研修、財務コンサル、組織コンサル、経営コンサルなどです。	コンサルティング	経営コンサル
株式会社ｅｒ	8220001009548	4	http://www.erg-er.jp/mail/mail.php	http://erg-er.jp/company		076-201-8228	9218801	石川県	野々市市御経塚３丁目２２４番地	石川県野々市市御経塚３丁目２２４番地	商業施設運営コンサルティング及び店舗デザイン・設計を提供する企業	石川県に所在する企業で、商業施設運営コンサルティング及び店舗デザイン・設計を提供しています。同社の主な事業は、店舗空間デザイン事業、店舗設計事業、美容室・サロン経営コンサルティング業、メールマガジン配信サービスです。2005年4月に設立されたｅｒは、建設、工事・土木、広告・制作、IT、コンサルティング、Webアプリ・サービス運営、その他広告・制作、飲食コンサル、店舗デザイン、建設・土木設計、商業施設企画・設計、経営コンサル、インテリア系デザインなどの業界で活動しています。	コンサルティング	経営コンサル
株式会社大同	8220001016536	5	https://ab-waki.com/campaign/contact/	https://ab-waki.com/shop/company/		0768-22-1717	9280024	石川県	輪島市山岸町ロの２番地	石川県輪島市山岸町ロの２番地	和希株式企業に対して経営アドバイスを提供する会社	石川県に拠点を置く経営コンサルティング会社であり、和希株式企業に対して経営アドバイスを提供しています。同社は、1977年1月に設立され、フランチャイズチェーン運営支援事業を主な業務としています。コンサルティングや経営コンサルなどの他のコンサルサービスにも力を入れています。	コンサルティング	経営コンサル
ＧＲＮ株式会社	8230001016080	22	https://sec.alpha-mail.jp/grn-company.com/contact/	https://www.grn-company.com/		0766-31-1118	9330328	富山県	高岡市内島３５５０番地	富山県高岡市内島３５５０番地	自動販売機や酒類の輸入販売に携わる企業		コンサルティング	経営コンサル
株式会社ムラカミ	8240001011650	71	http://www.murakami-beauty.com/contact	http://www.murakami-beauty.com/	kk-murakami01@pa2.so-net.ne.jp	082-277-2411	7330833	広島県	広島市西区商工センター６丁目６番２１号	広島県広島市西区商工センター６丁目６番２１号	美容サロンオーナーに向けた開業や経営支援を提供する企業	1953年8月1日に設立され、広島県を拠点に美容サロンオーナーに向けた開業や経営支援を提供する企業です。同社は、イベントプランニング事業、ヘアケア製品販売事業、イベント企画・運営事業、美容関連セミナー事業を展開しており、人材・アウトソーシング、エンタメ・娯楽、小売・販売・卸売、コンサルティング、セミナー、美容グッズ販売、イベント、経営コンサルといった幅広い産業に関与しています。	コンサルティング	経営コンサル
株式会社ハイコンセプト	8240001017689	6	http://www.highconcept.co.jp/contact.html	http://www.highconcept.co.jp/index.html		082-209-1101	7300012	広島県	広島市中区上八丁堀４番１号	広島県広島市中区上八丁堀４番１号	ITコンサルティング企業	広島県に拠点を置くITコンサルティング企業です。2002年10月に設立され、ビジネス研修セミナー運営事業、マーケティングコンサルティング事業、セミナー企画・運営事業、営業支援サービス事業、研修セミナー事業、ビジネスコンサルティング事業などの幅広い業務を展開しています。また、人材・アウトソーシング、コンサルティング、企業研修、セミナー、販促コンサル、経営コンサルなどの業界にも対応しています。	コンサルティング	経営コンサル
株式会社金融財務研究所	8240001041689	0	http://kin-zai.com/contact/	http://kin-zai.com/		082-555-2073	7300004	広島県	広島市中区東白島町１６－２５栗栖ビル１Ｆ	広島県広島市中区東白島町１６－２５栗栖ビル１Ｆ	中小企業向け財務コンサルティング企業	広島県に位置し、中小企業向け財務コンサルティング企業です。2011年10月に設立され、主にセミナー企画・運営事業、ビジネス承継支援事業、保険アドバイザリー事業、経営研修事業を提供しています。人材・アウトソーシング、その他サービス、コンサルティング、企業研修、セミナー、財務コンサル、その他サービス、資産運用コンサルの産業に分類されます。	コンサルティング	財務コンサル
株式会社ＭＢＳ	8240001049105	8	http://mbsh.jp/inquiry/	https://mbsh.jp/	info@mbsh.jp	082-236-1955	7300031	広島県	広島市中区紙屋町１丁目６番１号	広島県広島市中区紙屋町１丁目６番１号			コンサルティング	経営コンサル
株式会社経営情報センター	8250001011410	1	http://www.keiei-c.com/contact/	http://www.keiei-c.com/company/	info@keiei-c.com	0827-28-1580	7400017	山口県	岩国市今津町１丁目５番２０－３０１号	山口県岩国市今津町１丁目５番２０－３０１号	事業の資金調達や銀行取引、開業支援などを支援する企業	山口県に所在地を置く、2013年6月に設立された企業であり、事業の資金調達や銀行取引、開業支援などを支援するコンサルティング企業です。主に財務コンサルや経営コンサルの分野で活動しており、地域の企業や個人の経営をサポートしています。	コンサルティング	財務コンサル
株式会社ワイ・エス会計	8260001009932	1	https://www.shibuya-zei.jp/contact.html	https://www.shibuya-zei.jp/	n.shibuya@shibuya-zei.jp	086-255-3200	7000064	岡山県	岡山市北区大安寺南町１丁目１３番２７号	岡山県岡山市北区大安寺南町１丁目１３番２７号	税務相談と法人設立支援を提供する税理士	岡山県を拠点に税務相談と法人設立支援を提供する税理士として活動しています。同社の主な業務は、税務アドバイザリー事業、税金対策事業、相続アドバイザリー事業、税務申告書作成事業、医療開業支援業、法人設立手続きサポート事業などです。同社は士業、コンサルティング業界において税理士、起業コンサル、資産運用コンサル、経営コンサルとして幅広いサービスを提供しています。	コンサルティング	経営コンサル
株式会社カイマネージ	8260001011995	2	http://www.kaimanage.co.jp/contact/	http://www.kaimanage.co.jp/	info@kaimanage.co.jp	086-943-5773	7048176	岡山県	岡山市東区中川町５９５－３	岡山県岡山市東区中川町５９５－３	企業が組織マネジメントや経営コンサルティングを行う企業	2010年に岡山県で設立された企業です。同社は企業の組織マネジメントや経営コンサルティングを専門とし、ビジネス研修セミナーの運営、営業支援サービスの提供、企業内トレーニングのアウトソーシング、そして人材戦略に関するコンサルティングを行っています。主に人材・アウトソーシング、コンサルティング、企業研修、組織コンサル、経営コンサルなどの業種に属しています。	コンサルティング	経営コンサル
Ｕｒｂａｎ　Ｇｒｏｕｎｄ株式会社	8260001023801	0	http://urban-ground.co.jp/contact/	http://urban-ground.co.jp/company.php	info@urban-ground.co.jp	06-6459-0101	5500003	大阪府	大阪市西区京町堀１丁目７番１５号	大阪府大阪市西区京町堀１丁目７番１５号	店舗の総合プロデュースやWebサイト制作、システム開発などを手掛ける企業	大阪府に拠点を置き、店舗の総合プロデュースやWebサイト制作、システム開発などを手掛ける企業です。同社は建設、広告・制作、IT、コンサルティングなどの業界において、ウェブアプリケーション開発事業、データベース開発事業、店舗デザイン企画事業を展開しています。経験豊富なチームが、最新の技術とクリエイティビティを活かし、クライアントのビジネスを成功へと導きます。	コンサルティング	経営コンサル
有限会社一晃	8260002024311	1	https://moriharuo.jp/contactform/	http://moriharuo.jp/index.html	info@moriharuo.jp	086-470-0112	7110906	岡山県	倉敷市児島下の町１０丁目３７６番地２３３	岡山県倉敷市児島下の町１０丁目３７６番地２３３	経営支援と輸入販売を手がける企業	2004年に岡山県で設立された経営支援と輸入販売を手がける企業です。同社は主に海外ビジネスアドバイザリー事業やクレジットチェック事業を展開しており、金融、その他サービス、コンサルティング、クレジット・決済代行、研究・調査・リサーチ、経営コンサル、その他コンサルなどの多岐にわたる産業に関与しています。	コンサルティング	経営コンサル
有限会社アドバンテージ	8280002007347	5	http://www.adv-ohta.jp/525489465431	https://www.adv-ohta.jp/		0853-62-9815	6910001	島根県	出雲市平田町７２６３番地	島根県出雲市平田町７２６３番地	税務や会計のアドバイス、新規事業のサポートを提供する企業	島根県に位置する税務や会計のアドバイス、新規事業のサポートを提供する企業です。2004年9月に設立されたこの会社は、税務アドバイザリー事業や資金管理支援事業、税務申告書作成事業などを展開しています。主に士業、人材・アウトソーシング、コンサルティングの業界に位置し、税理士、事務処理代行、財務コンサル、経営コンサルなどのサービスを提供しています。	コンサルティング	経営コンサル
ビッグ・フィールド・マネージメント株式会社	8290001023716	4	https://bfmjp.com/contact	http://www.bfmjp.com/	info@bfmjp.com	092-771-8852	8100045	福岡県	福岡市中央区草香江１丁目５番２２号	福岡県福岡市中央区草香江１丁目５番２２号	ビジネス向け講演・セミナー・コンサルティングを提供する企業	福岡県に拠点を置く企業であり、ビジネス向け講演・セミナー・コンサルティングを提供しています。2004年1月に設立された同社は、セミナー企画・運営事業、企業内トレーニングアウトソーシング事業、経営研修事業を展開しており、人材・アウトソーシング、コンサルティング、企業研修、セミナー、経営コンサルの業界で活躍しています。	コンサルティング	経営コンサル
株式会社九州経営サポートセンター	8290001024061	1	http://www.k-msc.co.jp/otoiawase.html	http://www.k-msc.co.jp/		092-473-2562	8120013	福岡県	福岡市博多区博多駅東２丁目５番２８号	福岡県福岡市博多区博多駅東２丁目５番２８号	会計やコスト削減のコンサルティングを提供する企業	2004年5月に福岡県で設立された会計やコスト削減のコンサルティングを提供する企業です。その主な業務は、セミナー企画・運営事業や研修セミナー事業です。また、人材・アウトソーシング、コンサルティング、コスト削減コンサル、セミナー、経営コンサルの業界に属しています。	コンサルティング	経営コンサル
株式会社日本仏事ネット	8290001025704	3	http://nibu.net/	https://nibu.net/		092-260-3320	8120851	福岡県	福岡市博多区青木１丁目１７番１号	福岡県福岡市博多区青木１丁目１７番１号	石材店のオンライン集客を支援する会社	福岡県に拠点を置く石材店のオンライン集客を支援する会社です。同社はウェブサイトのコンサルティング事業、研修セミナー事業、Webマーケティング支援事業、検索エンジン最適化対策事業を展開しています。広告・制作、IT、人材・アウトソーシング、コンサルティング、Webマーケコンサル、ITコンサル、Web制作、セミナー、デザイン、その他IT、経営コンサルなど、様々な業界で幅広いサービスを提供しています。	コンサルティング	経営コンサル
株式会社ハネテック	8290001033228	0	https://hane-tec.com/index.php/contactform/	http://hane-tec.com/		092-330-7501	8191134	福岡県	糸島市多久４８４番地の１	福岡県糸島市多久４８４番地の１	塗布装置の設計やアドバイスを提供する企業	1999年11月に設立された福岡県に拠点を置く企業で、主に塗布装置の設計やアドバイスを提供しています。彼らの主な事業は、データ解析、工作機械部品流通卸売、システムアドバイザリー、産業機械パーツ卸売などです。機械、製造、IT、商社、コンサルティングなどの幅広い業界にサービスを提供しており、特に金属部品、ITコンサル、工作機器などの専門商社として知られています。	コンサルティング	経営コンサル
株式会社出水・コンピュータ・コンサルティング	8290001040950	2	http://www.demizucc.co.jp/pbase.aspx?ptlid=dcc042	http://www.demizucc.co.jp/pbase.aspx?ptlid=dcc01	info@mail.demizu.com	092-920-1695	8180066	福岡県	筑紫野市大字永岡１０２１番地の２西邦ビル５階	福岡県筑紫野市大字永岡１０２１番地の２西邦ビル５階	カスタマイズされたビジネスコンサルティング企業	福岡県に拠点を置くカスタマイズされたビジネスコンサルティング企業です。1991年に設立され、主な事業としては、販売管理ソフトウェア開発事業、販売管理ソフトウェア販売事業、システムアドバイザリー事業を行っています。主な業界はIT、コンサルティング、Webアプリ・サービス運営であり、ITコンサル、経営コンサル、ソフトウェア販売などを提供しています。	コンサルティング	経営コンサル
株式会社グッドパートナーズ	8290001057012	4	http://www.good-consul.com/contact	https://www.good-consul.com/		092-292-4290	8120016	福岡県	福岡市博多区博多駅南４丁目２番１０号	福岡県福岡市博多区博多駅南４丁目２番１０号	ビジネス再生のコンサルティングを提供する企業	福岡県に拠点を置くビジネス再生のコンサルティングを提供する企業です。2011年に設立された同社は、ビジネス承継支援事業を専門とし、その他サービスや組織コンサル、経営コンサルなどの業界で活躍しています。	コンサルティング	経営コンサル
株式会社キーストーン	8290001057656	0	https://gen.xyz/contact	http://www.keystone.jpn.com	info@keystone.jpn.com	092-885-2208	8190006	福岡県	福岡市西区姪浜駅南１丁目８番５－１１１０号	福岡県福岡市西区姪浜駅南１丁目８番５－１１１０号	中国進出に関わる企業のビジネスアドバイザー企業	福岡県に位置する中国進出に関わる企業のビジネスアドバイザー企業です。2011年10月に設立され、主に海外ビジネスアドバイザリー事業を展開しています。IT、コンサルティング、Webアプリ・サービス運営、経営コンサル、eコマースなどの業界で活動し、さまざまなコンサルティングサービスを提供しています。	コンサルティング	経営コンサル
株式会社エデュワークス・コンサルタンツ	8290001058068	2	http://www.eduworks.co.jp/contact.html	http://www.eduworks.co.jp/index.html		092-406-3577	8100021	福岡県	福岡市中央区今泉１丁目１０番１２号	福岡県福岡市中央区今泉１丁目１０番１２号	OJTのサポートや研修を提供している企業	福岡県に位置する企業であり、OJTのサポートや研修を提供しています。2011年11月に設立されたこの会社は、イベントプランニング事業、教材制作事業、セミナー企画・運営事業、イベント企画・運営事業、研修セミナー事業、企業内トレーニングアウトソーシング事業、出版事業など、多岐にわたる業務を展開しています。主要業界は人材・アウトソーシング、エンタメ・娯楽、教育、コンサルティング、メディア・出版、企業研修、セミナー、イベント、出版、経営コンサル、教材です。	コンサルティング	経営コンサル
株式会社トライローグ	8290001059594	1	http://www.trilogue.co.jp/contact	http://www.trilogue.co.jp/		092-771-6565	8100042	福岡県	福岡市中央区赤坂１丁目８番２３号	福岡県福岡市中央区赤坂１丁目８番２３号	企業が戦略を考えたり、社員の研修を行う企業	福岡県に位置し、2012年5月に設立された企業でございます。同社は、企業が戦略を考えたり、社員の研修を行うなど、企業内トレーニングアウトソーシング事業と人材戦略コンサルティング事業を展開しており、人材・アウトソーシング、コンサルティング、企業研修、組織コンサル、経営コンサルのインダストリーで活動しております。	コンサルティング	経営コンサル
リバーブックジャパン株式会社	8290001060619	3	http://riverbook.co.jp/contact.html	https://www.riverbook-japan.com/	info@riverbook.ne.jp	092-753-6333	8100014	福岡県	福岡市中央区平尾１丁目１０番２０号ＢＲＡＭＡＳＯＬＥｈｉｒａｏ５Ｂ	福岡県福岡市中央区平尾１丁目１０番２０号ＢＲＡＭＡＳＯＬＥｈｉｒａｏ５Ｂ	飲食業やホテルなどの立ち上げや改善支援を行うコンサルティング企業	2012年4月に設立された福岡県を拠点とする建設、IT、コンサルティング、Webアプリ・サービス運営、店舗デザイン、経営コンサル、インテリア系デザインの企業です。飲食業やホテルなどの立ち上げや改善支援を行うコンサルティング事業や、店舗空間デザイン事業、システムインテグレーション事業を展開しています。	コンサルティング	経営コンサル
株式会社ヒロインコンサルティング	8290001068843	1	https://www.heroine-consulting.com/contact	https://heroine-consulting.com/		090-1453-1063	8100001	福岡県	福岡市中央区天神１丁目９－１７福岡天神フコク生命ビル１５階	福岡県福岡市中央区天神１丁目９－１７福岡天神フコク生命ビル１５階	企業に経営上のアドバイスを提供する業務を行っている会社	福岡県を拠点に、企業に経営上のアドバイスを提供する業務を行っている会社です。販売アドバイザリー事業、市場リサーチ事業、セミナー企画・運営事業、営業支援サービス事業、研修セミナー事業、企業内トレーニングアウトソーシング事業、資金管理支援事業など、多様なサービスを提供しています。人材・アウトソーシング、その他サービス、コンサルティング、企業研修、セミナー、財務コンサル、販促コンサル、研究・調査・リサーチ、経営コンサルなど、幅広い分野で活動しています。	コンサルティング	経営コンサル
株式会社ＮＥＸＴＡＧＥ	8290001075815	1	http://nextage-japan.com/contact/	http://nextage-japan.com		092-534-6595	8120016	福岡県	福岡市博多区博多駅南３丁目２６番１２号ＮＥＸＴＡＧＥビル	福岡県福岡市博多区博多駅南３丁目２６番１２号ＮＥＸＴＡＧＥビル	経営やWebサービスを提供する企業	2016年11月16日に福岡県で設立された経営やWebサービスを提供する企業です。同社は広告・制作、美容・アパレル、IT、コンサルティングなどの様々な業界に関わっており、ウェブアプリケーション開発事業、Webマーケティング支援事業、マッサージサロン運営事業などを展開しています。総合広告代理店としての役割も果たし、幅広いサービスや解決策を提供しています。	コンサルティング	経営コンサル
有限会社アイムス	8290002023665	2	https://www.aims.co.jp/form/toiawase.html	https://aims.co.jp/profile/gaiyou.htm	info@aims.co.jp	092-406-3806	8150072	福岡県	福岡市南区多賀１丁目１－２７	福岡県福岡市南区多賀１丁目１－２７	ISOやマネジメントシステムに関するコンサルティングを提供する企業	福岡県を拠点にISOやマネジメントシステムに関するコンサルティングを提供している企業です。2001年1月に設立され、営業支援サービス事業、会計・税務アドバイザリー事業、農業支援事業を展開しています。主要業種は士業、コンサルティング、会計士、経営コンサル、その他コンサルとなっています。	コンサルティング	経営コンサル
合同会社ＪＡＳＥＮ	8290003004045	3	https://www.jasen.jp/index.php/en/contact-en-gb	https://www.jasen.jp/index.php/ja/outline-ja-jp		098-989-6184	9040415	沖縄県	国頭郡恩納村字仲泊１４１１番地２４	沖縄県国頭郡恩納村字仲泊１４１１番地２４	ビジネスソリューションのプロジェクト管理企業	2013年1月に沖縄県で設立されたビジネスソリューションのプロジェクト管理企業です。同社の主要な事業は、人材・アウトソーシング、コンサルティング、業務請負、経営コンサルなどを提供することです。	コンサルティング	経営コンサル
有限会社インテリジェントパーク	8290802000681	6	http://www.int-park.jp/form/	https://winwin-system.jp/company/	info@int-park.jp	093-932-0025	8020064	福岡県	北九州市小倉北区片野２丁目１６番１５号２Ｆ	福岡県北九州市小倉北区片野２丁目１６番１５号２Ｆ	企業に経営上の助言を提供する企業	福岡県を拠点にして1991年に設立されました。同社は主に企業に対して経営上の助言を提供しており、ネットワークインフラ設置事業、データ解析事業、ウェブサイトのコンサルティング事業、Webマーケティング支援事業、補助金申請支援事業、システムインテグレーション事業を展開しています。広告・制作、IT、人材・アウトソーシング、コンサルティングなど、さまざまな業界に幅広いサービスを提供しています。	コンサルティング	経営コンサル
株式会社プロアクティブコンサルティング	8300001006941	4	http://www.pacjp.com/consultation/inquiry	http://www.pacjp.com/index.html		0942-50-8183	8410005	佐賀県	鳥栖市弥生が丘７丁目２５番地	佐賀県鳥栖市弥生が丘７丁目２５番地	GCP/GMPコンサルティング通訳企業	佐賀県に拠点を置くGCP/GMPコンサルティング通訳企業です。2009年4月に設立され、主に英語翻訳事業と言語通訳・翻訳サービス事業を展開しています。人材・アウトソーシング、コンサルティング、翻訳・通訳、経営コンサルなど、多岐にわたる業界で活躍しています。	コンサルティング	経営コンサル
フュージョン西日本株式会社	8310001002436	2	https://fusion-west.com/contact	https://fusion-west.com/	info@fusion-west.com	095-895-8526	8500876	長崎県	長崎市賑町５番２１号	長崎県長崎市賑町５番２１号	経営コンサルティングに特化し、事業再生や不動産の最適活用などを支援する企業	長崎県に拠点を置く企業であり、経営コンサルティングに特化しています。同社は、事業再生や不動産の最適活用など、多岐にわたる支援サービスを提供しています。不動産活用相談事業、営業支援サービス事業、そしてビジネス承継支援事業を展開しており、その他サービス・コンサルティングの分野で幅広い経験と専門知識を持っています。	コンサルティング	経営コンサル
株式会社ＩＧブレーン	8310001004325	10	https://ig-mas.gr.jp/publics/index/36/	https://ig-mas.gr.jp/		03-6261-4550	8500035	長崎県	長崎市元船町１４番１０号	長崎県長崎市元船町１４番１０号	会計コンサルタント企業	長崎県に拠点を置く会計コンサルタント企業です。2002年に設立され、データ解析事業と会計・税務アドバイザリー事業に従事しています。IGブレーンは士業、IT、コンサルティング、会計士、財務コンサル、その他ITなどのさまざまな業界で活躍しています。	コンサルティング	財務コンサル
株式会社せいじつ会計	8330001009017	2	http://anshin-keiri.club/contact/	https://anshin-keiri.club/	info@seijitsu-k.jp	096-223-6624	8600807	熊本県	熊本市中央区下通１丁目３番８号下通ＮＳビル６Ｆ	熊本県熊本市中央区下通１丁目３番８号下通ＮＳビル６Ｆ	経営改善支援や会計ソフトウェアの提供などを行う企業	2009年4月に設立された熊本県を拠点とする企業で、経営改善支援や会計ソフトウェアの提供などを行っています。会計システムコンサルティング事業やセミナー企画・運営事業、会計ソフトウェア販売事業、研修セミナー事業、財務・会計業務アウトソーシング事業、および経営研修事業などを通じて、IT、人材・アウトソーシング、コンサルティング、企業研修、セミナー、事務処理代行、財務コンサル、人材派遣、デジタル系コンテンツ、経営コンサル、ソフトウェア販売の各業界に幅広くサービスを提供しています。	コンサルティング	経営コンサル
株式会社財務研	8340001001773	6	http://www.zaimuken.com/contact.html	http://www.zaimuken.com/		099-252-2776	8900053	鹿児島県	鹿児島市中央町１４番地２	鹿児島県鹿児島市中央町１４番地２	税務および財務コンサルティング企業	鹿児島県を拠点にする税務および財務コンサルティング企業です。同社は税務アドバイザリー事業、セミナー企画・運営事業、税務アウトソーシング事業、研修セミナー事業、会計・税務アドバイザリー事業、税務申告書作成事業を手掛けています。主に士業、人材・アウトソーシング、コンサルティング業界において活動し、税理士、会計士、セミナー、財務コンサルの分野で幅広いサービスを提供しています。	コンサルティング	財務コンサル
株式会社エンラボ	8350001013355	76	https://enn-lab.co.jp/contact/	https://enn-lab.co.jp/office_miyazaki/			8800816	宮崎県	宮崎市江平東２丁目３番１３号	宮崎県宮崎市江平東２丁目３番１３号			コンサルティング	経営コンサル
株式会社グスクード	8360001016778	3	http://guscoord.com/wp/contact	https://guscoord.jp/	info@guscoord.com	098-862-3018	9000005	沖縄県	那覇市字天久７６２－１４	沖縄県那覇市字天久７６２－１４	沖縄進出のコンサルティングを提供する企業		コンサルティング	経営コンサル
株式会社アイノン	8360001021992	4	https://ainon.co.jp/contact/	https://ainon-omutsu.com/company/		098-979-8333	9042214	沖縄県	うるま市安慶名１丁目８番５５号安慶名店舗１０号	沖縄県うるま市安慶名１丁目８番５５号安慶名店舗１０号	経営アドバイザーとマーケティング支援を提供している企業	2017年3月7日に沖縄県で設立されたマーケティングコンサルティング事業を行っている企業です。ITや人材・アウトソーシング、コンサルティングなどの多様な業界において、経営アドバイザーとマーケティング支援を提供しています。主な業務にはWebマーケコンサル、企業研修、販促コンサル、経営コンサルなどがあります。	コンサルティング	経営コンサル
ヒューネットジャパン株式会社	8370001001102	1	https://www.hunet-japan.jp/contact/toiawase/	http://hunet-japan.co.jp/gaiyo3.php	webinfo@hunet-japan.co.jp	022-377-3001	9813204	宮城県	仙台市泉区寺岡１丁目５番地の９	宮城県仙台市泉区寺岡１丁目５番地の９	企業に対して、経営的助言や資産の運用管理などを提供する企業	1988年4月に宮城県に設立された企業であり、IT、人材・アウトソーシング、コンサルティングなどの業界で活動しています。ヒューネットジャパンは、企業に対して経営的助言や資産の運用管理を提供しており、さらにオーダー管理システム、予約管理ソフトウェア、給与計算システムなどの開発事業や、経営研修事業、ネットショップ構築事業などにも取り組んでいます。また、eコマース、業務請負、起業コンサルなども提供しており、幅広いサービスを展開しています。	コンサルティング	経営コンサル
株式会社経営再構築プラン	8370001012355	0	https://www.m-a.co.jp/contact/	http://www.m-a.co.jp/		03-3240-6222	9830842	宮城県	仙台市宮城野区五輪１丁目６番６号	宮城県仙台市宮城野区五輪１丁目６番６号	合併買収コンサルティング企業	宮城県を拠点に合併買収コンサルティング企業として2002年4月に設立されました。同社の主な事業は、営業支援サービス事業、職業相談事業、投資アドバイザリー事業です。人材・アウトソーシング、コンサルティング、財務コンサル、販促コンサル、その他人材、資産運用コンサル、経営コンサル、その他コンサルの業界で活動しています。	コンサルティング	経営コンサル
株式会社メルサ	8370001019425	1	http://www.yozannet.com/contact.html	https://www.yozannet.com/outline1.html		022-398-6883	9840816	宮城県	仙台市若林区河原町１丁目２番１４号プラウド河原町トレサージュ１１０５号	宮城県仙台市若林区河原町１丁目２番１４号プラウド河原町トレサージュ１１０５号	M&A仲介とコンサルティングを提供する中小企業支援企業	宮城県を拠点にM&A仲介とコンサルティングを提供する中小企業支援企業です。2002年6月に設立され、人材・アウトソーシング、コンサルティング、企業研修、セミナー、財務コンサル、経営コンサルなどの業界で活動しています。主な業務には、セミナー企画・運営事業や経営研修事業が含まれます。	コンサルティング	経営コンサル
株式会社萼コンサルティング	8370001024235	1	http://www.gaku-consul.com/contact/index.html	http://www.gaku-consul.com/		022-725-2515	9893216	宮城県	仙台市青葉区高野原１丁目２０番地の１２	宮城県仙台市青葉区高野原１丁目２０番地の１２	企業が、新しい事業や産学連携、商品開発などを支援する、経営コンサルティング企業	宮城県に拠点を置く経営コンサルティング企業です。企業が新しい事業や産学連携、商品開発などを支援しています。セミナー企画・運営事業や許認可手続き代行事業、営業支援サービス事業、研究開発サポート事業、補助金申請支援事業など、幅広い業務を提供しています。2014年3月に設立され、主に人材・アウトソーシング、その他サービス、コンサルティング、セミナー、データ入力・事務作業代行、研究・調査・リサーチ、経営コンサルなどの産業に従事しています。	コンサルティング	経営コンサル
有限会社スタイルプロデュース	8380002004219	0	https://spconsul.jp/inquiry	https://spconsul.jp/	info@styleproduce.co.jp	090-7790-6562	9601104	福島県	福島市小田字山ノ神２９番地１	福島県福島市小田字山ノ神２９番地１	美容サロンのコンサルティングやネイルスクールを提供する会社	福島県に拠点を置く美容サロンのコンサルティングやネイルスクールを提供する会社です。1999年9月に設立され、主な業務はネイルサービス業、美容室・サロン経営コンサルティング業、およびネイルアカデミー事業です。美容・アパレル、教育、コンサルティング、その他教育業界、美容サロン、および経営コンサルといった業界で活動しています。	コンサルティング	経営コンサル
有限会社奥山経営センター	8390002000563	13	http://www.bizup.co.jp/form/00siryo_02/	https://www.office-okuyama.co.jp/		023-641-8596	9900061	山形県	山形市五十鈴１丁目３番２７号	山形県山形市五十鈴１丁目３番２７号	企業の経営に関するアドバイスを提供する企業	山形県に拠点を置く企業であり、コンサルティング業界において医療コンサルや経営コンサルのサービスを提供しています。企業の経営に関するアドバイスを専門としており、幅広いクライアントに対して経営戦略の立案や効率化のサポートなどを行っています。	コンサルティング	経営コンサル
安心経営株式会社	8410001000025	1	http://www.annshin.net/contact.html	https://www.annshin.net/		0120-42-4455	0100951	秋田県	秋田市山王５丁目７番２８号	秋田県秋田市山王５丁目７番２８号	公共事業の法律遵守支援や財務書類作成支援を行う企業	秋田県を拠点に公共事業の法律遵守支援や財務書類作成支援を行う企業です。同社は、1985年に設立され、士業、人材・アウトソーシング、コンサルティング、企業研修などの分野で活動しています。文書作成代行事業、会計・税務アドバイザリー事業、経営研修事業を提供しており、会計士や経営コンサルとしての豊富な知識と経験を活かし、企業の成功に貢献しています。	コンサルティング	経営コンサル
株式会社ハルハルファクトリー	8430001035390	1	https://www.8686group.jp/contact/	https://www.8686group.jp/	kk@8686group.jp	011-532-8886	0600015	北海道	札幌市中央区北十五条西１５丁目１番１４号	北海道札幌市中央区北十五条西１５丁目１番１４号	ブランディングからWeb制作まで、経営支援を提供する企業	北海道に位置する経営支援企業です。ブランディングからWeb制作まで幅広いサービスを提供しており、サイン・グラフィックデザイン事業、チラシ・パンフレット作成事業、広告物デザイン制作事業、ロゴ制作事業、Tシャツカスタマイズ事業を行っています。2007年5月に設立され、工事・土木、広告・制作、製造、IT、コンサルティング、広告運用コンサル、防犯機器、Web制作、デザイン、広告制作、通信設備工事、ITインフラストラ	コンサルティング	経営コンサル
株式会社ぶらんけっと	8430001045753	4	https://blanket.co.jp/contact/	https://blanket.co.jp/	info@blanket.co.jp	011-522-7618	0600002	北海道	札幌市中央区北二条西２丁目２９－１札幌ウイングビル８階	北海道札幌市中央区北二条西２丁目２９－１札幌ウイングビル８階	ビジネス支援と保険代理店業務を行う企業	2010年7月に北海道で設立された企業です。同社はビジネス支援と保険代理店業務を専門とし、セミナー企画・運営事業、研修セミナー事業、企業内トレーニングアウトソーシング事業を提供しています。主要な事業分野は金融、人材・アウトソーシング、コンサルティング、企業研修、セミナー、保険代理店、経営コンサルです。	コンサルティング	経営コンサル
株式会社大和	8430001064984	1	http://yamato-corp.jp/contents/inquiry/index.html	https://yamato-corp.com/		03-6434-7317	1070052	東京都	港区赤坂４丁目１３－５	東京都港区赤坂４丁目１３－５	食品コンサルティング業務に特化した企業飲食店の出店計画策定などを担当企業	2013年10月に東京都で設立された食品コンサルティング業務に特化した企業です。主な事業は、飲食店の出店計画策定などです。さらに、不動産投資販売事業も行っており、金融、商社、コンサルティング、投資、経営コンサル、食品専門商社の産業に携わっています。	コンサルティング	経営コンサル
有限会社ケイ・エス・シー	8430002006977	1	http://www.ksc-management.jp/contact.html	http://www.ksc-management.jp		011-864-0870	0030029	北海道	札幌市白石区平和通９丁目北１番２９号	北海道札幌市白石区平和通９丁目北１番２９号	中小企業の復活や新規開業、事業承継をサポートする企業	1995年5月に北海道で設立された企業です。同社は中小企業の復活や新規開業、事業承継をサポートすることを主な業務としており、マーケティングコンサルティング事業、市場リサーチ事業、ビジネス承継支援事業を提供しています。その他、販促コンサル、起業コンサル、資産運用コンサル、組織コンサル、研究調査リサーチ、経営コンサルなど、幅広いサービスを提供しています。	コンサルティング	経営コンサル
株式会社テレワークマネジメント	8460301002996	10	https://www.telework-management.co.jp/inquiry/form_inquiry/	https://www.telework-management.co.jp/outline/about/		03-3265-5012	0900058	北海道	北見市高栄西町４丁目７番１３号	北海道北見市高栄西町４丁目７番１３号	リモートワーク支援コンサルティング企業	北海道を拠点に活動しているリモートワーク支援コンサルティング企業です。2008年9月に設立され、セミナー企画・運営事業、企業内トレーニングアウトソーシング事業、人材戦略コンサルティング事業を展開しています。人材・アウトソーシング、コンサルティング、企業研修、セミナー、組織コンサル、経営コンサルなどの業界で幅広いサービスを提供しています。	コンサルティング	経営コンサル
株式会社アーバンレック	8470001000449	8	https://www.heya.co.jp/contact/	https://www.heya.co.jp/company/		087-822-0210	7600026	香川県	高松市磨屋町６番地６	香川県高松市磨屋町６番地６	相続事業コンサルティングと不動産売買を専門とする企業	1980年7月に設立された香川県を拠点とする企業です。同社は相続事業コンサルティングと不動産売買を専門とし、セミナー企画・運営事業、中古住宅仲介事業、営業支援サービス事業、不動産投資販売事業、相続アドバイザリー事業、不動産の即金化事業、投資アドバイザリー事業、マンション不動産販売事業、店舗貸し出し事業を展開しています。同社は金融、不動産、コンサルティングなどの複数の業種に関与し、幅広いサービスを提供しています。	コンサルティング	経営コンサル
株式会社ＩＳＯシステム	8490001003929	3	http://iso-sys.co.jp/?page_id=28	https://iso-sys.co.jp/	info@iso-sys.co.jp	088-883-8002	7800085	高知県	高知市札場１６番１７号	高知県高知市札場１６番１７号	社内システム改善や研修、監査業務等を行う企業	高知県を拠点として、社内システム改善や研修、監査業務等を行う企業です。2002年2月に設立され、人材・アウトソーシング、コンサルティング、企業研修、事務処理代行、経営コンサルの業界で活動しています。また、株式会社ＩＳＯシステムは、文書作成代行事業にも取り組んでいます。	コンサルティング	経営コンサル
株式会社ビジョンマップ	8500001006129	1	http://www.visionmap.co.jp/contact/index.html	http://www.visionmap.co.jp/		089-941-0600	7900064	愛媛県	松山市愛光町９番２６号	愛媛県松山市愛光町９番２６号	ビジネスアドバイザリーやオンライン制作を行う企業	愛媛県に拠点を置くビジネスアドバイザリーやオンライン制作を行う企業です。2007年2月に設立され、広告・制作、IT、コンサルティング、Webアプリ・サービス運営などの業界で活動しています。ウェブサイトのコンサルティング事業や顧客情報管理システム開発、予約管理ソフトウェア開発、システムインテグレーション事業など、幅広いサービスを提供しています。	コンサルティング	経営コンサル
株式会社ケイツーマネジメント	9010001002408	1	http://kuzuta.com/toiawase.html	https://kuzuta.com/		03-3828-6598	1130031	東京都	文京区根津２丁目３７番８号	東京都文京区根津２丁目３７番８号	企業向けのコンサルティングや研修サービスを提供する会社	東京都を拠点にしている会社で、1992年10月に設立されました。同社は、企業向けのコンサルティングや研修サービスを提供しており、主に税務アドバイザリー事業と企業内トレーニングアウトソーシング事業に取り組んでいます。士業、人材・アウトソーシング、コンサルティング、税理士、企業研修、組織コンサル、経営コンサルなど、さまざまな業界をカバーしています。	コンサルティング	経営コンサル
ダンサイエンス株式会社	9010001004718	19	http://www.donescience.com/contact/	https://www.donescience.com/	info@done.co.jp	03-6225-2855	1030027	東京都	中央区日本橋２丁目１５番３号	東京都中央区日本橋２丁目１５番３号	商品開発案の提案やマーケティング支援を行う会社	東京都に所在する商品開発案の提案やマーケティング支援を行う会社です。1977年2月に設立され、パッケージ企画事業、市場リサーチ事業、商品パッケージングデザイン事業、商品開発アドバイザリー事業、営業活動支援システム開発事業、キャラクターデザイン事業などを手がけています。主に建設、広告・制作、IT、その他サービス、コンサルティング、Webアプリ・サービス運営、デザイン、受託開発、商業施設企画・設計、研究・調査・リサーチ、経営コンサル、その他コンサルの業種に関与しています。	コンサルティング	経営コンサル
株式会社エー・トゥ・ビー	9010001012217	9	http://www.atob.co.jp/contact/	https://www.atob.co.jp/company/overview.php		03-6285-2640	1010043	東京都	千代田区神田富山町１番地３	東京都千代田区神田富山町１番地３	食品流通に関わる企業で、マーケティング戦略や広告を担当している		コンサルティング	総合系コンサル
グリーンスタンプ株式会社	9010001015351	265	https://www.greenstamp.co.jp/contactus/	https://www.greenstamp.co.jp/company/		03-3214-5211	1000005	東京都	千代田区丸の内３丁目３番１号	東京都千代田区丸の内３丁目３番１号	企業に対してマーケティングコンサルティングとPRを提供する企業	1963年6月1日に東京都に設立された企業です。同社は、企業に対してマーケティングコンサルティングとPRを提供しており、マーケティングコンサルティング事業、営業支援サービス事業、研修セミナー事業を展開しています。主な業界は人材・アウトソーシング、コンサルティング、広告運用コンサル、セミナー、販促コンサル、経営コンサル、その他コンサルです。	コンサルティング	経営コンサル
株式会社シンクコーポレーション	9010001020013	0	https://archive.org/about/contact.php	https://web.archive.org/web/20120214012059/http://sync-corporation.jp/		03-6268-9348	1020073	東京都	千代田区九段北１丁目１０番５号	東京都千代田区九段北１丁目１０番５号	企業の株式投資や経営相談を行う企業	2010年1月に東京都で設立された機械、コンサルティング、通信用機械、経営コンサルの業界に特化した企業です。主な業務は、企業の株式投資や経営相談を行いながら、情報通信システム機器の卸売事業も展開しています。	コンサルティング	経営コンサル
株式会社ニューチャーネットワークス	9010001026150	4	http://www.nuture.co.jp/inquire_j1	https://nuture.co.jp/	info@nuture.co.jp	050-3381-9547	1030022	東京都	中央区日本橋室町２丁目１番１号	東京都中央区日本橋室町２丁目１番１号	企業の経営戦略や人材育成・研修に関するコンサルティングを提供する企業	東京都に拠点を置く企業で、企業の経営戦略や人材育成・研修に関するコンサルティングを提供しています。同社は1996年1月に設立され、マーケティングコンサルティング事業、市場リサーチ事業、セミナー企画・運営事業、研修セミナー事業などを展開しています。主要業界は人材・アウトソーシング、その他サービス、コンサルティング、企業研修、セミナー、販促コンサル、研究・調査・リサーチ、経営コンサルです。	コンサルティング	経営コンサル
株式会社日本経営合理化協会事業団	9010001033072	29	https://www.jmca.co.jp/contents/inquire.php	https://www.jmca.co.jp/	info@jmca.co.jp	03-3293-0041	1010047	東京都	千代田区内神田１丁目３番３号	東京都千代田区内神田１丁目３番３号	企業に経営指導・支援を提供する企業	東京都に本社を構える企業であり、企業に対して経営指導・支援を提供しています。1965年4月1日に設立され、人材・アウトソーシング、小売・販売・卸売、コンサルティング、メディア・出版などの業界に従事しています。主な事業には、出版事業と経営研修事業が含まれています。	コンサルティング	経営コンサル
グローバルアライアンス株式会社	9010001042569	1	https://www.g-alliance.co.jp/contact/	https://www.g-alliance.co.jp/company_info/	infog@g-alliance.co.jp	03-6807-5211	1000006	東京都	千代田区有楽町１丁目５－２、東宝日比谷プロムナードビル１１階	東京都千代田区有楽町１丁目５－２、東宝日比谷プロムナードビル１１階	半導体技術のコンサルタント企業	東京都に本社を置き、半導体技術のコンサルタント企業として、マーケティングコンサルティング事業、販売アドバイザリー事業、市場リサーチ事業を展開しています。この会社は1996年9月に設立され、その業界はその他サービス、コンサルティング、販促コンサル、研究・調査・リサーチ、経営コンサルに属しています。	コンサルティング	経営コンサル
株式会社創商	9010001048566	1	http://www.so-sho.com/info.html	http://www.so-sho.com	info@so-sho.com	03-3666-0770	1030015	東京都	中央区日本橋箱崎町４４番５号	東京都中央区日本橋箱崎町４４番５号	ビジコンの運営を担当している企業で、資金運用や経営コンサルティングを提供している企業	1994年6月に設立された東京都を拠点とする企業で、ビジコンの運営を担当しています。主な事業には、物流アドバイザリー事業、海外ビジネスアドバイザリー事業、ワイン小売事業、資金管理支援事業があります。食品、コンサルティング、財務コンサル、酒類、経営コンサル、その他コンサル、不動産コンサルなど、さまざまな業界で幅広いサービスを提供しています。	コンサルティング	経営コンサル
株式会社チヒロ経済研究所	9010001065578	0	https://www.chihiro-inv.com/mail/	https://www.chihiro-inv.com		03-5689-3585	1130033	東京都	文京区本郷４丁目１７番８号	東京都文京区本郷４丁目１７番８号	企業経営のアドバイスや助言を提供する会社M&Aや費用削減に特化している企業	東京都に拠点を置く1999年8月に設立されたコンサルティング会社です。同社は企業経営のアドバイスや助言を提供し、特にM&Aや費用削減に特化しています。経営コンサル業界において高い信頼性を誇り、顧客のビジネスパフォーマンス向上に貢献しています。	コンサルティング	経営コンサル
株式会社日本財産コンサルタンツ	9010001068655	4	https://nzc.securesite.jp/contact/	http://nzc.co.jp/		03-3213-3361	1000004	東京都	千代田区大手町１丁目６番１号	東京都千代田区大手町１丁目６番１号	財産や資産についての総合的な相談サービスを提供する企業	東京都を拠点に財産や資産についての総合的な相談サービスを提供する企業です。2000年4月に設立され、その主な業務はビジネス承継支援事業、相続アドバイザリー事業、および資金管理支援事業です。同社はその他サービス、コンサルティング、財務コンサル、資産運用コンサル、経営コンサル、不動産コンサルなどの業界に位置しています。	コンサルティング	経営コンサル
株式会社ＮＡＰ	9010001082292	0	http://www.e-nap.jp/contact/index.htm	http://www.e-nap.jp/index.htm	info@e-nap.jp	03-5695-1788	3213534	栃木県	芳賀郡茂木町大字青梅７３番地２	栃木県芳賀郡茂木町大字青梅７３番地２	農業環境コンサルティング企業	栃木県に位置する農業環境コンサルティング企業です。同社は環境アドバイザリー事業を主に展開しており、コンサルティング、環境コンサル、経営コンサルの分野で活動しています。	コンサルティング	経営コンサル
アドバンスコーポレーション株式会社	9010001089981	31	https://adv-c.jimdo.com/%E3%81%8A%E5%95%8F%E5%90%88%E3%81%9B/	https://adv-c.jimdo.com	advance@adv-c.com	03-3239-4566	1900023	東京都	立川市柴崎町３丁目１１番１２号	東京都立川市柴崎町３丁目１１番１２号	自動車業界に特化した研修・コンサルティング・リサーチを提供する企業	2004年10月1日に設立された東京都を拠点とする企業であり、自動車業界に特化した研修・コンサルティング・リサーチを提供しています。営業支援サービス事業や人材戦略コンサルティング事業を展開し、人材・アウトソーシング、コンサルティング、企業研修、組織コンサル、経営コンサル、その他コンサルの分野で活動しています。	コンサルティング	経営コンサル
株式会社目標管理トレーニング	9010001093711	1	https://1lejend.com/stepmail/kd.php?no=EvIRnMEvnEvXz	http://www.mokuhyoukanri.com/	info@mokuhyoukanri.com	03-5259-7381	1020074	東京都	千代田区九段南１丁目５番６号りそな九段ビル５ＦＫＳフロア	東京都千代田区九段南１丁目５番６号りそな九段ビル５ＦＫＳフロア	経営や人材成長に関するアドバイスや研修を提供する企業	東京都に拠点を置く企業であり、経営や人材成長に関するアドバイスや研修を提供しています。会社の主な業務は、セミナー企画・運営事業、ウェブサイトのコンサルティング事業、研修セミナー事業、人材戦略コンサルティング事業、経営研修事業などです。株式会社目標管理トレーニングは2005年に設立され、人材・アウトソーシング、エンタメ・娯楽、コンサルティング、企業研修、ITコンサル、セミナー、イベント、組織コンサル、経営コンサルなどの産業に従事しています。	コンサルティング	経営コンサル
株式会社ホスピタリティパートナーズ	9010001094544	9	https://www.hospitality-partners.co.jp/contact/	https://www.hospitality-partners.co.jp/company/		03-5755-5515	1010054	東京都	千代田区神田錦町２丁目５番１６号	東京都千代田区神田錦町２丁目５番１６号	ホテル業界への進出支援を提供する企業	東京都に所在するホテル業界への進出支援を提供する企業です。2005年7月に設立され、不動産鑑定事業とテナント獲得事業を展開しており、主に不動産や経営コンサルティング業に取り組んでいます。	コンサルティング	経営コンサル
株式会社アクトパス	9010001098751	4	https://aqutpas.co.jp/%E3%81%8A%E5%95%8F%E3%81%84%E5%90%88%E3%82%8F%E3%81%9B/	https://aqutpas.co.jp/		03-3524-2681	1040061	東京都	中央区銀座３丁目１１番地５号	東京都中央区銀座３丁目１１番地５号			コンサルティング	経営コンサル
株式会社リーディングパートナー	9010001102372	7	http://www.leapar.co.jp/inquiry/	http://www.leapar.co.jp/	info@leapar.co.jp	03-5215-7678	1020083	東京都	千代田区麹町４丁目５番２０号	東京都千代田区麹町４丁目５番２０号	人的資源コミュニケーショントレーニングを提供している企業	東京都を拠点に人的資源コミュニケーショントレーニングを提供しています。2005年11月に設立された同社は、セミナー企画・運営事業、営業支援サービス事業、雇用支援事業、研修セミナー事業、就職セミナー業を展開しており、主に人材・アウトソーシング、コンサルティング、企業研修、セミナー、経営コンサル、その他コンサル、職業紹介所の業界で活動しています。	コンサルティング	経営コンサル
株式会社ブライト	9010001103189	1	http://www.bright-inc.biz/contact	http://www.bright-inc.biz		03-6277-1139	1600023	東京都	新宿区西新宿６丁目１０－１日土地西新宿ビル８階	東京都新宿区西新宿６丁目１０－１日土地西新宿ビル８階	経営コンサルティングを提供する会社業務改革や組織開発など企業内の支援を行う企業	2006年9月に設立された東京都に拠点を置く企業です。経営コンサルティングを提供し、組織開発や業務改革など企業内の支援を行っています。また、人材・アウトソーシング、コンサルティング、企業研修、経営コンサルの業界における企業内トレーニングアウトソーシング事業にも取り組んでいます。	コンサルティング	経営コンサル
みらい株式会社	9010001103932	3	http://www.mirai-consul.com/feedback/feedback.html	http://www.mirai-consul.com		03-3546-7560	1040061	東京都	中央区銀座７丁目１２番４号友野本社ビル	東京都中央区銀座７丁目１２番４号友野本社ビル	税務・会計アドバイスやM&Aや不動産資産のコンサルティングを提供する企業	2006年10月に設立された東京都を拠点とする企業であり、税務・会計アドバイスやM&Aや不動産資産のコンサルティングを提供しています。主な事業は、税務アドバイザリー事業、投資アドバイザリー事業、および税務申告書作成事業です。みらい株式会社は、士業、コンサルティング業界での経験と専門知識を活かし、税理士、財務コンサル、資産運用コンサル、不動産コンサルなどのサービスを提供しています。	コンサルティング	財務コンサル
株式会社ブランニューデイ	9010001108766	2	http://www.brandnewday.co.jp/contact/	http://www.brandnewday.co.jp/index.html	info@brandnewday.co.jp	03-5926-3638	1010035	東京都	千代田区神田紺屋町６番地５‐３０１	東京都千代田区神田紺屋町６番地５‐３０１	電話対応力向上や人材育成のための研修やコンサルティングを提供する企業	東京都に所在する、電話対応力向上や人材育成のための研修やコンサルティングを提供する企業です。2007年4月に設立され、教育支援事業や企業内トレーニングアウトソーシング事業に従事しています。主に人材・アウトソーシング、教育、コンサルティング、総合系コンサル、塾・予備校、企業研修の業界において活動しています。	コンサルティング	総合系コンサル
株式会社アオキマネジメントオフィス	9010001108980	1	https://www.office-aoki.co.jp/contactus/	https://office-aoki.co.jp/		03-3574-3521	1040061	東京都	中央区銀座６丁目１２番１０号龍岡ビル	東京都中央区銀座６丁目１２番１０号龍岡ビル	企業コンサルティング＆アウトソーシング企業	2007年5月に東京都に設立された企業コンサルティング＆アウトソーシング企業です。同社は給与処理アウトソーシング事業、人材採用支援事業、経営研修事業を行っており、人材・アウトソーシング、コンサルティング、企業研修、人材派遣、その他人材、経営コンサルの業界で幅広いサービスを提供しています。	コンサルティング	経営コンサル
株式会社エフェクト	9010001109005	0	https://effec.jp/contact	http://effec.jp	info@effec.jp	03-5201-3800	1030027	東京都	中央区日本橋３丁目２番１４号	東京都中央区日本橋３丁目２番１４号	販売促進講座を開催する企業	東京都を拠点に販売促進講座を開催する企業です。同社は研修セミナー事業、商品開発アドバイザリー事業、補助金申請支援事業を展開しており、人材・アウトソーシング、その他サービス、コンサルティングなどの業界で幅広い経験があります。専門知識や豊富なネットワークを活かし、組織コンサルや経営コンサルなどの課題解決をサポートしています。	コンサルティング	経営コンサル
グローバルオートグループ株式会社	9010001111324	0	http://www.gag21.co.jp/contact	http://www.gag21.co.jp/	global.auto.group@canvas.ocn.ne.jp	045-900-9906	2200012	神奈川県	横浜市西区みなとみらい４丁目４番２号	神奈川県横浜市西区みなとみらい４丁目４番２号	スタートアップ支援や人材紹介などのビジネスコンサルティング企業	神奈川県に拠点を置くビジネスコンサルティング企業です。2009年に設立され、スタートアップ支援や人材紹介などのサービスを提供しています。主な事業は市場リサーチ、営業支援、そして人材戦略コンサルティングです。	コンサルティング	経営コンサル
株式会社スプリングフィーリング	9010001113213	1	https://s-feeling.co.jp/contact/	https://s-feeling.co.jp		03-6811-1254	1030013	東京都	中央区日本橋人形町３丁目７番１３号日本橋センチュリープラザ１１０６号室	東京都中央区日本橋人形町３丁目７番１３号日本橋センチュリープラザ１１０６号室	M&Aや人材コンサルティングを手掛ける企業	東京都に位置する2007年10月に設立されたM&Aや人材コンサルティングを手掛ける企業です。同社の主な業務は人材採用支援事業であり、人材・アウトソーシング、コンサルティング、その他人材、組織コンサル、経営コンサルの業界に従事しています。	コンサルティング	経営コンサル
マックス・コンサルティング株式会社	9010001113964	0	http://max-consul.co.jp/inquiry/index.html	http://max-consul.co.jp	info@max-career.co.jp	03-5562-0311	2300016	神奈川県	横浜市鶴見区東寺尾北台４番９号	神奈川県横浜市鶴見区東寺尾北台４番９号	税務やリスク管理、人事労務などの相談に応じるコンサルティング企業	神奈川県に拠点を構えるコンサルティング企業です。税務やリスク管理、人事労務などの相談に応じることを主な業務としており、税務アドバイザリー事業、資産管理アドバイザリー事業、保険アドバイザリー事業、労務管理アウトソーシング事業などの幅広いサービスを提供しています。2007年11月に設立され、士業、人材・アウトソーシング、コンサルティングなどの分野で活躍する税理士や財務コンサル、人材派遣などの専門家が所属しています。	コンサルティング	財務コンサル
アスタミューゼ株式会社	9010001119219	53	https://www.astamuse.co.jp/contact/input	https://www.astamuse.co.jp/company/	inquiry@astamuse.co.jp	03-6801-8600	1010054	東京都	千代田区神田錦町２丁目２番１号	東京都千代田区神田錦町２丁目２番１号	グローバルに事業創出のコンサルティングやWebサービスを提供する企業	2005年9月2日に東京都で設立されたIT関連の企業です。同社はグローバルに事業創出のコンサルティングやWebサービスを提供しており、エンジニア紹介事業、求職者向け情報提供サイト運営事業などを行っています。アスタミューゼ株式会社は、IT、人材・アウトソーシング、コンサルティングなどの総合系コンサル事業を展開し、Webアプリやサービスの運営、求人媒体運営、人材紹介などの業務も行っています。	コンサルティング	総合系コンサル
株式会社ペンフィールドコーポレーション	9010001119474	0	http://220.110.141.138/penfield/contact.aspx	http://penfield-corp.com/		03-6914-1646	1040061	東京都	中央区銀座４丁目１０番６号	東京都中央区銀座４丁目１０番６号	ビジネスに関するコンサルティングを提供する企業	東京都に拠点を置くビジネスに関するコンサルティングを提供する企業です。2008年8月に設立された当社は、販売アドバイザリー事業、市場リサーチ事業、営業支援サービス事業、知的財産保護・活用事業に特化しています。その他サービス、コンサルティング、販促コンサル、資産運用コンサル、組織コンサル、研究・調査・リサーチ、経営コンサルなど、多岐にわたる業種においてのコンサルティングを提供しています。	コンサルティング	経営コンサル
株式会社リンクソシュール	9010001122841	127	https://www.link-cc.co.jp/inquiry/	https://www.link-ss.co.jp/about/		03-6779-9430	1040061	東京都	中央区銀座４丁目１２番１５号歌舞伎座タワー	東京都中央区銀座４丁目１２番１５号歌舞伎座タワー	企業のブランドイメージを向上させるため、メディア制作を手がける企業	東京都に拠点を置く企業で、企業のブランドイメージ向上のためにメディア制作に取り組んでいます。2009年2月に設立され、ブランド戦略策定事業、動画コンテンツ制作事業、ビデオプロダクション事業を展開しています。主要業界は広告・制作、コンサルティング、総合系コンサル、Web制作、CM制作・映像制作、販促コンサル、経営コンサルです。	コンサルティング	総合系コンサル
株式会社ヘルスケアマネジメントグループ	9010001125654	1	http://www.healthcare.sakura.ne.jp/contact.html	https://healthcare.sakura.ne.jp/		03-6228-2165	1120012	東京都	文京区大塚３丁目３５番１号	東京都文京区大塚３丁目３５番１号	医療や介護施設に対して経営的支援を提供する企業	2009年10月に設立された東京都を拠点とする企業で、医療や介護施設に対して経営的支援を提供しています。その主な業務は、ビジネス承継支援事業であり、その他サービスやコンサルティング、経営コンサルの業界に属しています。	コンサルティング	経営コンサル
富士丸商事株式会社	9010001128509	8	http://www.fujimaru-shoji.co.jp/contact.html	http://www.fujimaru-shoji.co.jp/company.html			1020082	東京都	千代田区一番町２０番地３プレミエール一番町１３０１号	東京都千代田区一番町２０番地３プレミエール一番町１３０１号	日中の商品輸出入・販売に特化した企業サポート	東京都に拠点を置く日中の商品輸出入・販売に特化した企業サポートを提供している会社です。1994年10月に設立され、マーケティングコンサルティング事業、市場リサーチ事業、海外ビジネスアドバイザリー事業を展開しています。その他サービス、コンサルティング、販促コンサル、研究・調査・リサーチ、経営コンサル、その他コンサルの業界に位置しています。	コンサルティング	経営コンサル
東悟コンサルティング株式会社	9010001129829	5	http://www.togoconsul.com/contact/	http://www.togoconsul.com/company/information/	info@togoconsul.com	03-6264-9878	1030015	東京都	中央区日本橋箱崎町６－９ウィング箱崎ビル４階	東京都中央区日本橋箱崎町６－９ウィング箱崎ビル４階	中国進出支援・外国人材紹介・ITシステム開発企業	東京都に拠点を置く中国進出支援・外国人材紹介・ITシステム開発企業です。同社の主な事業は、エンジニア紹介事業、海外ビジネスアドバイザリー事業、およびネットショップ構築事業です。IT、人材・アウトソーシング、コンサルティング、人材紹介、人材派遣、受託開発、経営コンサル、eコマース、その他コンサルの業界において活動しています。	コンサルティング	経営コンサル
日本ブランド政策株式会社	9010001130935	2	http://www.japanbrandpolicy.com/contact/index.html	https://www.japanbrandpolicy.com/		03-6225-0605	1020082	東京都	千代田区一番町２７番地２	東京都千代田区一番町２７番地２	経営戦略から販売まで、一貫性のあるコンサルティングを提供する企業	東京都に拠点を置く広告・制作、コンサルティング、デザイン、販促コンサル、経営コンサルを行っている企業です。経営戦略から販売まで、一貫性のあるコンサルティングを提供し、またデザイン制作事業も展開しています。	コンサルティング	経営コンサル
株式会社オーバルパートナーズ	9010001132790	1	http://ovalpartners.co.jp/contact/	http://ovalpartners.co.jp/		03-5577-6281	1010064	東京都	千代田区神田猿楽町２丁目６番７号	東京都千代田区神田猿楽町２丁目６番７号	中小企業向け事業戦略コンサルティング企業	東京都を拠点にする中小企業向け事業戦略コンサルティング企業です。同社は、2010年5月に設立され、主に投資アドバイザリー事業を展開しており、コンサルティング、資産運用コンサル、経営コンサルの業界で活動しています。	コンサルティング	経営コンサル
クロスファクター株式会社	9010001137402	1	http://www.xfactor.co.jp/ask.php	https://www.xfactor.co.jp/		03-6778-1762	1000004	東京都	千代田区大手町１丁目７番２号	東京都千代田区大手町１丁目７番２号	物流や貿易のITソリューション及びシステム開発、企業監査を行う企業	2011年1月に東京都で設立された企業です。同社は物流や貿易のITソリューション及びシステム開発、企業監査を行っており、主な業務として財務監査サービス、ネットワークインフラ設置事業、営業活動支援システム開発事業、自動車産業向けソフトウェア開発事業、物流システムの開発事業を展開しています。クロスファクター株式会社はIT、コンサルティング、Webアプリ・サービス運営、監査法人、財務コンサル、ITインフラストラクチャーなどの業界で活動しています。	コンサルティング	財務コンサル
オペレーションズバンク株式会社	9010001137906	2	http://www.opbk.co.jp/contact.html	http://opbk.co.jp/		03-6403-7741	1020074	東京都	千代田区九段南１丁目５－６	東京都千代田区九段南１丁目５－６	経営に関するアドバイスを提供する企業	2011年1月に東京都で設立された経営に関するアドバイスを提供する企業です。同社はセミナー企画・運営事業、ビジネス雑誌出版事業、海外ビジネスアドバイザリー事業、営業支援サービス事業、研修セミナー事業、会計・税務アドバイザリー事業、人材戦略コンサルティング事業、経営研修事業など、多岐にわたる業務を展開しています。士業、人材・アウトソーシング、コンサルティング、メディア・出版、企業研修などの分野で活動しており、組織コンサル、経営コンサル、その他コンサルのような役割も果たしています。	コンサルティング	経営コンサル
株式会社経営進化研究所	9010001139679	1	http://www.keieishinka.co.jp/contact/	http://www.keieishinka.co.jp/		03-6205-3268	1000014	東京都	千代田区永田町２丁目１１番１号山王パークタワー３階	東京都千代田区永田町２丁目１１番１号山王パークタワー３階	企業の力強化や財務の改善などを支援するコンサルティング企業	東京都に位置し、企業の力強化や財務の改善などをサポートするコンサルティング企業です。主な業務は資金管理支援事業であり、2011年4月に設立されました。コンサルティング、財務コンサル、経営コンサルの業界で活動しています。	コンサルティング	経営コンサル
株式会社グレコ	9010001143227	2	https://docs.google.com/forms/d/e/1FAIpQLSdURNAnl3Uevng7z_e9K0hcxJYVALMg-4HGAbRVQs7kqPZXqQ/viewform?formkey=dHNkYzdncmMtemxuRGxlckxGWENrVEE6MQ#gid=0	https://www.team-greco.co.jp/	info@team-greco.co.jp	03-6457-9057	1070052	東京都	港区赤坂７丁目５番３４号インペリアル赤坂フォーラム３０７	東京都港区赤坂７丁目５番３４号インペリアル赤坂フォーラム３０７	ビジネス調査や経営幹部の探索をしている企業	東京都を拠点とするビジネス調査や経営幹部の探索をしている企業です。1998年9月に設立され、その主な事業はビジネスリサーチや市場リサーチです。グレコはその他サービス、コンサルティング、組織コンサル、研究・調査・リサーチ、経営コンサルの業界で活動しています。	コンサルティング	経営コンサル
株式会社キートゥサクセス	9010001143697	1	http://www.kts-net.jp/contact/	http://www.kts-net.jp/		06-6533-8044	6180011	大阪府	三島郡島本町広瀬４丁目１番１６号	大阪府三島郡島本町広瀬４丁目１番１６号	企業の財務改革や経営コンサルティングを手がける企業	2000年9月に設立され、大阪府を拠点に、企業の財務改革や経営コンサルティングを手がけています。また、人材戦略コンサルティング事業も展開しており、人材・アウトソーシング、コンサルティング、企業研修、財務コンサル、組織コンサル、経営コンサルの分野で幅広いサービスを提供しています。	コンサルティング	経営コンサル
株式会社コンパスリテイルアンドヒューマンディベロップメント	9010001145495	1	https://compassrhd.com/inquiry/	https://compassrhd.com/		03-6228-3400	1040043	東京都	中央区湊３丁目１番２－８０２号	東京都中央区湊３丁目１番２－８０２号	経営助言やキャリアアップ研修を提供する企業	2012年3月に設立された東京都に拠点を置く企業です。同社は経営助言やキャリアアップ研修を提供しており、主な事業は販売アドバイザリー事業、営業支援サービス事業、店舗マネジメントアウトソーシング事業、マニュアル作成事業などです。人材・アウトソーシング、コンサルティング、営業代行・販売代行、企業研修などの業界に所属しています。	コンサルティング	経営コンサル
株式会社アール・ハープ	9010001147509	64	http://rhurp.co.jp/contact/	https://rhurp.co.jp/aboutus/		03-6228-2556	1040061	東京都	中央区銀座７丁目５－４毛利ビル５Ｆ	東京都中央区銀座７丁目５－４毛利ビル５Ｆ	経営相談や経理総務のアウトソーシングを提供する企業	東京都を拠点に、経営相談や経理総務のアウトソーシングを提供する企業です。2012年6月に設立され、人材戦略コンサルティング事業、経営コンサルティング事業、財務・会計業務アウトソーシング事業、会議室レンタル事業を展開しています。事業範囲は人材・アウトソーシング、不動産、コンサルティング、事務処理代行、業務請負、人材派遣、レンタルスペース、組織コンサル、経営コンサルに及んでいます。	コンサルティング	経営コンサル
株式会社スタイリッシュ・アイデア	9010001152995	1	https://1lejend.com/stepmail/kd.php?no=UtnDpwylTs	https://www.stylishidea.co.jp/			1040031	東京都	中央区京橋２丁目２番１号	東京都中央区京橋２丁目２番１号	組織変革に関する相談や研修を提供する企業	東京都に位置する組織変革に関する相談や研修を提供する企業です。セミナー企画・運営事業、企業内トレーニングアウトソーシング事業、メールマガジン配信サービス、経営研修事業などの業務を行い、2013年に設立されました。広告・制作、人材・アウトソーシング、コンサルティング、企業研修などの業界で活動しています。	コンサルティング	経営コンサル
株式会社バイウィル	9010001156996	112	http://www.forward-inc.co.jp/contact	https://www.bywill.co.jp/about	info@forward-inc.co.jp	03-6262-3584	1040061	東京都	中央区銀座７丁目３番５号ヒューリック銀座７丁目ビル４階	東京都中央区銀座７丁目３番５号ヒューリック銀座７丁目ビル４階	ブランドや組織の強化支援をする企業	2013年11月11日に東京都にて設立された企業です。同社は、ブランドや組織の強化支援を行っており、主な業務としてブランド戦略策定事業や販売アドバイザリー事業を展開しています。また、コンサルティング、販促コンサル、組織コンサル、経営コンサルの業界で活動しています。	コンサルティング	経営コンサル
株式会社サザンツリー	9010001158976	87	https://www.southern-tree.co.jp/contact/	http://www.southern-tree.co.jp/index.html	info@southern-tree.co.jp	048-711-6914	3360017	埼玉県	さいたま市南区南浦和２丁目３８番５号	埼玉県さいたま市南区南浦和２丁目３８番５号	コンビニのフランチャイズ事業とコンサルティングをする企業	2014年2月に設立された埼玉県に拠点を置く企業です。同社はコンビニのフランチャイズ事業とコンサルティングを展開しており、フランチャイズチェーン事業やコンビニエンスストア経営事業を主要な業務としています。また、その他サービス、小売・販売・卸売、コンサルティング、コンビニ、その他団体、経営コンサルの業界に属しています。	コンサルティング	経営コンサル
株式会社クラリスキャピタル	9010001160429	1	https://clarisc.co.jp/inquiry/	http://clarisc.co.jp/		03-6388-1438	1040043	東京都	中央区湊２丁目１５番１４－２５０２号	東京都中央区湊２丁目１５番１４－２５０２号	M&Aアドバイザリー・仲介を中堅中小企業に特化している企業	東京都に拠点を置くM&Aアドバイザリー・仲介に特化した企業であり、中堅中小企業を対象としています。2014年5月に設立された同社は、主に資産管理アドバイザリー事業に従事しており、コンサルティング、資産運用コンサル、経営コンサルの分野において活動しています。	コンサルティング	経営コンサル
株式会社コスメディア	9010001160552	438	http://www.cosmedia.co.jp/contact/	https://www.cosmedia.co.jp/	cosmedia-info@cosmedia.co.jp	03-3851-5071	1010032	東京都	千代田区岩本町３丁目１番２号	東京都千代田区岩本町３丁目１番２号	ビジネス支援やITソリューションを提供する企業	東京都に位置するITソリューションを提供する企業です。1986年2月19日に設立され、ネットワークインフラ設置事業、経営管理システム開発・提供事業、サーバー管理・運用事業など、幅広いビジネス支援サービスを展開しています。ITやコンサルティングを中心とした多様な業界において、自社の経験とノウハウを活かし、お客様のニーズに最適なソリューションを提供しています。	コンサルティング	経営コンサル
トゥルーコンサルティング株式会社	9010001165733	0	http://www.top1-consulting.com/contact/	https://www.top1-consulting.com/company/	kayanuma@true-con.com	03-3260-5011	1080073	東京都	港区三田２丁目１４番５号	東京都港区三田２丁目１４番５号	Webを活用した経営コンサルティング専門企業		コンサルティング	経営コンサル
シェルパ・キャピタル・アドバイザリー株式会社	9010001167944	1	https://www.sherpa-capital-advisory.com/contact/	https://www.sherpa-capital-advisory.com/company/		03-6717-4291	1080075	東京都	港区港南２丁目１５番１号品川インターシティＡ棟２８階	東京都港区港南２丁目１５番１号品川インターシティＡ棟２８階	M&Aアドバイザリー企業	東京都に拠点を置くM&Aアドバイザリー企業です。2015年5月に設立され、主にコンサルティングと経営コンサルの分野で事業展開しています。	コンサルティング	経営コンサル
株式会社クリフィックスＦＡＳ	9010001170221	2	https://www.clifixfas.co.jp/contact/	https://www.clifixfas.co.jp/		03-6257-1933	1000004	東京都	千代田区大手町１丁目５番１号	東京都千代田区大手町１丁目５番１号			コンサルティング	経営コンサル
ディアライズ株式会社	9010001172655	0	http://dealize2015.co.jp/contact/	http://dealize2015.co.jp/%E3%83%88%E3%83%83%E3%83%97%E3%83%9A%E3%83%BC%E3%82%B8	info@dealize2015.co.jp	03-5643-9063	1040053	東京都	中央区晴海１丁目８番１２号	東京都中央区晴海１丁目８番１２号	ビジネスアドバイザリー＆トレーニング企業	東京都に位置するビジネスアドバイザリー＆トレーニング企業であり、主に市場リサーチ事業を行っています。2016年1月6日に設立された当社は、人材・アウトソーシング、その他サービス、コンサルティング、企業研修、研究・調査・リサーチ、経営コンサルの業界で活動しています。	コンサルティング	経営コンサル
ＸＩＢ株式会社	9010001178140	8	http://www.xibcapital.com/inquiry/	http://www.xibcapital.com/		03-5219-1302	1000005	東京都	千代田区丸の内２丁目２番１号	東京都千代田区丸の内２丁目２番１号	M&AやM&Mについての経営および財務コンサルティングを提供する企業	2016年9月7日に設立された東京都に本社を構える企業です。同社はM&AやM&Mについての経営および財務コンサルティングを提供しており、財務アドバイザリー事業や金融機関向けアドバイザリー事業を展開しています。主にコンサルティング業界で活動し、財務コンサル、組織コンサル、経営コンサルをはじめとするさまざまなコンサルティング業務を行っています。	コンサルティング	経営コンサル
株式会社ＮＥＸＵＳ　ＤＩＧＩＴＡＬＷＯＲＫＳ	9010001180105	1	https://mt-square.co.jp/contact	https://nexus-digitalworks.com/		03-6268-9251	1070061	東京都	港区北青山１丁目３番１号アールキューブ青山３階	東京都港区北青山１丁目３番１号アールキューブ青山３階	デジタル化やキャッシュレス化に関する企業や、飲食店を含む業種のデジタル化支援企業	2016年12月9日に設立された東京都に拠点を置く企業です。同社は、デジタル化やキャッシュレス化に関する企業や飲食店を含む業種のデジタル化支援事業を展開しています。主要なサービスは、会計システムコンサルティング事業であり、コンサルティングや財務コンサルの分野で高い評価を得ています。	コンサルティング	財務コンサル
株式会社ストラテジーテック・コンサルティング	9010001205167	295	https://www.strategy-tec.com/contact/	https://www.strategy-tec.com/			1040028	東京都	中央区八重洲２丁目２番１号	東京都中央区八重洲２丁目２番１号			コンサルティング	総合系コンサル
株式会社Ｔｏｕｒｓ	9010001215050	15	https://dinamica.co.jp/1-1#contact1	https://www.dinamica.co.jp/			1500002	東京都	渋谷区渋谷２丁目７－１２磯野青山ビル４階	東京都渋谷区渋谷２丁目７－１２磯野青山ビル４階			コンサルティング	総合系コンサル
大幸経営有限会社	9010002051296	1	http://dai-kei.com/contact/	https://www.dai-kei.com/		03-6660-4270	1350016	東京都	江東区東陽１丁目１０番３号	東京都江東区東陽１丁目１０番３号	中小企業の経営支援を行う企業	東京都を拠点に中小企業の経営支援を行う企業です。2004年12月に設立され、財務アドバイザリー事業や企業内トレーニングアウトソーシング事業に従事しています。人材・アウトソーシング、コンサルティング、企業研修、財務コンサル、経営コンサルなどの業界で活動しています。	コンサルティング	経営コンサル
合同会社イン・マイ・ライフ	9010003023360	1	https://www.in-my-life.co.jp/company	https://www.in-my-life.co.jp/company		03-6695-1288	9430153	新潟県	上越市鴨島３丁目１番８号	新潟県上越市鴨島３丁目１番８号	FPが提供するライフプランコンサルティングや資産運用アドバイス、そして代理営業業務を行う企業	東京都を拠点としており、ライフプランコンサルティングや資産運用アドバイス、代理営業業務を提供する会社です。2016年4月11日に設立され、金融、人材・アウトソーシング、コンサルティングなどの幅広い産業において、マーケティングコンサルティング事業やセールスアウトソーシング事業、資産管理アドバイザリー事業などを展開しています。	コンサルティング	総合系コンサル
株式会社大坂屋	9010101000666	2	http://www.ohsakaya.co.jp/contact.html	http://www.ohsakaya.co.jp/access.html		042-644-3333	1920916	東京都	八王子市みなみ野５丁目２６番７号	東京都八王子市みなみ野５丁目２６番７号	飲食店にお酒を提供したり、経営支援をする企業	1953年2月に設立された東京都を拠点とする企業です。同社は飲食店にお酒を提供したり、経営支援を行っており、販売アドバイザリー事業とアルコール飲料販売事業を展開しています。食品、コンサルティング、販促コンサル、酒類、経営コンサルを業界としています。	コンサルティング	経営コンサル
プロジメント株式会社	9010101008726	7	http://progiment.co.jp/contact/	http://progiment.co.jp/	info@progiment.co.jp	042-400-5468	2060041	東京都	多摩市愛宕４丁目１９番５号	東京都多摩市愛宕４丁目１９番５号	自動車の輸送ビジネスを開始する際の支援を提供する企業	2009年4月に設立され、東京都を拠点にしています。同社は、自動車の輸送ビジネスを開始する際に必要な許認可手続き代行事業を専門としており、人材・アウトソーシング、コンサルティング、データ入力・事務作業代行、経営コンサルのプロジェクトとも関わっています。プロジメント株式会社はお客様の成功のために幅広いサポートを提供しています。	コンサルティング	経営コンサル
株式会社アルファス	9010101012307	0	http://www.alphas-senior-life-partners.com/contact/	http://www.alphas-senior-life-partners.com		042-673-7031	1930826	東京都	八王子市元八王子町１丁目４３７番地１	東京都八王子市元八王子町１丁目４３７番地１	老人ホームのコンサルティング企業	東京都を拠点にする老人ホームのコンサルティング企業です。2016年4月20日に設立され、介護事業のコンサルティングサービス、介護職員派遣・斡旋事業、介護教育事業、介護職員養成事業、介護プラン策定事業などを展開しています。主に医療・製薬・福祉、人材・アウトソーシング、教育、コンサルティング、企業研修などの業界で活動し、人材紹介や介護サービスなども提供しています。	コンサルティング	経営コンサル
日本情報コンサルタンツ株式会社	9010401022823	2	http://www.segre21.com/contact.html	http://www.segre21.com		03-5771-8051	1070062	東京都	港区南青山１丁目２６番１６－５０６号	東京都港区南青山１丁目２６番１６－５０６号	起業支援やビジネス拡大のサポートを提供する企業	1997年4月に設立された東京都を拠点とする企業であり、起業支援やビジネス拡大のサポートを提供しています。また、財務・会計業務アウトソーシング事業を展開しており、人材・アウトソーシング、コンサルティング、人材派遣、経営コンサルの業界に所属しています。	コンサルティング	経営コンサル
日本会計コンサルティング株式会社	9010401042037	99	https://yoshioka-group.jp/form/support_site	https://yoshioka-group.jp/company_profile/		03-6686-8629	1050021	東京都	港区東新橋１丁目５番２号	東京都港区東新橋１丁目５番２号	財務・経理アウトソーシング企業	東京都に拠点を置き、財務・経理アウトソーシング企業として活動しています。同社の主な事業には、財務監査サービス、文書作成代行事業、給与処理アウトソーシング事業、研修セミナー事業、財務・会計業務アウトソーシング事業があります。主要な業界は人材・アウトソーシング、コンサルティング、医療コンサル、監査法人、セミナー、財務コンサル、人材派遣です。	コンサルティング	財務コンサル
リーテイルブランディング株式会社	9010401042202	96	http://www.retail-branding.co.jp/contact/	https://www.retail-branding.co.jp/company/		03-3497-9220	1070061	東京都	港区北青山２丁目１２番１６号	東京都港区北青山２丁目１２番１６号	企業がM&Aの取引やブランド戦略などのアドバイスを提供するカンパニー企業	2000年8月1日に設立された東京都に拠点を置く企業です。同社は、物流アドバイザリー事業、ブランド戦略策定事業、海外ビジネスアドバイザリー事業、店舗空間デザイン事業、店舗設計事業を通じて、M&Aの取引やブランド戦略などのアドバイスを提供しています。同社は、主に建設、コンサルティング、販促コンサル、店舗デザイン、商業施設企画・設計、経営コンサル、その他コンサルの業界で活動しています。	コンサルティング	経営コンサル
株式会社ファーストプレイス	9010401050072	11	https://www.firstplace.co.jp/contact/	https://www.firstplace.co.jp/company/	Apo@firstplace.co.jp	03-5485-1818	1070062	東京都	港区南青山５丁目４番３５号	東京都港区南青山５丁目４番３５号	保険代理業と営業コンサルティングを手がける企業	東京都に位置する保険代理業と営業コンサルティングを手がける企業です。2001年9月に設立され、損害保険エージェント事業、営業支援サービス事業、保険アドバイザリー事業、生命保険エージェント業など、金融、コンサルティング、保険をはじめとする多岐にわたるサービスを提供しています。ファーストプレイスは、資産運用コンサル、経営コンサル、その他コンサルなど幅広い業界における専門知識と経験を持ち合わせ、お客様のニーズに合わせた効果的なソリューションを提供しています。	コンサルティング	経営コンサル
株式会社ヴァンサンク	9010401056631	1	http://vc25.jp/contacts.html	http://vc25.jp/company-profile/company-info.html		03-5795-1876	1050013	東京都	港区浜松町２丁目２番１５号	東京都港区浜松町２丁目２番１５号	企業の経営や再生についてアドバイスをする企業	2005年2月に東京都に設立された企業であり、企業の経営や再生についてアドバイスを行うことを専門としています。同社は、財務アドバイザリー事業と会計・税務アドバイザリー事業を展開しており、士業、コンサルティング、会計士、財務コンサル、経営コンサルの業界に属しています。	コンサルティング	経営コンサル
株式会社グローバルマネジメント研究所	9010401058272	1	http://www.globalmgtlab.com/contact-form	http://www.globalmgtlab.com	gmltkinfo@globalmgtlab.com	03-6272-8395	1020075	東京都	千代田区三番町３番地６ローダム三番町１０２号室	東京都千代田区三番町３番地６ローダム三番町１０２号室	国際的なビジネスにおけるコンサルティングや研修を通じて人材育成に取り組んでいる企業	東京都に本社を置く企業です。2005年7月に設立され、国際的なビジネスにおけるコンサルティングや研修を通じて人材育成に取り組んでいます。主な事業は海外ビジネスアドバイザリーと企業内トレーニングアウトソーシングで、人材・アウトソーシング、コンサルティング、企業研修、経営コンサル、その他コンサルを担当しています。	コンサルティング	経営コンサル
株式会社エレガントブレーンズ	9010401061788	1	http://www.ebrains.co.jp/inquiry/	http://www.ebrains.co.jp/	info@ebrains.co.jp	03-5953-8781	1070062	東京都	港区南青山２丁目２番８号	東京都港区南青山２丁目２番８号	ビジネス相談や美容関連の企業買収の仲介をおこなっている会社	2006年5月に東京都で設立されたビジネス相談や美容関連の企業買収の仲介をおこなっている会社です。主な業務は会計・税務アドバイザリー事業であり、士業、金融、コンサルティングなどの分野で活動を行っています。その他にも会計士や販促コンサル、経営コンサル、その他金融関連サービスなどを提供しています。	コンサルティング	経営コンサル
株式会社レジリエンス	9010401062761	1	http://www.resilience.co.jp/inquiry.html	http://www.resilience.co.jp/		03-5785-3218	1070062	東京都	港区南青山２丁目２番８号	東京都港区南青山２丁目２番８号	主に企業の再建支援を行うコンサルティング企業	東京都を拠点とする企業再建支援を専門とするコンサルティング企業です。2006年6月に設立され、主要な業務は海外ビジネスアドバイザリー事業です。レジリエンス社はコンサルティング業界での地位を確立し、経営コンサルティングやその他のコンサルティングに関連した幅広いサービスを提供しています。	コンサルティング	経営コンサル
株式会社Ａ－ｃｏｍｍｅｒｃｅ	9010401064312	5	http://www.a-commerce-inc.com/contact-html/	https://www.a-commerce-inc.com/company-html/	info@a-commerce-inc.com	03-3479-8145	1070052	東京都	港区赤坂９丁目７番２号	東京都港区赤坂９丁目７番２号	グローバルビジネスアドバイザリー企業海外進出に関する支援や現地法人の設立・運営をサポート	2006年9月に東京都で設立されたグローバルビジネスアドバイザリー企業です。同社は海外進出に関する支援や現地法人の設立・運営をサポートするビジネス研修セミナー運営事業、海外ビジネスアドバイザリー事業、企業内トレーニングアウトソーシング事業を展開しています。主な業界は人材・アウトソーシング、コンサルティング、企業研修、経営コンサ、その他コンサルです。	コンサルティング	経営コンサル
株式会社クレイグ・コンサルティング	9010401068817	5	http://www.craig.co.jp/form/all.php	http://www.craig.co.jp/		03-6435-1604	1050012	東京都	港区芝大門１丁目１番２３号	東京都港区芝大門１丁目１番２３号	企業の効率性と価値向上を支援するコンサルティング会社	東京都に位置する2004年3月に設立されたコンサルティング会社です。その主な業務は、企業の効率性と価値向上を支援することであり、ビジネス承継支援事業とオフィス空間設計事業を展開しています。建設、その他サービス、コンサルティング、内装・インテリアコーディネーター、経営コンサルという幅広い業界に関わりながら、クライアントのニーズに最適なソリューションを提供しています。	コンサルティング	経営コンサル
富士フイルムビジネスエキスパート株式会社	9010401072190	1527	https://www.fujifilm.co.jp/form/ffbx/ja/general/input.php?id=FFBXGeneral&amp;_ga=2.198115311.1750894142.1526345941-888961602.1526345941	http://www.ffbx.co.jp/		03-5485-7760	1060031	東京都	港区西麻布４丁目１２番２４号	東京都港区西麻布４丁目１２番２４号	事務業務の委託先企業	東京都に拠点を置く企業で、事務業務の委託先企業です。1990年11月21日に設立され、イベントプランニング事業、市場リサーチ事業、イベント企画・運営事業、給与処理アウトソーシング事業、Webマーケティング支援事業、ビデオプロダクション事業を展開しています。金融、IT、人材・アウトソーシング、エンタメ・娯楽、その他サービス、コンサルティング、Webマーケコンサル、財務コンサル、イベント、人材派遣、保険代理店、組織コンサル、研究・調査・リサーチ、経営コンサルの業界で活動しています。	コンサルティング	財務コンサル
ＹＢＣ総研株式会社	9010401081126	0	http://ybc-souken.jp/wp/contact/	https://ybc-souken.jp/		03-6436-0203	1080014	東京都	港区芝５丁目２７番５号	東京都港区芝５丁目２７番５号	中小企業向けの経営改善コンサルティング企業	東京都を拠点に、中小企業向けの経営改善コンサルティング企業として、財務アドバイザリー事業に従事しています。2009年3月に設立され、主にコンサルティング、財務コンサル、経営コンサルの業界において活動しています。	コンサルティング	経営コンサル
株式会社エンジョイント	9010401081786	0	http://www.enjoint.co.jp/contact/index.html	http://www.enjoint.co.jp/index.html		03-3431-2829	1050001	東京都	港区虎ノ門３丁目２３番６号	東京都港区虎ノ門３丁目２３番６号	フランチャイズ展開や事業独立をサポートする会社	東京都を拠点にフランチャイズ展開や事業独立をサポートする会社です。同社の主な業務は、セミナー企画・運営事業、フランチャイズチェーン運営支援事業、研修セミナー事業、企業内トレーニングアウトソーシング事業、経営研修事業などがあります。人材・アウトソーシング、コンサルティング、企業研修、セミナー、経営コンサルを含む幅広い業界で活動しています。	コンサルティング	経営コンサル
株式会社キューブリック	9010401082561	1	https://cublic.jp/contact/	https://cublic.jp/company	info@cublic.jp	03-6666-5456	1080075	東京都	港区港南２丁目１７番１号京王品川ビルＢＩＺｃｏｍｆｏｒｔ	東京都港区港南２丁目１７番１号京王品川ビルＢＩＺｃｏｍｆｏｒｔ	Webマーケティングとコンサルティング企業	東京都を拠点にするWebマーケティングとコンサルティング企業です。2008年5月8日に設立され、主な事業内容はWebサイト管理代行事業とWebマーケティング支援事業です。IT、コンサルティング、Webマーケコンサル、Webアプリ・サービス運営、ITインフラストラクチャー、経営コンサルを中心に活動しています。	コンサルティング	経営コンサル
株式会社クロスポイント・アドバイザーズ	9010401085804	18	https://xpoint.jp/contact/	https://xpoint.jp/		03-6721-5190	1050001	東京都	港区虎ノ門５丁目１１番２号	東京都港区虎ノ門５丁目１１番２号	企業に対しM&Aや資金調達のアドバイスを提供する企業	東京都に拠点を置く企業であり、投資アドバイザリー事業を展開しています。同社は、企業に対してM&Aや資金調達のアドバイスを提供することを専門としており、コンサルティング、資産運用コンサル、経営コンサルの分野で活動しています。	コンサルティング	経営コンサル
株式会社エムアイ	9010401089466	2	http://www.mi-mt.co.jp/contact/	http://www.mi-mt.co.jp		03-5784-0731	1550033	東京都	世田谷区代田１丁目３１番１４号	東京都世田谷区代田１丁目３１番１４号	オフィス物件の仲介や店舗運営受託を手掛ける企業	東京都に拠点を置く企業であり、オフィス物件の仲介や店舗運営受託を手掛けています。2010年8月に設立された同社は、スタートアップ投資事業、ビジネス承継支援事業、店舗デザイン企画事業、人材戦略コンサルティング事業、事業用不動産取引事業を展開しており、金融、建設、不動産、コンサルティング等の幅広い業界で活動しています。	コンサルティング	経営コンサル
伊藤忠インタラクティブ株式会社	9010401089722	121	https://www.market.co.jp/inquiry/	https://www.market.co.jp/company/		03-6408-1770	1070062	東京都	港区南青山２丁目５番１７号	東京都港区南青山２丁目５番１７号	デジタル広告やプログラム開発を行う企業	東京都に所在し、1982年1月1日に設立されたデジタル広告やプログラム開発を行う企業です。同社は幅広い事業を展開しており、メディアコンテンツ制作事業、ブランド戦略策定事業、Webマーケティング支援事業、ビデオプロダクション事業、デジタルサイネージコンテンツ制作事業を提供しています。主要業界は広告・制作、IT、コンサルティング、Webマーケコンサル、コンテンツ制作、デザイン、広告制作、販促コンサル、経営コンサルです。	コンサルティング	経営コンサル
ドリームインテリジェンス株式会社	9010401090052	0	http://dreamintelligence.com/contact/	http://dreamintelligence.com		03-6450-1705	1050003	東京都	港区西新橋２丁目３４番８－８０２号	東京都港区西新橋２丁目３４番８－８０２号	研修・イベント企業	2004年4月に東京都に設立された研修・イベント企業です。同社は、イベントプランニング事業、セミナー企画・運営事業、LED照明設備施工事業、研修セミナー事業、企業内トレーニングアウトソーシング事業などを展開し、工事・土木、人材・アウトソーシング、エンタメ・娯楽、コンサルティング、企業研修、その他電気設備工事、セミナー、イベント、経営コンサルなどの業界に関わっています。	コンサルティング	経営コンサル
株式会社ウィルＰＭインターナショナル	9010401090812	0	https://will-pm.jp/contact/	https://will-pm.jp/company/		03-3242-6159	1000004	東京都	千代田区大手町１丁目７番２号東京サンケイビル２７階	東京都千代田区大手町１丁目７番２号東京サンケイビル２７階	行動科学的手法を用いた研修を実施している企業	2005年7月に東京都に設立され、行動科学的手法を用いた研修を実施しています。教育支援事業、企業内トレーニングアウトソーシング事業、人材戦略コンサルティング事業などを展開し、人材・アウトソーシング、教育、コンサルティングなどの業界で活動しています。	コンサルティング	経営コンサル
プルーヴ株式会社	9010401091075	19	https://www.provej.jp/contact/	https://www.provej.jp/	info@provej.jp	03-6435-6963	1050004	東京都	港区新橋６丁目１４番３号御成門ＰＲＥＸ６階	東京都港区新橋６丁目１４番３号御成門ＰＲＥＸ６階	日本企業の海外進出を支援する会社海外調査や戦略構築などを行う企業	東京都に位置する日本企業の海外進出を支援する会社です。2007年3月に設立され、ビジネスリサーチ事業、市場リサーチ事業、海外ビジネスアドバイザリー事業を展開しています。その他サービス、コンサルティング、ITコンサル、研究・調査・リサーチ、経営コンサル、その他コンサルなどの業界で活動しています。	コンサルティング	経営コンサル
トリノ・ガーデン株式会社	9010401091835	26	http://tollino-garden.com/contact/	https://tollino-garden.com/	info@tollino-garden.com	03-6453-0835	1050003	東京都	港区西新橋３丁目１５番１２号西新橋ＪＫビル６階	東京都港区西新橋３丁目１５番１２号西新橋ＪＫビル６階	店舗の運営改善を手がける企業	2010年2月に東京都で設立された会社です。同社は主に店舗の運営改善を手がけるコンサルティング企業であり、営業支援サービス事業、人材戦略コンサルティング事業、通信コンサル業を展開しています。その他にも組織コンサルや経営コンサルにも取り組んでいます。	コンサルティング	経営コンサル
エイチ・オー・アイ・コンサルティング株式会社	9010401092932	0	https://eichi-oi.co.jp/contact/	http://jip2011.jp/	info@jip2011.jp	03-3275-6660	1040031	東京都	中央区京橋３丁目１番１号	東京都中央区京橋３丁目１番１号	中小・ベンチャー企業を支援し、国内外での販路拡大と進出を促進する企業	1997年10月1日に設立され、東京都に本社を置く企業です。同社は、中小・ベンチャー企業を支援し、国内外での販路拡大と進出を促進することを主な業務としています。特に海外ビジネスアドバイザリー事業を展開し、人材・アウトソーシング、コンサルティング、人材紹介、経営コンサル、その他コンサルの業界において幅広いサービスを提供しています。	コンサルティング	経営コンサル
株式会社フィナンシャル・ソリューションズ	9010401096330	1	https://financialsolutions.co.jp/contact	https://financialsolutions.co.jp/	info@financialsolutions.co.jp	03-3434-7300	1050011	東京都	港区芝公園２丁目６番１５号黒龍芝公園ビル西館２階	東京都港区芝公園２丁目６番１５号黒龍芝公園ビル西館２階	経営や資産運用、不動産などに関するアドバイスを提供する会社	2010年8月に東京都に設立された会社であり、金融、コンサルティング、財務コンサル、保険代理店、資産運用コンサル、経営コンサル、不動産コンサルなどのアドバイスを提供しています。	コンサルティング	経営コンサル
ブリッジコンサルティンググループ株式会社	9010401096413	84	http://bridge-group.co.jp/contact/	https://bridge-group.co.jp/about/		03-6457-9105	1050001	東京都	港区虎ノ門４丁目１番４０号	東京都港区虎ノ門４丁目１番４０号			コンサルティング	経営コンサル
株式会社ＯＳＣ	9010401102154	4	http://osc-consulting.jp/%E7%9B%B8%E8%AB%87%E4%BA%88%E7%B4%84%E3%83%BB%E3%81%8A%E5%95%8F%E5%90%88%E3%81%9B/		info@osc-consulting.jp	03-6228-2800	1040054	東京都	中央区勝どき１丁目７番３号	東京都中央区勝どき１丁目７番３号	投資戦略やリスク管理など、資産に関するアドバイスを提供する企業	投資戦略やリスク管理など、資産に関するアドバイスを提供する東京都に拠点を置く企業です。2005年5月に設立され、士業、その他サービス、コンサルティングなどの業界で活動しています。主な業務には、ビジネス承継支援事業、税金対策事業、相続アドバイザリー事業が含まれています。ＯＳＣは、税理士、財務コンサル、その他サービス、資産運用コンサルなどの専門知識を持つプロフェッショナル集団です。	コンサルティング	財務コンサル
株式会社外食虎塾	9010401107426	1	https://gaishoku.jp/inquiry/	https://gaishoku.jp/		03-6869-2496	1070052	東京都	港区赤坂５丁目２番１０号グリーンパーク赤坂２５１４	東京都港区赤坂５丁目２番１０号グリーンパーク赤坂２５１４	飲食業開業者向けのセミナーを提供する企業	東京都に拠点を置く飲食業開業者向けのセミナーを提供する企業です。同社は主に経営研修事業を展開しており、人材・アウトソーシング、コンサルティング、企業研修、経営コンサルの業界で活躍しています。株式会社外食虎塾は、飲食業界のプロフェッショナルとして、経営者や起業家のスキル向上をサポートしています。	コンサルティング	経営コンサル
青山東京コンサルティング株式会社	9010401111205	0	http://www.at-cslt.jp/contact.html	http://www.at-cslt.jp		03-6447-4825	1070062	東京都	港区南青山１丁目１番１号	東京都港区南青山１丁目１番１号	経営コンサルティング企業（事業承継コンサルタントを含む）	東京都を拠点にする経営コンサルティング企業です。同社は、主にビジネス承継支援事業を行っており、事業承継コンサルタントを含む幅広いサービスを提供しています。その他サービスおよび経営コンサル業界において、青山東京コンサルティングは確固たる存在感を持っています。	コンサルティング	経営コンサル
株式会社ＣＬＯＵＤ　ＮＩＮＥ	9010401112467	0	https://www.cloudnine555.net/contact	https://www.cloudnine555.net	ozeki@cloudnine555.com	03-6912-1476	1500033	東京都	渋谷区猿楽町１１番１号	東京都渋谷区猿楽町１１番１号	飲食店のアドバイス業企業	2014年6月に設立された東京都を拠点とする飲食店のアドバイス業企業です。同社は主にコンサルティングや経営コンサル業界で活動しており、飲食店経営者に対して専門的なアドバイスやサービスを提供しています。	コンサルティング	経営コンサル
株式会社朝６時	9010401119792	1	http://www.asa6.co.jp/inquiry.html	http://www.asa6.co.jp	info@asa6.co.jp	03-5860-2476	1070052	東京都	港区赤坂９丁目６番４２号パレドール乃木坂６０３	東京都港区赤坂９丁目６番４２号パレドール乃木坂６０３	時間効率に特化した経営コンサルティング企業	東京都に拠点を置く時間効率に特化した経営コンサルティング企業です。2015年8月に設立され、人材・アウトソーシング、コンサルティング、セミナー、経営コンサルの業界で活躍しています。主な事業は研修セミナーであり、企業の効率化を支援し、ビジネスの成果を最大化するためのトレーニングを提供しています。	コンサルティング	経営コンサル
アブソリュートトラスト株式会社	9010401126847	0	http://absolutetrust.co.jp/%e3%81%8a%e5%95%8f%e3%81%84%e5%90%88%e3%82%8f%e3%81%9b/	http://absolutetrust.co.jp		03-5545-1288	1070052	東京都	港区赤坂７丁目１０番６号赤坂今野ビル６Ｆ	東京都港区赤坂７丁目１０番６号赤坂今野ビル６Ｆ	企業に経営や販売のアドバイスを提供するコンサルティング会社	2016年9月7日に東京都で設立されたコンサルティング会社です。同社は、企業に経営や販売のアドバイスを提供することを主な事業とし、不動産評価事業、マーケティングコンサルティング事業、セールスアウトソーシング事業、営業支援サービス事業、投資アドバイザリー事業を展開しています。金融、人材・アウトソーシング、不動産、コンサルティングなどの多様な業界に関わりながら、資産運用コンサルや経営コンサルなどさまざまな領域で積極的な活動を行っています。	コンサルティング	経営コンサル
株式会社ガバナンステクノロジーズ	9010401157462	1	https://governance-technologies.co.jp/contact	https://governance-technologies.co.jp/			1060032	東京都	港区六本木７丁目３－２４メゾン明石３０２	東京都港区六本木７丁目３－２４メゾン明石３０２			コンサルティング	総合系コンサル
株式会社メシヤ	9010401159772	0	https://www.messiah.ltd/contact/	https://www.messiah.ltd/company/		048-954-4882	3400822	埼玉県	八潮市大瀬３丁目５番地２３	埼玉県八潮市大瀬３丁目５番地２３			コンサルティング	経営コンサル
ＳＥＫＩ　Ｃ　ｃｏｍｐａｎｙ株式会社	9010401159797	1	https://c-company.co.jp/seki-c-company--%e3%81%8a%e5%95%8f%e3%81%84%e5%90%88%e3%82%8f%e3%81%9b.html	https://c-company.co.jp/		080-3486-0244	1060047	東京都	港区南麻布４丁目１１番３５号インペリアル広尾２２２号	東京都港区南麻布４丁目１１番３５号インペリアル広尾２２２号			コンサルティング	総合系コンサル
株式会社Ｔａｓｕｋａｒｕ	9010401160482	1	https://tasukaru39.com/contact/	https://tasukaru39.com/company-jp/	info＠tasukaru39.com		1070052	東京都	港区赤坂４丁目８－１９－３階	東京都港区赤坂４丁目８－１９－３階			コンサルティング	経営コンサル
株式会社Ｄｏｏｏｘ	9010401160689	13	https://dooox.co.jp/contact/	https://dooox.co.jp/			1410031	東京都	品川区西五反田８丁目４番１３号五反田ＪＰビルディング２Ｆｃｏ－ｌａｂ五反田ｗｉｔｈＪＰＲＥ	東京都品川区西五反田８丁目４番１３号五反田ＪＰビルディング２Ｆｃｏ－ｌａｂ五反田ｗｉｔｈＪＰＲＥ			コンサルティング	経営コンサル
株式会社ｋｙｏｋｙｏ	9010401161101	1	https://www.kyo-kyo.com/%E3%81%8A%E5%95%8F%E3%81%84%E5%90%88%E3%82%8F%E3%81%9B	https://www.kyo-kyo.com/	info@kyo-kyo.com		1080072	東京都	港区白金１丁目２番１－Ｅ１５２２号	東京都港区白金１丁目２番１－Ｅ１５２２号			コンサルティング	経営コンサル
グローバルイノベータ株式会社	9010401161919	1	https://www.globalinnovator.net/contact	https://www.globalinnovator.net/	contact@globalinnovator.net	03-6863-4388	1080075	東京都	港区港南２丁目１６番４号	東京都港区港南２丁目１６番４号			コンサルティング	経営コンサル
株式会社ｍｉｌｌｉｏｎ	9010403014769	5	https://www.million.ne.jp/contact	https://million.ne.jp/		03-6869-1404	1050011	東京都	港区芝公園１丁目８番２０号Ｈ¹Ｏ芝公園７０１	東京都港区芝公園１丁目８番２０号Ｈ¹Ｏ芝公園７０１	飲食店のコンサルティングを提供する会社	2016年5月19日に東京都に設立された飲食店のコンサルティングを提供する会社です。同社はフランチャイズチェーン運営支援事業、店舗設計事業、Webマーケティング支援事業、補助金申請支援事業などを展開しており、建設、IT、その他サービス、コンサルティング、Webマーケコンサル、その他サービス、商業施設企画・設計、経営コンサル、その他コンサル業界で活動しています。	コンサルティング	経営コンサル
株式会社ＧＬＵＧ	9010501032672	164	https://glug.co.jp/contact.php	https://glug.co.jp/company	contact@glug.co.jp	03-3560-7555	1060044	東京都	港区東麻布２丁目１６－３サナダビル	東京都港区東麻布２丁目１６－３サナダビル	飲食店のコンサルティング業務を主な事業とし、やどかり弁当を展開する企業	東京都を拠点に、2009年7月に設立されたコンサルティング企業です。同社は飲食店のコンサルティング業務を主な事業とし、やどかり弁当を展開しています。主にコンサルティングおよび経営コンサルの業界で活動しています。	コンサルティング	経営コンサル
オウルウイング株式会社	9010501050328	1	https://owl-wing.co.jp/contact/	https://owl-wing.co.jp/	information@owl-wing.jp	03-6824-5465	1100005	東京都	台東区上野６丁目１番６号御徒町グリーンハイツ１００５号	東京都台東区上野６丁目１番６号御徒町グリーンハイツ１００５号			コンサルティング	経営コンサル
フォーティエンスコンサルティング株式会社	9010601030238	1285	https://reg31.smp.ne.jp/regist/is?SMPFORM=qbr-mdrdl-dc356752467f499098c3e3acdb3a4d8a	https://www.qunie.com/company/access/		03-5785-2292	1000004	東京都	千代田区大手町２丁目３番２号	東京都千代田区大手町２丁目３番２号	NTTデータグループの経営コンサルティング企業	東京都を拠点に活動するNTTデータグループの経営コンサルティング企業です。2009年に設立され、主な事業として物流アドバイザリー事業、資産管理アドバイザリー事業、研修セミナー事業、通信コンサル業を展開しています。人材・アウトソーシング、コンサルティング、総合系コンサル、セミナー、資産運用コンサル、その他コンサルという幅広い業界において活躍しています。	コンサルティング	総合系コンサル
トータルパートナー株式会社	9010601030436	8	http://total-partner.com/hp/%E3%81%8A%E5%95%8F%E3%81%84%E5%90%88%E3%82%8F%E3%81%9B/	https://total-partner.com/hp/		03-6452-9331	1050003	東京都	港区西新橋２丁目３３番４－１００１号	東京都港区西新橋２丁目３３番４－１００１号	税務や会計分野でコンサルティングを提供する企業	東京都に拠点を置く税務や会計分野でコンサルティングを提供する企業です。同社の主な業務には、税務アドバイザリー事業、ビジネス承継支援事業、会計・税務アドバイザリー事業があります。トータルパートナー株式会社は士業、その他サービス、コンサルティング分野における税理士、会計士、起業コンサル、経営コンサルとして業界で高い評価を受けています。	コンサルティング	経営コンサル
グローバル・イノベーションズ株式会社	9010601035947	1	http://gb-iv.com/contact-us/	http://gb-iv.com/	info@gb-iv.com		1360072	東京都	江東区大島７丁目３７番１号	東京都江東区大島７丁目３７番１号	中小企業の業務改善や顧客開拓支援を行う企業	2008年6月に東京都に設立されたコンサルティング企業であり、中小企業の業務改善や顧客開拓支援を行っています。主に経営コンサルとしての業務に特化し、クライアントのビジネスパフォーマンス向上を追求しています。また、グローバル・イノベーションズ株式会社は人材育成や企業文化の構築などにも力を入れ、組織の持続的な成長を支援しています。	コンサルティング	経営コンサル
株式会社ＡＯ	9010601036722	0	https://sec.alpha-mail.jp/aoinc.jp/contact/index.html	https://aoinc.jp/company.html	info@aoinc.jp	03-6692-6512	1300022	東京都	墨田区江東橋２丁目１４番７号	東京都墨田区江東橋２丁目１４番７号			コンサルティング	経営コンサル
チャイナプロジェクト株式会社	9010601040286	0	http://www.chinaproject.co.jp/contact/	http://www.chinaproject.co.jp	webmaster@chinaproject.co.jp		1350041	東京都	江東区冬木１０番１０－５１１号	東京都江東区冬木１０番１０－５１１号	日本企業や個人の中国ビジネス進出をサポートする会社	2010年11月に東京都に設立されたマーケティングコンサルティング事業や市場リサーチ事業、海外ビジネスアドバイザリー事業を展開する会社です。その他サービス、コンサルティング、販促コンサル、研究・調査・リサーチ、経営コンサル、その他コンサルという多岐にわたる業界で活動しており、日本企業や個人の中国ビジネス進出をサポートしています。	コンサルティング	経営コンサル
株式会社ＦＬＡＴ	9010601045335	5	http://www.flt.jp.net/contact.html	http://www.flt.jp.net/index.html	info@flt.jp.net	03-6666-6259	5460024	大阪府	大阪市東住吉区公園南矢田１丁目２７番１２号	大阪府大阪市東住吉区公園南矢田１丁目２７番１２号	ERPやマネジメントのコンサルティングを提供している企業	2013年11月に設立された大阪府を拠点とする企業であり、ERPやマネジメントのコンサルティングを提供しています。主な業務はシステムインテグレーションであり、ITやコンサルティング、Webアプリ・サービス運営、経営コンサルに関する幅広い知識と経験を有しています。	コンサルティング	経営コンサル
アムテック株式会社	9010701000677	1	http://amtech-jp.com/mail.html	http://amtech-jp.com/index.html		03-5420-7235	1410022	東京都	品川区東五反田１丁目７番地１１号	東京都品川区東五反田１丁目７番地１１号	事業戦略を主軸にした経営コンサルティング企業	1987年6月に東京都で設立された事業戦略を主軸にした経営コンサルティング企業です。同社の事業には営業支援サービス事業、経営管理システム開発・提供事業、人材採用支援事業が含まれており、IT、人材・アウトソーシング、コンサルティング、Webアプリ・サービス運営、その他人材、経営コンサル、その他コンサルなどの業界で活動しています。	コンサルティング	経営コンサル
英和コンサルティング株式会社	9010701003399	9	http://www.eiwa-gr.jp/contact/	https://www.eiwa-gr.jp/		03-3491-3811	1410031	東京都	品川区西五反田２丁目２番１０号	東京都品川区西五反田２丁目２番１０号	中小企業オーナーのビジネス支援企業	東京都に本社を構える中小企業オーナーのビジネス支援企業です。同社は、1981年に設立され、ビジネス承継支援事業、相続アドバイザリー事業、財務・会計業務アウトソーシング事業を展開しています。人材・アウトソーシング、コンサルティング、人材派遣、その他サービス、資産運用コンサル、経営コンサルの業種に属しています。	コンサルティング	経営コンサル
株式会社インタラクティブパートナーズ	9010701019239	31	https://www.interactive-partners.com/inquiry/	https://www.interactive-partners.com/company/	info@interactive-partners.com	03-5436-2811	1410031	東京都	品川区西五反田７丁目９番２号ＫＤＸ五反田ビル５階	東京都品川区西五反田７丁目９番２号ＫＤＸ五反田ビル５階	マーケティング戦略支援やデータベースマーケティングを提供する企業	東京都を拠点にマーケティング戦略支援やデータベースマーケティングを提供する企業です。2007年6月に設立され、マーケティングコンサルティング事業、Webマーケティング支援事業、電話営業事業などを展開しています。IT、人材・アウトソーシング、コンサルティング、Webマーケコンサル、営業代行・販売代行、販促コンサル、経営コンサルなどの業界において事業を展開しています。	コンサルティング	経営コンサル
ヴェリタス・キャピタル・パートナーズ株式会社	9010701020353	0	http://www.veritas-partners.com/?page_id=138	https://www.veritas-partners.com/contact-us/	info@veritas-partners.com	050-5805-6289	1400001	東京都	品川区北品川４丁目７番地２５号３０１	東京都品川区北品川４丁目７番地２５号３０１	M＆Aコンサルティングやアドバイザリーを提供する企業	東京都に本社を構えるM＆Aコンサルティングやアドバイザリーを提供する企業です。同社は主にマーケティングコンサルティング事業を行っており、コンサルティング、販促コンサル、経営コンサルの分野で活動しています。	コンサルティング	経営コンサル
株式会社経営状況分析センター	9010801014420	5	http://mfac.co.jp/question/questform	https://mfac.co.jp/	info@mfac.co.jp	03-6685-1008	1080073	東京都	港区三田１丁目２番２２号	東京都港区三田１丁目２番２２号	企業の経営状況を分析する企業	2004年5月に東京都で設立された、企業の経営状況を分析する企業です。同社は主に、財務アドバイザリー事業と研修セミナー事業を展開しており、人材・アウトソーシング、コンサルティング、セミナー、財務コンサルの業界で活躍しています。	コンサルティング	財務コンサル
株式会社イーグリーン	9010801019444	1	http://egreen-e.com/contact/	https://egreen-e.com/company/about.php	info@egreen-e.com	03-3527-1893	1430027	東京都	大田区中馬込２丁目２１番１－３０１	東京都大田区中馬込２丁目２１番１－３０１			コンサルティング	経営コンサル
エヌケーブレインコンサルティング株式会社	9010801024270	15	http://www.nkbrain.com/contact.html	https://nkgrp.jp/		03-6715-7636	1440051	東京都	大田区西蒲田７丁目２６番１１号蒲田トーセイビルⅢ６階	東京都大田区西蒲田７丁目２６番１１号蒲田トーセイビルⅢ６階	業務や営業に関わる経営相談を提供する企業	東京都に拠点を置く経営相談提供企業です。2014年1月に設立され、業務や営業に関わる経営相談を中心に営業支援サービス事業を展開しています。主な業種はコンサルティング、経営コンサル、その他コンサルです。	コンサルティング	経営コンサル
株式会社エル・フェリシア	9010901019897	1	http://www.lfelicia.com/?page_id=14	http://www.lfelicia.com		03-5403-6394	1060032	東京都	港区六本木７丁目７－７Ｔｒｉ－ＳｅｖｅｎＲｏｐｐｏｎｇｉ８階	東京都港区六本木７丁目７－７Ｔｒｉ－ＳｅｖｅｎＲｏｐｐｏｎｇｉ８階	多言語対応ソフトウェアを使用する企業	東京都に所在する多言語対応ソフトウェアを使用する企業であり、2007年3月に設立されました。同社は広告・制作、IT、コンサルティング、Webアプリ・サービス運営、Web制作、経営コンサルの業界でシステムインテグレーション事業を展開しています。	コンサルティング	経営コンサル
株式会社インターステーツコンサルティンググループ	9010901020178	0	http://www.interstates.co.jp/inquiry.html	http://www.interstates.co.jp/	inquiry@interstates.co.jp		1580095	東京都	世田谷区瀬田４丁目２８番１２号	東京都世田谷区瀬田４丁目２８番１２号	コンサルティングやStallionサーチなどの提供企業	2007年4月に東京都で設立された企業です。同社はマーケティングコンサルティング事業、市場リサーチ事業、検索エンジン開発事業、海外ビジネスアドバイザリー事業、企業内トレーニングアウトソーシング事業などを提供しています。IT、人材・アウトソーシング、その他サービス、コンサルティング、Webアプリ・サービス運営、企業研修、販促コンサル、研究・調査・リサーチ、経営コンサル、その他コンサルなど、幅広い業界で活動しています。	コンサルティング	経営コンサル
株式会社ワンストップサービス	9010901021713	3	http://onestop-service.jp/contact/	https://tax.yoshidakazuhito.net/company		03-3414-6699	1540024	東京都	世田谷区三軒茶屋１丁目６番４号	東京都世田谷区三軒茶屋１丁目６番４号	会社設立や起業に関するコンサルティングを提供している事業者	東京都に拠点を置く会社設立や起業に関するコンサルティングを提供している事業者です。文書作成代行事業や法人設立手続きサポート事業を行っており、コンサルティング、財務コンサル、起業コンサル、経営コンサルの業界で活動しています。	コンサルティング	経営コンサル
株式会社ｃｈｉｐｐｅｒ	9010901039623	1	https://corp.chipper.co.jp/contact	https://corp.chipper.co.jp/company/			1500031	東京都	渋谷区桜丘町２６番１号セルリアンタワー１５階	東京都渋谷区桜丘町２６番１号セルリアンタワー１５階			コンサルティング	経営コンサル
株式会社インターラクト	9011001002439	0	http://form1.fc2.com/form/?id=339275	http://interactkk.com/			1500034	東京都	渋谷区代官山町１７－４－３０３	東京都渋谷区代官山町１７－４－３０３	ビジネスコンサルティング会社、講演・研修提供企業	1991年3月に東京都に設立され、ビジネスコンサルティング会社として活動しています。同社はマーケティングコンサルティング事業やセミナー企画・運営事業、研修セミナー事業、企業内トレーニングアウトソーシング事業、講義者派遣事業などを行い、人材・アウトソーシング、コンサルティング、企業研修、セミナー、人材派遣、販促コンサル、経営コンサルの業界で活動しています。	コンサルティング	経営コンサル
株式会社マックアンドサンク	9011001022107	1	https://mac-c.co.jp/contact/	http://mac-c.co.jp/	m_nakamura@mac-c.co.jp	03-3400-5750	1620805	東京都	新宿区矢来町１３２番地１	東京都新宿区矢来町１３２番地１	ベトナム進出支援を行う企業日系企業のアドバイス、調査、事業立案などを手掛ける	東京都を拠点に1993年に設立されたベトナム進出支援企業です。同社は日系企業向けに、アドバイス、調査、事業立案などのサービスを提供しており、主に海外ビジネスアドバイザリー事業に従事しています。コンサルティング、経営コンサル、その他コンサル業界で活躍しています。	コンサルティング	経営コンサル
株式会社コスト管理サービス	9011001031149	0	http://www.cost-ms.co.jp/mailform/input.html	http://www.cost-ms.co.jp		0185-74-7188	0160871	秋田県	能代市字昇平岱４番地２７	秋田県能代市字昇平岱４番地２７	女性起業家を支援し、事務プロセスをアウトソースする企業	秋田県に所在する女性起業家を支援し、事務プロセスをアウトソースする企業です。同社は1997年10月に設立され、主に経営コンサルティング事業を展開しており、コンサルティングおよび経営コンサルの分野において活動しています。	コンサルティング	経営コンサル
株式会社ムジャキフーズ	9011001036759	43	https://ssl.mujaki-foods.com/contact/	https://www.mujaki-foods.com/company/		03-5793-5651	1500013	東京都	渋谷区恵比寿４丁目２０番３号恵比寿ガーデンプレイスタワー	東京都渋谷区恵比寿４丁目２０番３号恵比寿ガーデンプレイスタワー	飲食店舗の拡大やオーナー育成を行う業務委託企業	東京都に所在し、1997年3月に設立された業務委託企業です。同社は飲食店舗の拡大やオーナー育成を行うことを専門としており、主にコンサルティングと経営コンサルの業界で活動しています。	コンサルティング	経営コンサル
ユナイテッド・アドバイザーズ株式会社	9011001052954	13	http://www.united-advisers.com/contact/	https://www.united-advisers.com/accessmap/	info@united-advisers.com	03-6276-2841	1510053	東京都	渋谷区代々木２丁目１１番１４号ＮＫビル	東京都渋谷区代々木２丁目１１番１４号ＮＫビル	企業の経営や相続の承継に関するコンサルタント	東京都に拠点を置く企業の経営や相続の承継に関するコンサルタントです。税務アドバイザリー事業、ビジネス承継支援事業、営業支援サービス事業、相続アドバイザリー事業、社会保険手続き代行サービス事業を行なっており、2007年7月に設立されました。士業、人材・アウトソーシング、その他サービス、コンサルティング、税理士、人材派遣、資産運用コンサル、経営コンサル、その他コンサルの業界に属しています。	コンサルティング	経営コンサル
株式会社プロノバ	9011001055271	2	http://www.pronova.co.jp/category/1838523.html	http://www.pronova.co.jp		090-2430-3140	1510053	東京都	渋谷区代々木３丁目４６番１６号小野木ビル１０３号室	東京都渋谷区代々木３丁目４６番１６号小野木ビル１０３号室	ビジネスコンサルタント＆人材サービス企業	東京都を拠点とするビジネスコンサルタント＆人材サービス企業です。2007年6月に設立され、セミナー企画・運営事業や人材戦略コンサルティング事業を展開しています。主な業種は人材・アウトソーシング、コンサルティング、セミナー、人材紹介、組織コンサル、経営コンサルです。	コンサルティング	経営コンサル
株式会社砺	9011001060239	6	https://ssl-global.info/contact/contact-logs/index/854915298617748?domain=www.buying.co.jp	https://www.arato-inc.co.jp/		03-3237-3162	1020074	東京都	千代田区九段南１丁目６番５号	東京都千代田区九段南１丁目６番５号	中小企業向け経営コンサルティング企業	2015年4月1日に設立された東京都を拠点とする中小企業向け経営コンサルティング企業です。同社はコンサルティング業界および経営コンサルティングに従事しています。	コンサルティング	経営コンサル
プロファームジャパン株式会社	9011001060461	12	https://www.propharm.co.jp/contact	https://www.propharm.co.jp/	info@propharm.jp	03-6328-3307	1500043	東京都	渋谷区道玄坂１丁目２１番１号ＳＨＩＢＵＹＡＳＯＬＡＳＴＡ３Ｆ	東京都渋谷区道玄坂１丁目２１番１号ＳＨＩＢＵＹＡＳＯＬＡＳＴＡ３Ｆ	環境や社会シフトへの適応を支援する企業	2006年6月に東京都に設立された環境や社会シフトへの適応を支援する企業です。同社は主に海外ビジネスアドバイザリー事業を展開し、人材・アウトソーシング、コンサルティング、コスト削減コンサル、翻訳・通訳、経営コンサルなどの業界に従事しています。	コンサルティング	経営コンサル
株式会社エスエスエム	9011001062409	0	http://www.net-stage.tv/form.html	http://www.net-stage.tv/index.html	info@net-stage.tv	03-5358-7800	1570063	東京都	世田谷区粕谷１丁目１２番１２号ハイム山広Ｂ棟１－Ａ	東京都世田谷区粕谷１丁目１２番１２号ハイム山広Ｂ棟１－Ａ	医療・美容業界向けコンサルティングやモデルプロダクションを手掛ける企業	2009年10月に東京都に設立された企業であり、医療・美容業界向けのコンサルティングやモデルプロダクションを手掛けています。広告・制作、コンサルティング、メディア・出版、芸能プロダクション・タレント、Web制作、経営コンサルなど、幅広い業界において活動しています。	コンサルティング	経営コンサル
株式会社ＫＡＭ	9011001068447	2	https://ssl.form-mailer.jp/fms/b30ab66d167998	http://kam-consulting.co.jp	urabe@kam-consulting.co.jp	03-6427-5823	1550033	東京都	世田谷区代田５丁目２２番８号	東京都世田谷区代田５丁目２２番８号	経営や資産に関するアドバイスを提供する企業	東京都に拠点を置く企業です。同社は、経営や資産に関するアドバイスを提供し、医療情報サービス事業、財務アドバイザリー事業、人材戦略コンサルティング事業を展開しています。主要業種は医療・製薬・福祉、コンサルティング、財務コンサルなどです。また、その他医療・福祉、組織コンサル、経営コンサルにも取り組んでいます。	コンサルティング	経営コンサル
株式会社エクラコンサルティング	9011001070642	0	http://www.eclat-c.com/contact/	http://www.eclat-c.com/		03-6866-8800	1020094	東京都	千代田区紀尾井町４番１号ニューオータニガーデンコート８階	東京都千代田区紀尾井町４番１号ニューオータニガーデンコート８階	主に資産関連の税金についてコンサルティングを提供する企業	東京都を拠点に主に資産関連の税金についてコンサルティングを提供する企業です。2011年7月に設立され、税務アドバイザリー事業、ビジネス承継支援事業、相続アドバイザリー事業、投資アドバイザリー事業を展開しており、士業、コンサルティング、そしてその他サービス業界において、税理士、資産運用コンサル、経営コンサルとして幅広いサービスを提供しています。	コンサルティング	経営コンサル
株式会社つながりバンク	9011001073513	1	http://www.tnbank.co.jp/contact/	https://www.tnbank.co.jp/		03-6452-9388	1050001	東京都	港区虎ノ門５丁目２番７号土井ビル５階	東京都港区虎ノ門５丁目２番７号土井ビル５階	経営支援サービス提供企業	東京都を拠点にし、経営支援サービスを提供している企業です。同社は主に幼児教育サービス事業を展開し、金融、教育、コンサルティング、資格取得、児童保育、事業者金融、経営コンサルといった多角的な業界において活動しています。	コンサルティング	経営コンサル
株式会社オンサイド	9011001094897	1	http://on-side.jp/contact.php	http://on-side.jp	info@on-side.jp	0438-38-6781	2920041	千葉県	木更津市清見台東３丁目２番１５号	千葉県木更津市清見台東３丁目２番１５号	企業に対して経営コンサルティングや事業承継のサポートを提供する企業	千葉県に位置する企業で、企業に対して経営コンサルティングや事業承継のサポートを提供しています。2013年5月に設立され、主な事業はビジネス承継支援事業、Webサイト管理代行事業、企業内トレーニングアウトソーシング事業です。主要な業種はIT、人材・アウトソーシング、その他サービス、コンサルティング、Webアプリ・サービス運営、企業研修、その他サービス、経営コンサルです。	コンサルティング	経営コンサル
株式会社Ｙｇｇｄｒａｓｉｌｌ	9011001097330	0	http://yggdrasill-consulting.com/contact/	http://yggdrasill-consulting.com/		03-6271-9342	1500046	東京都	渋谷区松濤１丁目５番１－７０１号	東京都渋谷区松濤１丁目５番１－７０１号	投資アドバイスや金融商品を提供する企業	東京都に拠点を置くコンサルティング企業であり、経営コンサルティングや投資アドバイス、金融商品の提供を行っています。ビジネスにおいて、Ｙｇｇｄｒａｓｉｌｌは幅広い知識と経験を生かし、クライアントの成長や成功に寄与しています。	コンサルティング	経営コンサル
株式会社ＮＥＸ　Ｃｏｎｓｕｌｔｉｎｇ	9011001098799	15	https://nex-cnsl.co.jp/contact/	https://nex-cnsl.co.jp/	info@nex-cnsl.co.jp	06-4706-3113	5300005	大阪府	大阪市北区中之島２丁目２番２号大阪中之島ビル４階	大阪府大阪市北区中之島２丁目２番２号大阪中之島ビル４階	事業再生や継承コンサルティング、M＆Aコンサルティングなどを行う企業	大阪府に拠点を置く事業再生や継承コンサルティング、M＆Aコンサルティングなどを行う企業です。その主要業務は、ビジネス承継支援事業であり、その他サービス業や経営コンサル業界に位置しています。	コンサルティング	経営コンサル
株式会社コンフォート	9011001104466	1	https://www.comfort-inc.com/%E3%81%8A%E5%95%8F%E5%90%88%E3%81%9B/	https://www.comfort-inc.com		03-6416-4081	1500045	東京都	渋谷区神泉町２０番２５号	東京都渋谷区神泉町２０番２５号	事業としてコンサルティングとアウトソーシングを主に手掛ける企業	東京都に拠点を置く企業であり、コンサルティングとアウトソーシングを主に手掛けています。同社は財務アドバイザリー事業と財務・会計業務アウトソーシング事業を展開しており、人材・アウトソーシング、コンサルティング、企業研修、事務処理代行、財務コンサル、業務請負、人材派遣、経営コンサルなどの業界にサービスを提供しています。	コンサルティング	経営コンサル
株式会社ディヴァージュポイント	9011001116866	1	https://divergepoint.co.jp/contact/	https://divergepoint.co.jp/	info@divergepoint.co.jp	03-6455-1487	1500013	東京都	渋谷区恵比寿４丁目４番８号第１伊藤ビル３階	東京都渋谷区恵比寿４丁目４番８号第１伊藤ビル３階	財務コンサルティング企業、財務体制強化支援業者	財務コンサルティング企業であり、財務体制強化支援業者として活動しています。2017年6月16日に設立された同社は、ビジネス承継支援事業、企業内トレーニングアウトソーシング事業、会計・税務アドバイザリー事業、財務・会計業務アウトソーシング事業を展開しています。同社は士業、人材・アウトソーシング、その他サービス、コンサルティング、企業研修、会計士、事務処理代行、財務コンサル、人材派遣、経営コンサルの産業分野で活動しています。	コンサルティング	財務コンサル
Ｂｌｕｅ　Ｐａｒｔｎｅｒｓ株式会社	9011001118499	0	https://bluep.jp/#tf-contact	https://bluep.jp		050-5326-6250	1000006	東京都	千代田区有楽町１丁目１２－１	東京都千代田区有楽町１丁目１２－１	企業のM&Aマッチングと資金調達のコンサルティングを提供している企業	2017年10月2日に設立された東京都を拠点にする企業です。同社は、企業のM&Aマッチングと資金調達のコンサルティングを提供しており、さらにマーケティングコンサルティング事業やビジネス承継支援事業も展開しています。Ｂｌｕｅ　Ｐａｒｔｎｅｒｓ株式会社は、その他サービスやコンサルティング、財務コンサル、販促コンサル、経営コンサルの業界で活動しています。	コンサルティング	経営コンサル
ストラリッジ株式会社	9011001120042	0	https://www.straridge.co.jp/contact	https://www.straridge.co.jp/		03-6403-4493	1500044	東京都	渋谷区円山町５番６号	東京都渋谷区円山町５番６号	IT推進や業務改善の助言を提供するコンサルタント企業	東京都に位置するIT推進や業務改善の助言を提供するコンサルタント企業です。2018年1月11日に創立され、主な事業は人事制度アドバイザリー事業、ブランド戦略策定事業、ソフトウェア流通事業などを展開しており、主要な業界はIT、コンサルティング、販促コンサル、組織コンサル、経営コンサル、ソフトウェア販売です。	コンサルティング	経営コンサル
株式会社ＢＩＺＶＡＬ	9011001120414	0	https://bizval.jp/corporate/contact/	https://bizval.jp/	info@bizval.jp	03-4405-3893	9840075	宮城県	仙台市若林区清水小路６番地の１東日本不動産仙台ファーストビル１階	宮城県仙台市若林区清水小路６番地の１東日本不動産仙台ファーストビル１階	資金調達やM&Aに関するアドバイザリーを行う企業	2018年1月26日に宮城県に設立された企業です。主に資金調達やM&Aに関するアドバイザリーを行い、投資アドバイザリー事業を展開しています。また、IT、コンサルティング、Webアプリ・サービス運営、財務コンサル、起業コンサル、資産運用コンサル、経営コンサルなどの幅広い業界で活動しています。	コンサルティング	経営コンサル
株式会社アイボウ	9011001140552	1	https://aibou-pro.com/contact/	https://aibou-pro.com/	info@aibou-pro.com	03-6869-6557	1500031	東京都	渋谷区桜丘町２３番１７号シティコート桜丘４０８	東京都渋谷区桜丘町２３番１７号シティコート桜丘４０８			コンサルティング	経営コンサル
有限会社アイボリーマーケティング	9011002035140	1	http://ivory-marketing.com/contact.html	https://www.ivory-marketing.com/company.html	info@ivory-marketing.com		1500001	東京都	渋谷区神宮前２丁目７番６号	東京都渋谷区神宮前２丁目７番６号	消費者分析と市場戦略のコンサルティングを提供する企業	2007年7月に設立された東京都に本社を置く企業です。同社は消費者分析と市場戦略のコンサルティングを専門としており、マーケティングコンサルティング事業、セミナー企画・運営事業、インタビュー調査サービス事業、研修セミナー事業、企業内トレーニングアウトソーシング事業、ビジネスコンサルティング事業を展開しています。主に人材・アウトソーシングおよびその他サービス、コンサルティング、企業研修・セミナー、販促コンサルティング、経営コンサルティングなどの業界で活動しています。	コンサルティング	経営コンサル
合同会社ヨキミセサカエル	9011003004532	0	http://yokimise.com/contact/	http://yokimise.com/		03-5785-3201	1510051	東京都	渋谷区千駄ヶ谷４丁目２９番１２号	東京都渋谷区千駄ヶ谷４丁目２９番１２号	小売店向けに事業診断と支援サービスを提供している企業	2013年4月に東京都で設立された企業です。小売店向けに事業診断と支援サービスを提供しており、物流アドバイザリー事業、マーケティングコンサルティング事業、市場リサーチ事業、営業支援サービス事業、店舗デザイン企画事業、商品開発事業、人材戦略コンサルティング事業を展開しています。主な業界は建設、その他サービス、コンサルティングであり、販促コンサル、店舗デザイン、組織コンサル、研究・調査・リサーチ、経営コンサルなどのサービスを提供しています。	コンサルティング	経営コンサル
合同会社エネスフィア	9011003015703	1	https://enesphere.co.jp/contact/	https://enesphere.co.jp/			1500043	東京都	渋谷区道玄坂１丁目１０番８号渋谷道玄坂東急ビル２Ｆ－Ｃ	東京都渋谷区道玄坂１丁目１０番８号渋谷道玄坂東急ビル２Ｆ－Ｃ			コンサルティング	経営コンサル
株式会社ジェイ・プラン	9011101024911	22	http://www.j-plan.com/contact/	https://www.j-plan.com/company/	info@j-plan.com	03-5362-9591	1600022	東京都	新宿区新宿１丁目４番１３号	東京都新宿区新宿１丁目４番１３号	店舗開発のアウトソーシング企業	東京都に位置する店舗開発のアウトソーシング企業です。1997年8月に設立された当社は、マーケティングコンサルティング事業、店舗空間デザイン事業、店舗デザイン企画事業を展開しており、建設、コンサルティング、販促コンサル、店舗デザイン、経営コンサルの業界で活動しています。	コンサルティング	経営コンサル
ジェイ・エム・シー株式会社	9011101048596	0	https://j-medicon.com/	https://j-medicon.com	info@j-medicon.com	03-6205-4445	1050001	東京都	港区虎ノ門１丁目１３番４号	東京都港区虎ノ門１丁目１３番４号	ビジネスや地域の復興に関するコンサルティングを専門とする企業	東京都を拠点にビジネスや地域の復興に関するコンサルティングを専門とする企業です。1988年8月に設立され、小売・販売・卸売、コンサルティング、雑貨販売、経営コンサルの業種に従事しています。また、容器販売事業と自動散水装置販売業も行っています。	コンサルティング	経営コンサル
株式会社プレシジョンマーケティング	9011101050957	38	https://www.precimarke.jp/contact/index.php	https://www.precimarke.jp/company/profile.html	soumu@precimarke.jp	03-6302-0311	1600023	東京都	新宿区西新宿６丁目２４番１号	東京都新宿区西新宿６丁目２４番１号	デジタルマーケティングのコンサルタント企業	2007年5月10日に設立され、東京都に本社を置くデジタルマーケティングのコンサルタント企業です。同社はマーケティングコンサルティング事業、Webマーケティング支援事業、検索エンジン最適化対策事業を展開しており、広告・制作、IT、コンサルティング業界において幅広い活動を行っています。	コンサルティング	経営コンサル
ビートレード・パートナーズ株式会社	9011101051625	44	https://www.btdp.co.jp/contact/inquiry/	https://www.btdp.co.jp/		0120-015-370	1010047	東京都	千代田区内神田２丁目１１番１号	東京都千代田区内神田２丁目１１番１号	企業がマーケティングにおいてサポートを受けることができるビジネス	2009年1月19日に東京都に設立された企業です。同社はマーケティングにおいて企業をサポートするビジネスを展開しており、マーケティングコンサルティング事業、セールスアウトソーシング事業、営業支援サービス事業、電話営業事業を提供しています。主な業務は人材・アウトソーシング、コンサルティング、営業代行・販売代行、業務請負、販促コンサル、コールセンター、経営コンサルを含みます。	コンサルティング	経営コンサル
株式会社フードテックキャピタル	9011101052771	16	http://cfoconsulting.co.jp/contact/	http://cfoconsulting.co.jp/		03-6804-3538	1070061	東京都	港区北青山２丁目１２番１５号Ｇ－ＦＲＯＮＴ青山９階	東京都港区北青山２丁目１２番１５号Ｇ－ＦＲＯＮＴ青山９階	企業が経営に関する支援を業務とする会社	2004年4月に東京都で設立された経営学校運営事業を行う会社です。同社は、企業の経営に関する支援を主な業務としており、人材・アウトソーシング、教育、コンサルティング、人材紹介、財務コンサル、学校、経営コンサルの業界で活動しています。	コンサルティング	経営コンサル
株式会社Ｍ・スポーツビジネス研究所	9011101056905	0	https://www.msbl.co.jp/ms/contact	http://www.msbl.co.jp/		03-5379-7965	1070061	東京都	港区北青山１丁目３番１号アールキューブ青山３階	東京都港区北青山１丁目３番１号アールキューブ青山３階	フィットネスビジネスの起業支援や経営支援、運営を手がける企業	2009年に設立された東京都を拠点とする企業であり、フィットネスビジネスの起業支援や経営支援、運営を手がけています。生活関連サービス、コンサルティング、ジム・フィットネス、保育・託児、起業コンサル、経営コンサルの産業に所属しています。また、保育所運営事業も行っています。	コンサルティング	経営コンサル
株式会社ニューゲート	9011101057011	0	http://www.newgate-i.com/contact/	http://www.newgate-i.com/		03-6867-1242	1600022	東京都	新宿区新宿２丁目６番３号藤和新宿ビル１００６号	東京都新宿区新宿２丁目６番３号藤和新宿ビル１００６号	営業代行サービスとコンサルティングに特化した企業	2012年9月に東京都に設立された営業代行サービスとコンサルティングに特化した企業です。セールスアウトソーシング事業、営業支援サービス事業、企業内トレーニングアウトソーシング事業を展開し、人材・アウトソーシング、コンサルティング、営業代行・販売代行、企業研修、販促コンサル、経営コンサル、その他コンサルに関するサービスを提供しています。	コンサルティング	経営コンサル
株式会社リベラス	9011101057878	0	http://www.liberas.co.jp/contact/index.html	http://www.liberas.co.jp/		03-5937-4326	1600023	東京都	新宿区西新宿７丁目２０番１号	東京都新宿区西新宿７丁目２０番１号	ウェブに特化したビジネスサポート企業	2010年10月に東京都で設立されたウェブに特化したビジネスサポート企業です。主な事業は販促企画であり、コンサルティング、販促コンサル、経営コンサルなどを展開しています。	コンサルティング	経営コンサル
株式会社スクエア	9011101061079	1	http://squarehd.jp/inquiry.html	http://squarehd.jp		03-6908-1840	1610031	東京都	新宿区西落合１丁目２１番地７号	東京都新宿区西落合１丁目２１番地７号	輸出入・販売業務や海外ビジネス相談に特化した企業	東京都に拠点を置き、輸出入・販売業務や海外ビジネス相談に特化した企業です。2011年9月に設立され、マーケティングコンサルティング事業、海外ビジネスアドバイザリー事業、酒類輸入販売事業、酒類販売卸し事業などを展開しています。株式会社スクエアの主要な業界は食品、コンサルティング、販促コンサル、酒類、経営コンサル、その他コンサルです。	コンサルティング	経営コンサル
株式会社経世論研究所	9011101062168	3	http://keiseiron-kenkyujo.jp/contact/	https://keiseiron-kenkyujo.jp/about/	staff@keiseiron-kenkyujo.jp	03-6433-9713	1080075	東京都	港区港南２丁目１６番２号太陽生命品川ビル２８階	東京都港区港南２丁目１６番２号太陽生命品川ビル２８階			コンサルティング	財務コンサル
株式会社アプリシエイト	9011101066251	14	http://appr.co.jp/contact.html	https://hikari-kaisen2.com/company.html	info@appr.co.jp	03-6890-5500	1600023	東京都	新宿区西新宿７丁目５番２０号	東京都新宿区西新宿７丁目５番２０号	Panorama-CMSを含む、CRMとWebソリューションを提供する企業		コンサルティング	経営コンサル
ファミリーコンサルティング株式会社	9011101066689	0	https://fami-con.co.jp/renewal2022/contact/	https://fami-con.co.jp/	info@fami-con.co.jp	03-5332-7225	1600023	東京都	新宿区西新宿７丁目１０番６号	東京都新宿区西新宿７丁目１０番６号	財務コンサルティング企業	東京都を拠点とする財務コンサルティング企業です。同社は、税務アドバイザリー、資産管理アドバイザリー、税金対策、保険アドバイザリー、資金管理支援、投資アドバイザリーの事業を展開しており、士業、コンサルティング、税理士、財務コンサル、資産運用コンサル、経営コンサルなどの業界で活躍しています。	コンサルティング	経営コンサル
有限会社ザ・ライスマウンド	9011202010645	3	http://www.trm-net.co.jp/contact.html	http://www.trm-net.co.jp/overview.html		03-5332-5080	1640003	東京都	中野区東中野２丁目１６番１３号セボンコンフォール東中野１１０	東京都中野区東中野２丁目１６番１３号セボンコンフォール東中野１１０	専門学校のコンサルティングを行う企業	東京都に位置する専門学校のコンサルティングを行う企業です。同社は1996年1月に設立され、教育用具販売事業、教材制作事業、市場リサーチ事業を展開しています。その他サービス、教育、コンサルティング、起業コンサル、研究・調査・リサーチ、経営コンサル、教材の業界で活動しています。	コンサルティング	経営コンサル
株式会社ネクサス・パートナーズ	9011301019166	11	https://www.nexuspartners.co.jp/contact.html	https://www.nexuspartners.co.jp/company.html	info@nexuspartners.co.jp	03-5913-8771	1500013	東京都	渋谷区恵比寿４丁目１７番３号	東京都渋谷区恵比寿４丁目１７番３号	不動産や会計に関するサポートを提供する企業	1905年7月4日に設立された東京都を拠点にする会社であり、不動産や会計に関するサポートを提供しています。主な事業は、ビジネス承継支援とキャリア支援です。IT、人材・アウトソーシング、その他サービス、コンサルティング、Webアプリ・サービス運営、人材紹介、その他人材、その他サービス、経営コンサルなどの業界で活動しています。	コンサルティング	経営コンサル
株式会社Ｃｒａｆｔ　Ｔｏｋｙｏ	9011301027160	2	https://www.craft-tokyo.co.jp/%E3%81%8A%E5%95%8F%E3%81%84%E5%90%88%E3%82%8F%E3%81%9B	https://www.craft-tokyo.co.jp/company			1660003	東京都	杉並区高円寺南４丁目４１－１０ＵＰＢＡＳＥ高円寺２０７	東京都杉並区高円寺南４丁目４１－１０ＵＰＢＡＳＥ高円寺２０７			コンサルティング	経営コンサル
株式会社フィナンシャルクリエイト	9011401015800	38	https://www.financial-create.co.jp/contact/contact-form/	https://www.financial-create.co.jp/company	info@financial-create.co.jp	03-5944-4103	1710022	東京都	豊島区南池袋２丁目１９番地４南池袋ビル５階	東京都豊島区南池袋２丁目１９番地４南池袋ビル５階	不動産や金融に関するプランニングを提供する企業	東京都に拠点を置き、不動産や金融に関するプランニングを提供する企業です。2011年7月に設立され、保険アドバイザリー事業、金融機関向けアドバイザリー事業、経営研修事業を展開しています。主な業界は金融、人材・アウトソーシング、コンサルティング、総合系コンサル、企業研修、保険、資産運用コンサル、その他コンサルです。	コンサルティング	総合系コンサル
株式会社フジシン	9011501003985	200	https://www.fujishin.co.jp/form/	https://fujishin.co.jp/about/		03-3357-4141	1620065	東京都	新宿区住吉町８番１２号	東京都新宿区住吉町８番１２号	美容製品や化粧品の販売・経営コンサルティングを提供する企業	1956年に東京都で設立された企業です。同社は美容製品や化粧品の販売・経営コンサルティングを提供しており、さまざまな事業を展開しています。市場リサーチ、店舗空間デザイン、研修セミナー、美容室・サロン経営コンサルティング、人材戦略コンサルティングなど、幅広い領域で活動しています。	コンサルティング	経営コンサル
株式会社チームエル	9011601017150	28	https://cb-lab.co.jp/contact/	https://team-l.co.jp/corporate/		03-5201-8080	1030021	東京都	中央区日本橋本石町３丁目３番１０号ダイワビル９Ｆ	東京都中央区日本橋本石町３丁目３番１０号ダイワビル９Ｆ	車業界専門のコンサルティング企業	東京都を拠点に、車業界専門のコンサルティング企業として、2011年11月に設立されました。同社は人材戦略コンサルティング事業やフランチャイズチェーン事業を展開し、その他サービス、小売・販売・卸売、コンサルティング、中古車販売、その他団体、組織コンサル、経営コンサルの各業界で積極的に活動しています。	コンサルティング	経営コンサル
株式会社フィットネスマーケティング	9011701018486	2	http://www.fitness-marketing.jp/contact	http://www.fitness-marketing.jp/		042-426-7711	1820022	東京都	調布市国領町３丁目１０番地４	東京都調布市国領町３丁目１０番地４	ジム運営に特化したコンサルティング会社	東京都を拠点にジム運営に特化したコンサルティング会社です。2014年10月に設立され、IT、コンサルティング、起業コンサル、経営コンサルなどの業界でデータ解析事業を展開しています。	コンサルティング	経営コンサル
株式会社フォローワン	9012301003093	0	http://www.followone.co.jp/index.php?%E3%81%8A%E5%95%8F%E3%81%84%E5%90%88%E3%81%9B	http://followone.co.jp/index.php?会社情報	info@followone.co.jp	042-720-0452	2420007	神奈川県	大和市中央林間７丁目９－３ドレッセ中央林間Ａ－３１４	神奈川県大和市中央林間７丁目９－３ドレッセ中央林間Ａ－３１４	営業とマーケティングのサポートを提供する企業	神奈川県を拠点とする営業とマーケティングのサポートを提供する企業です。2002年4月に設立され、主に営業支援サービス事業を展開しています。IT、人材・アウトソーシング、コンサルティング、Webマーケコンサル、企業研修、販促コンサル、経営コンサルなど、さまざまな業界で幅広いコンサルティングサービスを提供しています。	コンサルティング	経営コンサル
株式会社マネジメントブレーン	9012401011871	2	http://www.mb-brain.com/contact/	https://www.i-office.jp.net/	info@i-office0724.net	0422-70-2123	1800004	東京都	武蔵野市吉祥寺本町２丁目８番４号ｉ－ｏｆｆｉｃｅ吉祥寺	東京都武蔵野市吉祥寺本町２丁目８番４号ｉ－ｏｆｆｉｃｅ吉祥寺	武蔵野市で創業支援・研修を手掛ける企業	1985年10月に東京都に設立された企業です。武蔵野市での創業支援・研修を専門とし、セミナー企画・運営事業や研修セミナー事業を展開しています。主な業界は人材・アウトソーシング、コンサルティング、セミナー、経営コンサルです。	コンサルティング	経営コンサル
株式会社フューチャーコンサルティング	9012401023388	2	http://future-c.com/contact/	https://future-c.com/		0422-27-1345	1800002	東京都	武蔵野市吉祥寺東町１丁目４番２６号	東京都武蔵野市吉祥寺東町１丁目４番２６号	企業に対する会計と経営コンサルティングのサービスを提供する企業	東京都に本社を置く2012年10月に設立されたコンサルティング企業です。同社は主に、企業に対して会計と経営コンサルティングのサービスを提供しており、その業務は経営コンサルティングとしての豊富な経験と専門知識に基づいています。株式会社フューチャーコンサルティングは、コンサルティングおよび経営コンサル業界で活躍しています。	コンサルティング	経営コンサル
株式会社ウィンテルコンサルティンググループ	9013201000734	2	http://www.wcg.co.jp/contact	http://www.wcg.co.jp/		03-3792-7241	1520003	東京都	目黒区碑文谷４丁目２４番１５号	東京都目黒区碑文谷４丁目２４番１５号	小売・サービス業者向けコンサルティング・研修企業	1997年4月に設立された東京都に拠点を置く小売・サービス業者向けのコンサルティング・研修企業です。同社はカスタマーサービス研修事業、マーケティングコンサルティング事業、市場リサーチ事業を展開しており、人材・アウトソーシング、その他サービス、コンサルティング、企業研修、販促コンサル、研究・調査・リサーチ、経営コンサルなどの業界で活動しています。	コンサルティング	経営コンサル
株式会社プレ・システム・クリエイト	9013301010798	0	https://www.pre-system.co.jp/contact	http://pre-system.co.jp/		03-3987-2904	1700013	東京都	豊島区東池袋３丁目１番１号サンシャイン６０・４５階	東京都豊島区東池袋３丁目１番１号サンシャイン６０・４５階			コンサルティング	経営コンサル
株式会社ＶＬｅライナック	9013301027405	18	https://vle-linac.co.jp/contact/	https://vle-linac.co.jp		03-6857-5310	1600023	東京都	新宿区西新宿６丁目１８番１号	東京都新宿区西新宿６丁目１８番１号			コンサルティング	経営コンサル
株式会社プラスアルファ	9013301030631	10	https://www.hpa.co.jp/contact/	http://www.hpa.co.jp		03-6914-2810	1700013	東京都	豊島区東池袋３丁目２１番１８号第一笠原ビル３０２	東京都豊島区東池袋３丁目２１番１８号第一笠原ビル３０２			コンサルティング	経営コンサル
株式会社やまとごころ	9013301032990	6	https://www.yamatogokoro.jp/inquiry/	https://corp.yamatogokoro.jp/company/about		03-5312-8314	1600022	東京都	新宿区新宿２丁目９番２２号３階	東京都新宿区新宿２丁目９番２２号３階	インバウンドビジネス関連企業や自治体向けに幅広いサービスを提供する会社	2012年11月に東京都に設立されたインバウンドビジネス関連企業や自治体向けに幅広いサービスを提供する会社です。営業支援サービス事業、人材戦略コンサルティング事業、訪日外国人向け事業、ビジネスマッチングサービス事業などを展開し、人材・アウトソーシング、コンサルティングを含むさまざまな業種に取り組んでいます。	コンサルティング	経営コンサル
株式会社ドクターＲＤラボラトリーズ	9020001042403	43	http://www.doctor-rd.com/mail.html	http://www.doctor-rd.com/prof.html		045-640-5405	2200012	神奈川県	横浜市西区みなとみらい２丁目２番１号横浜ランドマークタワー１３階	神奈川県横浜市西区みなとみらい２丁目２番１号横浜ランドマークタワー１３階	美容クリニックの立ち上げやビジネスアドバイスに特化した企業	2003年11月に設立された神奈川県を拠点とした企業です。同社は美容クリニックの立ち上げやビジネスアドバイスに特化しており、栄養補助食品卸売事業、美容機器流通卸売事業、美容室・サロン経営コンサルティング業、健康補助食品開発事業、栄養補助食品販売事業を展開しています。その主な業界は食品、商社、コンサルティング、健康食品、日用品・化粧品商社、経営コンサルです。	コンサルティング	経営コンサル
株式会社ケイエスピー	9020001066154	22	https://www.ksp.co.jp/contactus	https://www.ksp.co.jp/company/outline.html		044-819-2001	2130012	神奈川県	川崎市高津区坂戸３丁目２番１号	神奈川県川崎市高津区坂戸３丁目２番１号	スタートアップ企業の総合支援企業	1986年12月に神奈川県に設立されたスタートアップ企業の総合支援企業です。主な事業は営業支援サービス事業、企業内トレーニングアウトソーシング事業、経営学校運営事業を展開しており、人材・アウトソーシング、教育、コンサルティング、企業研修、学校、経営コンサル、その他コンサルの業界で活動しています。	コンサルティング	経営コンサル
株式会社クリエイティブ・リンク	9020001089799	2	http://www.cre-link.jp/#contact	http://www.cre-link.jp/			2440816	神奈川県	横浜市戸塚区上倉田町１８５０番地１２	神奈川県横浜市戸塚区上倉田町１８５０番地１２	製品開発や経営アドバイスを提供する企業	2011年3月に神奈川県で設立された企業です。同社は製品開発や経営アドバイスを提供しており、ブランド戦略策定事業、マーケティングコンサルティング事業、市場リサーチ事業、海外ビジネスアドバイザリー事業、商品開発事業、商品開発アドバイザリー事業など様々な業務を行っています。主にその他サービス、コンサルティング、販促コンサル、研究・調査・リサーチ、経営コンサルなどの業界に位置しています。	コンサルティング	経営コンサル
株式会社ファイブ・スター	9020001105738	1	http://five-star.xyz/contact	http://five-star.xyz/company	j31_consulting@ybb.ne.jp	090-9295-7147	2250002	神奈川県	横浜市青葉区美しが丘１丁目１２番地３１	神奈川県横浜市青葉区美しが丘１丁目１２番地３１	中小企業に特化した経営コンサルティングや研修を提供する企業	神奈川県に拠点を置き、中小企業に特化した経営コンサルティングや研修を提供する企業です。2014年5月に設立され、マーケティングコンサルティング事業、海外ビジネスアドバイザリー事業、許認可手続き代行事業、研修セミナー事業を展開しています。人材・アウトソーシング、コンサルティング、企業研修、セミナー、データ入力・事務作業代行、販促コンサル、経営コンサル、その他コンサルという幅広い業界で活動しています。	コンサルティング	経営コンサル
有限会社チェスターフォード	9020002069461	2	http://chesterford.co.jp/contact-us/	https://chesterford.co.jp/会社概要/		045-513-6393	2470011	神奈川県	横浜市栄区元大橋２丁目５番９号	神奈川県横浜市栄区元大橋２丁目５番９号	ビジネスコンサルティングとシステム開発などを提供する企業	2003年6月に神奈川県に設立された企業です。同社はビジネスコンサルティングとシステム開発などを提供しており、主に営業支援サービス事業とリスクマネジメントコンサルティング事業に取り組んでいます。IT、コンサルティング、受託開発、経営コンサルなどの業界で活動し、多岐にわたるコンサルティングサービスを提供しています。	コンサルティング	経営コンサル
株式会社スピック	9021001009788	100	http://spic.com/contact/	https://www.spic.com/outline	picec@spic.org	0467-23-8161	2480005	神奈川県	鎌倉市雪ノ下３丁目３番２３号	神奈川県鎌倉市雪ノ下３丁目３番２３号	経営アドバイザリー&トレーニング事業を提供する企業	神奈川県に拠点を置き、経営アドバイザリー＆トレーニング事業を提供しています。1988年1月に設立されたこの企業は、教育支援、税務アドバイザリー、栄養補助食品製造、栄養補助食品販売の分野で活動しています。士業、食品、教育、コンサルティング、資格取得、税理士、塾・予備校、健康食品、経営コンサルなど、多岐にわたる産業での経験を持つ会社です。	コンサルティング	経営コンサル
株式会社ユーキューブ	9021001024738	1	http://www.u-cube.co.jp/contact.htm	http://www.u-cube.co.jp/		090-3315-6816	2520211	神奈川県	相模原市中央区宮下本町１丁目４７番２号	神奈川県相模原市中央区宮下本町１丁目４７番２号	マーケティング・営業コンサルタント企業	神奈川県を拠点にするマーケティング・営業コンサルタント企業です。同社は、マーケティングコンサルティング事業、セミナー企画・運営事業、市場リサーチ事業、営業支援サービス事業、研修セミナー事業を展開しています。2010年2月に設立され、人材・アウトソーシング、その他サービス、コンサルティング、セミナー、販促コンサル、研究・調査・リサーチ、経営コンサル、その他コンサル業界で活動しています。	コンサルティング	経営コンサル
知財支援機構株式会社	9021001050107	0	http://syndefense.com/en/contact/	https://syndefense.co.jp/ja/about/company/	info@syndefense.com	0467-38-5452	2480031	神奈川県	鎌倉市鎌倉山４丁目１１番８号	神奈川県鎌倉市鎌倉山４丁目１１番８号	知財活用・事業支援のアドバイスを提供する企業	神奈川県を拠点にしている知財活用・事業支援のアドバイスを提供する企業です。2013年2月に設立され、コンサルティングや経営コンサル業界で活動しています。	コンサルティング	経営コンサル
株式会社ウィステリア	9021001057614	2	http://wisterias.co.jp/contact/	http://www.wisterias.co.jp	info@wisterias.co.jp		2520804	神奈川県	藤沢市湘南台２丁目２２番地の１６	神奈川県藤沢市湘南台２丁目２２番地の１６	中小企業のコンサルタント企業	2015年10月に神奈川県に設立された中小企業のコンサルタント企業です。同社はセミナー企画・運営事業、資金管理支援事業、経営研修事業を行っており、主に人材・アウトソーシング、コンサルティング、企業研修、セミナー、財務コンサル、経営コンサルの業界に関与しています。	コンサルティング	経営コンサル
株式会社ＫＤＫ	9021001064767	1	http://kdk-japan.com/inquiry/	https://kdk-japan.com/	inqulry@kdk-japan.com	0466-21-6956	2520816	神奈川県	藤沢市遠藤８４１番地の２２	神奈川県藤沢市遠藤８４１番地の２２	スポーツクラブ・飲食店のコンサル・運営企業	神奈川県を拠点に活動するスポーツクラブ・飲食店のコンサルティングおよび運営を手掛ける企業です。2018年5月8日に設立され、スポーツクラブの運営事業に力を入れています。食品、エンタメ・娯楽、コンサルティングなど多岐にわたる業界での経験を持ち、洋菓子や和菓子、飲食コンサル、経営コンサルなどの分野での実績があります。	コンサルティング	経営コンサル
株式会社満席エージェント	9030001016975	0	http://www.mansekiagent.co.jp/inquiry/form.html	http://www.mansekiagent.com/company.html	info@mansekiagent.co.jp	048-815-9405	3300074	埼玉県	さいたま市浦和区北浦和１丁目２番１５号森ビル３階	埼玉県さいたま市浦和区北浦和１丁目２番１５号森ビル３階	飲食店向け経営コンサルティングで、コピーライティングに特化した企業	埼玉県に拠点を置く2007年8月に設立された企業です。飲食店向けの経営コンサルティングに特化しており、コピーライティングにも力を入れています。教育用具販売事業も展開しており、教育やコンサルティング、経営コンサル、教材の業界に所属しています。	コンサルティング	経営コンサル
株式会社マンデイズ	9030001025464	2	http://www.tohnen.com/inquiry.html	http://www.mandays.jp/company/	ceo@tohnen.com	04-2929-8005	3580012	埼玉県	入間市東藤沢３丁目１９番２２号東稔ビル	埼玉県入間市東藤沢３丁目１９番２２号東稔ビル	環境コンサル企業	埼玉県を拠点にする環境コンサル企業です。1997年2月に設立され、主に店舗メンテナンスサービス事業と空調フィルタークリーニング事業を展開しています。生活関連サービス、不動産、コンサルティング、クリーニング、不動産管理、ビル清掃・ハウス清掃、経営コンサルの業界で活動しています。	コンサルティング	経営コンサル
株式会社あおい総合研究所	9030001094344	2	http://aoisouken.co.jp/contact	https://aoisouken.co.jp/		050-5499-5449	3491134	埼玉県	加須市北下新井５４番地１	埼玉県加須市北下新井５４番地１	売上・事業改善のコンサル企業	埼玉県に拠点を置く売上・事業改善のコンサル企業です。同社は教育用具販売事業、資金管理支援事業、教育教材制作事業を展開しており、教育、コンサルティング、財務コンサル、経営コンサル、教材の業界において活躍しています。	コンサルティング	経営コンサル
ラフィーネカラープランニング有限会社	9030002027617	0	http://www.raffine-color.com/contact.html	http://www.raffine-color.com/index.html		03-5927-9371	1730025	東京都	板橋区熊野町４５－１１－３０５	東京都板橋区熊野町４５－１１－３０５	美容サロン向けのコンサルティング会社	東京都を拠点とする美容サロン向けのコンサルティング会社です。2005年11月に設立され、美容商品販売事業、セミナー企画・運営事業、研修セミナー事業、美容製品開発事業、美容関連セミナー事業、インターネット販売事業を展開しています。主要な業界は製造、IT、人材・アウトソーシング、小売・販売・卸売、コンサルティング、セミナー、美容グッズ販売、化粧品製造、化粧品販売、経営コンサル、eコマースです。	コンサルティング	経営コンサル
ヒューマンウェア・コンサルティング株式会社	9040001029919	1	http://www.hwcg.co.jp/contact/index.html	https://www.hwcg.co.jp/	infohwc@hwcg.co.jp	047-380-6263	2790011	千葉県	浦安市美浜３丁目１１番１０号	千葉県浦安市美浜３丁目１１番１０号	企業の競争力を向上させるコンサルティングを行う企業	千葉県に位置する企業であり、1996年4月に設立されました。同社は、企業の競争力向上を目指すコンサルティング業務を行っており、主に営業支援サービス事業を展開しています。コンサルティング、経営コンサル、その他コンサルなどの業界において活動しています。	コンサルティング	経営コンサル
株式会社ＨＲＣ	9040001032294	1	http://hrc-japan.net/inquiry.php	https://hrc-japan.net/overview.html		047-350-8011	1040061	東京都	中央区銀座１丁目１２番４号Ｎ＆Ｅ＿ＢＬＤ．６Ｆ	東京都中央区銀座１丁目１２番４号Ｎ＆Ｅ＿ＢＬＤ．６Ｆ	経営アドバイザリーとインフラ構築サービスを提供する企業	千葉県に拠点を置く経営アドバイザリーとインフラ構築サービスを提供する企業です。2007年12月に設立され、人材・アウトソーシング、コンサルティング、企業研修、経営コンサルの業界に注力しています。HRCは経営研修事業を主力としており、クライアント企業の成長と発展をサポートするために、高品質なトレーニングプログラムを提供しています。	コンサルティング	経営コンサル
株式会社ロジスティック	9040001034068	1	http://global-scm.com/Corporate/Contact.html#Contact	https://global-scm.com/Company.html		047-723-1100	2790013	千葉県	浦安市日の出３丁目３番Ｄ－９０６号	千葉県浦安市日の出３丁目３番Ｄ－９０６号	物流・サプライチェーンのコンサル企業	千葉県に拠点を置く物流・サプライチェーンのコンサル企業です。2000年4月に設立され、物流アドバイザリー事業、セミナー企画・運営事業、海外ビジネスアドバイザリー事業、研修セミナー事業を展開しています。主に人材・アウトソーシング、コンサルティング、セミナー、経営コンサル、その他コンサルの業界で活動しています。	コンサルティング	経営コンサル
イマジナリー・ダイナミクス株式会社	9040001046154	1	http://imaginary-dynamics.com/contact/	http://imaginary-dynamics.com/		047-707-2891	2701412	千葉県	白井市桜台２丁目６番８棟５０２号	千葉県白井市桜台２丁目６番８棟５０２号	ITを活用した統計的経営コンサルティング企業	千葉県に拠点を置くITを活用した統計的経営コンサルティング企業です。2009年10月に設立され、広告・制作、IT、その他サービス、コンサルティング、Webマーケコンサル、ITコンサル、Web制作、その他IT、研究・調査・リサーチ、経営コンサルを主な業界としています。市場リサーチ事業、ウェブサイトのコンサルティング事業、Webマーケティング支援事業、ビジネスコンサルティング事業、検索エンジン最適化対策事業など、多岐にわたる業務を展開しています。	コンサルティング	経営コンサル
株式会社ナカムラ	9040001066152	13	http://www.nakamura-biyou.net/contact/	https://nakamura-biyou.net/about/	info@nakamura-biyou.net	04-7155-3131	2770885	千葉県	柏市西原２丁目４番２４号	千葉県柏市西原２丁目４番２４号	ヘアサロン・美容室ビジネスの経営や集客をサポートする企業	千葉県を拠点にヘアサロン・美容室ビジネスの経営や集客をサポートする企業です。同社は1968年4月に設立され、レンタルスペース運営事業、企業内トレーニングアウトソーシング事業、美容品卸売事業、美容器具卸販売事業、美容関連セミナー事業、経営研修事業など、幅広い業務を展開しています。主要産業は人材・アウトソーシング、エンタメ・娯楽、商社、不動産、小売・販売・卸売、コンサルティング、企業研修、セミナー、美容グッズ販売、イベント、日用品・化粧品商社、起業コンサル、レンタルスペース、経営コンサルです。	コンサルティング	経営コンサル
株式会社ラックインターナショナル	9040001088056	1	https://docs.google.com/forms/d/e/1FAIpQLScieKE-j-Kg8KJenNDDz0_u6X5GVTbhrD9YaNlu_K4zZk4xRw/viewform?c=0&amp;w=1	http://lak-international.biz/		047-406-3247	1600007	東京都	新宿区荒木町１番地１ＬａＧｒａｃｉａ四谷９０３号室	東京都新宿区荒木町１番地１ＬａＧｒａｃｉａ四谷９０３号室	外国との貿易業務を仲介する企業	2014年11月に設立された千葉県を拠点とする企業であり、外国との貿易業務を仲介することを専門としています。同社は海外ビジネスアドバイザリー事業を展開し、IT、商社、コンサルティング、その他専門商社、経営コンサル、eコマース、その他コンサルの様々な業界において、幅広いサービスを提供しています。	コンサルティング	経営コンサル
アフリカビジネスパートナーズ合同会社	9040003004878	1	https://abp.co.jp/contact/index.html	https://abp.co.jp/	info@abp.co.jp	03-5382-4319	1030027	東京都	中央区日本橋３丁目２番１４号日本橋ＫＮビル４階	東京都中央区日本橋３丁目２番１４号日本橋ＫＮビル４階	アフリカビジネス支援企業	2012年7月に東京都で設立されたアフリカビジネス支援企業です。同社は海外ビジネスアドバイザリー事業、営業支援サービス事業、および投資アドバイザリー事業を展開しており、主に人材・アウトソーシング、コンサルティング、人材紹介、資産運用コンサル、経営コンサルなどの業界に従事しています。	コンサルティング	経営コンサル
ファーストマインド合同会社	9040003006387	1	http://first-mind.jp/contact	http://first-mind.jp/company			2720033	千葉県	市川市市川南１丁目２番３号	千葉県市川市市川南１丁目２番３号	オンラインビジネスのコンサルタント企業	2014年7月に設立された千葉県に拠点を置くオンラインビジネスのコンサルタント企業です。同社の主な事業は、コンピューターおよびネットワークサポート事業、アフィリエイト広告提供事業、コミュニティウェブサイト運営事業です。広告・制作、IT、コンサルティング、Webアプリ・サービス運営、広告制作、ITインフラストラクチャー、経営コンサルの業界で活動しています。	コンサルティング	経営コンサル
株式会社ホワイトナイト	9050001026304	0	https://whiteknight.co.jp/contact	https://whiteknight.co.jp/	doremi@whiteknight.co.jp	0297-84-6358	3010032	茨城県	龍ケ崎市佐貫２丁目１番地１６	茨城県龍ケ崎市佐貫２丁目１番地１６	企業の経営や事業計画に、支援を提供している企業	茨城県を拠点に、企業の経営や事業計画に支援を提供している企業です。2009年6月に設立され、広告・制作、エンタメ・娯楽、コンサルティング、展示会・販促イベントなどの業界で活動しています。特にイベントプランニング事業に力を入れており、販促コンサルや経営コンサルなども提供しています。	コンサルティング	経営コンサル
有限会社ボナ・ヴィータ	9060002026566	2	https://www.buonavita.co.jp/contact	https://www.buonavita.co.jp/about		03-6459-1044	1060032	東京都	港区六本木１丁目７番１０号パークコート六本木ヒルトップ１５０７	東京都港区六本木１丁目７番１０号パークコート六本木ヒルトップ１５０７	ビジネス支援企業（経営相談、研修、ベンチャー支援を提供）	東京都を拠点にビジネス支援企業として活動しています。主に経営相談、研修、ベンチャー支援などを提供しており、企業内トレーニングアウトソーシング事業と経営コンサルティング事業を手がけています。人材・アウトソーシング、コンサルティング、企業研修、起業コンサル、経営コンサルといった幅広い業務領域で高品質なサービスを提供しています。	コンサルティング	経営コンサル
株式会社はらぼじ観光	9070001002641	0	http://www.haraboji.co.jp/user/inqpage/	http://haraboji.co.jp/	haraboji@haraboji.co.jp	027-234-3404	3710054	群馬県	前橋市下細井町６３５番地１５	群馬県前橋市下細井町６３５番地１５	宿泊施設に特化した営業戦略コンサルティング企業	群馬県に本社を置く宿泊施設に特化した営業戦略コンサルティング企業です。同社は、営業支援サービス事業を展開し、コンサルティング、経営コンサル、その他コンサルの業界で活躍しています。	コンサルティング	経営コンサル
株式会社藤井経営	9070001013696	1	http://www.fcmg.co.jp/access.php	http://www.fcmg.co.jp/index.php		0270-25-7696	3720801	群馬県	伊勢崎市宮子町３２２０番地	群馬県伊勢崎市宮子町３２２０番地	医療と農業に注力する総合コンサルタント企業	群馬県を拠点に医療と農業に注力する総合コンサルタント企業です。同社はビジネス承継支援事業、相続アドバイザリー事業、農業支援事業、グループ企業経営事業、リスクマネジメントコンサルティング事業を手がけており、その他サービス、コンサルティング、資産運用コンサル、組織コンサル、経営コンサルなどの業種で活躍しています。株式会社藤井経営は、1978年12月に設立されました。	コンサルティング	経営コンサル
株式会社モテギ・ビジネス・クリエイション	9070001020255	1	https://www.motegi-tax.com/contact	http://www.motegi-tax.com/mtc/motegi_b_c.html		03-6277-7077	3730852	群馬県	太田市新井町５６１番地１	群馬県太田市新井町５６１番地１	社会福祉法人に財務会計のコンサルティングを提供している企業	群馬県に拠点を置く企業です。同社は士業、コンサルティング、税理士、財務コンサルの業界で、社会福祉法人に対して財務会計のコンサルティングを提供しています。会計システムコンサルティング事業と税務アドバイザリー事業を中心に展開しています。	コンサルティング	財務コンサル
メディアスソリューション株式会社	9070001024867	356	http://healthcaresolution.jp/contact/contact.html	https://healthcaresolution.jp/company.html	toiawase@healthcaresolution.jp	03-6772-8089	1000006	東京都	千代田区有楽町１丁目２番２号	東京都千代田区有楽町１丁目２番２号	医療施設の業務改善や資金管理を行う企業	東京都を拠点とする企業で、主に医療施設の業務改善や資金管理に関するサービスを提供しています。2010年5月に設立され、物流アドバイザリー事業、市場リサーチ事業、在庫管理事業、データ解析事業などの業務を展開しています。IT、その他サービス、コンサルティング、研究・調査・リサーチ、経営コンサルなどの業界において事業を展開しております。	コンサルティング	経営コンサル
株式会社マックスフィールズ	9080001004851	8	http://www.evolve-max.com/maxfields/contact/	https://www.evolve-max.com/maxfields/about/outline.html	max@evolve-max.com	054-251-3545	4200851	静岡県	静岡市葵区黒金町１１番地の７	静岡県静岡市葵区黒金町１１番地の７	経営や人材に関するアドバイスを提供し、人材を派遣する企業	1995年2月に設立された静岡県に拠点を構える企業です。同社は経営や人材に関するアドバイスを提供し、人材を派遣することを主な業務としています。教育支援事業や人事制度アドバイザリー事業、商品開発アドバイザリー事業など多岐に渡るサービスを提供しており、人材・アウトソーシング、教育、コンサルティングなど、幅広い業界で活動しています。	コンサルティング	経営コンサル
株式会社グリーンヒルズＪＡＰＡＮ	9080001009784	0	http://gh-j.sakura.ne.jp/wp/others/contact/	http://gh-j.sakura.ne.jp/wp/	info@green-hills.jp	054-200-0280	4200881	静岡県	静岡市葵区北安東２丁目９番２５号	静岡県静岡市葵区北安東２丁目９番２５号	経営支援や宣伝デザインの専門企業	2003年7月に静岡県に設立された経営支援や宣伝デザインの専門企業です。同社は広告・制作、エンタメ・娯楽、人材・アウトソーシングなどのさまざまな業界で活動しており、中国語翻訳・通訳サービス事業や動画コンテンツ制作事業、英語翻訳事業などのサービスを提供しています。グリーンヒルズＪＡＰＡＮは、クライアントのニーズに合わせたオーダーメイドのサービスを提供することで、幅広い業界で高い評価を得ています。	コンサルティング	経営コンサル
有限会社繁盛店研究所	9080002012829	1	https://haward-joyman.com/?page_id=2631	https://www.haward-joyman.com/company.html	syouninjyuku@gmail.com	054-351-8655	4240829	静岡県	静岡市清水区巴町６番２２号	静岡県静岡市清水区巴町６番２２号	経営支援やイベント企画運営などを手掛ける会社	静岡県に拠点を置く経営支援やイベント企画運営などを手掛ける会社です。投資アドバイザリー事業や経営研修事業などを展開し、人材・アウトソーシング、コンサルティング、企業研修、飲食コンサル、資産運用コンサル、経営コンサルの分野で活動しています。2005年11月に設立された企業です。	コンサルティング	経営コンサル
株式会社スカイワーク	9090001009494	0	https://skywork-inc.webnode.jp/contact-us/	https://skywork-inc.webnode.jp/	skywork.iki@gmail.com	055-269-6047	4093851	山梨県	中巨摩郡昭和町河西１０２３番地１	山梨県中巨摩郡昭和町河西１０２３番地１	新規事業開発のマネジメントサポート企業	山梨県に拠点を置く新規事業開発のマネジメントサポート企業です。同社はコンサルティングや経営コンサルの分野で活動し、クライアントに対して効果的な戦略の立案や実行をサポートしています。	コンサルティング	経営コンサル
株式会社アウトオフィス	9120001057515	4	http://www.nksy.co.jp/form/	https://www.nksy.co.jp/company/		06-6300-1787	5320011	大阪府	大阪市淀川区西中島３丁目９番１３号ＮＬＣ新大阪８号館	大阪府大阪市淀川区西中島３丁目９番１３号ＮＬＣ新大阪８号館	企業の財務や経理をサポートし、システムを構築する企業	大阪府に拠点を置き、企業の財務や経理をサポートし、システムを構築する企業です。1997年に設立された本企業は、会計システムコンサルティング事業、会計・税務アドバイザリー事業、システムアドバイザリー事業を展開し、士業、コンサルティング、ITコンサル、会計士、財務コンサルの業界で活躍しています。	コンサルティング	財務コンサル
株式会社ジェイエスケー	9120001064791	0	http://www.jsk.gr.jp/inquiry/	http://www.jsk.gr.jp/		06-6313-1369	5300047	大阪府	大阪市北区西天満３丁目５番２０号	大阪府大阪市北区西天満３丁目５番２０号	経営・会計・税務コンサル企業	1988年7月に設立された大阪府を拠点とする経営・会計・税務コンサル企業です。同社は給与処理アウトソーシング事業、相続アドバイザリー事業、会計・税務アドバイザリー事業などを展開しており、士業、人材・アウトソーシング、コンサルティング、会計士、セミナー、事務処理代行、財務コンサル、人材派遣、資産運用コンサル、経営コンサルを主な業種としています。	コンサルティング	財務コンサル
ミカタコンサルティング株式会社	9120001065006	1	https://business.c-sbc.co.jp/contact/	https://mikata-c.co.jp/company/group/mikata-consulting.html		03-6256-0100	5300051	大阪府	大阪市北区太融寺町３番２４号	大阪府大阪市北区太融寺町３番２４号	税務・会計・法務のコンサルティングを提供する企業	大阪府を拠点に、税務・会計・法務のコンサルティングを提供している企業です。1994年12月に設立され、セキュリティアドバイザリー事業、ビジネス承継支援事業、相続アドバイザリー事業、会計・税務アドバイザリー事業、検索エンジン最適化対策事業などの業務を展開しています。士業、IT、その他サービス、コンサルティングなどのさまざまな業界で活動しています。	コンサルティング	経営コンサル
情報工房株式会社	9120001099359	123	https://www.jhkb.com/inquiry/contact	https://www.jhkb.com/		06-6101-8060	5320011	大阪府	大阪市淀川区西中島７丁目４番１７号	大阪府大阪市淀川区西中島７丁目４番１７号	多様な業務を請け負う会社経営コンサルやマーケティング調査など幅広く手掛けている企業	2001年に設立された大阪府に位置する会社であり、多様な業務を請け負う企業です。CRMシステムの販売卸売事業、アンケート調査代行事業、マーケティングコンサルティング事業、文書作成代行事業、研修セミナー事業など、幅広いサービスを提供しています。情報工房はIT、人材・アウトソーシング、その他サービス、コンサルティング、企業研修、セミナー、ITインフラストラクチャー、業務請負、販促コンサル、研究・調査・リサーチ、経営コンサルなど、様々な産業において活躍しています。	コンサルティング	経営コンサル
株式会社七星社	9120001104531	1	http://sevenstars-jp.com/contact/index.html	https://sevenstars-jp.com/company.html	segawa@sevenstars-jpn.com	03-6679-9372	0630844	北海道	札幌市西区八軒四条西２丁目３－１５	北海道札幌市西区八軒四条西２丁目３－１５	経営を支えるコンサル企業	2004年6月に北海道に設立された経営を支えるコンサル企業です。主にコンサルティングや経営コンサルの活動を行っており、お客様の経営の課題解決と成長戦略の策定をサポートしています。	コンサルティング	経営コンサル
株式会社マドック	9120001105991	7	http://www.madoc.co.jp/contact.html	https://www.madoc.co.jp/contents/post.html		06-6630-0150	5560011	大阪府	大阪市浪速区難波中１丁目１３番５号	大阪府大阪市浪速区難波中１丁目１３番５号	ITコンサルタント＆開発企業	1995年11月に大阪府に設立されたITコンサルタント＆開発企業です。主な事業内容は、ウェブアプリケーション開発、販売管理ソフトウェア開発、ドキュメント管理システム開発、ネットショップ構築などです。広告・制作、IT、コンサルティング、Webアプリ・サービス運営、デザイン、受託開発、経営コンサル、eコマースなどの業種に携わっています。	コンサルティング	経営コンサル
株式会社リバイバルサポート	9120001109984	1	http://www.yoshimura.ne.jp/contact/	http://www.yoshimura.ne.jp/affiliates		06-6243-7171	5420083	大阪府	大阪市中央区東心斎橋１丁目３番１０号長堀堂ビル７階	大阪府大阪市中央区東心斎橋１丁目３番１０号長堀堂ビル７階	再生コンサルティング企業	大阪府に拠点を置く再生コンサルティング企業です。同社は主に海外ビジネスアドバイザリー事業に従事しており、コンサルティング、財務コンサル、資産運用コンサル、経営コンサルなど様々なコンサルティング分野でのサービスを提供しています。	コンサルティング	経営コンサル
株式会社ワイズクリエイト	9120001110307	2	http://www.yscreate.com/contact/interview.html	http://www.yscreate.com/		06-6696-1399	5420073	大阪府	大阪市中央区日本橋１丁目２２番１２号	大阪府大阪市中央区日本橋１丁目２２番１２号	企画・コンサルティング会社イベント・ウェディング・企業等の相談・サポート	1992年3月に大阪府に設立された企画・コンサルティング会社です。彼らはイベント、ウェディング、企業などの相談やサポートを提供し、様々な事業を展開しています。主な事業には、イベントプランニング、結婚式企画・プランニング、セミナー企画・運営、タレントプロデュース、MC派遣、研修セミナー、タレント・アーティスト斡旋、ビジネスコンサルティングなどがあります。ワイズクリエイトは生活関連サービス、人材・アウトソーシング、エンタメ・娯楽、コンサルティング、メディア・出版などの産業に属しています。	コンサルティング	総合系コンサル
ＡＭＣパートナーズ株式会社	9120001110892	10	http://www.amcp.biz/reference.html	https://www.amcp.biz/outline/	amc-reception@amcp.biz	06-6262-2256	5410054	大阪府	大阪市中央区南本町２丁目３番８号	大阪府大阪市中央区南本町２丁目３番８号	医療機関専門のコンサルティング企業	和歌山県を拠点にした医療機関専門のコンサルティング企業です。彼らは2005年5月に設立され、主にコンサルティング及び経営コンサル業界で活動しています。	コンサルティング	経営コンサル
株式会社システムフォー	9120001111800	3	http://www.systemfour-net.com/goiken.cfm	http://www.systemfour-net.com	ishikawa@systemfour-net.com	06-6443-5566	5500004	大阪府	大阪市西区靱本町１丁目１７番５号	大阪府大阪市西区靱本町１丁目１７番５号	中小企業の事業再生を支援するコンサルティング会社	1999年4月に設立された大阪府を拠点とするコンサルティング会社です。同社は中小企業の事業再生を支援することを事業とし、投資アドバイザリー事業を展開しています。主な業務は、コンサルティング、資産運用コンサル、経営コンサル、不動産コンサルなどの分野です。	コンサルティング	経営コンサル
オール・ワン株式会社	9120001111973	0	http://www.all-one.co.jp/contact/	https://www.all-one.co.jp/company/outline.html		06-6243-3400	5420081	大阪府	大阪市中央区南船場４丁目６番１０号	大阪府大阪市中央区南船場４丁目６番１０号	資産・相続・事業のアドバイザー企業	大阪府に位置する資産・相続・事業のアドバイザー企業です。同社は2005年8月に設立され、主に保険アドバイザリー事業と相続アドバイザリー事業を展開しています。コンサルティングや財務コンサル、資産運用コンサルなどの業界で活動しています。	コンサルティング	財務コンサル
株式会社バリュー	9120001121312	2	http://www.h-value.co.jp/formmail/index.html	https://www.gokangroup.com/	info@h-value.co.jp	06-6886-8100	5300001	大阪府	大阪市北区梅田１丁目１番３号大阪駅前第３ビル１１階２号室	大阪府大阪市北区梅田１丁目１番３号大阪駅前第３ビル１１階２号室	飲食店の経営アドバイザー企業	大阪府に拠点を置く飲食店の経営アドバイザー企業です。同社は、研修セミナー事業を行っており、人材・アウトソーシング、コンサルティング、セミナー、経営コンサルの業界で活躍しています。	コンサルティング	経営コンサル
株式会社グローディア	9120001129883	0	http://www.glodea.co.jp/contact/	https://www.glodea.co.jp/		06-6195-3222	5530003	大阪府	大阪市福島区福島５丁目１番２６号ＭＦ西梅田ビル９階	大阪府大阪市福島区福島５丁目１番２６号ＭＦ西梅田ビル９階	人事や組織に関する問題を解決する経営コンサルティング企業	2008年3月に大阪府に設立された経営コンサルティング企業です。その主な業務は、人事や組織に関する問題を解決するためのコンサルティングを行っており、特に人材戦略コンサルティング事業と心理支援サービス事業に注力しています。また、医療・製薬・福祉業界や組織コンサルティングなど幅広い分野で活動しています。	コンサルティング	経営コンサル
株式会社第一経営パートナーズ	9120001181447	0	http://www.dkps.co.jp/contact.html	http://www.dkps.co.jp/company.html		06-6147-4165	5310072	大阪府	大阪市北区豊崎３丁目２０－９	大阪府大阪市北区豊崎３丁目２０－９	福祉業界のビジネスアドバイザリーとアウトソーシング企業	大阪府を拠点に福祉業界のビジネスアドバイザリーとアウトソーシング企業として活動しています。同社の主たる業務は、会計・税務アドバイザリー事業であり、士業、人材・アウトソーシング、コンサルティング、企業研修、会計士、事務処理代行、組織コンサル、経営コンサルなどの業種に携わっています。	コンサルティング	経営コンサル
株式会社アトラクション	9120001187477	1	http://attraction-j.com/info	http://attraction-j.com/			5720084	大阪府	寝屋川市香里南之町３２番５－６１８号	大阪府寝屋川市香里南之町３２番５－６１８号	飲食店を企画し、運営する事業を行う企業	大阪府に位置する飲食店を企画し、運営する事業を行う企業です。2014年12月に設立され、主に建設、人材・アウトソーシング、コンサルティング、業務請負、店舗デザイン、経営コンサルの業界で活動しています。	コンサルティング	経営コンサル
株式会社タイタン	9120001196313	0	http://t-minpaku.jp/company/#contact	http://t-minpaku.jp		06-4792-7563	5400026	大阪府	大阪市中央区内本町２丁目４番１２号中央内本町ビルディング４Ｆ	大阪府大阪市中央区内本町２丁目４番１２号中央内本町ビルディング４Ｆ	"T民泊代行"を経営する会社で、民泊施設の代行サービスやコンサルティングを行う企業	2016年2月15日に大阪府で設立されたIT・コンサルティング企業です。同社は、"T民泊代行"を経営し、民泊施設の代行サービスやコンサルティングを提供しています。また、クリーニング代行事業も手掛けており、Webアプリ・サービス運営や経営コンサルにも力を入れています。	コンサルティング	経営コンサル
株式会社コア	9120001199340	1	https://www.core-consul.co.jp/contact/mail.html			06-6151-3411	5260036	滋賀県	長浜市地福寺町６番３５号	滋賀県長浜市地福寺町６番３５号	経営幹部に対する指導やアドバイスを提供するコンサルティング企業	滋賀県を拠点にするコンサルティング企業です。2016年7月11日に設立され、経営幹部に対する指導やアドバイスを提供しています。主な事業はマーケティングコンサルティング事業と人材戦略コンサルティング事業で、コンサルティング、販促コンサル、組織コンサル、経営コンサルなどの業界で活動しています。	コンサルティング	経営コンサル
有限会社ラポットカンパニー	9120002062002	4	http://rapot.net/form/	https://rapot.net/		06-6777-5093	5450003	大阪府	大阪市阿倍野区美章園２丁目２番１５号	大阪府大阪市阿倍野区美章園２丁目２番１５号	人材教育と経営コンサルティングを行う企業	2004年10月に大阪府で設立された経営コンサルティング企業です。同社は人材教育と経営コンサルティングを専門とし、主に美容室・サロン経営コンサルティング業に従事しています。ラポットカンパニーはコンサルティング業界でリーダーシップを発揮し、経営者の成長と企業の成功に向けて最適なサービスを提供しています。	コンサルティング	経営コンサル
有限会社アイプラン忠	9120002067364	1	http://www.ai-plan-chu.com/postmail/postmail.html	http://www.ai-plan-chu.com/index.html	info@ai-plan-chu.com		3810401	長野県	下高井郡山ノ内町大字平穏３９８４番地	長野県下高井郡山ノ内町大字平穏３９８４番地	事業・IT・人材教育等のコンサルティングを提供する企業	長野県に位置する事業・IT・人材教育等のコンサルティングを提供する企業です。同社は、物流アドバイザリー事業、教育支援事業、営業支援サービス事業、検索エンジン最適化対策事業を展開しており、広告・制作、IT、教育、コンサルティングなどの幅広い業界に対応しています。有限会社アイプラン忠は、2005年12月に設立されました。	コンサルティング	経営コンサル
有限会社アイ・シー・ビー	9120002071408	35	https://icb-k.co.jp/contact	https://icb-k.co.jp/	j.ihara@icb-k.co.jp	06-6195-2623	5320011	大阪府	大阪市淀川区西中島５丁目９番５号８Ｆ	大阪府大阪市淀川区西中島５丁目９番５号８Ｆ	経理コンサルティング企業	大阪府に拠点を置く経理コンサルティング企業です。1990年9月に設立され、税務アドバイザリー事業や会計・税務アドバイザリー事業を展開しています。士業、コンサルティング、税理士、会計士、経営コンサルの業界で活動しています。	コンサルティング	経営コンサル
株式会社ユニバーサルホールディングス	9120101007568	2	http://www.aru-aru43.com/web/m_gim/form	https://www.aru-aru43.com/	info@aru-aru43.com	072-247-7180	5998236	大阪府	堺市中区深井沢町３３２４番地	大阪府堺市中区深井沢町３３２４番地	経営支援や教育事業を手掛ける企業	大阪府に拠点を置く経営支援や教育事業を手掛ける企業です。同社の事業は不動産自主売却事業や経営学校運営事業などを展開しており、1997年3月に設立されました。人材・アウトソーシング、教育、コンサルティング、資格取得、企業研修、学校、起業コンサル、経営コンサル、その他コンサル、不動産コンサルなど、幅広い業界で活動しています。	コンサルティング	経営コンサル
株式会社Ｒａｆｔｅｌ	9120101049123	5	https://www.d-raftel.com/contact-us	https://www.d-raftel.com	info@d-raftel.com	06-6531-1061	5500014	大阪府	大阪市西区北堀江１丁目１６番７号	大阪府大阪市西区北堀江１丁目１６番７号	訪問看護ステーションの経営アドバイザーを提供している企業	2015年10月に大阪府に設立されたコンサルティング会社です。同社は主に訪問看護ステーションの経営アドバイザーを提供しており、経営コンサルティングの分野で優れたサービスを提供しています。	コンサルティング	経営コンサル
泉大津商工会議所	9120105006962	11	http://www.izumiotsu-cci.or.jp/contact/	http://www.izumiotsu-cci.or.jp		0725-23-1111	5950062	大阪府	泉大津市田中町１０番７号	大阪府泉大津市田中町１０番７号	泉大津市の商工業向け地域総合経済団体	1947年3月に設立された大阪府の商工業向け地域総合経済団体です。同団体は、人材・アウトソーシング、エンタメ・娯楽、コンサルティング、セミナー、イベント、経営コンサルの業種で活動しており、イベントプランニング事業、イベント企画・運営事業、研修セミナー事業を展開しています。	コンサルティング	経営コンサル
株式会社コア	9120901023649	2	https://www.core-consul.co.jp/contact/mail.html	http://www.core-consul.co.jp/indexs.html		06-6151-3411	5630258	大阪府	箕面市森町南２丁目２番３５号	大阪府箕面市森町南２丁目２番３５号	経営陣向けのコーチングやコンサルティングを提供する企業	1997年1月に設立され、大阪府を拠点に活動している経営陣向けのコーチングやコンサルティングを提供する企業です。同社はコンサルティング、組織コンサル、経営コンサルの業界で活動しています。	コンサルティング	経営コンサル
株式会社コムコンサ	9122001009082	0	http://www.comcons.co.jp/contact/index.php	http://www.comcons.co.jp/index.php	sakashita@comcons.co.jp	06-6618-6667	5770061	大阪府	東大阪市森河内西１丁目３０番２４号	大阪府東大阪市森河内西１丁目３０番２４号	企業に対して経営のリスク管理やコンサルテーションを提供する企業	大阪府を拠点に、企業に対して経営のリスク管理やコンサルテーションを提供する企業です。主な事業としては、システムアドバイザリー事業とリスクマネジメントコンサルティング事業を展開しており、コンサルティング、ITコンサル、経営コンサルなどの業界に従事しています。	コンサルティング	経営コンサル
株式会社ビーアップ	9122001012268	2	http://www.pop21.biz/contactus	http://www.pop21.biz/index.html		06-4307-8033	5770841	大阪府	東大阪市足代２丁目１番５号	大阪府東大阪市足代２丁目１番５号	販促指導企業	2005年2月に大阪府で設立された販促指導企業です。同社は広告クリエイティブ事業、店頭広告制作事業、店舗デザイン企画事業、企業内トレーニングアウトソーシング事業、広告物デザイン制作事業、および販促企画事業を展開しています。建設、広告・制作、人材・アウトソーシング、コンサルティング、企業研修、広告制作、販促コンサル、店舗デザイン、および経営コンサルの業界に所属しています。	コンサルティング	経営コンサル
株式会社いつき総研	9122001023967	16	http://www.itsuki-s.jp/contact/	https://www.itsuki-s.jp/company/		06-6748-6226	5770013	大阪府	東大阪市長田中４丁目２番２６号	大阪府東大阪市長田中４丁目２番２６号	医療施設・機器サポート企業	2004年9月に大阪府で設立された医療施設・機器サポート企業です。同社は研修セミナー事業および医療機器販売卸事業を手がけており、人材・アウトソーシング、商社、コンサルティング、セミナー、医療機器商社、経営コンサルの業界で活動しています。	コンサルティング	経営コンサル
株式会社コストダウン	9130001026964	1	http://www.costdown.co.jp/contact/	https://www.costdown.co.jp/com/	info@costdown.co.jp	0120-875-430	6128421	京都府	京都市伏見区竹田桶ノ井町３１番地の２０	京都府京都市伏見区竹田桶ノ井町３１番地の２０	法人企業のコスト削減に専門特化したコンサルティング企業	京都府を拠点に、法人企業のコスト削減に専門特化したコンサルティング企業です。主にコンサルティングおよび経営コンサルの業種に従事しています。	コンサルティング	経営コンサル
株式会社京都知財倶楽部	9130001027533	0	http://www.k-ips.com/contact.htm	http://www.k-ips.com/index.htm			6048832	京都府	京都市中京区壬生下溝町５５番地	京都府京都市中京区壬生下溝町５５番地	アイデアやベンチャー企業の知的財産保護や支援を行う会社	2002年9月に設立された京都府を拠点にする会社であり、アイデアやベンチャー企業の知的財産保護や支援を行っています。同社は主にコンサルティング業や経営コンサルティング業に従事しており、顧客のビジネスの成功に向けた戦略的なアドバイスを提供しています。	コンサルティング	経営コンサル
株式会社積水インテグレーテッドリサーチ	9130001031535	0	http://www.sirnet.co.jp/%E3%81%8A%E5%95%8F%E5%90%88%E3%81%9B	https://www.sirnet.co.jp/access/		075-662-8604	6018105	京都府	京都市南区上鳥羽上調子町２番２号	京都府京都市南区上鳥羽上調子町２番２号	積水化学グループの経営戦略と新規事業を企画する企業	2000年7月に京都府に設立された企業です。積水化学グループの経営戦略と新規事業を企画することを主な業務としており、特にデータ解析事業に力を入れています。IT、コンサルティングなどの業界における経験を活かし、顧客に最適なソリューションを提供しています。	コンサルティング	経営コンサル
総合経営株式会社	9130001037755	0	http://www.sogokeiei.co.jp/contact/index.html	http://www.sogokeiei.co.jp/kyoto/index.html	hasegawa@sogokeiei.co.jp	075-256-1204	6040847	京都府	京都市中京区烏丸通二条下る秋野々町５２９番地ヒロセビル	京都府京都市中京区烏丸通二条下る秋野々町５２９番地ヒロセビル	企業のコンサルタントが経営改善の提案や支援を行う企業	京都府に位置する企業のコンサルタントが経営改善の提案や支援を行う企業であり、1990年に設立されました。主な業種はコンサルティングと経営コンサルであります。	コンサルティング	経営コンサル
ひかり監査法人	9130005006269	16	https://www.hikari-audit.com/contact/	https://www.hikari-audit.com/about/	info@hikari-audit.com	075-252-1305	6040872	京都府	京都市中京区東洞院通竹屋町下る三本木５丁目４７０番地	京都府京都市中京区東洞院通竹屋町下る三本木５丁目４７０番地	中規模企業に特化し、M&A支援やコンサルティングを行う会計事務所企業	京都府に位置する会計事務所企業であり、中規模企業に特化したM&A支援やコンサルティングを行っています。主に財務アドバイザリー事業を担当し、2007年6月に設立されました。ひかり監査法人は、コンサルティング業界や財務コンサル業界で活躍しています。	コンサルティング	財務コンサル
株式会社タイム	9140001009101	1	https://timeco.ocnk.net/contact	https://timeco.ocnk.net/phone/info	timeco@nifty.com	078-302-7881	6500046	兵庫県	神戸市中央区港島中町６丁目２番１号	兵庫県神戸市中央区港島中町６丁目２番１号	ビジネスアドバイザリー及びスパイス販売の事業を展開する企業	兵庫県を拠点にビジネスアドバイザリー及びスパイス販売の事業を展開する企業です。1974年10月に設立され、食品、IT、人材・アウトソーシング、コンサルティング、人材派遣、経営コンサル、eコマース、調味料などの広範な業界で活動しています。スパイス・ハーブ販売事業や講義者派遣事業を通じて、顧客への高品質なサービスを提供しています。	コンサルティング	経営コンサル
株式会社クリエイション	9140001022517	1	http://www.creation-net.co.jp/contact/	https://www.creation-net.co.jp/	info@creation-net.co.jp	078-371-8801	6500015	兵庫県	神戸市中央区多聞通４丁目４番１３号歩１１番館３０５号	兵庫県神戸市中央区多聞通４丁目４番１３号歩１１番館３０５号	｢考動経営｣で企業のコンサルティングを行う企業	1994年4月に兵庫県にて設立された企業です。同社は｢考動経営｣を提唱し、企業のコンサルティングを行っています。また、企業内トレーニングアウトソーシング事業や補助金申請支援事業も展開しており、人材・アウトソーシング、コンサルティング、企業研修などの幅広いサービスを提供しています。	コンサルティング	経営コンサル
エイム研究所株式会社	9140001045369	2	http://www.e-terakoya.jp/contact/forms/index/1	http://www.e-terakoya.jp/	info@e-terakoya.jp	079-456-2727	6750101	兵庫県	加古川市平岡町新在家１９０１番地の２	兵庫県加古川市平岡町新在家１９０１番地の２	企業向けのコンサルティング・研修サービスを提供している企業	1999年に兵庫県で設立され、企業向けのコンサルティング・研修サービスを提供しています。同社は、ビジネス研修セミナー運営事業、資金管理支援事業、ビジネスコンサルティング事業、出版事業、経営研修事業を展開しています。主な業界はIT、人材・アウトソーシング、小売・販売・卸売、コンサルティング、メディア・出版など多岐にわたります。	コンサルティング	経営コンサル
株式会社ＢｉＶａホールディングス	9140001073642	8	https://www.biva.co.jp/inquiry.html	https://www.biva.co.jp/company.html		0798-34-8585	6620978	兵庫県	西宮市産所町１５番１３号	兵庫県西宮市産所町１５番１３号	BiVaグループの持株企業が、新規事業開発や異業種提携を推進	兵庫県に拠点を置く持株企業です。BiVaグループの成長を支えるために、新規事業開発や異業種提携などを推進しています。2009年3月に設立され、主要な事業はグループ企業の経営事業となっており、主にコンサルティング業および経営コンサルティング業に従事しています。	コンサルティング	経営コンサル
株式会社ジースト	9140001095133	1	https://gst-j.com/contact/	http://gst-j.com	info@thinkgj.com	050-3393-7310	6620894	兵庫県	西宮市上ケ原四番町４番５号	兵庫県西宮市上ケ原四番町４番５号	商品やサービスの開発・販売におけるアドバイスや支援を行っている企業	兵庫県に拠点を置く企業であり、商品やサービスの開発・販売におけるアドバイスや支援を行っています。主な業務としては、商品開発アドバイザリー事業および人材戦略コンサルティング事業を展開しており、コンサルティング、販促コンサル、組織コンサル、経営コンサルなどの幅広い業種に対応しています。株式会社ジーストは、お客様のビジネスの成功をサポートするため、最適な戦略と解決策を提供しています。	コンサルティング	経営コンサル
株式会社ファイナンシャルサロン	9180001030524	11	https://f-salon.heteml.jp/f-salon.co.jp/mail.html	http://www.f-salon.co.jp/company/index.html		052-253-8891	4600008	愛知県	名古屋市中区栄３丁目１５番２７号	愛知県名古屋市中区栄３丁目１５番２７号	家計を改善するアドバイスや企業財務のコンサルティングを提供する企業	愛知県に位置する企業であり、家計を改善するアドバイスや企業財務のコンサルティングを提供しています。1992年4月に設立されたこの会社は、損害保険エージェント事業、ビジネス承継支援事業、住宅融資相談事業、保険アドバイザリー事業、相続アドバイザリー事業、生命保険エージェント業、資金管理支援事業などを行っています。株式会社ファイナンシャルサロンは、金融、その他のサービス、コンサルティング、財務コンサル、保険代理店、その他の金融関連サービスに関わる業界で活動しています。	コンサルティング	財務コンサル
株式会社コスモスコンサルティング	9180001048780	1	http://www.cosmos.gr.jp/contact.html	http://www.cosmos.gr.jp	info@cosmos.gr.jp	052-201-3775	4750024	愛知県	半田市亀崎高根町６丁目４８番地の１	愛知県半田市亀崎高根町６丁目４８番地の１	経営に関するコンサルティングを提供する企業	愛知県を拠点に経営に関するコンサルティングを提供する企業です。組織分析コンサルティング事業やビジネス承継支援事業を行っており、2000年1月に設立されました。その他サービスやコンサルティング、コスト削減コンサル、組織コンサル、経営コンサルなどの業界で活躍しています。	コンサルティング	経営コンサル
株式会社プック	9180001055562	0	https://puq.co.jp/contact/	https://www.puq.co.jp/company/		0562-96-1357	4701168	愛知県	豊明市栄町南舘１０８番地１１	愛知県豊明市栄町南舘１０８番地１１	ビジネス相談や建築の設計施工を手掛ける企業	愛知県に拠点を置くビジネス相談や建築の設計施工を手掛ける企業です。2005年に設立され、店舗空間デザイン事業、商業施設建築事業、商品開発事業、店舗設計事業、住宅建築設計事業などを主要な業務としています。建設、工事・土木、IT、その他サービス、コンサルティングなど、幅広い業界で活躍しており、商業施設企画・設計や住宅建築・開発などの分野で高い評価を得ています。	コンサルティング	総合系コンサル
株式会社トータルマネジメントサービス	9180001076229	8	http://office-ota.d.dooo.jp/question/question.html	http://office-ota.d.dooo.jp/profile/tms.html	Gak2002@tkcnf.or.jp	0568-44-8844	4850029	愛知県	小牧市中央１丁目６７番地	愛知県小牧市中央１丁目６７番地			コンサルティング	財務コンサル
株式会社エナート	9180001089552	12	http://www.enarte.jp/contact/	https://enarte.co.jp/	info@enarte.jp	052-222-7555	4600002	愛知県	名古屋市中区丸の内２丁目１３番１８号	愛知県名古屋市中区丸の内２丁目１３番１８号	「エグゼクティブランチ」などの婚活パーティを主催する企業	愛知県を拠点に、「エグゼクティブランチ」などの婚活パーティを主催する企業です。同社はパートナー紹介事業を行い、エンタメ・娯楽、その他サービス、コンサルティング、イベント、その他サービス、経営コンサルの業界で幅広く活動しています。	コンサルティング	経営コンサル
ビューロ・ネットワーク不動産株式会社	9180001089899	1	http://aquamf.com/contact	https://www.aquamf.com/		052-433-4663	4500002	愛知県	名古屋市中村区名駅３丁目２８番１２号	愛知県名古屋市中村区名駅３丁目２８番１２号	企業の経営を支援する企業	東京都を拠点にする経営コンサルティング企業であり、企業の経営を支援することを専門としています。コンサルティングおよび経営コンサルの業界において、ビューロ・ネットワーク不動産は信頼と専門知識を提供するリーディングカンパニーとして知られています。	コンサルティング	経営コンサル
株式会社アラウンド	9180001090064	61	https://www.consul-around.com/%E3%81%8A%E5%95%8F%E3%81%84%E5%90%88%E3%82%8F%E3%81%9B/	https://kaigo-around.co.jp/company	info@consul-around.com	052-269-3305	4600007	愛知県	名古屋市中区新栄２丁目１番５号	愛知県名古屋市中区新栄２丁目１番５号	介護事業に関するコンサルティングを専門とする企業	愛知県を拠点に、介護事業に関するコンサルティングを専門とする企業です。2010年8月に設立され、中古戸建売買事業や土地取引事業、デイサービス施設の経営・運営、高齢者向け施設運営事業、マンション不動産販売事業など、幅広い業務を展開しています。主な業界は医療・製薬・福祉、不動産、コンサルティングであり、不動産売買・仲介、土地売買・賃貸、その他医療・福祉、経営コンサル、その他コンサル、不動産コンサルに関連する活動を行っています。	コンサルティング	経営コンサル
株式会社マーケティング・トルネード	9180001098363	3	https://www.marketingtornado.co.jp/contact/	https://marketingtornado.co.jp/		052-462-1251	4530014	愛知県	名古屋市中村区則武１丁目１０番６号	愛知県名古屋市中村区則武１丁目１０番６号	経営のアドバイスやビジネスセミナーを提供する企業	2001年5月に愛知県で設立された企業です。同社は経営のアドバイスやビジネスセミナーの提供に特化しており、教育用具販売事業、マーケティングコンサルティング事業、研修セミナー事業を展開しています。人材・アウトソーシング、教育、コンサルティングなどの業界に携わっており、販促コンサルや経営コンサル、教材などを提供しています。	コンサルティング	経営コンサル
株式会社総務システムサービス	9180001098421	29	https://www.ssyss.co.jp/contact/	https://www.ssyss.co.jp/company/	partner@ssyss.co.jp	052-443-1203	4901211	愛知県	あま市篠田南長無２２番地	愛知県あま市篠田南長無２２番地	企業が経営戦略に関するアドバイザリーを提供する企業	1989年10月に愛知県で設立された企業です。同社は企業が経営戦略に関するアドバイザリーを提供し、広告・制作、人材・アウトソーシング、コンサルティングなどの業界で活動しています。給与処理アウトソーシング事業、メールマガジン配信サービス、経営コンサルティング事業、人材採用支援事業、社会保険手続き代行サービス事業などを展開しており、幅広いサービスを提供しています。	コンサルティング	経営コンサル
アドバイザリー株式会社	9180001109228	1	https://www.ma-advisory.co.jp/contact/index.html	https://ma-advisory.co.jp/		052-253-5010	4600008	愛知県	名古屋市中区栄３丁目２番３号名古屋日興證券ビル６階	愛知県名古屋市中区栄３丁目２番３号名古屋日興證券ビル６階	中小企業向けM&A戦略のアドバイザー・支援会社	2013年4月に設立された愛知県に拠点を置く中小企業向けM&A戦略のアドバイザー・支援会社です。主な業務は、コンサルティングや経営コンサルに従事しており、中小企業の成長や発展をサポートしています。	コンサルティング	経営コンサル
株式会社ジェットセット	9180001109772	1	http://jetset318.wixsite.com/jetset/contact	https://jetset318.wixsite.com/jetset/about2	faxjst01@gmail.com	03-6869-1179	1070062	東京都	港区南青山２丁目２番１５号ウィン青山９４２	東京都港区南青山２丁目２番１５号ウィン青山９４２	経理・財務の専門コンサルティングを提供する企業	東京都に拠点を置く経理・財務の専門コンサルティングを提供する企業です。2013年5月に設立され、コンサルティング、財務コンサル、経営コンサルの業界において活動しています。	コンサルティング	経営コンサル
株式会社ｄｏｔ	9180001123369	11	https://docs.google.com/forms/d/e/1FAIpQLSfajkGI7WolQI3hQdu8QmFfx4YzzeY2PLyJlKIeBHtCAe0C5g/viewform?c=0&amp;w=1	https://dotinc.jp/		03-6380-8228	1030002	東京都	中央区日本橋馬喰町１丁目１０番１２号	東京都中央区日本橋馬喰町１丁目１０番１２号	ホテル経営に関するアドバイスを提供する企業	2016年5月17日に東京都で設立された企業です。同社はホテル経営に関するアドバイスを提供しており、電話応対代行事業や観光案内サービス提供事業を展開しています。主な業界は人材・アウトソーシング、コンサルティング、観光・宿泊・レジャー、海外旅行・海外留学、秘書代行・電話代行、経営コンサルなどです。	コンサルティング	経営コンサル
エネテクホールディングス株式会社	9180001128913	22	https://enetech-hd.co.jp/contact	https://enetech-hd.co.jp/		052-746-9244	4600008	愛知県	名古屋市中区栄４丁目１番１号中日ビル１２階	愛知県名古屋市中区栄４丁目１番１号中日ビル１２階	エネテクグループの経営戦略と運営を行う企業	2017年8月14日に設立され、愛知県に本社を構える企業です。同社はエネテクグループの経営戦略と運営を担当し、財務・会計業務アウトソーシング事業やグループ企業経営事業を展開しています。主要な業界は人材・アウトソーシング、コンサルティング、人材派遣、経営コンサルです。	コンサルティング	経営コンサル
株式会社ＭＵＸ	9180001132477	7	https://www.mux.nagoya/contact/	https://www.mux.nagoya/about/		0120-961-852	4600002	愛知県	名古屋市中区丸の内２丁目１８番２０号ＤＫ丸の内ビル１階	愛知県名古屋市中区丸の内２丁目１８番２０号ＤＫ丸の内ビル１階			コンサルティング	総合系コンサル
株式会社ＨＩＴＯＴＡＳＵ	9180001155692	1	https://www.hitotasu.net/contact	https://www.hitotasu.net/	contact@hitotasu.com	052-990-3377	4500002	愛知県	名古屋市中村区名駅３丁目４－１０アルティメイト名駅１ｓｔ２階	愛知県名古屋市中村区名駅３丁目４－１０アルティメイト名駅１ｓｔ２階			コンサルティング	経営コンサル
有限会社アイテイ・コンタクト	9180002054778	3	http://itcontact.co.jp/contact/	http://itcontact.co.jp/	info@itcontact.co.jp	052-853-8880	4660842	愛知県	名古屋市昭和区檀溪通３丁目１番地	愛知県名古屋市昭和区檀溪通３丁目１番地	美容室経営のコンサルティングを提供する企業	2003年11月に設立され、愛知県に拠点を置きます。同社は、美容室経営のコンサルティングを提供する企業であり、ヘアケア製品の販売事業や美容室・サロン経営のコンサルティング業を展開しています。また、IT、小売・販売・卸売、コンサルティング、美容グッズ販売、化粧品販売、経営コンサル、eコマースといった業界にも関与しています。	コンサルティング	経営コンサル
有限会社アスリート	9180002058663	0	http://www.athlete-group.co.jp/html/04.htm	http://www.athlete-group.co.jp	info@athlete-group.co.jp	052-759-4500	4640848	愛知県	名古屋市千種区春岡１丁目４番８号	愛知県名古屋市千種区春岡１丁目４番８号	CRMおよび販促ツールに関するコンサルティングを提供する企業	愛知県に拠点を置くCRMおよび販促ツールに関するコンサルティングを提供する企業です。同社は主にマーケティングコンサルティング事業、企業の広報プランニング事業、Webマーケティング支援事業に従事しており、IT、コンサルティング、Webマーケコンサル、販促コンサル、経営コンサルなどの多岐にわたる業界で活躍しています。	コンサルティング	経営コンサル
株式会社ＩＤＫコンサルティング	9180002059141	10	http://www.idk-c.jp/contact.html	https://www.idk-c.jp/		0563-53-8510	4450811	愛知県	西尾市道光寺町寺内下１２番地１６	愛知県西尾市道光寺町寺内下１２番地１６	経営に関するアドバイスを提供する企業	愛知県に位置する経営に関するアドバイスを提供する企業です。同社は保険アドバイザリー事業やリスクマネジメントコンサルティング事業を展開しており、コンサルティング、コスト削減コンサル、資産運用コンサル、経営コンサルなどの業界において活動しています。	コンサルティング	経営コンサル
株式会社ペック協会	9200001012321	1	http://www.pec-g.co.jp/form/pec-g/contact	https://www.pec-g.co.jp/company		058-397-2531	5016257	岐阜県	羽島市福寿町平方１丁目５番地	岐阜県羽島市福寿町平方１丁目５番地	PEC方式で経営コンサルティングを提供する企業	岐阜県に拠点を置くPECF方式で経営コンサルティングを提供する企業です。同社は人材・アウトソーシング、コンサルティング、企業研修、セミナー、経営コンサルの業界でセミナー企画・運営事業、企業内トレーニングアウトソーシング事業、経営研修事業を手掛けています。	コンサルティング	経営コンサル
株式会社アシストホールディングス	9200001027022	7	http://www.assist-hd.com/contact/	http://www.assist-hd.com/company/		058-252-5100	5008309	岐阜県	岐阜市都通４丁目１１番地１	岐阜県岐阜市都通４丁目１１番地１	アドバイザリーやリサーチ、経営支援などを提供する企業	岐阜県を拠点にアドバイザリーやリサーチ、経営支援などを提供する企業です。2011年4月に設立されたこの会社は、主に経営コンサルティング事業を展開しています。主要業界はコンサルティングであり、特に経営コンサルに力を入れています。	コンサルティング	経営コンサル
ナカヤマ商事株式会社	9210001002420	5	https://www.nakatec.co.jp/contact/	http://www.nakatec.co.jp/group-summary/		0776-25-2400	9100067	福井県	福井市新田塚１丁目２５番１８号	福井県福井市新田塚１丁目２５番１８号	ナカテックグループの管理に関する企業	福井県に拠点を置くナカテックグループの管理に関する企業です。同社は、財務・会計業務アウトソーシング事業を展開しており、主に人材・アウトソーシング、コンサルティング、財務コンサル、人材派遣の業界で活動しています。	コンサルティング	財務コンサル
株式会社ドモドモコーポレーション	9220001017731	1	https://dm2.co.jp/form/contact/?top	https://dm2.co.jp	contact@dm2.co.jp	076-285-8058	9291171	石川県	かほく市木津ロ６４番地１	石川県かほく市木津ロ６４番地１	企業の戦略分析と販売促進策の提案を行う企業	石川県に所在するコンサルティング会社であり、経営コンサル業界での豊富な経験と専門知識をもとに、企業の戦略分析と販売促進策の提案を行っています。2000年10月に設立され、主な業務は戦略の策定や市場調査、競合分析、販売プロモーションの計画。	コンサルティング	経営コンサル
株式会社アルファエスアイ	9240001015295	2	https://asti-g.com/contact	https://asti-g.com/		082-298-6360	7300029	広島県	広島市中区三川町５番２号並木ウィング６階	広島県広島市中区三川町５番２号並木ウィング６階	国際規格取得支援コンサルティング企業	広島県を拠点に活動する国際規格取得支援コンサルティング企業です。2000年5月に設立され、主な業務は経営研修事業を提供しています。人材・アウトソーシング、コンサルティング、企業研修、経営コンサルの業界で幅広いサービスを展開しています。	コンサルティング	経営コンサル
株式会社ウエストホールディングス	9240001016913	74	https://www.west-gr.co.jp/contact/	https://www.west-gr.co.jp/about/company/holdings/		082-503-3900	7330002	広島県	広島市西区楠木町１丁目１５番２４号	広島県広島市西区楠木町１丁目１５番２４号	グループ企業の運営や経営管理を担う企業シュタットベルケの事業も含まれる企業	2006年3月に設立され、広島県に拠点を置いています。同社は、グループ企業の運営や経営管理を担う企業シュタットベルケの事業も含まれており、太陽光発電システム施工事業、ソーラーパワー事業、経営コンサルティング事業、グループ企業経営事業などを行っています。人材・アウトソーシング、エネルギー、コンサルティング、コスト削減コンサル、太陽光発電、再生可能エネルギー、コールセンター、経営コンサルなどの業界で活動しています。	コンサルティング	経営コンサル
ライフデザイン株式会社	9240001044014	9	http://www.life-design.co.jp/contact/	http://www.life-design.co.jp/		082-208-2226	7300813	広島県	広島市中区住吉町３番４号	広島県広島市中区住吉町３番４号	経営に関するコンサルティングを提供する企業会計や財務に関する相談も受け付けている企業	2013年4月に広島県で設立された企業です。経営に関するコンサルティングを提供すると同時に、企業会計や財務に関する相談も受け付けています。彼らの主な業務には、営業支援サービス事業、会計・税務アドバイザリー事業、財務・会計業務アウトソーシング事業、社会保険手続き代行サービス事業が含まれています。士業、人材・アウトソーシング、コンサルティングなどの業界で活動しています。	コンサルティング	経営コンサル
株式会社ケイズ	9270001003231	292	https://sslsv.ksnet.jp/kscom/inquiry/index.html	https://www.kscom.co.jp/company/office/	privacy@kscom.co.jp	0859-32-1761	6830853	鳥取県	米子市両三柳２８６４番地１６	鳥取県米子市両三柳２８６４番地１６	中小企業向け経営業務の改善アドバイスを提供するコンサルタント企業	鳥取県を拠点に中小企業向け経営業務の改善アドバイスを提供するコンサルタント企業であり、1975年7月1日に設立されました。工事・土木、IT、コンサルティング、Webアプリ・サービス運営、その他電気設備工事、ITインフラストラクチャー、経営コンサル、eコマースなどの業界でシステムインテグレーション事業を展開しています。	コンサルティング	経営コンサル
株式会社ビジネス・ブレイン	9290001015951	1	http://www.businessbrain.jp/contact.html	http://www.businessbrain.jp/index.html	business_brain@pop16.odn.ne.jp	092-845-8060	8113217	福岡県	福津市中央４丁目１２番１号	福岡県福津市中央４丁目１２番１号	小規模企業向けコンサルティング会社（飲食店や小売店など）企業	福岡県に所在する小規模企業向けコンサルティング会社であり、飲食店や小売店などの企業を対象としています。同社は、営業支援サービス事業や通信コンサル業を主要な業務としており、1994年10月に設立されました。コンサルティング、飲食コンサル、販促コンサル、起業コンサル、経営コンサルなど、多様なコンサルティング業界において幅広い経験と専門知識を提供しています。	コンサルティング	経営コンサル
株式会社ソルネット経営	9290001022048	8	http://www.jns-g.com/inquiry/index.html	https://www.jns-g.com/	info@jns-g.com	092-433-5739	8120016	福岡県	福岡市博多区博多駅南４丁目２－１０南近代ビル９階	福岡県福岡市博多区博多駅南４丁目２－１０南近代ビル９階	中小から中堅の企業に対し、経営や人材など幅広いコンサルティングサービスを提供する会社	1998年に設立された福岡県を拠点とする会社です。同社は中小から中堅の企業に対し、幅広いコンサルティングサービスを提供しています。セミナー企画・運営事業、営業支援サービス事業、研修セミナー事業を主要な業務としており、主に人材・アウトソーシング、コンサルティング、セミナー、組織コンサル、経営コンサルなどの業界で活動しています。	コンサルティング	経営コンサル
株式会社ディーエスエス	9290001025793	0	http://www.d-ss.jp/mailform.html	http://www.d-ss.jp/	info@d-ss.jp	092-715-5244	8100001	福岡県	福岡市中央区天神４丁目８番２５号	福岡県福岡市中央区天神４丁目８番２５号	中小企業の経営を支援する専門家がいる企業	福岡県に拠点を置き、中小企業の経営を支援する専門家が集まった企業です。2006年に設立され、人材・アウトソーシング、エンタメ・娯楽、コンサルティング、企業研修、セミナー、イベント、経営コンサルの業界で活躍しています。セミナー企画・運営事業、研修セミナー事業、経営研修事業を通じて、クライアントの成長をサポートしています。	コンサルティング	経営コンサル
株式会社笹川総合研究所	9290001048191	2	http://sasakawasouken.jp/contact.html	http://sasakawasouken.jp/	info@sasakawasouken.jp	092-791-9995	8100041	福岡県	福岡市中央区大名２丁目９番３５号	福岡県福岡市中央区大名２丁目９番３５号	中小企業を支援する経営・再生の専門家	福岡県を拠点にする中小企業を支援する経営・再生の専門家です。同社の主要な業務は、市場リサーチ事業、ビジネス承継支援事業、営業支援サービス事業、不動産再開発事業などです。その他サービス、不動産、コンサルティング、財務コンサル、デベロッパー、研究・調査・リサーチ、経営コンサル、その他コンサルなどの業界で活躍しています。	コンサルティング	経営コンサル
株式会社レグルス	9290001059552	0	http://regulus.vpweb.jp/-e3-81-8a-e5-95-8f-e5-90-88-e3-81-9b.html	http://regulus.vpweb.jp/default.html	regulus0509@gmail.com	092-260-6559	8120011	福岡県	福岡市博多区博多駅前１丁目１５番２０号ＮＭＦ博多駅前ビル２階	福岡県福岡市博多区博多駅前１丁目１５番２０号ＮＭＦ博多駅前ビル２階	農業や中小企業に対する経営改善や資産活用のアドバイスを提供する企業	福岡県に拠点を置く企業であり、農業や中小企業に対する経営改善や資産活用のアドバイスを提供しています。主な事業は農業支援であり、コンサルティング、経営コンサル、その他コンサルの業界で活動しています。	コンサルティング	経営コンサル
株式会社プライムコンセプト	9290001060089	75	https://prime-concept.co.jp/recruit/contact	https://prime-concept.co.jp/company/		03-6265-6922	8100801	福岡県	福岡市博多区中洲４丁目６番１２号プラート中洲	福岡県福岡市博多区中洲４丁目６番１２号プラート中洲	旅館・ホテル業に特化した経営コンサルティング企業	福岡県を拠点とする旅館・ホテル業に特化した経営コンサルティング企業です。同社の主な業務は、中国語翻訳・通訳サービス、画像加工サービス、営業支援サービス、フランス語通訳翻訳、Webサイト管理代行、求職者向け情報提供サイト運営、韓国語通訳・翻訳、英語翻訳、言語通訳・翻訳サービスなどです。2012年7月に設立され、広告・制作、IT、人材・アウトソーシング、コンサルティングなどのさまざまな業界で活動しています。	コンサルティング	経営コンサル
株式会社ナゼグループ	9290001061938	0	https://nazegroup.jp/contact/	https://nazegroup.jp/	info@nazegroup.jp	050-3365-9797	8140104	福岡県	福岡市城南区別府４丁目１０番３２号	福岡県福岡市城南区別府４丁目１０番３２号	国内外の企業に対して、経営戦略のアドバイスやグローバル展開支援を提供する企業	福岡県に拠点を構え、2013年2月に設立された企業です。同社は、国内外の企業に対して経営戦略のアドバイスやグローバル展開支援を提供しており、市場リサーチ事業、海外ビジネスアドバイザリー事業、ウェブサイトのコンサルティング事業を展開しています。広告・制作、人材・アウトソーシング、その他サービス、コンサルティング、ITコンサル、Web制作、翻訳・通訳、販促コンサル、研究・調査・リサーチ、経営コンサル、その他コンサルの業界において活動しています。	コンサルティング	経営コンサル
株式会社ディライト・ジャパン	9290001064998	0	https://www.delightjapan.biz/contact/	https://www.delightjapan.biz/		092-717-3360	8100001	福岡県	福岡市中央区天神１丁目９番１７号福岡天神フコク生命ビル１５Ｆ	福岡県福岡市中央区天神１丁目９番１７号福岡天神フコク生命ビル１５Ｆ	フランチャイズ商品のパッケージ作成や加盟店の育成・支援を行う企業	2014年1月に福岡県に設立された企業です。同社は、フランチャイズ商品のパッケージ作成や加盟店の育成・支援を行う事業を展開しており、さらにセミナー企画・運営事業、フランチャイズチェーン運営支援事業、経営研修事業なども手がける総合的な会社です。主に人材・アウトソーシング、コンサルティング、企業研修、セミナー、経営コンサルなどの業界で活動しています。	コンサルティング	経営コンサル
合同会社シェアリング	9290003005942	0	http://sharing-wlb.com/contact/	http://sharing-wlb.com	info@sharing-wlb.com	092-483-0505	8120042	福岡県	福岡市博多区豊１丁目１０番１９号	福岡県福岡市博多区豊１丁目１０番１９号	クラウドシステムやICTコンサルの開発企業	福岡県に拠点を置くクラウドシステムやICTコンサルの開発企業です。2015年7月1日に設立され、クラウドアプリケーション開発事業、販売管理ソフトウェア開発事業、経営管理システム開発・提供事業を展開しています。主要業務はIT、コンサルティング、Webアプリ・サービス運営、受託開発、経営コンサルにおいて活動しています。	コンサルティング	経営コンサル
株式会社イデアス	9330001005799	21	http://ideas-co.com/form_contact/mail_view/	http://ideas-co.com/company/about/		096-372-1050	8600811	熊本県	熊本市中央区本荘４丁目７番１４号	熊本県熊本市中央区本荘４丁目７番１４号	流通や飲食店などを経営している企業	熊本県を拠点にして、流通や飲食店などを経営している企業です。マーケティングコンサルティング事業とWebマーケティング支援事業を展開しており、1994年6月に設立されました。主な業界は飲食・外食、IT、コンサルティング、Webマーケコンサル、焼肉・ステーキ、居酒屋・飲み屋、販促コンサル、経営コンサルです。	コンサルティング	経営コンサル
株式会社農テラス	9330001018413	1	https://notera.co.jp/contact/	https://notera.co.jp/	info@notera.co.jp	096-286-2374	8612204	熊本県	上益城郡益城町大字小谷１０７	熊本県上益城郡益城町大字小谷１０７	農業に関するコンサルティングサービスを提供している企業	2012年に設立された熊本県を拠点とする企業です。農業に関するコンサルティングサービスを提供しており、ビジネス研修セミナー運営事業や農業支援事業を展開しています。主な業界は人材・アウトソーシング、コンサルティング、企業研修、セミナー、起業コンサル、経営コンサルなどです。	コンサルティング	経営コンサル
一般社団法人熊本県損害保険代理業協会	9330005002479	0	https://www.k-daikyo.or.jp/contact/	http://www.k-daikyo.or.jp	info@k-daikyo.or.jp	096-288-1512	8614101	熊本県	熊本市南区近見７丁目８番４５号	熊本県熊本市南区近見７丁目８番４５号	熊本県の保険代理店に教育や活動支援を提供する企業	熊本県に拠点を置く企業であり、熊本県の保険代理店に対して教育や活動支援を提供しています。同社の主な事業は、保険アドバイザリー事業と研修セミナー事業であり、人材・アウトソーシング、コンサルティング、セミナー、資産運用コンサル、経営コンサルの業界に従事しています。	コンサルティング	経営コンサル
有限会社リンクス	9340002028105	1	https://links.kaieda.co.jp/contact/	https://links.kaieda.co.jp	info@kaieda.co.jp	099-472-0620	8997104	鹿児島県	志布志市志布志町安楽２０２４番地２	鹿児島県志布志市志布志町安楽２０２４番地２	経営及びITコンサルティング企業	1998年に鹿児島県で設立された経営及びITコンサルティング企業です。同社は、マーケティングコンサルティング事業と財務アドバイザリー事業を主な業務としています。また、人材・アウトソーシング、コンサルティング、企業研修、財務コンサル、販促コンサル、経営コンサルの各分野で幅広い業務を展開しています。	コンサルティング	経営コンサル
株式会社クオリスコンサルティング	9350001011556	2	https://www.tt-tax.jp/contact.html	https://www.tt-tax.jp	info@tt-tax.jp	0985-73-8000	8800806	宮崎県	宮崎市広島１丁目１２番１７号	宮崎県宮崎市広島１丁目１２番１７号	ビジネスアドバイザリー事業を展開する企業	宮崎県を拠点にビジネスアドバイザリー事業を展開する企業です。税務アドバイザリー事業、ビジネス承継支援事業、会計・税務アドバイザリー事業、財務・会計業務アウトソーシング事業を提供しており、2009年4月に設立されました。士業、人材・アウトソーシング、その他サービス、コンサルティングなどの業界に幅広く活動しており、税理士、会計士、事務処理代行、財務コンサル、人材派遣、起業コンサル、経営コンサルなどの専門知識を持つスタッフが在籍しています。	コンサルティング	経営コンサル
株式会社沖縄労務研究所	9360001000541	7	http://www.u-roumu.com/form	http://www.u-roumu.com		098-862-3344	9000006	沖縄県	那覇市おもろまち４丁目７番７号ＵＲビル２階	沖縄県那覇市おもろまち４丁目７番７号ＵＲビル２階	業務改善を支援する企業	1994年8月に設立され、沖縄県に本社を構える業務改善を支援する企業です。主な事業はコンサルティング及び経営コンサルであり、幅広い分野における企業の業績向上に貢献しています。	コンサルティング	経営コンサル
日本人事株式会社	9360001009054	4	http://jinji.biz/contact/	http://jinji.biz/		098-875-7488	9012131	沖縄県	浦添市牧港４丁目１６番５号	沖縄県浦添市牧港４丁目１６番５号	中小企業向け経営コンサルティング企業	1991年11月に沖縄県で設立された中小企業向け経営コンサルティング企業です。同社は営業支援サービス事業、人材戦略コンサルティング事業、会計・税務アドバイザリー事業、ビジネスコンサルティング事業、経営研修事業を展開しており、士業、人材・アウトソーシング、コンサルティング、企業研修、会計士、組織コンサル、経営コンサルなどの業界にサービスを提供しています。	コンサルティング	経営コンサル
株式会社経営情報バンク	9360001009681	0	https://kjb.co.jp/contact	https://kjb.co.jp/law		098-871-1808	9012131	沖縄県	浦添市牧港５丁目１８番３号	沖縄県浦添市牧港５丁目１８番３号	企業向けコンサルティングやセミナーを提供する企業	沖縄県を拠点に展開する企業であり、主に企業向けのコンサルティングやセミナーを提供しています。セミナー企画・運営事業および経営研修事業を中心に展開しており、人材・アウトソーシング、コンサルティング、企業研修、セミナー、経営コンサルの業界で活動しています。	コンサルティング	経営コンサル
株式会社マネジメントアシスタント	9360001010202	3	https://www.macg.co.jp/contact	https://www.macg.co.jp/	info@macg.co.jp	098-875-0999	9012131	沖縄県	浦添市牧港５丁目１８番３号	沖縄県浦添市牧港５丁目１８番３号	財務や経営の専門知識を提供する企業	1991年3月に沖縄県で設立された企業であり、財務や経営の専門知識を提供しています。同社の事業は、会計システムコンサルティング事業、財務アドバイザリー事業、会計・税務アドバイザリー事業、財務・会計業務アウトソーシング事業、経営研修事業などを含んでおり、士業、人材・アウトソーシング、コンサルティング、企業研修、会計士、事務処理代行、財務コンサル、人材派遣などの業界に属しています。	コンサルティング	財務コンサル
株式会社経営戦略オフィス	9360001011621	1	http://ikai.jp/wp/consulting/c004/	https://www.ikai.jp/	ikai@mbn.nifty.com	098-857-3278	9010152	沖縄県	那覇市字小禄１８３１番地１沖縄産業支援センター４０２－１	沖縄県那覇市字小禄１８３１番地１沖縄産業支援センター４０２－１	企業に経営や人材活用のアドバイスを提供するコンサルティング企業	沖縄県に拠点を置くコンサルティング企業です。企業に対して経営や人材活用のアドバイスを提供し、営業支援サービス事業、企業内トレーニングアウトソーシング事業、人材戦略コンサルティング事業、および会計・税務アドバイザリー事業を展開しています。士業、人材・アウトソーシング、コンサルティング、企業研修、会計士、組織コンサル、経営コンサルなど多岐にわたる業界において幅広いサービスを提供しています。	コンサルティング	経営コンサル
有限会社ライブアップ	9360002019226	1	https://liveup.heteml.jp/?page_id=14	http://liveup.co.jp/		098-874-6339	9012132	沖縄県	浦添市伊祖１丁目５番８号丸豊商事ビル３－２Ｆ	沖縄県浦添市伊祖１丁目５番８号丸豊商事ビル３－２Ｆ	企業が、経営のアドバイスや保険販売をしている企業	2006年4月に沖縄県で設立された企業です。同社は金融、人材・アウトソーシング、コンサルティングなどの業界で活動し、経営のアドバイスや保険販売を行っています。主な事業としては、損害保険エージェント事業、セミナー企画・運営事業、資産管理アドバイザリー事業、研修セミナー事業などが挙げられます。	コンサルティング	経営コンサル
株式会社コンサルティング・ネットワーク・システム	9370001000656	21	http://www.cns-works.com/contactus/	https://www.cns-works.com/company/		022-742-0215	9830812	宮城県	仙台市宮城野区小田原弓ノ町１０１番地の２	宮城県仙台市宮城野区小田原弓ノ町１０１番地の２	企業に経営のアドバイスを行う会社	宮城県を拠点とする企業であり、1994年12月に設立されました。同社は、営業支援サービス事業、ウェブサイトのコンサルティング事業、給与処理アウトソーシング事業、財務・会計業務アウトソーシング事業を提供しています。主に人材・アウトソーシング、コンサルティング、ITコンサルなどの業界で活動しており、さまざまなコンサルティングサービスを提供しています。	コンサルティング	経営コンサル
株式会社アントレコンサルティング	9370001014986	3	http://www.j-consulting.jp/contact	https://www.j-consulting.jp/company/about		03-6383-4338	9800022	宮城県	仙台市青葉区五橋１丁目１番地５８号	宮城県仙台市青葉区五橋１丁目１番地５８号	「ゆはら社会保険労務士・行政書士事務所」を運営している企業	宮城県に拠点を置き、『ゆはら社会保険労務士・行政書士事務所』を運営している企業です。2004年9月に設立され、会計システムコンサルティング事業、会計・税務アドバイザリー事業、補助金申請支援事業などを展開しています。士業、人材・アウトソーシング、その他サービス、コンサルティングなどの業種で活動しています。	コンサルティング	経営コンサル
ファーザーコンサルタント株式会社	9370001024408	0	http://www.arca-2011.co.jp/contact/	http://www.arca-2011.co.jp/group/		022-341-2870	9813221	宮城県	仙台市泉区根白石字花輪裏２０番１	宮城県仙台市泉区根白石字花輪裏２０番１	企業が事業戦略を相談し、太陽光発電所を運営している会社	宮城県を拠点に活動しているソーラーパワー事業を専門とする企業です。同社は、企業が事業戦略を相談したり、太陽光発電所の運営をサポートするなど、エネルギー業界や経営コンサルティング業界で豊富な知見を持っています。再生可能エネルギーに関心を持つ企業において信頼される存在であり、持続可能な未来への貢献に取り組んでいます。	コンサルティング	経営コンサル
事業承継推進機構株式会社	9370001039273	4	https://aoba-east.jp/contact/	https://aoba-east.jp/		022-217-7840	9800021	宮城県	仙台市青葉区中央１丁目３番１号アエル１７階	宮城県仙台市青葉区中央１丁目３番１号アエル１７階	事業引継ぎに関するアドバイスを提供する企業	宮城県に拠点を置く事業引継ぎに関するアドバイスを提供する企業です。2016年3月4日に設立され、その事業はビジネス承継支援に特化しています。主にその他サービス、コンサルティング、経営コンサルという業界で活動しています。	コンサルティング	経営コンサル
有限会社エム・エス・情報システム	9370002004672	3	https://www.msjs.co.jp/company/contact/	https://www.msjs.co.jp/		022-352-7085	9850845	宮城県	多賀城市町前２丁目１－１０－７１１	宮城県多賀城市町前２丁目１－１０－７１１	会計アドバイザリーと印刷を提供する企業	宮城県に位置する会計アドバイザリーと印刷を提供する企業です。同社は会計システムコンサルティング事業、会計・税務アドバイザリー事業、宣伝物印刷事業、名刺作成事業、システムインテグレーション事業、ポスタープリント事業という幅広い業務を展開しています。士業、広告・制作、IT、コンサルティング、Webアプリ・サービス運営、会計士、Web制作、財務コンサル、紙媒体印刷、ソフトウェア販売など、多岐にわたる業界で活躍しています。	コンサルティング	財務コンサル
株式会社グローリレイション	9380001015447	2	http://www.e-consul.info/contact/	http://www.growr.jp/	info@growr.jp	0299-56-4888	9738403	福島県	いわき市内郷綴町金谷１６番地の１	福島県いわき市内郷綴町金谷１６番地の１	中小企業に業務改善や営業支援などの経営サポートを提供する企業	2009年11月に設立され、福島県に拠点を置く企業です。中小企業向けに業務改善や営業支援などの経営サポートを提供しており、教育支援事業、営業支援サービス事業、企業内トレーニングアウトソーシング事業を展開しています。人材・アウトソーシング、教育、コンサルティング、塾・予備校、企業研修、経営コンサル、その他コンサルなどの幅広い業界で活動しています。	コンサルティング	経営コンサル
株式会社バディーズ	9420001005435	8	https://buddys.gallery/contact/	https://buddys.gallery/		017-752-1388	0300846	青森県	青森市青葉３丁目１番地３	青森県青森市青葉３丁目１番地３	ヘアサロン向けコンサルティング企業	2006年11月に設立された青森県に拠点を置くヘアサロン向けコンサルティング企業です。同社は主にヘアケア製品の卸売事業、美容室・サロン経営コンサルティング業、人材戦略コンサルティング事業を展開しており、商社、小売・販売・卸売業、コンサルティング業の分野で活動しています。また、美容グッズ販売や日用品・化粧品商社、組織コンサル、経営コンサルなどの専門商社業務も手がけています。	コンサルティング	経営コンサル
株式会社吉岡経営センター	9430001017883	98	http://www.yoshioka-group.jp/infoYM.html	https://yoshioka-group.jp/company_profile	info@yoshioka-group.jp	011-644-8988	0600006	北海道	札幌市中央区北六条西２４丁目１番３０	北海道札幌市中央区北六条西２４丁目１番３０	会計・コンサルティング企業	1977年7月1日に設立された北海道を拠点にする会計・コンサルティング企業です。同社はビジネス承継支援事業、給与処理アウトソーシング事業、労務管理アウトソーシング事業、会計・税務アドバイザリー事業、グループ企業経営事業、および社会保険手続き代行サービス事業など、さまざまなサービスを提供しています。主な業界は士業、人材・アウトソーシング、その他サービス、コンサルティング、医療コンサル、会計士、人材派遣、その他サービス、および経営コンサルです。	コンサルティング	経営コンサル
株式会社タカジン	9430001028559	2	http://www.takajin.co.jp/contact/	https://www.takajin.co.jp/company/		011-889-3578	0040811	北海道	札幌市清田区美しが丘一条４丁目１番２８号	北海道札幌市清田区美しが丘一条４丁目１番２８号	企業がビジネス戦略を設定し、従業員の管理や育成に関わる業務を行っている場所	北海道に位置する企業であり、人事制度アドバイザリー事業や人材戦略コンサルティング事業を展開しています。同社は、コンサルティング、組織コンサル、経営コンサルの業界で活動しており、企業のビジネス戦略に関する設定や従業員の管理や育成に関わる業務を専門としています。	コンサルティング	経営コンサル
有限会社オーバルライズジャパン	9440002008369	4	https://24auto.biz/ovalrize/touroku/thread49.htm	https://tangoanki.com/law.html		0138-49-7083	0410824	北海道	函館市西桔梗町８５０番地６４	北海道函館市西桔梗町８５０番地６４	経営に関するアドバイスや支援を提供している企業	北海道に拠点を置く経営に関するアドバイスや支援を提供している企業です。2006年3月に設立され、主な事業としてはブランド戦略策定事業、販売アドバイザリー事業、営業支援サービス事業、研修セミナー事業を展開しています。主要な業界は人材・アウトソーシング、コンサルティング、企業研修、セミナー、販促コンサル、経営コンサルなどです。	コンサルティング	経営コンサル
株式会社グローバルリンクス	9460002003616	0	http://glinks.jp/g-links/postmail/index.html	http://www.glinks.jp/index.html		0154-39-0369	0850058	北海道	釧路市愛国東２丁目１０番１２号グローバルビル２Ｆ	北海道釧路市愛国東２丁目１０番１２号グローバルビル２Ｆ	税務・会計サービスやシステム販売を提供する企業	北海道に所在する税務・会計サービスやシステム販売を提供する企業です。金融、通信・PC、不動産、コンサルティングなどのさまざまな産業に関与しており、パソコンアクセサリー卸売事業、コンピュータ販売事業、土地取引事業、生命保険エージェント業、パーキングレンタル事業を手がけています。経営コンサルティングや財務コンサルティング、土地売買・賃貸、保険代理店、駐車場運営など、幅広いサービスを展開しています。	コンサルティング	経営コンサル
株式会社ハナブサ	9470001003392	19	http://www.e-hanabusa.com/inq/	http://www.e-hanabusa.com/		087-899-8723	7618081	香川県	高松市成合町１５７７番地１	香川県高松市成合町１５７７番地１	美容室向けコンサルティングと美容品卸売企業	1984年6月に設立された香川県を拠点とする美容室向けコンサルティングと美容品卸売企業です。同社は、美容室・サロン経営コンサルティング業、美容器具卸販売事業、美容関連セミナー事業を展開しており、人材・アウトソーシング、商社、小売・販売・卸売、コンサルティング、企業研修、セミナー、美容グッズ販売、日用品・化粧品商社、起業コンサル、経営コンサルといった幅広い業界にて活動しています。	コンサルティング	経営コンサル
株式会社ベストマネジメント	9470001012889	1	http://best-management.co.jp/mail/sformmail.html	http://best-management.co.jp/index.php	s.okazaki@best-management.co.jp	087-814-7668	7610301	香川県	高松市林町２２１７番地１５	香川県高松市林町２２１７番地１５	ビジネスアドバイザーが行う出張経営相談	香川県を拠点に活動しています。同社は、ビジネスアドバイザーが行う出張経営相談を主な事業としており、営業支援サービス事業や研修セミナー事業を展開しています。主要な業界は人材・アウトソーシング、コンサルティング、企業研修、セミナー、起業コンサル、経営コンサルなどです。	コンサルティング	経営コンサル
株式会社共生	9500001003216	16	http://kyo-sei.jp/contact/	https://kyo-sei.jp/company/overview/		03-6263-2120	1030027	東京都	中央区日本橋２丁目２番６号日本橋通り二丁目ビル６階	東京都中央区日本橋２丁目２番６号日本橋通り二丁目ビル６階	起業支援と広告代行を行う企業	1980年1月に設立された東京都を拠点とする企業であり、起業支援と広告代行を行っています。同社は、イベントプランニング事業、チラシ・パンフレット作成事業、マーケティングコンサルティング事業、営業支援サービス事業、テレビ広告制作事業、補助金申請支援事業などを展開しており、広告・制作、エンタメ・娯楽、その他サービス、コンサルティング、CM制作・映像制作、イベント、販促コンサル、経営コンサルなどの業界において、総合広告代理店として幅広いサービスを提供しています。	コンサルティング	経営コンサル
株式会社ビオトープ	9500001019278	0	http://biotope-consulting.co.jp/contact/	https://biotope-consulting.co.jp/	info@biotope-consulting.co.jp	089-932-9517	7900003	愛媛県	松山市三番町５丁目１３番地１０	愛媛県松山市三番町５丁目１３番地１０	営業相談サービスを提供する企業		コンサルティング	経営コンサル
